source,reason,bytes
/home/huangyating/BearLLM/.git,regenerable runtime cache or nested git metadata,
/home/huangyating/BearLLM/__pycache__,regenerable runtime cache or nested git metadata,
/home/huangyating/BearLLM/.venv,regenerable runtime cache or nested git metadata,
/home/huangyating/BearLLM/.env,credentials/config secret or cache,235
/home/huangyating/BearLLM/functions/__pycache__,regenerable runtime cache or nested git metadata,
/home/huangyating/BearLLM/src/__pycache__,regenerable runtime cache or nested git metadata,
/home/huangyating/BearLLM/scripts/__pycache__,regenerable runtime cache or nested git metadata,
/home/huangyating/BearLLM/models/__pycache__,regenerable runtime cache or nested git metadata,
/home/huangyating/BearLLM/models/exists/__pycache__,regenerable runtime cache or nested git metadata,
/home/huangyating/anomaly_detection/encoder_validation_20260923_v2/heldout_radar_class/__pycache__,regenerable runtime cache or nested git metadata,
/home/huangyating/anomaly_detection/encoder_validation_20260923_v2/scripts/__pycache__,regenerable runtime cache or nested git metadata,
/home/huangyating/anomaly_detection/encoder_validation_20260923_v2/teachers/__pycache__,regenerable runtime cache or nested git metadata,
/home/huangyating/anomaly_detection/encoder_validation_20260923_v2/teachers/vendor/UniFault/.git,regenerable runtime cache or nested git metadata,
/home/huangyating/anomaly_detection/encoder_validation_20260923_v2/teachers/vendor/UniFault/model/__pycache__,regenerable runtime cache or nested git metadata,
/home/huangyating/anomaly_detection/contact_validation_20260919/scripts/__pycache__,regenerable runtime cache or nested git metadata,
/home/huangyating/anomaly_detection/four_class_preprocessing_20260921/__pycache__,regenerable runtime cache or nested git metadata,
/home/huangyating/anomaly_detection/environment_validation_20260919/scripts/__pycache__,regenerable runtime cache or nested git metadata,
/home/huangyating/anomaly_detection/encoder_validation_20260923/rotllm/vendor/RotLLM/.git,regenerable runtime cache or nested git metadata,
/home/huangyating/anomaly_detection/encoder_validation_20260923/rotllm/vendor/RotLLM/code/models/__pycache__,regenerable runtime cache or nested git metadata,
/home/huangyating/anomaly_detection/encoder_validation_20260923/controls/__pycache__,regenerable runtime cache or nested git metadata,
/home/huangyating/anomaly_detection/local_preprocessing_r2_20260928/__pycache__,regenerable runtime cache or nested git metadata,
/home/huangyating/anomaly_detection/r2_validation_20260928/radar/__pycache__,regenerable runtime cache or nested git metadata,
/home/huangyating/anomaly_detection/r2_validation_20260928/baselines/__pycache__,regenerable runtime cache or nested git metadata,
/home/huangyating/anomaly_detection/r2_validation_20260928/experiments/__pycache__,regenerable runtime cache or nested git metadata,
/home/huangyating/anomaly_detection/r2_validation_20260928/contact/__pycache__,regenerable runtime cache or nested git metadata,
/home/huangyating/anomaly_detection/r2_validation_20260928/contact/order_domain/__pycache__,regenerable runtime cache or nested git metadata,
/home/huangyating/anomaly_detection/r2_validation_20260928/contact/order_domain_point_sample_failedcheck/__pycache__,regenerable runtime cache or nested git metadata,
/home/huangyating/anomaly_detection/four_class_chain_20260922/radar/__pycache__,regenerable runtime cache or nested git metadata,
/home/huangyating/anomaly_detection/four_class_chain_20260922/scripts/__pycache__,regenerable runtime cache or nested git metadata,
/home/huangyating/anomaly_detection/four_class_chain_20260922/contact/__pycache__,regenerable runtime cache or nested git metadata,
/home/huangyating/anomaly_detection/retention_alignment_20260922/radar/__pycache__,regenerable runtime cache or nested git metadata,
/home/huangyating/anomaly_detection/retention_alignment_20260922/preprocessing/__pycache__,regenerable runtime cache or nested git metadata,
/home/huangyating/anomaly_detection/retention_alignment_20260922/scripts/__pycache__,regenerable runtime cache or nested git metadata,
/home/huangyating/research_proposals/contact_radar_alignment_20260919/references/RotLLM/.git,regenerable runtime cache or nested git metadata,
/home/huangyating/research_proposals/contact_radar_alignment_20260919/scripts/__pycache__,regenerable runtime cache or nested git metadata,
/home/huangyating/research_proposals/sensys_progress_report_20260923/.render_dependencies,regenerable runtime cache or nested git metadata,
/home/huangyating/research_proposals/sensys_progress_report_20260923/scripts/__pycache__,regenerable runtime cache or nested git metadata,
/home/huangyating/research_proposals/contact_radar_explainer_demo_20260923/.browser_check,regenerable runtime cache or nested git metadata,
/media/nas_users/huangyating/bearllm-assets/mbhm_dataset/data.hdf5,large public source dataset; pinned upstream restoration supported,13009537400
/media/nas_users/huangyating/data/wide_cache_local/inBroken_1000r_20cm_rep1.h5,"large user acquisition data, transfer separately or regenerate on Mac; NOT in Git",49076366
/media/nas_users/huangyating/data/wide_cache_local/inBroken_1000r_20cm_rep2.h5,"large user acquisition data, transfer separately or regenerate on Mac; NOT in Git",48147634
/media/nas_users/huangyating/data/wide_cache_local/inBroken_1000r_20cm_rep3.h5,"large user acquisition data, transfer separately or regenerate on Mac; NOT in Git",48732036
/media/nas_users/huangyating/data/wide_cache_local/inBroken_1000r_20cm_rep4.h5,"large user acquisition data, transfer separately or regenerate on Mac; NOT in Git",49337585
/media/nas_users/huangyating/data/wide_cache_local/inBroken_1000r_40cm_rep1.h5,"large user acquisition data, transfer separately or regenerate on Mac; NOT in Git",52553220
/media/nas_users/huangyating/data/wide_cache_local/inBroken_1000r_40cm_rep2.h5,"large user acquisition data, transfer separately or regenerate on Mac; NOT in Git",50511206
/media/nas_users/huangyating/data/wide_cache_local/inBroken_1000r_40cm_rep3.h5,"large user acquisition data, transfer separately or regenerate on Mac; NOT in Git",48638971
/media/nas_users/huangyating/data/wide_cache_local/inBroken_1000r_40cm_rep4.h5,"large user acquisition data, transfer separately or regenerate on Mac; NOT in Git",48469465
/media/nas_users/huangyating/data/wide_cache_local/inBroken_1000r_80cm_rep1.h5,"large user acquisition data, transfer separately or regenerate on Mac; NOT in Git",48295178
/media/nas_users/huangyating/data/wide_cache_local/inBroken_1000r_80cm_rep2.h5,"large user acquisition data, transfer separately or regenerate on Mac; NOT in Git",49149057
/media/nas_users/huangyating/data/wide_cache_local/inBroken_1000r_80cm_rep3.h5,"large user acquisition data, transfer separately or regenerate on Mac; NOT in Git",49624906
/media/nas_users/huangyating/data/wide_cache_local/inBroken_1000r_80cm_rep4.h5,"large user acquisition data, transfer separately or regenerate on Mac; NOT in Git",49115331
/media/nas_users/huangyating/data/wide_cache_local/inBroken_2000r_20cm_rep1.h5,"large user acquisition data, transfer separately or regenerate on Mac; NOT in Git",50670067
/media/nas_users/huangyating/data/wide_cache_local/inBroken_2000r_20cm_rep2.h5,"large user acquisition data, transfer separately or regenerate on Mac; NOT in Git",47560790
/media/nas_users/huangyating/data/wide_cache_local/inBroken_2000r_20cm_rep3.h5,"large user acquisition data, transfer separately or regenerate on Mac; NOT in Git",46934525
/media/nas_users/huangyating/data/wide_cache_local/inBroken_2000r_20cm_rep4.h5,"large user acquisition data, transfer separately or regenerate on Mac; NOT in Git",49435686
/media/nas_users/huangyating/data/wide_cache_local/inBroken_2000r_40cm_rep1.h5,"large user acquisition data, transfer separately or regenerate on Mac; NOT in Git",50081550
/media/nas_users/huangyating/data/wide_cache_local/inBroken_2000r_40cm_rep2.h5,"large user acquisition data, transfer separately or regenerate on Mac; NOT in Git",50742788
/media/nas_users/huangyating/data/wide_cache_local/inBroken_2000r_40cm_rep3.h5,"large user acquisition data, transfer separately or regenerate on Mac; NOT in Git",52887067
/media/nas_users/huangyating/data/wide_cache_local/inBroken_2000r_40cm_rep4.h5,"large user acquisition data, transfer separately or regenerate on Mac; NOT in Git",50624149
/media/nas_users/huangyating/data/wide_cache_local/inBroken_2000r_80cm_rep1.h5,"large user acquisition data, transfer separately or regenerate on Mac; NOT in Git",48769166
/media/nas_users/huangyating/data/wide_cache_local/inBroken_2000r_80cm_rep2.h5,"large user acquisition data, transfer separately or regenerate on Mac; NOT in Git",48632262
/media/nas_users/huangyating/data/wide_cache_local/inBroken_2000r_80cm_rep3.h5,"large user acquisition data, transfer separately or regenerate on Mac; NOT in Git",48948983
/media/nas_users/huangyating/data/wide_cache_local/inBroken_2000r_80cm_rep4.h5,"large user acquisition data, transfer separately or regenerate on Mac; NOT in Git",48965324
/media/nas_users/huangyating/data/wide_cache_local/inBroken_3000r_20cm_rep1.h5,"large user acquisition data, transfer separately or regenerate on Mac; NOT in Git",50152830
/media/nas_users/huangyating/data/wide_cache_local/inBroken_3000r_20cm_rep2.h5,"large user acquisition data, transfer separately or regenerate on Mac; NOT in Git",48845333
/media/nas_users/huangyating/data/wide_cache_local/inBroken_3000r_20cm_rep3.h5,"large user acquisition data, transfer separately or regenerate on Mac; NOT in Git",50107432
/media/nas_users/huangyating/data/wide_cache_local/inBroken_3000r_20cm_rep4.h5,"large user acquisition data, transfer separately or regenerate on Mac; NOT in Git",49911275
/media/nas_users/huangyating/data/wide_cache_local/inBroken_3000r_40cm_rep1.h5,"large user acquisition data, transfer separately or regenerate on Mac; NOT in Git",50864661
/media/nas_users/huangyating/data/wide_cache_local/inBroken_3000r_40cm_rep2.h5,"large user acquisition data, transfer separately or regenerate on Mac; NOT in Git",50789228
/media/nas_users/huangyating/data/wide_cache_local/inBroken_3000r_40cm_rep3.h5,"large user acquisition data, transfer separately or regenerate on Mac; NOT in Git",50382716
/media/nas_users/huangyating/data/wide_cache_local/inBroken_3000r_40cm_rep4.h5,"large user acquisition data, transfer separately or regenerate on Mac; NOT in Git",50633775
/media/nas_users/huangyating/data/wide_cache_local/inBroken_3000r_80cm_rep1.h5,"large user acquisition data, transfer separately or regenerate on Mac; NOT in Git",50455253
/media/nas_users/huangyating/data/wide_cache_local/inBroken_3000r_80cm_rep2.h5,"large user acquisition data, transfer separately or regenerate on Mac; NOT in Git",50115136
/media/nas_users/huangyating/data/wide_cache_local/inBroken_3000r_80cm_rep3.h5,"large user acquisition data, transfer separately or regenerate on Mac; NOT in Git",49970103
/media/nas_users/huangyating/data/wide_cache_local/inBroken_3000r_80cm_rep4.h5,"large user acquisition data, transfer separately or regenerate on Mac; NOT in Git",50028694
/media/nas_users/huangyating/data/wide_cache_local/normal_1000r_20cm_rep1.h5,"large user acquisition data, transfer separately or regenerate on Mac; NOT in Git",48091803
/media/nas_users/huangyating/data/wide_cache_local/normal_1000r_20cm_rep2.h5,"large user acquisition data, transfer separately or regenerate on Mac; NOT in Git",49706931
/media/nas_users/huangyating/data/wide_cache_local/normal_1000r_20cm_rep3.h5,"large user acquisition data, transfer separately or regenerate on Mac; NOT in Git",44498462
/media/nas_users/huangyating/data/wide_cache_local/normal_1000r_20cm_rep4.h5,"large user acquisition data, transfer separately or regenerate on Mac; NOT in Git",49961103
/media/nas_users/huangyating/data/wide_cache_local/normal_1000r_40cm_rep1.h5,"large user acquisition data, transfer separately or regenerate on Mac; NOT in Git",48236311
/media/nas_users/huangyating/data/wide_cache_local/normal_1000r_40cm_rep2.h5,"large user acquisition data, transfer separately or regenerate on Mac; NOT in Git",50055279
/media/nas_users/huangyating/data/wide_cache_local/normal_1000r_40cm_rep3.h5,"large user acquisition data, transfer separately or regenerate on Mac; NOT in Git",49046918
/media/nas_users/huangyating/data/wide_cache_local/normal_1000r_40cm_rep4.h5,"large user acquisition data, transfer separately or regenerate on Mac; NOT in Git",53482115
/media/nas_users/huangyating/data/wide_cache_local/normal_1000r_80cm_rep1.h5,"large user acquisition data, transfer separately or regenerate on Mac; NOT in Git",47306007
/media/nas_users/huangyating/data/wide_cache_local/normal_1000r_80cm_rep2.h5,"large user acquisition data, transfer separately or regenerate on Mac; NOT in Git",50420933
/media/nas_users/huangyating/data/wide_cache_local/normal_1000r_80cm_rep3.h5,"large user acquisition data, transfer separately or regenerate on Mac; NOT in Git",49306910
/media/nas_users/huangyating/data/wide_cache_local/normal_1000r_80cm_rep4.h5,"large user acquisition data, transfer separately or regenerate on Mac; NOT in Git",50736547
/media/nas_users/huangyating/data/wide_cache_local/normal_2000r_20cm_rep1.h5,"large user acquisition data, transfer separately or regenerate on Mac; NOT in Git",48368846
/media/nas_users/huangyating/data/wide_cache_local/normal_2000r_20cm_rep2.h5,"large user acquisition data, transfer separately or regenerate on Mac; NOT in Git",48968014
/media/nas_users/huangyating/data/wide_cache_local/normal_2000r_20cm_rep3.h5,"large user acquisition data, transfer separately or regenerate on Mac; NOT in Git",48991624
/media/nas_users/huangyating/data/wide_cache_local/normal_2000r_20cm_rep4.h5,"large user acquisition data, transfer separately or regenerate on Mac; NOT in Git",50200754
/media/nas_users/huangyating/data/wide_cache_local/normal_2000r_40cm_rep1.h5,"large user acquisition data, transfer separately or regenerate on Mac; NOT in Git",50829301
/media/nas_users/huangyating/data/wide_cache_local/normal_2000r_40cm_rep2.h5,"large user acquisition data, transfer separately or regenerate on Mac; NOT in Git",48868166
/media/nas_users/huangyating/data/wide_cache_local/normal_2000r_40cm_rep3.h5,"large user acquisition data, transfer separately or regenerate on Mac; NOT in Git",50981061
/media/nas_users/huangyating/data/wide_cache_local/normal_2000r_40cm_rep4.h5,"large user acquisition data, transfer separately or regenerate on Mac; NOT in Git",49184818
/media/nas_users/huangyating/data/wide_cache_local/normal_2000r_80cm_rep1.h5,"large user acquisition data, transfer separately or regenerate on Mac; NOT in Git",50058819
/media/nas_users/huangyating/data/wide_cache_local/normal_2000r_80cm_rep2.h5,"large user acquisition data, transfer separately or regenerate on Mac; NOT in Git",50897492
/media/nas_users/huangyating/data/wide_cache_local/normal_2000r_80cm_rep3.h5,"large user acquisition data, transfer separately or regenerate on Mac; NOT in Git",51265552
/media/nas_users/huangyating/data/wide_cache_local/normal_2000r_80cm_rep4.h5,"large user acquisition data, transfer separately or regenerate on Mac; NOT in Git",48921591
/media/nas_users/huangyating/data/wide_cache_local/normal_3000r_20cm_rep1.h5,"large user acquisition data, transfer separately or regenerate on Mac; NOT in Git",53750326
/media/nas_users/huangyating/data/wide_cache_local/normal_3000r_20cm_rep2.h5,"large user acquisition data, transfer separately or regenerate on Mac; NOT in Git",51008884
/media/nas_users/huangyating/data/wide_cache_local/normal_3000r_20cm_rep3.h5,"large user acquisition data, transfer separately or regenerate on Mac; NOT in Git",50399337
/media/nas_users/huangyating/data/wide_cache_local/normal_3000r_20cm_rep4.h5,"large user acquisition data, transfer separately or regenerate on Mac; NOT in Git",52338115
/media/nas_users/huangyating/data/wide_cache_local/normal_3000r_40cm_rep1.h5,"large user acquisition data, transfer separately or regenerate on Mac; NOT in Git",50013554
/media/nas_users/huangyating/data/wide_cache_local/normal_3000r_40cm_rep2.h5,"large user acquisition data, transfer separately or regenerate on Mac; NOT in Git",51582345
/media/nas_users/huangyating/data/wide_cache_local/normal_3000r_40cm_rep3.h5,"large user acquisition data, transfer separately or regenerate on Mac; NOT in Git",50206068
/media/nas_users/huangyating/data/wide_cache_local/normal_3000r_40cm_rep4.h5,"large user acquisition data, transfer separately or regenerate on Mac; NOT in Git",48211429
/media/nas_users/huangyating/data/wide_cache_local/normal_3000r_80cm_rep1.h5,"large user acquisition data, transfer separately or regenerate on Mac; NOT in Git",55349475
/media/nas_users/huangyating/data/wide_cache_local/normal_3000r_80cm_rep2.h5,"large user acquisition data, transfer separately or regenerate on Mac; NOT in Git",49774114
/media/nas_users/huangyating/data/wide_cache_local/normal_3000r_80cm_rep3.h5,"large user acquisition data, transfer separately or regenerate on Mac; NOT in Git",47728652
/media/nas_users/huangyating/data/wide_cache_local/normal_3000r_80cm_rep4.h5,"large user acquisition data, transfer separately or regenerate on Mac; NOT in Git",48973628
/media/nas_users/huangyating/data/wide_cache_local/outBroken_1000r_20cm_rep1.h5,"large user acquisition data, transfer separately or regenerate on Mac; NOT in Git",50247209
/media/nas_users/huangyating/data/wide_cache_local/outBroken_1000r_20cm_rep2.h5,"large user acquisition data, transfer separately or regenerate on Mac; NOT in Git",49369445
/media/nas_users/huangyating/data/wide_cache_local/outBroken_1000r_20cm_rep3.h5,"large user acquisition data, transfer separately or regenerate on Mac; NOT in Git",52869640
/media/nas_users/huangyating/data/wide_cache_local/outBroken_1000r_20cm_rep4.h5,"large user acquisition data, transfer separately or regenerate on Mac; NOT in Git",48923223
/media/nas_users/huangyating/data/wide_cache_local/outBroken_1000r_40cm_rep1.h5,"large user acquisition data, transfer separately or regenerate on Mac; NOT in Git",50311423
/media/nas_users/huangyating/data/wide_cache_local/outBroken_1000r_40cm_rep2.h5,"large user acquisition data, transfer separately or regenerate on Mac; NOT in Git",50003561
/media/nas_users/huangyating/data/wide_cache_local/outBroken_1000r_40cm_rep3.h5,"large user acquisition data, transfer separately or regenerate on Mac; NOT in Git",51071802
/media/nas_users/huangyating/data/wide_cache_local/outBroken_1000r_40cm_rep4.h5,"large user acquisition data, transfer separately or regenerate on Mac; NOT in Git",50019547
/media/nas_users/huangyating/data/wide_cache_local/outBroken_1000r_80cm_rep1.h5,"large user acquisition data, transfer separately or regenerate on Mac; NOT in Git",48497323
/media/nas_users/huangyating/data/wide_cache_local/outBroken_1000r_80cm_rep2.h5,"large user acquisition data, transfer separately or regenerate on Mac; NOT in Git",49435924
/media/nas_users/huangyating/data/wide_cache_local/outBroken_1000r_80cm_rep3.h5,"large user acquisition data, transfer separately or regenerate on Mac; NOT in Git",47942346
/media/nas_users/huangyating/data/wide_cache_local/outBroken_1000r_80cm_rep4.h5,"large user acquisition data, transfer separately or regenerate on Mac; NOT in Git",49078034
/media/nas_users/huangyating/data/wide_cache_local/outBroken_2000r_20cm_rep1.h5,"large user acquisition data, transfer separately or regenerate on Mac; NOT in Git",49629606
/media/nas_users/huangyating/data/wide_cache_local/outBroken_2000r_20cm_rep2.h5,"large user acquisition data, transfer separately or regenerate on Mac; NOT in Git",50737163
/media/nas_users/huangyating/data/wide_cache_local/outBroken_2000r_20cm_rep3.h5,"large user acquisition data, transfer separately or regenerate on Mac; NOT in Git",50529304
/media/nas_users/huangyating/data/wide_cache_local/outBroken_2000r_20cm_rep4.h5,"large user acquisition data, transfer separately or regenerate on Mac; NOT in Git",50179878
/media/nas_users/huangyating/data/wide_cache_local/outBroken_2000r_40cm_rep1.h5,"large user acquisition data, transfer separately or regenerate on Mac; NOT in Git",50776795
/media/nas_users/huangyating/data/wide_cache_local/outBroken_2000r_40cm_rep2.h5,"large user acquisition data, transfer separately or regenerate on Mac; NOT in Git",49237377
/media/nas_users/huangyating/data/wide_cache_local/outBroken_2000r_40cm_rep3.h5,"large user acquisition data, transfer separately or regenerate on Mac; NOT in Git",49722759
/media/nas_users/huangyating/data/wide_cache_local/outBroken_2000r_40cm_rep4.h5,"large user acquisition data, transfer separately or regenerate on Mac; NOT in Git",49528573
/media/nas_users/huangyating/data/wide_cache_local/outBroken_2000r_80cm_rep1.h5,"large user acquisition data, transfer separately or regenerate on Mac; NOT in Git",49504173
/media/nas_users/huangyating/data/wide_cache_local/outBroken_2000r_80cm_rep2.h5,"large user acquisition data, transfer separately or regenerate on Mac; NOT in Git",49126587
/media/nas_users/huangyating/data/wide_cache_local/outBroken_2000r_80cm_rep3.h5,"large user acquisition data, transfer separately or regenerate on Mac; NOT in Git",49312748
/media/nas_users/huangyating/data/wide_cache_local/outBroken_2000r_80cm_rep4.h5,"large user acquisition data, transfer separately or regenerate on Mac; NOT in Git",48973286
/media/nas_users/huangyating/data/wide_cache_local/outBroken_3000r_20cm_rep1.h5,"large user acquisition data, transfer separately or regenerate on Mac; NOT in Git",48895586
/media/nas_users/huangyating/data/wide_cache_local/outBroken_3000r_20cm_rep2.h5,"large user acquisition data, transfer separately or regenerate on Mac; NOT in Git",49898048
/media/nas_users/huangyating/data/wide_cache_local/outBroken_3000r_20cm_rep3.h5,"large user acquisition data, transfer separately or regenerate on Mac; NOT in Git",51979432
/media/nas_users/huangyating/data/wide_cache_local/outBroken_3000r_20cm_rep4.h5,"large user acquisition data, transfer separately or regenerate on Mac; NOT in Git",49822035
/media/nas_users/huangyating/data/wide_cache_local/outBroken_3000r_40cm_rep1.h5,"large user acquisition data, transfer separately or regenerate on Mac; NOT in Git",50038638
/media/nas_users/huangyating/data/wide_cache_local/outBroken_3000r_40cm_rep2.h5,"large user acquisition data, transfer separately or regenerate on Mac; NOT in Git",49185147
/media/nas_users/huangyating/data/wide_cache_local/outBroken_3000r_40cm_rep3.h5,"large user acquisition data, transfer separately or regenerate on Mac; NOT in Git",49607319
/media/nas_users/huangyating/data/wide_cache_local/outBroken_3000r_40cm_rep4.h5,"large user acquisition data, transfer separately or regenerate on Mac; NOT in Git",49473271
/media/nas_users/huangyating/data/wide_cache_local/outBroken_3000r_80cm_rep1.h5,"large user acquisition data, transfer separately or regenerate on Mac; NOT in Git",49326599
/media/nas_users/huangyating/data/wide_cache_local/outBroken_3000r_80cm_rep2.h5,"large user acquisition data, transfer separately or regenerate on Mac; NOT in Git",48757101
/media/nas_users/huangyating/data/wide_cache_local/outBroken_3000r_80cm_rep3.h5,"large user acquisition data, transfer separately or regenerate on Mac; NOT in Git",48836015
/media/nas_users/huangyating/data/wide_cache_local/outBroken_3000r_80cm_rep4.h5,"large user acquisition data, transfer separately or regenerate on Mac; NOT in Git",50910346
/media/nas_users/huangyating/data/wide_cache_local/roll_1000r_20cm_rep1.h5,"large user acquisition data, transfer separately or regenerate on Mac; NOT in Git",49998905
/media/nas_users/huangyating/data/wide_cache_local/roll_1000r_20cm_rep2.h5,"large user acquisition data, transfer separately or regenerate on Mac; NOT in Git",49431344
/media/nas_users/huangyating/data/wide_cache_local/roll_1000r_20cm_rep3.h5,"large user acquisition data, transfer separately or regenerate on Mac; NOT in Git",48779361
/media/nas_users/huangyating/data/wide_cache_local/roll_1000r_20cm_rep4.h5,"large user acquisition data, transfer separately or regenerate on Mac; NOT in Git",50716294
/media/nas_users/huangyating/data/wide_cache_local/roll_1000r_40cm_rep1.h5,"large user acquisition data, transfer separately or regenerate on Mac; NOT in Git",49982251
/media/nas_users/huangyating/data/wide_cache_local/roll_1000r_40cm_rep2.h5,"large user acquisition data, transfer separately or regenerate on Mac; NOT in Git",50000797
/media/nas_users/huangyating/data/wide_cache_local/roll_1000r_40cm_rep3.h5,"large user acquisition data, transfer separately or regenerate on Mac; NOT in Git",50098314
/media/nas_users/huangyating/data/wide_cache_local/roll_1000r_40cm_rep4.h5,"large user acquisition data, transfer separately or regenerate on Mac; NOT in Git",50035961
/media/nas_users/huangyating/data/wide_cache_local/roll_1000r_80cm_rep1.h5,"large user acquisition data, transfer separately or regenerate on Mac; NOT in Git",48279304
/media/nas_users/huangyating/data/wide_cache_local/roll_1000r_80cm_rep2.h5,"large user acquisition data, transfer separately or regenerate on Mac; NOT in Git",48725005
/media/nas_users/huangyating/data/wide_cache_local/roll_1000r_80cm_rep3.h5,"large user acquisition data, transfer separately or regenerate on Mac; NOT in Git",49250271
/media/nas_users/huangyating/data/wide_cache_local/roll_1000r_80cm_rep4.h5,"large user acquisition data, transfer separately or regenerate on Mac; NOT in Git",50973912
/media/nas_users/huangyating/data/wide_cache_local/roll_2000r_20cm_rep1.h5,"large user acquisition data, transfer separately or regenerate on Mac; NOT in Git",49549402
/media/nas_users/huangyating/data/wide_cache_local/roll_2000r_20cm_rep2.h5,"large user acquisition data, transfer separately or regenerate on Mac; NOT in Git",49391870
/media/nas_users/huangyating/data/wide_cache_local/roll_2000r_20cm_rep3.h5,"large user acquisition data, transfer separately or regenerate on Mac; NOT in Git",50620617
/media/nas_users/huangyating/data/wide_cache_local/roll_2000r_20cm_rep4.h5,"large user acquisition data, transfer separately or regenerate on Mac; NOT in Git",49571218
/media/nas_users/huangyating/data/wide_cache_local/roll_2000r_40cm_rep1.h5,"large user acquisition data, transfer separately or regenerate on Mac; NOT in Git",49908358
/media/nas_users/huangyating/data/wide_cache_local/roll_2000r_40cm_rep2.h5,"large user acquisition data, transfer separately or regenerate on Mac; NOT in Git",51549888
/media/nas_users/huangyating/data/wide_cache_local/roll_2000r_40cm_rep3.h5,"large user acquisition data, transfer separately or regenerate on Mac; NOT in Git",50208099
/media/nas_users/huangyating/data/wide_cache_local/roll_2000r_40cm_rep4.h5,"large user acquisition data, transfer separately or regenerate on Mac; NOT in Git",49469134
/media/nas_users/huangyating/data/wide_cache_local/roll_2000r_80cm_rep1.h5,"large user acquisition data, transfer separately or regenerate on Mac; NOT in Git",49596509
/media/nas_users/huangyating/data/wide_cache_local/roll_2000r_80cm_rep2.h5,"large user acquisition data, transfer separately or regenerate on Mac; NOT in Git",49483846
/media/nas_users/huangyating/data/wide_cache_local/roll_2000r_80cm_rep3.h5,"large user acquisition data, transfer separately or regenerate on Mac; NOT in Git",49156912
/media/nas_users/huangyating/data/wide_cache_local/roll_2000r_80cm_rep4.h5,"large user acquisition data, transfer separately or regenerate on Mac; NOT in Git",49163015
/media/nas_users/huangyating/data/wide_cache_local/roll_3000r_20cm_rep1.h5,"large user acquisition data, transfer separately or regenerate on Mac; NOT in Git",50074868
/media/nas_users/huangyating/data/wide_cache_local/roll_3000r_20cm_rep2.h5,"large user acquisition data, transfer separately or regenerate on Mac; NOT in Git",49971991
/media/nas_users/huangyating/data/wide_cache_local/roll_3000r_20cm_rep3.h5,"large user acquisition data, transfer separately or regenerate on Mac; NOT in Git",50875942
/media/nas_users/huangyating/data/wide_cache_local/roll_3000r_20cm_rep4.h5,"large user acquisition data, transfer separately or regenerate on Mac; NOT in Git",50362935
/media/nas_users/huangyating/data/wide_cache_local/roll_3000r_40cm_rep1.h5,"large user acquisition data, transfer separately or regenerate on Mac; NOT in Git",50439119
/media/nas_users/huangyating/data/wide_cache_local/roll_3000r_40cm_rep2.h5,"large user acquisition data, transfer separately or regenerate on Mac; NOT in Git",50297598
/media/nas_users/huangyating/data/wide_cache_local/roll_3000r_40cm_rep3.h5,"large user acquisition data, transfer separately or regenerate on Mac; NOT in Git",53906966
/media/nas_users/huangyating/data/wide_cache_local/roll_3000r_40cm_rep4.h5,"large user acquisition data, transfer separately or regenerate on Mac; NOT in Git",50568552
/media/nas_users/huangyating/data/wide_cache_local/roll_3000r_80cm_rep1.h5,"large user acquisition data, transfer separately or regenerate on Mac; NOT in Git",48248760
/media/nas_users/huangyating/data/wide_cache_local/roll_3000r_80cm_rep2.h5,"large user acquisition data, transfer separately or regenerate on Mac; NOT in Git",49643198
/media/nas_users/huangyating/data/wide_cache_local/roll_3000r_80cm_rep3.h5,"large user acquisition data, transfer separately or regenerate on Mac; NOT in Git",46575303
/media/nas_users/huangyating/data/wide_cache_local/roll_3000r_80cm_rep4.h5,"large user acquisition data, transfer separately or regenerate on Mac; NOT in Git",50879618
/media/nas_users/huangyating/data/upload/radar/inBroken_1000r_20cm_rep1/DONE.json,"large user acquisition data, transfer separately or regenerate on Mac; NOT in Git",511
/media/nas_users/huangyating/data/upload/radar/inBroken_1000r_20cm_rep1/actual_radar.cfg,"large user acquisition data, transfer separately or regenerate on Mac; NOT in Git",282
/media/nas_users/huangyating/data/upload/radar/inBroken_1000r_20cm_rep1/radar.h5,"large user acquisition data, transfer separately or regenerate on Mac; NOT in Git",22020672
/media/nas_users/huangyating/data/upload/radar/inBroken_1000r_20cm_rep1/recording.json,"large user acquisition data, transfer separately or regenerate on Mac; NOT in Git",166175
/media/nas_users/huangyating/data/upload/radar/inBroken_1000r_20cm_rep2/DONE.json,"large user acquisition data, transfer separately or regenerate on Mac; NOT in Git",511
/media/nas_users/huangyating/data/upload/radar/inBroken_1000r_20cm_rep2/actual_radar.cfg,"large user acquisition data, transfer separately or regenerate on Mac; NOT in Git",282
/media/nas_users/huangyating/data/upload/radar/inBroken_1000r_20cm_rep2/radar.h5,"large user acquisition data, transfer separately or regenerate on Mac; NOT in Git",21645001
/media/nas_users/huangyating/data/upload/radar/inBroken_1000r_20cm_rep2/recording.json,"large user acquisition data, transfer separately or regenerate on Mac; NOT in Git",166027
/media/nas_users/huangyating/data/upload/radar/inBroken_1000r_20cm_rep3/DONE.json,"large user acquisition data, transfer separately or regenerate on Mac; NOT in Git",511
/media/nas_users/huangyating/data/upload/radar/inBroken_1000r_20cm_rep3/actual_radar.cfg,"large user acquisition data, transfer separately or regenerate on Mac; NOT in Git",282
/media/nas_users/huangyating/data/upload/radar/inBroken_1000r_20cm_rep3/radar.h5,"large user acquisition data, transfer separately or regenerate on Mac; NOT in Git",22633642
/media/nas_users/huangyating/data/upload/radar/inBroken_1000r_20cm_rep3/recording.json,"large user acquisition data, transfer separately or regenerate on Mac; NOT in Git",166069
/media/nas_users/huangyating/data/upload/radar/inBroken_1000r_20cm_rep4/DONE.json,"large user acquisition data, transfer separately or regenerate on Mac; NOT in Git",511
/media/nas_users/huangyating/data/upload/radar/inBroken_1000r_20cm_rep4/actual_radar.cfg,"large user acquisition data, transfer separately or regenerate on Mac; NOT in Git",282
/media/nas_users/huangyating/data/upload/radar/inBroken_1000r_20cm_rep4/radar.h5,"large user acquisition data, transfer separately or regenerate on Mac; NOT in Git",22065006
/media/nas_users/huangyating/data/upload/radar/inBroken_1000r_20cm_rep4/recording.json,"large user acquisition data, transfer separately or regenerate on Mac; NOT in Git",166014
/media/nas_users/huangyating/data/upload/radar/inBroken_1000r_40cm_rep1/DONE.json,"large user acquisition data, transfer separately or regenerate on Mac; NOT in Git",511
/media/nas_users/huangyating/data/upload/radar/inBroken_1000r_40cm_rep1/actual_radar.cfg,"large user acquisition data, transfer separately or regenerate on Mac; NOT in Git",282
/media/nas_users/huangyating/data/upload/radar/inBroken_1000r_40cm_rep1/radar.h5,"large user acquisition data, transfer separately or regenerate on Mac; NOT in Git",24634914
/media/nas_users/huangyating/data/upload/radar/inBroken_1000r_40cm_rep1/recording.json,"large user acquisition data, transfer separately or regenerate on Mac; NOT in Git",166075
/media/nas_users/huangyating/data/upload/radar/inBroken_1000r_40cm_rep2/DONE.json,"large user acquisition data, transfer separately or regenerate on Mac; NOT in Git",511
/media/nas_users/huangyating/data/upload/radar/inBroken_1000r_40cm_rep2/actual_radar.cfg,"large user acquisition data, transfer separately or regenerate on Mac; NOT in Git",282
/media/nas_users/huangyating/data/upload/radar/inBroken_1000r_40cm_rep2/radar.h5,"large user acquisition data, transfer separately or regenerate on Mac; NOT in Git",23759305
/media/nas_users/huangyating/data/upload/radar/inBroken_1000r_40cm_rep2/recording.json,"large user acquisition data, transfer separately or regenerate on Mac; NOT in Git",166066
/media/nas_users/huangyating/data/upload/radar/inBroken_1000r_40cm_rep3/DONE.json,"large user acquisition data, transfer separately or regenerate on Mac; NOT in Git",511
/media/nas_users/huangyating/data/upload/radar/inBroken_1000r_40cm_rep3/actual_radar.cfg,"large user acquisition data, transfer separately or regenerate on Mac; NOT in Git",282
/media/nas_users/huangyating/data/upload/radar/inBroken_1000r_40cm_rep3/radar.h5,"large user acquisition data, transfer separately or regenerate on Mac; NOT in Git",20294229
/media/nas_users/huangyating/data/upload/radar/inBroken_1000r_40cm_rep3/recording.json,"large user acquisition data, transfer separately or regenerate on Mac; NOT in Git",166001
/media/nas_users/huangyating/data/upload/radar/inBroken_1000r_40cm_rep4/DONE.json,"large user acquisition data, transfer separately or regenerate on Mac; NOT in Git",511
/media/nas_users/huangyating/data/upload/radar/inBroken_1000r_40cm_rep4/actual_radar.cfg,"large user acquisition data, transfer separately or regenerate on Mac; NOT in Git",282
/media/nas_users/huangyating/data/upload/radar/inBroken_1000r_40cm_rep4/radar.h5,"large user acquisition data, transfer separately or regenerate on Mac; NOT in Git",20232384
/media/nas_users/huangyating/data/upload/radar/inBroken_1000r_40cm_rep4/recording.json,"large user acquisition data, transfer separately or regenerate on Mac; NOT in Git",166001
/media/nas_users/huangyating/data/upload/radar/inBroken_1000r_80cm_rep1/DONE.json,"large user acquisition data, transfer separately or regenerate on Mac; NOT in Git",511
/media/nas_users/huangyating/data/upload/radar/inBroken_1000r_80cm_rep1/actual_radar.cfg,"large user acquisition data, transfer separately or regenerate on Mac; NOT in Git",282
/media/nas_users/huangyating/data/upload/radar/inBroken_1000r_80cm_rep1/radar.h5,"large user acquisition data, transfer separately or regenerate on Mac; NOT in Git",20867587
/media/nas_users/huangyating/data/upload/radar/inBroken_1000r_80cm_rep1/recording.json,"large user acquisition data, transfer separately or regenerate on Mac; NOT in Git",165878
/media/nas_users/huangyating/data/upload/radar/inBroken_1000r_80cm_rep2/DONE.json,"large user acquisition data, transfer separately or regenerate on Mac; NOT in Git",511
/media/nas_users/huangyating/data/upload/radar/inBroken_1000r_80cm_rep2/actual_radar.cfg,"large user acquisition data, transfer separately or regenerate on Mac; NOT in Git",282
/media/nas_users/huangyating/data/upload/radar/inBroken_1000r_80cm_rep2/radar.h5,"large user acquisition data, transfer separately or regenerate on Mac; NOT in Git",21126857
/media/nas_users/huangyating/data/upload/radar/inBroken_1000r_80cm_rep2/recording.json,"large user acquisition data, transfer separately or regenerate on Mac; NOT in Git",165878
/media/nas_users/huangyating/data/upload/radar/inBroken_1000r_80cm_rep3/DONE.json,"large user acquisition data, transfer separately or regenerate on Mac; NOT in Git",511
/media/nas_users/huangyating/data/upload/radar/inBroken_1000r_80cm_rep3/actual_radar.cfg,"large user acquisition data, transfer separately or regenerate on Mac; NOT in Git",282
/media/nas_users/huangyating/data/upload/radar/inBroken_1000r_80cm_rep3/radar.h5,"large user acquisition data, transfer separately or regenerate on Mac; NOT in Git",21168611
/media/nas_users/huangyating/data/upload/radar/inBroken_1000r_80cm_rep3/recording.json,"large user acquisition data, transfer separately or regenerate on Mac; NOT in Git",165880
/media/nas_users/huangyating/data/upload/radar/inBroken_1000r_80cm_rep4/DONE.json,"large user acquisition data, transfer separately or regenerate on Mac; NOT in Git",511
/media/nas_users/huangyating/data/upload/radar/inBroken_1000r_80cm_rep4/actual_radar.cfg,"large user acquisition data, transfer separately or regenerate on Mac; NOT in Git",282
/media/nas_users/huangyating/data/upload/radar/inBroken_1000r_80cm_rep4/radar.h5,"large user acquisition data, transfer separately or regenerate on Mac; NOT in Git",20967049
/media/nas_users/huangyating/data/upload/radar/inBroken_1000r_80cm_rep4/recording.json,"large user acquisition data, transfer separately or regenerate on Mac; NOT in Git",165890
/media/nas_users/huangyating/data/upload/radar/inBroken_2000r_20cm_rep1/DONE.json,"large user acquisition data, transfer separately or regenerate on Mac; NOT in Git",511
/media/nas_users/huangyating/data/upload/radar/inBroken_2000r_20cm_rep1/actual_radar.cfg,"large user acquisition data, transfer separately or regenerate on Mac; NOT in Git",282
/media/nas_users/huangyating/data/upload/radar/inBroken_2000r_20cm_rep1/radar.h5,"large user acquisition data, transfer separately or regenerate on Mac; NOT in Git",22678329
/media/nas_users/huangyating/data/upload/radar/inBroken_2000r_20cm_rep1/recording.json,"large user acquisition data, transfer separately or regenerate on Mac; NOT in Git",167271
/media/nas_users/huangyating/data/upload/radar/inBroken_2000r_20cm_rep2/DONE.json,"large user acquisition data, transfer separately or regenerate on Mac; NOT in Git",511
/media/nas_users/huangyating/data/upload/radar/inBroken_2000r_20cm_rep2/actual_radar.cfg,"large user acquisition data, transfer separately or regenerate on Mac; NOT in Git",282
/media/nas_users/huangyating/data/upload/radar/inBroken_2000r_20cm_rep2/radar.h5,"large user acquisition data, transfer separately or regenerate on Mac; NOT in Git",21312750
/media/nas_users/huangyating/data/upload/radar/inBroken_2000r_20cm_rep2/recording.json,"large user acquisition data, transfer separately or regenerate on Mac; NOT in Git",167261
/media/nas_users/huangyating/data/upload/radar/inBroken_2000r_20cm_rep3/DONE.json,"large user acquisition data, transfer separately or regenerate on Mac; NOT in Git",511
/media/nas_users/huangyating/data/upload/radar/inBroken_2000r_20cm_rep3/actual_radar.cfg,"large user acquisition data, transfer separately or regenerate on Mac; NOT in Git",282
/media/nas_users/huangyating/data/upload/radar/inBroken_2000r_20cm_rep3/radar.h5,"large user acquisition data, transfer separately or regenerate on Mac; NOT in Git",21046973
/media/nas_users/huangyating/data/upload/radar/inBroken_2000r_20cm_rep3/recording.json,"large user acquisition data, transfer separately or regenerate on Mac; NOT in Git",167270
/media/nas_users/huangyating/data/upload/radar/inBroken_2000r_20cm_rep4/DONE.json,"large user acquisition data, transfer separately or regenerate on Mac; NOT in Git",511
/media/nas_users/huangyating/data/upload/radar/inBroken_2000r_20cm_rep4/actual_radar.cfg,"large user acquisition data, transfer separately or regenerate on Mac; NOT in Git",282
/media/nas_users/huangyating/data/upload/radar/inBroken_2000r_20cm_rep4/radar.h5,"large user acquisition data, transfer separately or regenerate on Mac; NOT in Git",22117593
/media/nas_users/huangyating/data/upload/radar/inBroken_2000r_20cm_rep4/recording.json,"large user acquisition data, transfer separately or regenerate on Mac; NOT in Git",167256
/media/nas_users/huangyating/data/upload/radar/inBroken_2000r_40cm_rep1/DONE.json,"large user acquisition data, transfer separately or regenerate on Mac; NOT in Git",511
/media/nas_users/huangyating/data/upload/radar/inBroken_2000r_40cm_rep1/actual_radar.cfg,"large user acquisition data, transfer separately or regenerate on Mac; NOT in Git",282
/media/nas_users/huangyating/data/upload/radar/inBroken_2000r_40cm_rep1/radar.h5,"large user acquisition data, transfer separately or regenerate on Mac; NOT in Git",21977623
/media/nas_users/huangyating/data/upload/radar/inBroken_2000r_40cm_rep1/recording.json,"large user acquisition data, transfer separately or regenerate on Mac; NOT in Git",167191
/media/nas_users/huangyating/data/upload/radar/inBroken_2000r_40cm_rep2/DONE.json,"large user acquisition data, transfer separately or regenerate on Mac; NOT in Git",511
/media/nas_users/huangyating/data/upload/radar/inBroken_2000r_40cm_rep2/actual_radar.cfg,"large user acquisition data, transfer separately or regenerate on Mac; NOT in Git",282
/media/nas_users/huangyating/data/upload/radar/inBroken_2000r_40cm_rep2/radar.h5,"large user acquisition data, transfer separately or regenerate on Mac; NOT in Git",22351590
/media/nas_users/huangyating/data/upload/radar/inBroken_2000r_40cm_rep2/recording.json,"large user acquisition data, transfer separately or regenerate on Mac; NOT in Git",167192
/media/nas_users/huangyating/data/upload/radar/inBroken_2000r_40cm_rep3/DONE.json,"large user acquisition data, transfer separately or regenerate on Mac; NOT in Git",511
/media/nas_users/huangyating/data/upload/radar/inBroken_2000r_40cm_rep3/actual_radar.cfg,"large user acquisition data, transfer separately or regenerate on Mac; NOT in Git",282
/media/nas_users/huangyating/data/upload/radar/inBroken_2000r_40cm_rep3/radar.h5,"large user acquisition data, transfer separately or regenerate on Mac; NOT in Git",23312254
/media/nas_users/huangyating/data/upload/radar/inBroken_2000r_40cm_rep3/recording.json,"large user acquisition data, transfer separately or regenerate on Mac; NOT in Git",167200
/media/nas_users/huangyating/data/upload/radar/inBroken_2000r_40cm_rep4/DONE.json,"large user acquisition data, transfer separately or regenerate on Mac; NOT in Git",511
/media/nas_users/huangyating/data/upload/radar/inBroken_2000r_40cm_rep4/actual_radar.cfg,"large user acquisition data, transfer separately or regenerate on Mac; NOT in Git",282
/media/nas_users/huangyating/data/upload/radar/inBroken_2000r_40cm_rep4/radar.h5,"large user acquisition data, transfer separately or regenerate on Mac; NOT in Git",22297929
/media/nas_users/huangyating/data/upload/radar/inBroken_2000r_40cm_rep4/recording.json,"large user acquisition data, transfer separately or regenerate on Mac; NOT in Git",167192
/media/nas_users/huangyating/data/upload/radar/inBroken_2000r_80cm_rep1/DONE.json,"large user acquisition data, transfer separately or regenerate on Mac; NOT in Git",511
/media/nas_users/huangyating/data/upload/radar/inBroken_2000r_80cm_rep1/actual_radar.cfg,"large user acquisition data, transfer separately or regenerate on Mac; NOT in Git",282
/media/nas_users/huangyating/data/upload/radar/inBroken_2000r_80cm_rep1/radar.h5,"large user acquisition data, transfer separately or regenerate on Mac; NOT in Git",21107071
/media/nas_users/huangyating/data/upload/radar/inBroken_2000r_80cm_rep1/recording.json,"large user acquisition data, transfer separately or regenerate on Mac; NOT in Git",167186
/media/nas_users/huangyating/data/upload/radar/inBroken_2000r_80cm_rep2/DONE.json,"large user acquisition data, transfer separately or regenerate on Mac; NOT in Git",511
/media/nas_users/huangyating/data/upload/radar/inBroken_2000r_80cm_rep2/actual_radar.cfg,"large user acquisition data, transfer separately or regenerate on Mac; NOT in Git",282
/media/nas_users/huangyating/data/upload/radar/inBroken_2000r_80cm_rep2/radar.h5,"large user acquisition data, transfer separately or regenerate on Mac; NOT in Git",20782171
/media/nas_users/huangyating/data/upload/radar/inBroken_2000r_80cm_rep2/recording.json,"large user acquisition data, transfer separately or regenerate on Mac; NOT in Git",167168
/media/nas_users/huangyating/data/upload/radar/inBroken_2000r_80cm_rep3/DONE.json,"large user acquisition data, transfer separately or regenerate on Mac; NOT in Git",511
/media/nas_users/huangyating/data/upload/radar/inBroken_2000r_80cm_rep3/actual_radar.cfg,"large user acquisition data, transfer separately or regenerate on Mac; NOT in Git",282
/media/nas_users/huangyating/data/upload/radar/inBroken_2000r_80cm_rep3/radar.h5,"large user acquisition data, transfer separately or regenerate on Mac; NOT in Git",21123714
/media/nas_users/huangyating/data/upload/radar/inBroken_2000r_80cm_rep3/recording.json,"large user acquisition data, transfer separately or regenerate on Mac; NOT in Git",167167
/media/nas_users/huangyating/data/upload/radar/inBroken_2000r_80cm_rep4/DONE.json,"large user acquisition data, transfer separately or regenerate on Mac; NOT in Git",511
/media/nas_users/huangyating/data/upload/radar/inBroken_2000r_80cm_rep4/actual_radar.cfg,"large user acquisition data, transfer separately or regenerate on Mac; NOT in Git",282
/media/nas_users/huangyating/data/upload/radar/inBroken_2000r_80cm_rep4/radar.h5,"large user acquisition data, transfer separately or regenerate on Mac; NOT in Git",21331223
/media/nas_users/huangyating/data/upload/radar/inBroken_2000r_80cm_rep4/recording.json,"large user acquisition data, transfer separately or regenerate on Mac; NOT in Git",167187
/media/nas_users/huangyating/data/upload/radar/inBroken_3000r_20cm_rep1/DONE.json,"large user acquisition data, transfer separately or regenerate on Mac; NOT in Git",511
/media/nas_users/huangyating/data/upload/radar/inBroken_3000r_20cm_rep1/actual_radar.cfg,"large user acquisition data, transfer separately or regenerate on Mac; NOT in Git",282
/media/nas_users/huangyating/data/upload/radar/inBroken_3000r_20cm_rep1/radar.h5,"large user acquisition data, transfer separately or regenerate on Mac; NOT in Git",22206592
/media/nas_users/huangyating/data/upload/radar/inBroken_3000r_20cm_rep1/recording.json,"large user acquisition data, transfer separately or regenerate on Mac; NOT in Git",122922
/media/nas_users/huangyating/data/upload/radar/inBroken_3000r_20cm_rep2/DONE.json,"large user acquisition data, transfer separately or regenerate on Mac; NOT in Git",511
/media/nas_users/huangyating/data/upload/radar/inBroken_3000r_20cm_rep2/actual_radar.cfg,"large user acquisition data, transfer separately or regenerate on Mac; NOT in Git",282
/media/nas_users/huangyating/data/upload/radar/inBroken_3000r_20cm_rep2/radar.h5,"large user acquisition data, transfer separately or regenerate on Mac; NOT in Git",21666273
/media/nas_users/huangyating/data/upload/radar/inBroken_3000r_20cm_rep2/recording.json,"large user acquisition data, transfer separately or regenerate on Mac; NOT in Git",122921
/media/nas_users/huangyating/data/upload/radar/inBroken_3000r_20cm_rep3/DONE.json,"large user acquisition data, transfer separately or regenerate on Mac; NOT in Git",511
/media/nas_users/huangyating/data/upload/radar/inBroken_3000r_20cm_rep3/actual_radar.cfg,"large user acquisition data, transfer separately or regenerate on Mac; NOT in Git",282
/media/nas_users/huangyating/data/upload/radar/inBroken_3000r_20cm_rep3/radar.h5,"large user acquisition data, transfer separately or regenerate on Mac; NOT in Git",22127322
/media/nas_users/huangyating/data/upload/radar/inBroken_3000r_20cm_rep3/recording.json,"large user acquisition data, transfer separately or regenerate on Mac; NOT in Git",122922
/media/nas_users/huangyating/data/upload/radar/inBroken_3000r_20cm_rep4/DONE.json,"large user acquisition data, transfer separately or regenerate on Mac; NOT in Git",511
/media/nas_users/huangyating/data/upload/radar/inBroken_3000r_20cm_rep4/actual_radar.cfg,"large user acquisition data, transfer separately or regenerate on Mac; NOT in Git",282
/media/nas_users/huangyating/data/upload/radar/inBroken_3000r_20cm_rep4/radar.h5,"large user acquisition data, transfer separately or regenerate on Mac; NOT in Git",22044505
/media/nas_users/huangyating/data/upload/radar/inBroken_3000r_20cm_rep4/recording.json,"large user acquisition data, transfer separately or regenerate on Mac; NOT in Git",122925
/media/nas_users/huangyating/data/upload/radar/inBroken_3000r_40cm_rep1/DONE.json,"large user acquisition data, transfer separately or regenerate on Mac; NOT in Git",511
/media/nas_users/huangyating/data/upload/radar/inBroken_3000r_40cm_rep1/actual_radar.cfg,"large user acquisition data, transfer separately or regenerate on Mac; NOT in Git",282
/media/nas_users/huangyating/data/upload/radar/inBroken_3000r_40cm_rep1/radar.h5,"large user acquisition data, transfer separately or regenerate on Mac; NOT in Git",22294215
/media/nas_users/huangyating/data/upload/radar/inBroken_3000r_40cm_rep1/recording.json,"large user acquisition data, transfer separately or regenerate on Mac; NOT in Git",122908
/media/nas_users/huangyating/data/upload/radar/inBroken_3000r_40cm_rep2/DONE.json,"large user acquisition data, transfer separately or regenerate on Mac; NOT in Git",511
/media/nas_users/huangyating/data/upload/radar/inBroken_3000r_40cm_rep2/actual_radar.cfg,"large user acquisition data, transfer separately or regenerate on Mac; NOT in Git",282
/media/nas_users/huangyating/data/upload/radar/inBroken_3000r_40cm_rep2/radar.h5,"large user acquisition data, transfer separately or regenerate on Mac; NOT in Git",22299807
/media/nas_users/huangyating/data/upload/radar/inBroken_3000r_40cm_rep2/recording.json,"large user acquisition data, transfer separately or regenerate on Mac; NOT in Git",122913
/media/nas_users/huangyating/data/upload/radar/inBroken_3000r_40cm_rep3/DONE.json,"large user acquisition data, transfer separately or regenerate on Mac; NOT in Git",511
/media/nas_users/huangyating/data/upload/radar/inBroken_3000r_40cm_rep3/actual_radar.cfg,"large user acquisition data, transfer separately or regenerate on Mac; NOT in Git",282
/media/nas_users/huangyating/data/upload/radar/inBroken_3000r_40cm_rep3/radar.h5,"large user acquisition data, transfer separately or regenerate on Mac; NOT in Git",22185998
/media/nas_users/huangyating/data/upload/radar/inBroken_3000r_40cm_rep3/recording.json,"large user acquisition data, transfer separately or regenerate on Mac; NOT in Git",122922
/media/nas_users/huangyating/data/upload/radar/inBroken_3000r_40cm_rep4/DONE.json,"large user acquisition data, transfer separately or regenerate on Mac; NOT in Git",511
/media/nas_users/huangyating/data/upload/radar/inBroken_3000r_40cm_rep4/actual_radar.cfg,"large user acquisition data, transfer separately or regenerate on Mac; NOT in Git",282
/media/nas_users/huangyating/data/upload/radar/inBroken_3000r_40cm_rep4/radar.h5,"large user acquisition data, transfer separately or regenerate on Mac; NOT in Git",22291774
/media/nas_users/huangyating/data/upload/radar/inBroken_3000r_40cm_rep4/recording.json,"large user acquisition data, transfer separately or regenerate on Mac; NOT in Git",122911
/media/nas_users/huangyating/data/upload/radar/inBroken_3000r_80cm_rep1/DONE.json,"large user acquisition data, transfer separately or regenerate on Mac; NOT in Git",511
/media/nas_users/huangyating/data/upload/radar/inBroken_3000r_80cm_rep1/actual_radar.cfg,"large user acquisition data, transfer separately or regenerate on Mac; NOT in Git",282
/media/nas_users/huangyating/data/upload/radar/inBroken_3000r_80cm_rep1/radar.h5,"large user acquisition data, transfer separately or regenerate on Mac; NOT in Git",21279148
/media/nas_users/huangyating/data/upload/radar/inBroken_3000r_80cm_rep1/recording.json,"large user acquisition data, transfer separately or regenerate on Mac; NOT in Git",122788
/media/nas_users/huangyating/data/upload/radar/inBroken_3000r_80cm_rep2/DONE.json,"large user acquisition data, transfer separately or regenerate on Mac; NOT in Git",511
/media/nas_users/huangyating/data/upload/radar/inBroken_3000r_80cm_rep2/actual_radar.cfg,"large user acquisition data, transfer separately or regenerate on Mac; NOT in Git",282
/media/nas_users/huangyating/data/upload/radar/inBroken_3000r_80cm_rep2/radar.h5,"large user acquisition data, transfer separately or regenerate on Mac; NOT in Git",21304611
/media/nas_users/huangyating/data/upload/radar/inBroken_3000r_80cm_rep2/recording.json,"large user acquisition data, transfer separately or regenerate on Mac; NOT in Git",122789
/media/nas_users/huangyating/data/upload/radar/inBroken_3000r_80cm_rep3/DONE.json,"large user acquisition data, transfer separately or regenerate on Mac; NOT in Git",511
/media/nas_users/huangyating/data/upload/radar/inBroken_3000r_80cm_rep3/actual_radar.cfg,"large user acquisition data, transfer separately or regenerate on Mac; NOT in Git",282
/media/nas_users/huangyating/data/upload/radar/inBroken_3000r_80cm_rep3/radar.h5,"large user acquisition data, transfer separately or regenerate on Mac; NOT in Git",21154635
/media/nas_users/huangyating/data/upload/radar/inBroken_3000r_80cm_rep3/recording.json,"large user acquisition data, transfer separately or regenerate on Mac; NOT in Git",122788
/media/nas_users/huangyating/data/upload/radar/inBroken_3000r_80cm_rep4/DONE.json,"large user acquisition data, transfer separately or regenerate on Mac; NOT in Git",511
/media/nas_users/huangyating/data/upload/radar/inBroken_3000r_80cm_rep4/actual_radar.cfg,"large user acquisition data, transfer separately or regenerate on Mac; NOT in Git",282
/media/nas_users/huangyating/data/upload/radar/inBroken_3000r_80cm_rep4/radar.h5,"large user acquisition data, transfer separately or regenerate on Mac; NOT in Git",21819450
/media/nas_users/huangyating/data/upload/radar/inBroken_3000r_80cm_rep4/recording.json,"large user acquisition data, transfer separately or regenerate on Mac; NOT in Git",122788
/media/nas_users/huangyating/data/upload/radar/normal_1000r_20cm_rep1/DONE.json,"large user acquisition data, transfer separately or regenerate on Mac; NOT in Git",511
/media/nas_users/huangyating/data/upload/radar/normal_1000r_20cm_rep1/actual_radar.cfg,"large user acquisition data, transfer separately or regenerate on Mac; NOT in Git",282
/media/nas_users/huangyating/data/upload/radar/normal_1000r_20cm_rep1/radar.h5,"large user acquisition data, transfer separately or regenerate on Mac; NOT in Git",21670792
/media/nas_users/huangyating/data/upload/radar/normal_1000r_20cm_rep1/recording.json,"large user acquisition data, transfer separately or regenerate on Mac; NOT in Git",174022
/media/nas_users/huangyating/data/upload/radar/normal_1000r_20cm_rep2/DONE.json,"large user acquisition data, transfer separately or regenerate on Mac; NOT in Git",511
/media/nas_users/huangyating/data/upload/radar/normal_1000r_20cm_rep2/actual_radar.cfg,"large user acquisition data, transfer separately or regenerate on Mac; NOT in Git",282
/media/nas_users/huangyating/data/upload/radar/normal_1000r_20cm_rep2/radar.h5,"large user acquisition data, transfer separately or regenerate on Mac; NOT in Git",22661565
/media/nas_users/huangyating/data/upload/radar/normal_1000r_20cm_rep2/recording.json,"large user acquisition data, transfer separately or regenerate on Mac; NOT in Git",173979
/media/nas_users/huangyating/data/upload/radar/normal_1000r_20cm_rep3/DONE.json,"large user acquisition data, transfer separately or regenerate on Mac; NOT in Git",511
/media/nas_users/huangyating/data/upload/radar/normal_1000r_20cm_rep3/actual_radar.cfg,"large user acquisition data, transfer separately or regenerate on Mac; NOT in Git",282
/media/nas_users/huangyating/data/upload/radar/normal_1000r_20cm_rep3/radar.h5,"large user acquisition data, transfer separately or regenerate on Mac; NOT in Git",19880658
/media/nas_users/huangyating/data/upload/radar/normal_1000r_20cm_rep3/recording.json,"large user acquisition data, transfer separately or regenerate on Mac; NOT in Git",173977
/media/nas_users/huangyating/data/upload/radar/normal_1000r_20cm_rep4/DONE.json,"large user acquisition data, transfer separately or regenerate on Mac; NOT in Git",511
/media/nas_users/huangyating/data/upload/radar/normal_1000r_20cm_rep4/actual_radar.cfg,"large user acquisition data, transfer separately or regenerate on Mac; NOT in Git",282
/media/nas_users/huangyating/data/upload/radar/normal_1000r_20cm_rep4/radar.h5,"large user acquisition data, transfer separately or regenerate on Mac; NOT in Git",22518935
/media/nas_users/huangyating/data/upload/radar/normal_1000r_20cm_rep4/recording.json,"large user acquisition data, transfer separately or regenerate on Mac; NOT in Git",173965
/media/nas_users/huangyating/data/upload/radar/normal_1000r_40cm_rep1/DONE.json,"large user acquisition data, transfer separately or regenerate on Mac; NOT in Git",511
/media/nas_users/huangyating/data/upload/radar/normal_1000r_40cm_rep1/actual_radar.cfg,"large user acquisition data, transfer separately or regenerate on Mac; NOT in Git",282
/media/nas_users/huangyating/data/upload/radar/normal_1000r_40cm_rep1/radar.h5,"large user acquisition data, transfer separately or regenerate on Mac; NOT in Git",21401770
/media/nas_users/huangyating/data/upload/radar/normal_1000r_40cm_rep1/recording.json,"large user acquisition data, transfer separately or regenerate on Mac; NOT in Git",173951
/media/nas_users/huangyating/data/upload/radar/normal_1000r_40cm_rep2/DONE.json,"large user acquisition data, transfer separately or regenerate on Mac; NOT in Git",511
/media/nas_users/huangyating/data/upload/radar/normal_1000r_40cm_rep2/actual_radar.cfg,"large user acquisition data, transfer separately or regenerate on Mac; NOT in Git",282
/media/nas_users/huangyating/data/upload/radar/normal_1000r_40cm_rep2/radar.h5,"large user acquisition data, transfer separately or regenerate on Mac; NOT in Git",21986622
/media/nas_users/huangyating/data/upload/radar/normal_1000r_40cm_rep2/recording.json,"large user acquisition data, transfer separately or regenerate on Mac; NOT in Git",173953
/media/nas_users/huangyating/data/upload/radar/normal_1000r_40cm_rep3/DONE.json,"large user acquisition data, transfer separately or regenerate on Mac; NOT in Git",511
/media/nas_users/huangyating/data/upload/radar/normal_1000r_40cm_rep3/actual_radar.cfg,"large user acquisition data, transfer separately or regenerate on Mac; NOT in Git",282
/media/nas_users/huangyating/data/upload/radar/normal_1000r_40cm_rep3/radar.h5,"large user acquisition data, transfer separately or regenerate on Mac; NOT in Git",21799589
/media/nas_users/huangyating/data/upload/radar/normal_1000r_40cm_rep3/recording.json,"large user acquisition data, transfer separately or regenerate on Mac; NOT in Git",173963
/media/nas_users/huangyating/data/upload/radar/normal_1000r_40cm_rep4/DONE.json,"large user acquisition data, transfer separately or regenerate on Mac; NOT in Git",511
/media/nas_users/huangyating/data/upload/radar/normal_1000r_40cm_rep4/actual_radar.cfg,"large user acquisition data, transfer separately or regenerate on Mac; NOT in Git",282
/media/nas_users/huangyating/data/upload/radar/normal_1000r_40cm_rep4/radar.h5,"large user acquisition data, transfer separately or regenerate on Mac; NOT in Git",23636907
/media/nas_users/huangyating/data/upload/radar/normal_1000r_40cm_rep4/recording.json,"large user acquisition data, transfer separately or regenerate on Mac; NOT in Git",173968
/media/nas_users/huangyating/data/upload/radar/normal_1000r_80cm_rep1/DONE.json,"large user acquisition data, transfer separately or regenerate on Mac; NOT in Git",511
/media/nas_users/huangyating/data/upload/radar/normal_1000r_80cm_rep1/actual_radar.cfg,"large user acquisition data, transfer separately or regenerate on Mac; NOT in Git",282
/media/nas_users/huangyating/data/upload/radar/normal_1000r_80cm_rep1/radar.h5,"large user acquisition data, transfer separately or regenerate on Mac; NOT in Git",20379131
/media/nas_users/huangyating/data/upload/radar/normal_1000r_80cm_rep1/recording.json,"large user acquisition data, transfer separately or regenerate on Mac; NOT in Git",173832
/media/nas_users/huangyating/data/upload/radar/normal_1000r_80cm_rep2/DONE.json,"large user acquisition data, transfer separately or regenerate on Mac; NOT in Git",511
/media/nas_users/huangyating/data/upload/radar/normal_1000r_80cm_rep2/actual_radar.cfg,"large user acquisition data, transfer separately or regenerate on Mac; NOT in Git",282
/media/nas_users/huangyating/data/upload/radar/normal_1000r_80cm_rep2/radar.h5,"large user acquisition data, transfer separately or regenerate on Mac; NOT in Git",21576153
/media/nas_users/huangyating/data/upload/radar/normal_1000r_80cm_rep2/recording.json,"large user acquisition data, transfer separately or regenerate on Mac; NOT in Git",173829
/media/nas_users/huangyating/data/upload/radar/normal_1000r_80cm_rep3/DONE.json,"large user acquisition data, transfer separately or regenerate on Mac; NOT in Git",511
/media/nas_users/huangyating/data/upload/radar/normal_1000r_80cm_rep3/actual_radar.cfg,"large user acquisition data, transfer separately or regenerate on Mac; NOT in Git",282
/media/nas_users/huangyating/data/upload/radar/normal_1000r_80cm_rep3/radar.h5,"large user acquisition data, transfer separately or regenerate on Mac; NOT in Git",21318522
/media/nas_users/huangyating/data/upload/radar/normal_1000r_80cm_rep3/recording.json,"large user acquisition data, transfer separately or regenerate on Mac; NOT in Git",173830
/media/nas_users/huangyating/data/upload/radar/normal_1000r_80cm_rep4/DONE.json,"large user acquisition data, transfer separately or regenerate on Mac; NOT in Git",511
/media/nas_users/huangyating/data/upload/radar/normal_1000r_80cm_rep4/actual_radar.cfg,"large user acquisition data, transfer separately or regenerate on Mac; NOT in Git",282
/media/nas_users/huangyating/data/upload/radar/normal_1000r_80cm_rep4/radar.h5,"large user acquisition data, transfer separately or regenerate on Mac; NOT in Git",21980848
/media/nas_users/huangyating/data/upload/radar/normal_1000r_80cm_rep4/recording.json,"large user acquisition data, transfer separately or regenerate on Mac; NOT in Git",173833
/media/nas_users/huangyating/data/upload/radar/normal_2000r_20cm_rep1/DONE.json,"large user acquisition data, transfer separately or regenerate on Mac; NOT in Git",511
/media/nas_users/huangyating/data/upload/radar/normal_2000r_20cm_rep1/actual_radar.cfg,"large user acquisition data, transfer separately or regenerate on Mac; NOT in Git",282
/media/nas_users/huangyating/data/upload/radar/normal_2000r_20cm_rep1/radar.h5,"large user acquisition data, transfer separately or regenerate on Mac; NOT in Git",21800067
/media/nas_users/huangyating/data/upload/radar/normal_2000r_20cm_rep1/recording.json,"large user acquisition data, transfer separately or regenerate on Mac; NOT in Git",146450
/media/nas_users/huangyating/data/upload/radar/normal_2000r_20cm_rep2/DONE.json,"large user acquisition data, transfer separately or regenerate on Mac; NOT in Git",511
/media/nas_users/huangyating/data/upload/radar/normal_2000r_20cm_rep2/actual_radar.cfg,"large user acquisition data, transfer separately or regenerate on Mac; NOT in Git",282
/media/nas_users/huangyating/data/upload/radar/normal_2000r_20cm_rep2/radar.h5,"large user acquisition data, transfer separately or regenerate on Mac; NOT in Git",21930027
/media/nas_users/huangyating/data/upload/radar/normal_2000r_20cm_rep2/recording.json,"large user acquisition data, transfer separately or regenerate on Mac; NOT in Git",146452
/media/nas_users/huangyating/data/upload/radar/normal_2000r_20cm_rep3/DONE.json,"large user acquisition data, transfer separately or regenerate on Mac; NOT in Git",511
/media/nas_users/huangyating/data/upload/radar/normal_2000r_20cm_rep3/actual_radar.cfg,"large user acquisition data, transfer separately or regenerate on Mac; NOT in Git",282
/media/nas_users/huangyating/data/upload/radar/normal_2000r_20cm_rep3/radar.h5,"large user acquisition data, transfer separately or regenerate on Mac; NOT in Git",22804165
/media/nas_users/huangyating/data/upload/radar/normal_2000r_20cm_rep3/recording.json,"large user acquisition data, transfer separately or regenerate on Mac; NOT in Git",146395
/media/nas_users/huangyating/data/upload/radar/normal_2000r_20cm_rep4/DONE.json,"large user acquisition data, transfer separately or regenerate on Mac; NOT in Git",511
/media/nas_users/huangyating/data/upload/radar/normal_2000r_20cm_rep4/actual_radar.cfg,"large user acquisition data, transfer separately or regenerate on Mac; NOT in Git",282
/media/nas_users/huangyating/data/upload/radar/normal_2000r_20cm_rep4/radar.h5,"large user acquisition data, transfer separately or regenerate on Mac; NOT in Git",23023917
/media/nas_users/huangyating/data/upload/radar/normal_2000r_20cm_rep4/recording.json,"large user acquisition data, transfer separately or regenerate on Mac; NOT in Git",146383
/media/nas_users/huangyating/data/upload/radar/normal_2000r_40cm_rep1/DONE.json,"large user acquisition data, transfer separately or regenerate on Mac; NOT in Git",511
/media/nas_users/huangyating/data/upload/radar/normal_2000r_40cm_rep1/actual_radar.cfg,"large user acquisition data, transfer separately or regenerate on Mac; NOT in Git",282
/media/nas_users/huangyating/data/upload/radar/normal_2000r_40cm_rep1/radar.h5,"large user acquisition data, transfer separately or regenerate on Mac; NOT in Git",21735865
/media/nas_users/huangyating/data/upload/radar/normal_2000r_40cm_rep1/recording.json,"large user acquisition data, transfer separately or regenerate on Mac; NOT in Git",146451
/media/nas_users/huangyating/data/upload/radar/normal_2000r_40cm_rep2/DONE.json,"large user acquisition data, transfer separately or regenerate on Mac; NOT in Git",511
/media/nas_users/huangyating/data/upload/radar/normal_2000r_40cm_rep2/actual_radar.cfg,"large user acquisition data, transfer separately or regenerate on Mac; NOT in Git",282
/media/nas_users/huangyating/data/upload/radar/normal_2000r_40cm_rep2/radar.h5,"large user acquisition data, transfer separately or regenerate on Mac; NOT in Git",21194224
/media/nas_users/huangyating/data/upload/radar/normal_2000r_40cm_rep2/recording.json,"large user acquisition data, transfer separately or regenerate on Mac; NOT in Git",146452
/media/nas_users/huangyating/data/upload/radar/normal_2000r_40cm_rep3/DONE.json,"large user acquisition data, transfer separately or regenerate on Mac; NOT in Git",511
/media/nas_users/huangyating/data/upload/radar/normal_2000r_40cm_rep3/actual_radar.cfg,"large user acquisition data, transfer separately or regenerate on Mac; NOT in Git",282
/media/nas_users/huangyating/data/upload/radar/normal_2000r_40cm_rep3/radar.h5,"large user acquisition data, transfer separately or regenerate on Mac; NOT in Git",21936895
/media/nas_users/huangyating/data/upload/radar/normal_2000r_40cm_rep3/recording.json,"large user acquisition data, transfer separately or regenerate on Mac; NOT in Git",146449
/media/nas_users/huangyating/data/upload/radar/normal_2000r_40cm_rep4/DONE.json,"large user acquisition data, transfer separately or regenerate on Mac; NOT in Git",511
/media/nas_users/huangyating/data/upload/radar/normal_2000r_40cm_rep4/actual_radar.cfg,"large user acquisition data, transfer separately or regenerate on Mac; NOT in Git",282
/media/nas_users/huangyating/data/upload/radar/normal_2000r_40cm_rep4/radar.h5,"large user acquisition data, transfer separately or regenerate on Mac; NOT in Git",21462259
/media/nas_users/huangyating/data/upload/radar/normal_2000r_40cm_rep4/recording.json,"large user acquisition data, transfer separately or regenerate on Mac; NOT in Git",146450
/media/nas_users/huangyating/data/upload/radar/normal_2000r_80cm_rep1/DONE.json,"large user acquisition data, transfer separately or regenerate on Mac; NOT in Git",511
/media/nas_users/huangyating/data/upload/radar/normal_2000r_80cm_rep1/actual_radar.cfg,"large user acquisition data, transfer separately or regenerate on Mac; NOT in Git",282
/media/nas_users/huangyating/data/upload/radar/normal_2000r_80cm_rep1/radar.h5,"large user acquisition data, transfer separately or regenerate on Mac; NOT in Git",21371884
/media/nas_users/huangyating/data/upload/radar/normal_2000r_80cm_rep1/recording.json,"large user acquisition data, transfer separately or regenerate on Mac; NOT in Git",146319
/media/nas_users/huangyating/data/upload/radar/normal_2000r_80cm_rep2/DONE.json,"large user acquisition data, transfer separately or regenerate on Mac; NOT in Git",511
/media/nas_users/huangyating/data/upload/radar/normal_2000r_80cm_rep2/actual_radar.cfg,"large user acquisition data, transfer separately or regenerate on Mac; NOT in Git",282
/media/nas_users/huangyating/data/upload/radar/normal_2000r_80cm_rep2/radar.h5,"large user acquisition data, transfer separately or regenerate on Mac; NOT in Git",21525857
/media/nas_users/huangyating/data/upload/radar/normal_2000r_80cm_rep2/recording.json,"large user acquisition data, transfer separately or regenerate on Mac; NOT in Git",146317
/media/nas_users/huangyating/data/upload/radar/normal_2000r_80cm_rep3/DONE.json,"large user acquisition data, transfer separately or regenerate on Mac; NOT in Git",511
/media/nas_users/huangyating/data/upload/radar/normal_2000r_80cm_rep3/actual_radar.cfg,"large user acquisition data, transfer separately or regenerate on Mac; NOT in Git",282
/media/nas_users/huangyating/data/upload/radar/normal_2000r_80cm_rep3/radar.h5,"large user acquisition data, transfer separately or regenerate on Mac; NOT in Git",21636106
/media/nas_users/huangyating/data/upload/radar/normal_2000r_80cm_rep3/recording.json,"large user acquisition data, transfer separately or regenerate on Mac; NOT in Git",146317
/media/nas_users/huangyating/data/upload/radar/normal_2000r_80cm_rep4/DONE.json,"large user acquisition data, transfer separately or regenerate on Mac; NOT in Git",511
/media/nas_users/huangyating/data/upload/radar/normal_2000r_80cm_rep4/actual_radar.cfg,"large user acquisition data, transfer separately or regenerate on Mac; NOT in Git",282
/media/nas_users/huangyating/data/upload/radar/normal_2000r_80cm_rep4/radar.h5,"large user acquisition data, transfer separately or regenerate on Mac; NOT in Git",20918388
/media/nas_users/huangyating/data/upload/radar/normal_2000r_80cm_rep4/recording.json,"large user acquisition data, transfer separately or regenerate on Mac; NOT in Git",146313
/media/nas_users/huangyating/data/upload/radar/normal_3000r_20cm_rep1/DONE.json,"large user acquisition data, transfer separately or regenerate on Mac; NOT in Git",511
/media/nas_users/huangyating/data/upload/radar/normal_3000r_20cm_rep1/actual_radar.cfg,"large user acquisition data, transfer separately or regenerate on Mac; NOT in Git",282
/media/nas_users/huangyating/data/upload/radar/normal_3000r_20cm_rep1/radar.h5,"large user acquisition data, transfer separately or regenerate on Mac; NOT in Git",23556711
/media/nas_users/huangyating/data/upload/radar/normal_3000r_20cm_rep1/recording.json,"large user acquisition data, transfer separately or regenerate on Mac; NOT in Git",138620
/media/nas_users/huangyating/data/upload/radar/normal_3000r_20cm_rep2/DONE.json,"large user acquisition data, transfer separately or regenerate on Mac; NOT in Git",511
/media/nas_users/huangyating/data/upload/radar/normal_3000r_20cm_rep2/actual_radar.cfg,"large user acquisition data, transfer separately or regenerate on Mac; NOT in Git",282
/media/nas_users/huangyating/data/upload/radar/normal_3000r_20cm_rep2/radar.h5,"large user acquisition data, transfer separately or regenerate on Mac; NOT in Git",22367413
/media/nas_users/huangyating/data/upload/radar/normal_3000r_20cm_rep2/recording.json,"large user acquisition data, transfer separately or regenerate on Mac; NOT in Git",138630
/media/nas_users/huangyating/data/upload/radar/normal_3000r_20cm_rep3/DONE.json,"large user acquisition data, transfer separately or regenerate on Mac; NOT in Git",511
/media/nas_users/huangyating/data/upload/radar/normal_3000r_20cm_rep3/actual_radar.cfg,"large user acquisition data, transfer separately or regenerate on Mac; NOT in Git",282
/media/nas_users/huangyating/data/upload/radar/normal_3000r_20cm_rep3/radar.h5,"large user acquisition data, transfer separately or regenerate on Mac; NOT in Git",23099936
/media/nas_users/huangyating/data/upload/radar/normal_3000r_20cm_rep3/recording.json,"large user acquisition data, transfer separately or regenerate on Mac; NOT in Git",138674
/media/nas_users/huangyating/data/upload/radar/normal_3000r_20cm_rep4/DONE.json,"large user acquisition data, transfer separately or regenerate on Mac; NOT in Git",511
/media/nas_users/huangyating/data/upload/radar/normal_3000r_20cm_rep4/actual_radar.cfg,"large user acquisition data, transfer separately or regenerate on Mac; NOT in Git",282
/media/nas_users/huangyating/data/upload/radar/normal_3000r_20cm_rep4/radar.h5,"large user acquisition data, transfer separately or regenerate on Mac; NOT in Git",23008882
/media/nas_users/huangyating/data/upload/radar/normal_3000r_20cm_rep4/recording.json,"large user acquisition data, transfer separately or regenerate on Mac; NOT in Git",138616
/media/nas_users/huangyating/data/upload/radar/normal_3000r_40cm_rep1/DONE.json,"large user acquisition data, transfer separately or regenerate on Mac; NOT in Git",511
/media/nas_users/huangyating/data/upload/radar/normal_3000r_40cm_rep1/actual_radar.cfg,"large user acquisition data, transfer separately or regenerate on Mac; NOT in Git",282
/media/nas_users/huangyating/data/upload/radar/normal_3000r_40cm_rep1/radar.h5,"large user acquisition data, transfer separately or regenerate on Mac; NOT in Git",21550233
/media/nas_users/huangyating/data/upload/radar/normal_3000r_40cm_rep1/recording.json,"large user acquisition data, transfer separately or regenerate on Mac; NOT in Git",138542
/media/nas_users/huangyating/data/upload/radar/normal_3000r_40cm_rep2/DONE.json,"large user acquisition data, transfer separately or regenerate on Mac; NOT in Git",511
/media/nas_users/huangyating/data/upload/radar/normal_3000r_40cm_rep2/actual_radar.cfg,"large user acquisition data, transfer separately or regenerate on Mac; NOT in Git",282
/media/nas_users/huangyating/data/upload/radar/normal_3000r_40cm_rep2/radar.h5,"large user acquisition data, transfer separately or regenerate on Mac; NOT in Git",22162772
/media/nas_users/huangyating/data/upload/radar/normal_3000r_40cm_rep2/recording.json,"large user acquisition data, transfer separately or regenerate on Mac; NOT in Git",138538
/media/nas_users/huangyating/data/upload/radar/normal_3000r_40cm_rep3/DONE.json,"large user acquisition data, transfer separately or regenerate on Mac; NOT in Git",511
/media/nas_users/huangyating/data/upload/radar/normal_3000r_40cm_rep3/actual_radar.cfg,"large user acquisition data, transfer separately or regenerate on Mac; NOT in Git",282
/media/nas_users/huangyating/data/upload/radar/normal_3000r_40cm_rep3/radar.h5,"large user acquisition data, transfer separately or regenerate on Mac; NOT in Git",21592756
/media/nas_users/huangyating/data/upload/radar/normal_3000r_40cm_rep3/recording.json,"large user acquisition data, transfer separately or regenerate on Mac; NOT in Git",138538
/media/nas_users/huangyating/data/upload/radar/normal_3000r_40cm_rep4/DONE.json,"large user acquisition data, transfer separately or regenerate on Mac; NOT in Git",511
/media/nas_users/huangyating/data/upload/radar/normal_3000r_40cm_rep4/actual_radar.cfg,"large user acquisition data, transfer separately or regenerate on Mac; NOT in Git",282
/media/nas_users/huangyating/data/upload/radar/normal_3000r_40cm_rep4/radar.h5,"large user acquisition data, transfer separately or regenerate on Mac; NOT in Git",20746137
/media/nas_users/huangyating/data/upload/radar/normal_3000r_40cm_rep4/recording.json,"large user acquisition data, transfer separately or regenerate on Mac; NOT in Git",138539
/media/nas_users/huangyating/data/upload/radar/normal_3000r_80cm_rep1/DONE.json,"large user acquisition data, transfer separately or regenerate on Mac; NOT in Git",511
/media/nas_users/huangyating/data/upload/radar/normal_3000r_80cm_rep1/actual_radar.cfg,"large user acquisition data, transfer separately or regenerate on Mac; NOT in Git",282
/media/nas_users/huangyating/data/upload/radar/normal_3000r_80cm_rep1/radar.h5,"large user acquisition data, transfer separately or regenerate on Mac; NOT in Git",24265682
/media/nas_users/huangyating/data/upload/radar/normal_3000r_80cm_rep1/recording.json,"large user acquisition data, transfer separately or regenerate on Mac; NOT in Git",138547
/media/nas_users/huangyating/data/upload/radar/normal_3000r_80cm_rep2/DONE.json,"large user acquisition data, transfer separately or regenerate on Mac; NOT in Git",511
/media/nas_users/huangyating/data/upload/radar/normal_3000r_80cm_rep2/actual_radar.cfg,"large user acquisition data, transfer separately or regenerate on Mac; NOT in Git",282
/media/nas_users/huangyating/data/upload/radar/normal_3000r_80cm_rep2/radar.h5,"large user acquisition data, transfer separately or regenerate on Mac; NOT in Git",21553475
/media/nas_users/huangyating/data/upload/radar/normal_3000r_80cm_rep2/recording.json,"large user acquisition data, transfer separately or regenerate on Mac; NOT in Git",138535
/media/nas_users/huangyating/data/upload/radar/normal_3000r_80cm_rep3/DONE.json,"large user acquisition data, transfer separately or regenerate on Mac; NOT in Git",511
/media/nas_users/huangyating/data/upload/radar/normal_3000r_80cm_rep3/actual_radar.cfg,"large user acquisition data, transfer separately or regenerate on Mac; NOT in Git",282
/media/nas_users/huangyating/data/upload/radar/normal_3000r_80cm_rep3/radar.h5,"large user acquisition data, transfer separately or regenerate on Mac; NOT in Git",20712204
/media/nas_users/huangyating/data/upload/radar/normal_3000r_80cm_rep3/recording.json,"large user acquisition data, transfer separately or regenerate on Mac; NOT in Git",138539
/media/nas_users/huangyating/data/upload/radar/normal_3000r_80cm_rep4/DONE.json,"large user acquisition data, transfer separately or regenerate on Mac; NOT in Git",511
/media/nas_users/huangyating/data/upload/radar/normal_3000r_80cm_rep4/actual_radar.cfg,"large user acquisition data, transfer separately or regenerate on Mac; NOT in Git",282
/media/nas_users/huangyating/data/upload/radar/normal_3000r_80cm_rep4/radar.h5,"large user acquisition data, transfer separately or regenerate on Mac; NOT in Git",21086983
/media/nas_users/huangyating/data/upload/radar/normal_3000r_80cm_rep4/recording.json,"large user acquisition data, transfer separately or regenerate on Mac; NOT in Git",138549
/media/nas_users/huangyating/data/upload/radar/outBroken_1000r_20cm_rep1/DONE.json,"large user acquisition data, transfer separately or regenerate on Mac; NOT in Git",511
/media/nas_users/huangyating/data/upload/radar/outBroken_1000r_20cm_rep1/actual_radar.cfg,"large user acquisition data, transfer separately or regenerate on Mac; NOT in Git",282
/media/nas_users/huangyating/data/upload/radar/outBroken_1000r_20cm_rep1/radar.h5,"large user acquisition data, transfer separately or regenerate on Mac; NOT in Git",22023689
/media/nas_users/huangyating/data/upload/radar/outBroken_1000r_20cm_rep1/recording.json,"large user acquisition data, transfer separately or regenerate on Mac; NOT in Git",160014
/media/nas_users/huangyating/data/upload/radar/outBroken_1000r_20cm_rep2/DONE.json,"large user acquisition data, transfer separately or regenerate on Mac; NOT in Git",511
/media/nas_users/huangyating/data/upload/radar/outBroken_1000r_20cm_rep2/actual_radar.cfg,"large user acquisition data, transfer separately or regenerate on Mac; NOT in Git",282
/media/nas_users/huangyating/data/upload/radar/outBroken_1000r_20cm_rep2/radar.h5,"large user acquisition data, transfer separately or regenerate on Mac; NOT in Git",22040384
/media/nas_users/huangyating/data/upload/radar/outBroken_1000r_20cm_rep2/recording.json,"large user acquisition data, transfer separately or regenerate on Mac; NOT in Git",160015
/media/nas_users/huangyating/data/upload/radar/outBroken_1000r_20cm_rep3/DONE.json,"large user acquisition data, transfer separately or regenerate on Mac; NOT in Git",511
/media/nas_users/huangyating/data/upload/radar/outBroken_1000r_20cm_rep3/actual_radar.cfg,"large user acquisition data, transfer separately or regenerate on Mac; NOT in Git",282
/media/nas_users/huangyating/data/upload/radar/outBroken_1000r_20cm_rep3/radar.h5,"large user acquisition data, transfer separately or regenerate on Mac; NOT in Git",23250792
/media/nas_users/huangyating/data/upload/radar/outBroken_1000r_20cm_rep3/recording.json,"large user acquisition data, transfer separately or regenerate on Mac; NOT in Git",160014
/media/nas_users/huangyating/data/upload/radar/outBroken_1000r_20cm_rep4/DONE.json,"large user acquisition data, transfer separately or regenerate on Mac; NOT in Git",511
/media/nas_users/huangyating/data/upload/radar/outBroken_1000r_20cm_rep4/actual_radar.cfg,"large user acquisition data, transfer separately or regenerate on Mac; NOT in Git",282
/media/nas_users/huangyating/data/upload/radar/outBroken_1000r_20cm_rep4/radar.h5,"large user acquisition data, transfer separately or regenerate on Mac; NOT in Git",21371951
/media/nas_users/huangyating/data/upload/radar/outBroken_1000r_20cm_rep4/recording.json,"large user acquisition data, transfer separately or regenerate on Mac; NOT in Git",160026
/media/nas_users/huangyating/data/upload/radar/outBroken_1000r_40cm_rep1/DONE.json,"large user acquisition data, transfer separately or regenerate on Mac; NOT in Git",511
/media/nas_users/huangyating/data/upload/radar/outBroken_1000r_40cm_rep1/actual_radar.cfg,"large user acquisition data, transfer separately or regenerate on Mac; NOT in Git",282
/media/nas_users/huangyating/data/upload/radar/outBroken_1000r_40cm_rep1/radar.h5,"large user acquisition data, transfer separately or regenerate on Mac; NOT in Git",21286021
/media/nas_users/huangyating/data/upload/radar/outBroken_1000r_40cm_rep1/recording.json,"large user acquisition data, transfer separately or regenerate on Mac; NOT in Git",160000
/media/nas_users/huangyating/data/upload/radar/outBroken_1000r_40cm_rep2/DONE.json,"large user acquisition data, transfer separately or regenerate on Mac; NOT in Git",511
/media/nas_users/huangyating/data/upload/radar/outBroken_1000r_40cm_rep2/actual_radar.cfg,"large user acquisition data, transfer separately or regenerate on Mac; NOT in Git",282
/media/nas_users/huangyating/data/upload/radar/outBroken_1000r_40cm_rep2/radar.h5,"large user acquisition data, transfer separately or regenerate on Mac; NOT in Git",21001458
/media/nas_users/huangyating/data/upload/radar/outBroken_1000r_40cm_rep2/recording.json,"large user acquisition data, transfer separately or regenerate on Mac; NOT in Git",160003
/media/nas_users/huangyating/data/upload/radar/outBroken_1000r_40cm_rep3/DONE.json,"large user acquisition data, transfer separately or regenerate on Mac; NOT in Git",511
/media/nas_users/huangyating/data/upload/radar/outBroken_1000r_40cm_rep3/actual_radar.cfg,"large user acquisition data, transfer separately or regenerate on Mac; NOT in Git",282
/media/nas_users/huangyating/data/upload/radar/outBroken_1000r_40cm_rep3/radar.h5,"large user acquisition data, transfer separately or regenerate on Mac; NOT in Git",21370110
/media/nas_users/huangyating/data/upload/radar/outBroken_1000r_40cm_rep3/recording.json,"large user acquisition data, transfer separately or regenerate on Mac; NOT in Git",160002
/media/nas_users/huangyating/data/upload/radar/outBroken_1000r_40cm_rep4/DONE.json,"large user acquisition data, transfer separately or regenerate on Mac; NOT in Git",511
/media/nas_users/huangyating/data/upload/radar/outBroken_1000r_40cm_rep4/actual_radar.cfg,"large user acquisition data, transfer separately or regenerate on Mac; NOT in Git",282
/media/nas_users/huangyating/data/upload/radar/outBroken_1000r_40cm_rep4/radar.h5,"large user acquisition data, transfer separately or regenerate on Mac; NOT in Git",21093837
/media/nas_users/huangyating/data/upload/radar/outBroken_1000r_40cm_rep4/recording.json,"large user acquisition data, transfer separately or regenerate on Mac; NOT in Git",160013
/media/nas_users/huangyating/data/upload/radar/outBroken_1000r_80cm_rep1/DONE.json,"large user acquisition data, transfer separately or regenerate on Mac; NOT in Git",511
/media/nas_users/huangyating/data/upload/radar/outBroken_1000r_80cm_rep1/actual_radar.cfg,"large user acquisition data, transfer separately or regenerate on Mac; NOT in Git",282
/media/nas_users/huangyating/data/upload/radar/outBroken_1000r_80cm_rep1/radar.h5,"large user acquisition data, transfer separately or regenerate on Mac; NOT in Git",20998683
/media/nas_users/huangyating/data/upload/radar/outBroken_1000r_80cm_rep1/recording.json,"large user acquisition data, transfer separately or regenerate on Mac; NOT in Git",159947
/media/nas_users/huangyating/data/upload/radar/outBroken_1000r_80cm_rep2/DONE.json,"large user acquisition data, transfer separately or regenerate on Mac; NOT in Git",511
/media/nas_users/huangyating/data/upload/radar/outBroken_1000r_80cm_rep2/actual_radar.cfg,"large user acquisition data, transfer separately or regenerate on Mac; NOT in Git",282
/media/nas_users/huangyating/data/upload/radar/outBroken_1000r_80cm_rep2/radar.h5,"large user acquisition data, transfer separately or regenerate on Mac; NOT in Git",20983576
/media/nas_users/huangyating/data/upload/radar/outBroken_1000r_80cm_rep2/recording.json,"large user acquisition data, transfer separately or regenerate on Mac; NOT in Git",159933
/media/nas_users/huangyating/data/upload/radar/outBroken_1000r_80cm_rep3/DONE.json,"large user acquisition data, transfer separately or regenerate on Mac; NOT in Git",511
/media/nas_users/huangyating/data/upload/radar/outBroken_1000r_80cm_rep3/actual_radar.cfg,"large user acquisition data, transfer separately or regenerate on Mac; NOT in Git",282
/media/nas_users/huangyating/data/upload/radar/outBroken_1000r_80cm_rep3/radar.h5,"large user acquisition data, transfer separately or regenerate on Mac; NOT in Git",20499931
/media/nas_users/huangyating/data/upload/radar/outBroken_1000r_80cm_rep3/recording.json,"large user acquisition data, transfer separately or regenerate on Mac; NOT in Git",159937
/media/nas_users/huangyating/data/upload/radar/outBroken_1000r_80cm_rep4/DONE.json,"large user acquisition data, transfer separately or regenerate on Mac; NOT in Git",511
/media/nas_users/huangyating/data/upload/radar/outBroken_1000r_80cm_rep4/actual_radar.cfg,"large user acquisition data, transfer separately or regenerate on Mac; NOT in Git",282
/media/nas_users/huangyating/data/upload/radar/outBroken_1000r_80cm_rep4/radar.h5,"large user acquisition data, transfer separately or regenerate on Mac; NOT in Git",20749837
/media/nas_users/huangyating/data/upload/radar/outBroken_1000r_80cm_rep4/recording.json,"large user acquisition data, transfer separately or regenerate on Mac; NOT in Git",159938
/media/nas_users/huangyating/data/upload/radar/outBroken_2000r_20cm_rep1/DONE.json,"large user acquisition data, transfer separately or regenerate on Mac; NOT in Git",511
/media/nas_users/huangyating/data/upload/radar/outBroken_2000r_20cm_rep1/actual_radar.cfg,"large user acquisition data, transfer separately or regenerate on Mac; NOT in Git",282
/media/nas_users/huangyating/data/upload/radar/outBroken_2000r_20cm_rep1/radar.h5,"large user acquisition data, transfer separately or regenerate on Mac; NOT in Git",22267145
/media/nas_users/huangyating/data/upload/radar/outBroken_2000r_20cm_rep1/recording.json,"large user acquisition data, transfer separately or regenerate on Mac; NOT in Git",153822
/media/nas_users/huangyating/data/upload/radar/outBroken_2000r_20cm_rep2/DONE.json,"large user acquisition data, transfer separately or regenerate on Mac; NOT in Git",511
/media/nas_users/huangyating/data/upload/radar/outBroken_2000r_20cm_rep2/actual_radar.cfg,"large user acquisition data, transfer separately or regenerate on Mac; NOT in Git",282
/media/nas_users/huangyating/data/upload/radar/outBroken_2000r_20cm_rep2/radar.h5,"large user acquisition data, transfer separately or regenerate on Mac; NOT in Git",22720019
/media/nas_users/huangyating/data/upload/radar/outBroken_2000r_20cm_rep2/recording.json,"large user acquisition data, transfer separately or regenerate on Mac; NOT in Git",153769
/media/nas_users/huangyating/data/upload/radar/outBroken_2000r_20cm_rep3/DONE.json,"large user acquisition data, transfer separately or regenerate on Mac; NOT in Git",511
/media/nas_users/huangyating/data/upload/radar/outBroken_2000r_20cm_rep3/actual_radar.cfg,"large user acquisition data, transfer separately or regenerate on Mac; NOT in Git",282
/media/nas_users/huangyating/data/upload/radar/outBroken_2000r_20cm_rep3/radar.h5,"large user acquisition data, transfer separately or regenerate on Mac; NOT in Git",22352475
/media/nas_users/huangyating/data/upload/radar/outBroken_2000r_20cm_rep3/recording.json,"large user acquisition data, transfer separately or regenerate on Mac; NOT in Git",153837
/media/nas_users/huangyating/data/upload/radar/outBroken_2000r_20cm_rep4/DONE.json,"large user acquisition data, transfer separately or regenerate on Mac; NOT in Git",511
/media/nas_users/huangyating/data/upload/radar/outBroken_2000r_20cm_rep4/actual_radar.cfg,"large user acquisition data, transfer separately or regenerate on Mac; NOT in Git",282
/media/nas_users/huangyating/data/upload/radar/outBroken_2000r_20cm_rep4/radar.h5,"large user acquisition data, transfer separately or regenerate on Mac; NOT in Git",22369704
/media/nas_users/huangyating/data/upload/radar/outBroken_2000r_20cm_rep4/recording.json,"large user acquisition data, transfer separately or regenerate on Mac; NOT in Git",153823
/media/nas_users/huangyating/data/upload/radar/outBroken_2000r_40cm_rep1/DONE.json,"large user acquisition data, transfer separately or regenerate on Mac; NOT in Git",511
/media/nas_users/huangyating/data/upload/radar/outBroken_2000r_40cm_rep1/actual_radar.cfg,"large user acquisition data, transfer separately or regenerate on Mac; NOT in Git",282
/media/nas_users/huangyating/data/upload/radar/outBroken_2000r_40cm_rep1/radar.h5,"large user acquisition data, transfer separately or regenerate on Mac; NOT in Git",21612876
/media/nas_users/huangyating/data/upload/radar/outBroken_2000r_40cm_rep1/recording.json,"large user acquisition data, transfer separately or regenerate on Mac; NOT in Git",153826
/media/nas_users/huangyating/data/upload/radar/outBroken_2000r_40cm_rep2/DONE.json,"large user acquisition data, transfer separately or regenerate on Mac; NOT in Git",511
/media/nas_users/huangyating/data/upload/radar/outBroken_2000r_40cm_rep2/actual_radar.cfg,"large user acquisition data, transfer separately or regenerate on Mac; NOT in Git",282
/media/nas_users/huangyating/data/upload/radar/outBroken_2000r_40cm_rep2/radar.h5,"large user acquisition data, transfer separately or regenerate on Mac; NOT in Git",21223620
/media/nas_users/huangyating/data/upload/radar/outBroken_2000r_40cm_rep2/recording.json,"large user acquisition data, transfer separately or regenerate on Mac; NOT in Git",153811
/media/nas_users/huangyating/data/upload/radar/outBroken_2000r_40cm_rep3/DONE.json,"large user acquisition data, transfer separately or regenerate on Mac; NOT in Git",511
/media/nas_users/huangyating/data/upload/radar/outBroken_2000r_40cm_rep3/actual_radar.cfg,"large user acquisition data, transfer separately or regenerate on Mac; NOT in Git",282
/media/nas_users/huangyating/data/upload/radar/outBroken_2000r_40cm_rep3/radar.h5,"large user acquisition data, transfer separately or regenerate on Mac; NOT in Git",21471080
/media/nas_users/huangyating/data/upload/radar/outBroken_2000r_40cm_rep3/recording.json,"large user acquisition data, transfer separately or regenerate on Mac; NOT in Git",153811
/media/nas_users/huangyating/data/upload/radar/outBroken_2000r_40cm_rep4/DONE.json,"large user acquisition data, transfer separately or regenerate on Mac; NOT in Git",511
/media/nas_users/huangyating/data/upload/radar/outBroken_2000r_40cm_rep4/actual_radar.cfg,"large user acquisition data, transfer separately or regenerate on Mac; NOT in Git",282
/media/nas_users/huangyating/data/upload/radar/outBroken_2000r_40cm_rep4/radar.h5,"large user acquisition data, transfer separately or regenerate on Mac; NOT in Git",21240035
/media/nas_users/huangyating/data/upload/radar/outBroken_2000r_40cm_rep4/recording.json,"large user acquisition data, transfer separately or regenerate on Mac; NOT in Git",153820
/media/nas_users/huangyating/data/upload/radar/outBroken_2000r_80cm_rep1/DONE.json,"large user acquisition data, transfer separately or regenerate on Mac; NOT in Git",511
/media/nas_users/huangyating/data/upload/radar/outBroken_2000r_80cm_rep1/actual_radar.cfg,"large user acquisition data, transfer separately or regenerate on Mac; NOT in Git",282
/media/nas_users/huangyating/data/upload/radar/outBroken_2000r_80cm_rep1/radar.h5,"large user acquisition data, transfer separately or regenerate on Mac; NOT in Git",21167956
/media/nas_users/huangyating/data/upload/radar/outBroken_2000r_80cm_rep1/recording.json,"large user acquisition data, transfer separately or regenerate on Mac; NOT in Git",153748
/media/nas_users/huangyating/data/upload/radar/outBroken_2000r_80cm_rep2/DONE.json,"large user acquisition data, transfer separately or regenerate on Mac; NOT in Git",511
/media/nas_users/huangyating/data/upload/radar/outBroken_2000r_80cm_rep2/actual_radar.cfg,"large user acquisition data, transfer separately or regenerate on Mac; NOT in Git",282
/media/nas_users/huangyating/data/upload/radar/outBroken_2000r_80cm_rep2/radar.h5,"large user acquisition data, transfer separately or regenerate on Mac; NOT in Git",20926734
/media/nas_users/huangyating/data/upload/radar/outBroken_2000r_80cm_rep2/recording.json,"large user acquisition data, transfer separately or regenerate on Mac; NOT in Git",153756
/media/nas_users/huangyating/data/upload/radar/outBroken_2000r_80cm_rep3/DONE.json,"large user acquisition data, transfer separately or regenerate on Mac; NOT in Git",511
/media/nas_users/huangyating/data/upload/radar/outBroken_2000r_80cm_rep3/actual_radar.cfg,"large user acquisition data, transfer separately or regenerate on Mac; NOT in Git",282
/media/nas_users/huangyating/data/upload/radar/outBroken_2000r_80cm_rep3/radar.h5,"large user acquisition data, transfer separately or regenerate on Mac; NOT in Git",20856996
/media/nas_users/huangyating/data/upload/radar/outBroken_2000r_80cm_rep3/recording.json,"large user acquisition data, transfer separately or regenerate on Mac; NOT in Git",153743
/media/nas_users/huangyating/data/upload/radar/outBroken_2000r_80cm_rep4/DONE.json,"large user acquisition data, transfer separately or regenerate on Mac; NOT in Git",511
/media/nas_users/huangyating/data/upload/radar/outBroken_2000r_80cm_rep4/actual_radar.cfg,"large user acquisition data, transfer separately or regenerate on Mac; NOT in Git",282
/media/nas_users/huangyating/data/upload/radar/outBroken_2000r_80cm_rep4/radar.h5,"large user acquisition data, transfer separately or regenerate on Mac; NOT in Git",20836401
/media/nas_users/huangyating/data/upload/radar/outBroken_2000r_80cm_rep4/recording.json,"large user acquisition data, transfer separately or regenerate on Mac; NOT in Git",153746
/media/nas_users/huangyating/data/upload/radar/outBroken_3000r_20cm_rep1/DONE.json,"large user acquisition data, transfer separately or regenerate on Mac; NOT in Git",511
/media/nas_users/huangyating/data/upload/radar/outBroken_3000r_20cm_rep1/actual_radar.cfg,"large user acquisition data, transfer separately or regenerate on Mac; NOT in Git",282
/media/nas_users/huangyating/data/upload/radar/outBroken_3000r_20cm_rep1/radar.h5,"large user acquisition data, transfer separately or regenerate on Mac; NOT in Git",21948777
/media/nas_users/huangyating/data/upload/radar/outBroken_3000r_20cm_rep1/recording.json,"large user acquisition data, transfer separately or regenerate on Mac; NOT in Git",173367
/media/nas_users/huangyating/data/upload/radar/outBroken_3000r_20cm_rep2/DONE.json,"large user acquisition data, transfer separately or regenerate on Mac; NOT in Git",511
/media/nas_users/huangyating/data/upload/radar/outBroken_3000r_20cm_rep2/actual_radar.cfg,"large user acquisition data, transfer separately or regenerate on Mac; NOT in Git",282
/media/nas_users/huangyating/data/upload/radar/outBroken_3000r_20cm_rep2/radar.h5,"large user acquisition data, transfer separately or regenerate on Mac; NOT in Git",22538318
/media/nas_users/huangyating/data/upload/radar/outBroken_3000r_20cm_rep2/recording.json,"large user acquisition data, transfer separately or regenerate on Mac; NOT in Git",173371
/media/nas_users/huangyating/data/upload/radar/outBroken_3000r_20cm_rep3/DONE.json,"large user acquisition data, transfer separately or regenerate on Mac; NOT in Git",511
/media/nas_users/huangyating/data/upload/radar/outBroken_3000r_20cm_rep3/actual_radar.cfg,"large user acquisition data, transfer separately or regenerate on Mac; NOT in Git",282
/media/nas_users/huangyating/data/upload/radar/outBroken_3000r_20cm_rep3/radar.h5,"large user acquisition data, transfer separately or regenerate on Mac; NOT in Git",23208374
/media/nas_users/huangyating/data/upload/radar/outBroken_3000r_20cm_rep3/recording.json,"large user acquisition data, transfer separately or regenerate on Mac; NOT in Git",173368
/media/nas_users/huangyating/data/upload/radar/outBroken_3000r_20cm_rep4/DONE.json,"large user acquisition data, transfer separately or regenerate on Mac; NOT in Git",511
/media/nas_users/huangyating/data/upload/radar/outBroken_3000r_20cm_rep4/actual_radar.cfg,"large user acquisition data, transfer separately or regenerate on Mac; NOT in Git",282
/media/nas_users/huangyating/data/upload/radar/outBroken_3000r_20cm_rep4/radar.h5,"large user acquisition data, transfer separately or regenerate on Mac; NOT in Git",22468917
/media/nas_users/huangyating/data/upload/radar/outBroken_3000r_20cm_rep4/recording.json,"large user acquisition data, transfer separately or regenerate on Mac; NOT in Git",173371
/media/nas_users/huangyating/data/upload/radar/outBroken_3000r_40cm_rep1/DONE.json,"large user acquisition data, transfer separately or regenerate on Mac; NOT in Git",511
/media/nas_users/huangyating/data/upload/radar/outBroken_3000r_40cm_rep1/actual_radar.cfg,"large user acquisition data, transfer separately or regenerate on Mac; NOT in Git",282
/media/nas_users/huangyating/data/upload/radar/outBroken_3000r_40cm_rep1/radar.h5,"large user acquisition data, transfer separately or regenerate on Mac; NOT in Git",22063410
/media/nas_users/huangyating/data/upload/radar/outBroken_3000r_40cm_rep1/recording.json,"large user acquisition data, transfer separately or regenerate on Mac; NOT in Git",173358
/media/nas_users/huangyating/data/upload/radar/outBroken_3000r_40cm_rep2/DONE.json,"large user acquisition data, transfer separately or regenerate on Mac; NOT in Git",511
/media/nas_users/huangyating/data/upload/radar/outBroken_3000r_40cm_rep2/actual_radar.cfg,"large user acquisition data, transfer separately or regenerate on Mac; NOT in Git",282
/media/nas_users/huangyating/data/upload/radar/outBroken_3000r_40cm_rep2/radar.h5,"large user acquisition data, transfer separately or regenerate on Mac; NOT in Git",21603633
/media/nas_users/huangyating/data/upload/radar/outBroken_3000r_40cm_rep2/recording.json,"large user acquisition data, transfer separately or regenerate on Mac; NOT in Git",173301
/media/nas_users/huangyating/data/upload/radar/outBroken_3000r_40cm_rep3/DONE.json,"large user acquisition data, transfer separately or regenerate on Mac; NOT in Git",511
/media/nas_users/huangyating/data/upload/radar/outBroken_3000r_40cm_rep3/actual_radar.cfg,"large user acquisition data, transfer separately or regenerate on Mac; NOT in Git",282
/media/nas_users/huangyating/data/upload/radar/outBroken_3000r_40cm_rep3/radar.h5,"large user acquisition data, transfer separately or regenerate on Mac; NOT in Git",21962707
/media/nas_users/huangyating/data/upload/radar/outBroken_3000r_40cm_rep3/recording.json,"large user acquisition data, transfer separately or regenerate on Mac; NOT in Git",173309
/media/nas_users/huangyating/data/upload/radar/outBroken_3000r_40cm_rep4/DONE.json,"large user acquisition data, transfer separately or regenerate on Mac; NOT in Git",511
/media/nas_users/huangyating/data/upload/radar/outBroken_3000r_40cm_rep4/actual_radar.cfg,"large user acquisition data, transfer separately or regenerate on Mac; NOT in Git",282
/media/nas_users/huangyating/data/upload/radar/outBroken_3000r_40cm_rep4/radar.h5,"large user acquisition data, transfer separately or regenerate on Mac; NOT in Git",21932098
/media/nas_users/huangyating/data/upload/radar/outBroken_3000r_40cm_rep4/recording.json,"large user acquisition data, transfer separately or regenerate on Mac; NOT in Git",173309
/media/nas_users/huangyating/data/upload/radar/outBroken_3000r_80cm_rep1/DONE.json,"large user acquisition data, transfer separately or regenerate on Mac; NOT in Git",511
/media/nas_users/huangyating/data/upload/radar/outBroken_3000r_80cm_rep1/actual_radar.cfg,"large user acquisition data, transfer separately or regenerate on Mac; NOT in Git",282
/media/nas_users/huangyating/data/upload/radar/outBroken_3000r_80cm_rep1/radar.h5,"large user acquisition data, transfer separately or regenerate on Mac; NOT in Git",21743590
/media/nas_users/huangyating/data/upload/radar/outBroken_3000r_80cm_rep1/recording.json,"large user acquisition data, transfer separately or regenerate on Mac; NOT in Git",173295
/media/nas_users/huangyating/data/upload/radar/outBroken_3000r_80cm_rep2/DONE.json,"large user acquisition data, transfer separately or regenerate on Mac; NOT in Git",511
/media/nas_users/huangyating/data/upload/radar/outBroken_3000r_80cm_rep2/actual_radar.cfg,"large user acquisition data, transfer separately or regenerate on Mac; NOT in Git",282
/media/nas_users/huangyating/data/upload/radar/outBroken_3000r_80cm_rep2/radar.h5,"large user acquisition data, transfer separately or regenerate on Mac; NOT in Git",21490937
/media/nas_users/huangyating/data/upload/radar/outBroken_3000r_80cm_rep2/recording.json,"large user acquisition data, transfer separately or regenerate on Mac; NOT in Git",173309
/media/nas_users/huangyating/data/upload/radar/outBroken_3000r_80cm_rep3/DONE.json,"large user acquisition data, transfer separately or regenerate on Mac; NOT in Git",511
/media/nas_users/huangyating/data/upload/radar/outBroken_3000r_80cm_rep3/actual_radar.cfg,"large user acquisition data, transfer separately or regenerate on Mac; NOT in Git",282
/media/nas_users/huangyating/data/upload/radar/outBroken_3000r_80cm_rep3/radar.h5,"large user acquisition data, transfer separately or regenerate on Mac; NOT in Git",21071855
/media/nas_users/huangyating/data/upload/radar/outBroken_3000r_80cm_rep3/recording.json,"large user acquisition data, transfer separately or regenerate on Mac; NOT in Git",173288
/media/nas_users/huangyating/data/upload/radar/outBroken_3000r_80cm_rep4/DONE.json,"large user acquisition data, transfer separately or regenerate on Mac; NOT in Git",511
/media/nas_users/huangyating/data/upload/radar/outBroken_3000r_80cm_rep4/actual_radar.cfg,"large user acquisition data, transfer separately or regenerate on Mac; NOT in Git",282
/media/nas_users/huangyating/data/upload/radar/outBroken_3000r_80cm_rep4/radar.h5,"large user acquisition data, transfer separately or regenerate on Mac; NOT in Git",22301254
/media/nas_users/huangyating/data/upload/radar/outBroken_3000r_80cm_rep4/recording.json,"large user acquisition data, transfer separately or regenerate on Mac; NOT in Git",173293
/media/nas_users/huangyating/data/upload/radar/roll_1000r_20cm_rep1/DONE.json,"large user acquisition data, transfer separately or regenerate on Mac; NOT in Git",511
/media/nas_users/huangyating/data/upload/radar/roll_1000r_20cm_rep1/actual_radar.cfg,"large user acquisition data, transfer separately or regenerate on Mac; NOT in Git",282
/media/nas_users/huangyating/data/upload/radar/roll_1000r_20cm_rep1/radar.h5,"large user acquisition data, transfer separately or regenerate on Mac; NOT in Git",22313670
/media/nas_users/huangyating/data/upload/radar/roll_1000r_20cm_rep1/recording.json,"large user acquisition data, transfer separately or regenerate on Mac; NOT in Git",152938
/media/nas_users/huangyating/data/upload/radar/roll_1000r_20cm_rep2/DONE.json,"large user acquisition data, transfer separately or regenerate on Mac; NOT in Git",511
/media/nas_users/huangyating/data/upload/radar/roll_1000r_20cm_rep2/actual_radar.cfg,"large user acquisition data, transfer separately or regenerate on Mac; NOT in Git",282
/media/nas_users/huangyating/data/upload/radar/roll_1000r_20cm_rep2/radar.h5,"large user acquisition data, transfer separately or regenerate on Mac; NOT in Git",22133807
/media/nas_users/huangyating/data/upload/radar/roll_1000r_20cm_rep2/recording.json,"large user acquisition data, transfer separately or regenerate on Mac; NOT in Git",152950
/media/nas_users/huangyating/data/upload/radar/roll_1000r_20cm_rep3/DONE.json,"large user acquisition data, transfer separately or regenerate on Mac; NOT in Git",511
/media/nas_users/huangyating/data/upload/radar/roll_1000r_20cm_rep3/actual_radar.cfg,"large user acquisition data, transfer separately or regenerate on Mac; NOT in Git",282
/media/nas_users/huangyating/data/upload/radar/roll_1000r_20cm_rep3/radar.h5,"large user acquisition data, transfer separately or regenerate on Mac; NOT in Git",21858033
/media/nas_users/huangyating/data/upload/radar/roll_1000r_20cm_rep3/recording.json,"large user acquisition data, transfer separately or regenerate on Mac; NOT in Git",152936
/media/nas_users/huangyating/data/upload/radar/roll_1000r_20cm_rep4/DONE.json,"large user acquisition data, transfer separately or regenerate on Mac; NOT in Git",511
/media/nas_users/huangyating/data/upload/radar/roll_1000r_20cm_rep4/actual_radar.cfg,"large user acquisition data, transfer separately or regenerate on Mac; NOT in Git",282
/media/nas_users/huangyating/data/upload/radar/roll_1000r_20cm_rep4/radar.h5,"large user acquisition data, transfer separately or regenerate on Mac; NOT in Git",22541926
/media/nas_users/huangyating/data/upload/radar/roll_1000r_20cm_rep4/recording.json,"large user acquisition data, transfer separately or regenerate on Mac; NOT in Git",152936
/media/nas_users/huangyating/data/upload/radar/roll_1000r_40cm_rep1/DONE.json,"large user acquisition data, transfer separately or regenerate on Mac; NOT in Git",511
/media/nas_users/huangyating/data/upload/radar/roll_1000r_40cm_rep1/actual_radar.cfg,"large user acquisition data, transfer separately or regenerate on Mac; NOT in Git",282
/media/nas_users/huangyating/data/upload/radar/roll_1000r_40cm_rep1/radar.h5,"large user acquisition data, transfer separately or regenerate on Mac; NOT in Git",21136500
/media/nas_users/huangyating/data/upload/radar/roll_1000r_40cm_rep1/recording.json,"large user acquisition data, transfer separately or regenerate on Mac; NOT in Git",152940
/media/nas_users/huangyating/data/upload/radar/roll_1000r_40cm_rep2/DONE.json,"large user acquisition data, transfer separately or regenerate on Mac; NOT in Git",511
/media/nas_users/huangyating/data/upload/radar/roll_1000r_40cm_rep2/actual_radar.cfg,"large user acquisition data, transfer separately or regenerate on Mac; NOT in Git",282
/media/nas_users/huangyating/data/upload/radar/roll_1000r_40cm_rep2/radar.h5,"large user acquisition data, transfer separately or regenerate on Mac; NOT in Git",21102057
/media/nas_users/huangyating/data/upload/radar/roll_1000r_40cm_rep2/recording.json,"large user acquisition data, transfer separately or regenerate on Mac; NOT in Git",152936
/media/nas_users/huangyating/data/upload/radar/roll_1000r_40cm_rep3/DONE.json,"large user acquisition data, transfer separately or regenerate on Mac; NOT in Git",511
/media/nas_users/huangyating/data/upload/radar/roll_1000r_40cm_rep3/actual_radar.cfg,"large user acquisition data, transfer separately or regenerate on Mac; NOT in Git",282
/media/nas_users/huangyating/data/upload/radar/roll_1000r_40cm_rep3/radar.h5,"large user acquisition data, transfer separately or regenerate on Mac; NOT in Git",21018187
/media/nas_users/huangyating/data/upload/radar/roll_1000r_40cm_rep3/recording.json,"large user acquisition data, transfer separately or regenerate on Mac; NOT in Git",152939
/media/nas_users/huangyating/data/upload/radar/roll_1000r_40cm_rep4/DONE.json,"large user acquisition data, transfer separately or regenerate on Mac; NOT in Git",511
/media/nas_users/huangyating/data/upload/radar/roll_1000r_40cm_rep4/actual_radar.cfg,"large user acquisition data, transfer separately or regenerate on Mac; NOT in Git",282
/media/nas_users/huangyating/data/upload/radar/roll_1000r_40cm_rep4/radar.h5,"large user acquisition data, transfer separately or regenerate on Mac; NOT in Git",21087601
/media/nas_users/huangyating/data/upload/radar/roll_1000r_40cm_rep4/recording.json,"large user acquisition data, transfer separately or regenerate on Mac; NOT in Git",152925
/media/nas_users/huangyating/data/upload/radar/roll_1000r_80cm_rep1/DONE.json,"large user acquisition data, transfer separately or regenerate on Mac; NOT in Git",511
/media/nas_users/huangyating/data/upload/radar/roll_1000r_80cm_rep1/actual_radar.cfg,"large user acquisition data, transfer separately or regenerate on Mac; NOT in Git",282
/media/nas_users/huangyating/data/upload/radar/roll_1000r_80cm_rep1/radar.h5,"large user acquisition data, transfer separately or regenerate on Mac; NOT in Git",20730751
/media/nas_users/huangyating/data/upload/radar/roll_1000r_80cm_rep1/recording.json,"large user acquisition data, transfer separately or regenerate on Mac; NOT in Git",152936
/media/nas_users/huangyating/data/upload/radar/roll_1000r_80cm_rep2/DONE.json,"large user acquisition data, transfer separately or regenerate on Mac; NOT in Git",511
/media/nas_users/huangyating/data/upload/radar/roll_1000r_80cm_rep2/actual_radar.cfg,"large user acquisition data, transfer separately or regenerate on Mac; NOT in Git",282
/media/nas_users/huangyating/data/upload/radar/roll_1000r_80cm_rep2/radar.h5,"large user acquisition data, transfer separately or regenerate on Mac; NOT in Git",20984269
/media/nas_users/huangyating/data/upload/radar/roll_1000r_80cm_rep2/recording.json,"large user acquisition data, transfer separately or regenerate on Mac; NOT in Git",152927
/media/nas_users/huangyating/data/upload/radar/roll_1000r_80cm_rep3/DONE.json,"large user acquisition data, transfer separately or regenerate on Mac; NOT in Git",511
/media/nas_users/huangyating/data/upload/radar/roll_1000r_80cm_rep3/actual_radar.cfg,"large user acquisition data, transfer separately or regenerate on Mac; NOT in Git",282
/media/nas_users/huangyating/data/upload/radar/roll_1000r_80cm_rep3/radar.h5,"large user acquisition data, transfer separately or regenerate on Mac; NOT in Git",21224957
/media/nas_users/huangyating/data/upload/radar/roll_1000r_80cm_rep3/recording.json,"large user acquisition data, transfer separately or regenerate on Mac; NOT in Git",152928
/media/nas_users/huangyating/data/upload/radar/roll_1000r_80cm_rep4/DONE.json,"large user acquisition data, transfer separately or regenerate on Mac; NOT in Git",511
/media/nas_users/huangyating/data/upload/radar/roll_1000r_80cm_rep4/actual_radar.cfg,"large user acquisition data, transfer separately or regenerate on Mac; NOT in Git",282
/media/nas_users/huangyating/data/upload/radar/roll_1000r_80cm_rep4/radar.h5,"large user acquisition data, transfer separately or regenerate on Mac; NOT in Git",21997474
/media/nas_users/huangyating/data/upload/radar/roll_1000r_80cm_rep4/recording.json,"large user acquisition data, transfer separately or regenerate on Mac; NOT in Git",152923
/media/nas_users/huangyating/data/upload/radar/roll_2000r_20cm_rep1/DONE.json,"large user acquisition data, transfer separately or regenerate on Mac; NOT in Git",511
/media/nas_users/huangyating/data/upload/radar/roll_2000r_20cm_rep1/actual_radar.cfg,"large user acquisition data, transfer separately or regenerate on Mac; NOT in Git",282
/media/nas_users/huangyating/data/upload/radar/roll_2000r_20cm_rep1/radar.h5,"large user acquisition data, transfer separately or regenerate on Mac; NOT in Git",22081581
/media/nas_users/huangyating/data/upload/radar/roll_2000r_20cm_rep1/recording.json,"large user acquisition data, transfer separately or regenerate on Mac; NOT in Git",139548
/media/nas_users/huangyating/data/upload/radar/roll_2000r_20cm_rep2/DONE.json,"large user acquisition data, transfer separately or regenerate on Mac; NOT in Git",511
/media/nas_users/huangyating/data/upload/radar/roll_2000r_20cm_rep2/actual_radar.cfg,"large user acquisition data, transfer separately or regenerate on Mac; NOT in Git",282
/media/nas_users/huangyating/data/upload/radar/roll_2000r_20cm_rep2/radar.h5,"large user acquisition data, transfer separately or regenerate on Mac; NOT in Git",22089687
/media/nas_users/huangyating/data/upload/radar/roll_2000r_20cm_rep2/recording.json,"large user acquisition data, transfer separately or regenerate on Mac; NOT in Git",139545
/media/nas_users/huangyating/data/upload/radar/roll_2000r_20cm_rep3/DONE.json,"large user acquisition data, transfer separately or regenerate on Mac; NOT in Git",511
/media/nas_users/huangyating/data/upload/radar/roll_2000r_20cm_rep3/actual_radar.cfg,"large user acquisition data, transfer separately or regenerate on Mac; NOT in Git",282
/media/nas_users/huangyating/data/upload/radar/roll_2000r_20cm_rep3/radar.h5,"large user acquisition data, transfer separately or regenerate on Mac; NOT in Git",23584019
/media/nas_users/huangyating/data/upload/radar/roll_2000r_20cm_rep3/recording.json,"large user acquisition data, transfer separately or regenerate on Mac; NOT in Git",139593
/media/nas_users/huangyating/data/upload/radar/roll_2000r_20cm_rep4/DONE.json,"large user acquisition data, transfer separately or regenerate on Mac; NOT in Git",511
/media/nas_users/huangyating/data/upload/radar/roll_2000r_20cm_rep4/actual_radar.cfg,"large user acquisition data, transfer separately or regenerate on Mac; NOT in Git",282
/media/nas_users/huangyating/data/upload/radar/roll_2000r_20cm_rep4/radar.h5,"large user acquisition data, transfer separately or regenerate on Mac; NOT in Git",22428909
/media/nas_users/huangyating/data/upload/radar/roll_2000r_20cm_rep4/recording.json,"large user acquisition data, transfer separately or regenerate on Mac; NOT in Git",139535
/media/nas_users/huangyating/data/upload/radar/roll_2000r_40cm_rep1/DONE.json,"large user acquisition data, transfer separately or regenerate on Mac; NOT in Git",511
/media/nas_users/huangyating/data/upload/radar/roll_2000r_40cm_rep1/actual_radar.cfg,"large user acquisition data, transfer separately or regenerate on Mac; NOT in Git",282
/media/nas_users/huangyating/data/upload/radar/roll_2000r_40cm_rep1/radar.h5,"large user acquisition data, transfer separately or regenerate on Mac; NOT in Git",22131363
/media/nas_users/huangyating/data/upload/radar/roll_2000r_40cm_rep1/recording.json,"large user acquisition data, transfer separately or regenerate on Mac; NOT in Git",139532
/media/nas_users/huangyating/data/upload/radar/roll_2000r_40cm_rep2/DONE.json,"large user acquisition data, transfer separately or regenerate on Mac; NOT in Git",511
/media/nas_users/huangyating/data/upload/radar/roll_2000r_40cm_rep2/actual_radar.cfg,"large user acquisition data, transfer separately or regenerate on Mac; NOT in Git",282
/media/nas_users/huangyating/data/upload/radar/roll_2000r_40cm_rep2/radar.h5,"large user acquisition data, transfer separately or regenerate on Mac; NOT in Git",22428701
/media/nas_users/huangyating/data/upload/radar/roll_2000r_40cm_rep2/recording.json,"large user acquisition data, transfer separately or regenerate on Mac; NOT in Git",139532
/media/nas_users/huangyating/data/upload/radar/roll_2000r_40cm_rep3/DONE.json,"large user acquisition data, transfer separately or regenerate on Mac; NOT in Git",511
/media/nas_users/huangyating/data/upload/radar/roll_2000r_40cm_rep3/actual_radar.cfg,"large user acquisition data, transfer separately or regenerate on Mac; NOT in Git",282
/media/nas_users/huangyating/data/upload/radar/roll_2000r_40cm_rep3/radar.h5,"large user acquisition data, transfer separately or regenerate on Mac; NOT in Git",21943247
/media/nas_users/huangyating/data/upload/radar/roll_2000r_40cm_rep3/recording.json,"large user acquisition data, transfer separately or regenerate on Mac; NOT in Git",139519
/media/nas_users/huangyating/data/upload/radar/roll_2000r_40cm_rep4/DONE.json,"large user acquisition data, transfer separately or regenerate on Mac; NOT in Git",511
/media/nas_users/huangyating/data/upload/radar/roll_2000r_40cm_rep4/actual_radar.cfg,"large user acquisition data, transfer separately or regenerate on Mac; NOT in Git",282
/media/nas_users/huangyating/data/upload/radar/roll_2000r_40cm_rep4/radar.h5,"large user acquisition data, transfer separately or regenerate on Mac; NOT in Git",21650706
/media/nas_users/huangyating/data/upload/radar/roll_2000r_40cm_rep4/recording.json,"large user acquisition data, transfer separately or regenerate on Mac; NOT in Git",139532
/media/nas_users/huangyating/data/upload/radar/roll_2000r_80cm_rep1/DONE.json,"large user acquisition data, transfer separately or regenerate on Mac; NOT in Git",511
/media/nas_users/huangyating/data/upload/radar/roll_2000r_80cm_rep1/actual_radar.cfg,"large user acquisition data, transfer separately or regenerate on Mac; NOT in Git",282
/media/nas_users/huangyating/data/upload/radar/roll_2000r_80cm_rep1/radar.h5,"large user acquisition data, transfer separately or regenerate on Mac; NOT in Git",21102567
/media/nas_users/huangyating/data/upload/radar/roll_2000r_80cm_rep1/recording.json,"large user acquisition data, transfer separately or regenerate on Mac; NOT in Git",139458
/media/nas_users/huangyating/data/upload/radar/roll_2000r_80cm_rep2/DONE.json,"large user acquisition data, transfer separately or regenerate on Mac; NOT in Git",511
/media/nas_users/huangyating/data/upload/radar/roll_2000r_80cm_rep2/actual_radar.cfg,"large user acquisition data, transfer separately or regenerate on Mac; NOT in Git",282
/media/nas_users/huangyating/data/upload/radar/roll_2000r_80cm_rep2/radar.h5,"large user acquisition data, transfer separately or regenerate on Mac; NOT in Git",21054973
/media/nas_users/huangyating/data/upload/radar/roll_2000r_80cm_rep2/recording.json,"large user acquisition data, transfer separately or regenerate on Mac; NOT in Git",139457
/media/nas_users/huangyating/data/upload/radar/roll_2000r_80cm_rep3/DONE.json,"large user acquisition data, transfer separately or regenerate on Mac; NOT in Git",511
/media/nas_users/huangyating/data/upload/radar/roll_2000r_80cm_rep3/actual_radar.cfg,"large user acquisition data, transfer separately or regenerate on Mac; NOT in Git",282
/media/nas_users/huangyating/data/upload/radar/roll_2000r_80cm_rep3/radar.h5,"large user acquisition data, transfer separately or regenerate on Mac; NOT in Git",20976622
/media/nas_users/huangyating/data/upload/radar/roll_2000r_80cm_rep3/recording.json,"large user acquisition data, transfer separately or regenerate on Mac; NOT in Git",139456
/media/nas_users/huangyating/data/upload/radar/roll_2000r_80cm_rep4/DONE.json,"large user acquisition data, transfer separately or regenerate on Mac; NOT in Git",511
/media/nas_users/huangyating/data/upload/radar/roll_2000r_80cm_rep4/actual_radar.cfg,"large user acquisition data, transfer separately or regenerate on Mac; NOT in Git",282
/media/nas_users/huangyating/data/upload/radar/roll_2000r_80cm_rep4/radar.h5,"large user acquisition data, transfer separately or regenerate on Mac; NOT in Git",20881276
/media/nas_users/huangyating/data/upload/radar/roll_2000r_80cm_rep4/recording.json,"large user acquisition data, transfer separately or regenerate on Mac; NOT in Git",139455
/media/nas_users/huangyating/data/upload/radar/roll_3000r_20cm_rep1/DONE.json,"large user acquisition data, transfer separately or regenerate on Mac; NOT in Git",511
/media/nas_users/huangyating/data/upload/radar/roll_3000r_20cm_rep1/actual_radar.cfg,"large user acquisition data, transfer separately or regenerate on Mac; NOT in Git",282
/media/nas_users/huangyating/data/upload/radar/roll_3000r_20cm_rep1/radar.h5,"large user acquisition data, transfer separately or regenerate on Mac; NOT in Git",22406264
/media/nas_users/huangyating/data/upload/radar/roll_3000r_20cm_rep1/recording.json,"large user acquisition data, transfer separately or regenerate on Mac; NOT in Git",122207
/media/nas_users/huangyating/data/upload/radar/roll_3000r_20cm_rep2/DONE.json,"large user acquisition data, transfer separately or regenerate on Mac; NOT in Git",511
/media/nas_users/huangyating/data/upload/radar/roll_3000r_20cm_rep2/actual_radar.cfg,"large user acquisition data, transfer separately or regenerate on Mac; NOT in Git",282
/media/nas_users/huangyating/data/upload/radar/roll_3000r_20cm_rep2/radar.h5,"large user acquisition data, transfer separately or regenerate on Mac; NOT in Git",22417717
/media/nas_users/huangyating/data/upload/radar/roll_3000r_20cm_rep2/recording.json,"large user acquisition data, transfer separately or regenerate on Mac; NOT in Git",122216
/media/nas_users/huangyating/data/upload/radar/roll_3000r_20cm_rep3/DONE.json,"large user acquisition data, transfer separately or regenerate on Mac; NOT in Git",511
/media/nas_users/huangyating/data/upload/radar/roll_3000r_20cm_rep3/actual_radar.cfg,"large user acquisition data, transfer separately or regenerate on Mac; NOT in Git",282
/media/nas_users/huangyating/data/upload/radar/roll_3000r_20cm_rep3/radar.h5,"large user acquisition data, transfer separately or regenerate on Mac; NOT in Git",22540481
/media/nas_users/huangyating/data/upload/radar/roll_3000r_20cm_rep3/recording.json,"large user acquisition data, transfer separately or regenerate on Mac; NOT in Git",122206
/media/nas_users/huangyating/data/upload/radar/roll_3000r_20cm_rep4/DONE.json,"large user acquisition data, transfer separately or regenerate on Mac; NOT in Git",511
/media/nas_users/huangyating/data/upload/radar/roll_3000r_20cm_rep4/actual_radar.cfg,"large user acquisition data, transfer separately or regenerate on Mac; NOT in Git",282
/media/nas_users/huangyating/data/upload/radar/roll_3000r_20cm_rep4/radar.h5,"large user acquisition data, transfer separately or regenerate on Mac; NOT in Git",22384788
/media/nas_users/huangyating/data/upload/radar/roll_3000r_20cm_rep4/recording.json,"large user acquisition data, transfer separately or regenerate on Mac; NOT in Git",122209
/media/nas_users/huangyating/data/upload/radar/roll_3000r_40cm_rep1/DONE.json,"large user acquisition data, transfer separately or regenerate on Mac; NOT in Git",511
/media/nas_users/huangyating/data/upload/radar/roll_3000r_40cm_rep1/actual_radar.cfg,"large user acquisition data, transfer separately or regenerate on Mac; NOT in Git",282
/media/nas_users/huangyating/data/upload/radar/roll_3000r_40cm_rep1/radar.h5,"large user acquisition data, transfer separately or regenerate on Mac; NOT in Git",21869608
/media/nas_users/huangyating/data/upload/radar/roll_3000r_40cm_rep1/recording.json,"large user acquisition data, transfer separately or regenerate on Mac; NOT in Git",122197
/media/nas_users/huangyating/data/upload/radar/roll_3000r_40cm_rep2/DONE.json,"large user acquisition data, transfer separately or regenerate on Mac; NOT in Git",511
/media/nas_users/huangyating/data/upload/radar/roll_3000r_40cm_rep2/actual_radar.cfg,"large user acquisition data, transfer separately or regenerate on Mac; NOT in Git",282
/media/nas_users/huangyating/data/upload/radar/roll_3000r_40cm_rep2/radar.h5,"large user acquisition data, transfer separately or regenerate on Mac; NOT in Git",21882462
/media/nas_users/huangyating/data/upload/radar/roll_3000r_40cm_rep2/recording.json,"large user acquisition data, transfer separately or regenerate on Mac; NOT in Git",122196
/media/nas_users/huangyating/data/upload/radar/roll_3000r_40cm_rep3/DONE.json,"large user acquisition data, transfer separately or regenerate on Mac; NOT in Git",511
/media/nas_users/huangyating/data/upload/radar/roll_3000r_40cm_rep3/actual_radar.cfg,"large user acquisition data, transfer separately or regenerate on Mac; NOT in Git",282
/media/nas_users/huangyating/data/upload/radar/roll_3000r_40cm_rep3/radar.h5,"large user acquisition data, transfer separately or regenerate on Mac; NOT in Git",23480366
/media/nas_users/huangyating/data/upload/radar/roll_3000r_40cm_rep3/recording.json,"large user acquisition data, transfer separately or regenerate on Mac; NOT in Git",122206
/media/nas_users/huangyating/data/upload/radar/roll_3000r_40cm_rep4/DONE.json,"large user acquisition data, transfer separately or regenerate on Mac; NOT in Git",511
/media/nas_users/huangyating/data/upload/radar/roll_3000r_40cm_rep4/actual_radar.cfg,"large user acquisition data, transfer separately or regenerate on Mac; NOT in Git",282
/media/nas_users/huangyating/data/upload/radar/roll_3000r_40cm_rep4/radar.h5,"large user acquisition data, transfer separately or regenerate on Mac; NOT in Git",21874323
/media/nas_users/huangyating/data/upload/radar/roll_3000r_40cm_rep4/recording.json,"large user acquisition data, transfer separately or regenerate on Mac; NOT in Git",122192
/media/nas_users/huangyating/data/upload/radar/roll_3000r_80cm_rep1/DONE.json,"large user acquisition data, transfer separately or regenerate on Mac; NOT in Git",511
/media/nas_users/huangyating/data/upload/radar/roll_3000r_80cm_rep1/actual_radar.cfg,"large user acquisition data, transfer separately or regenerate on Mac; NOT in Git",282
/media/nas_users/huangyating/data/upload/radar/roll_3000r_80cm_rep1/radar.h5,"large user acquisition data, transfer separately or regenerate on Mac; NOT in Git",22046408
/media/nas_users/huangyating/data/upload/radar/roll_3000r_80cm_rep1/recording.json,"large user acquisition data, transfer separately or regenerate on Mac; NOT in Git",122125
/media/nas_users/huangyating/data/upload/radar/roll_3000r_80cm_rep2/DONE.json,"large user acquisition data, transfer separately or regenerate on Mac; NOT in Git",511
/media/nas_users/huangyating/data/upload/radar/roll_3000r_80cm_rep2/actual_radar.cfg,"large user acquisition data, transfer separately or regenerate on Mac; NOT in Git",282
/media/nas_users/huangyating/data/upload/radar/roll_3000r_80cm_rep2/radar.h5,"large user acquisition data, transfer separately or regenerate on Mac; NOT in Git",21307482
/media/nas_users/huangyating/data/upload/radar/roll_3000r_80cm_rep2/recording.json,"large user acquisition data, transfer separately or regenerate on Mac; NOT in Git",122140
/media/nas_users/huangyating/data/upload/radar/roll_3000r_80cm_rep3/DONE.json,"large user acquisition data, transfer separately or regenerate on Mac; NOT in Git",511
/media/nas_users/huangyating/data/upload/radar/roll_3000r_80cm_rep3/actual_radar.cfg,"large user acquisition data, transfer separately or regenerate on Mac; NOT in Git",282
/media/nas_users/huangyating/data/upload/radar/roll_3000r_80cm_rep3/radar.h5,"large user acquisition data, transfer separately or regenerate on Mac; NOT in Git",20136240
/media/nas_users/huangyating/data/upload/radar/roll_3000r_80cm_rep3/recording.json,"large user acquisition data, transfer separately or regenerate on Mac; NOT in Git",122131
/media/nas_users/huangyating/data/upload/radar/roll_3000r_80cm_rep4/DONE.json,"large user acquisition data, transfer separately or regenerate on Mac; NOT in Git",511
/media/nas_users/huangyating/data/upload/radar/roll_3000r_80cm_rep4/actual_radar.cfg,"large user acquisition data, transfer separately or regenerate on Mac; NOT in Git",282
/media/nas_users/huangyating/data/upload/radar/roll_3000r_80cm_rep4/radar.h5,"large user acquisition data, transfer separately or regenerate on Mac; NOT in Git",21742548
/media/nas_users/huangyating/data/upload/radar/roll_3000r_80cm_rep4/recording.json,"large user acquisition data, transfer separately or regenerate on Mac; NOT in Git",122131
/media/nas_users/huangyating/data/upload/contacts/inBroken_1000r_session/DONE.json,"large user acquisition data, transfer separately or regenerate on Mac; NOT in Git",856
/media/nas_users/huangyating/data/upload/contacts/inBroken_1000r_session/contact.h5,"large user acquisition data, transfer separately or regenerate on Mac; NOT in Git",1940865
/media/nas_users/huangyating/data/upload/contacts/inBroken_1000r_session/contact_original.DAT.gz,"large user acquisition data, transfer separately or regenerate on Mac; NOT in Git",15813019
/media/nas_users/huangyating/data/upload/contacts/inBroken_1000r_session/contact_qc.json,"large user acquisition data, transfer separately or regenerate on Mac; NOT in Git",146735
/media/nas_users/huangyating/data/upload/contacts/inBroken_2000r_session/DONE.json,"large user acquisition data, transfer separately or regenerate on Mac; NOT in Git",856
/media/nas_users/huangyating/data/upload/contacts/inBroken_2000r_session/contact.h5,"large user acquisition data, transfer separately or regenerate on Mac; NOT in Git",1600858
/media/nas_users/huangyating/data/upload/contacts/inBroken_2000r_session/contact_original.DAT.gz,"large user acquisition data, transfer separately or regenerate on Mac; NOT in Git",16604008
/media/nas_users/huangyating/data/upload/contacts/inBroken_2000r_session/contact_qc.json,"large user acquisition data, transfer separately or regenerate on Mac; NOT in Git",147872
/media/nas_users/huangyating/data/upload/contacts/inBroken_3000r_session/DONE.json,"large user acquisition data, transfer separately or regenerate on Mac; NOT in Git",856
/media/nas_users/huangyating/data/upload/contacts/inBroken_3000r_session/contact.h5,"large user acquisition data, transfer separately or regenerate on Mac; NOT in Git",1485352
/media/nas_users/huangyating/data/upload/contacts/inBroken_3000r_session/contact_original.DAT.gz,"large user acquisition data, transfer separately or regenerate on Mac; NOT in Git",13668645
/media/nas_users/huangyating/data/upload/contacts/inBroken_3000r_session/contact_qc.json,"large user acquisition data, transfer separately or regenerate on Mac; NOT in Git",106800
/media/nas_users/huangyating/data/upload/contacts/normal_1000r_session/DONE.json,"large user acquisition data, transfer separately or regenerate on Mac; NOT in Git",858
/media/nas_users/huangyating/data/upload/contacts/normal_1000r_session/contact.h5,"large user acquisition data, transfer separately or regenerate on Mac; NOT in Git",4891766
/media/nas_users/huangyating/data/upload/contacts/normal_1000r_session/contact_original.DAT.gz,"large user acquisition data, transfer separately or regenerate on Mac; NOT in Git",20247794
/media/nas_users/huangyating/data/upload/contacts/normal_1000r_session/contact_qc.json,"large user acquisition data, transfer separately or regenerate on Mac; NOT in Git",154149
/media/nas_users/huangyating/data/upload/contacts/normal_2000r_session/DONE.json,"large user acquisition data, transfer separately or regenerate on Mac; NOT in Git",858
/media/nas_users/huangyating/data/upload/contacts/normal_2000r_session/contact.h5,"large user acquisition data, transfer separately or regenerate on Mac; NOT in Git",1161360
/media/nas_users/huangyating/data/upload/contacts/normal_2000r_session/contact_original.DAT.gz,"large user acquisition data, transfer separately or regenerate on Mac; NOT in Git",13362908
/media/nas_users/huangyating/data/upload/contacts/normal_2000r_session/contact_qc.json,"large user acquisition data, transfer separately or regenerate on Mac; NOT in Git",128590
/media/nas_users/huangyating/data/upload/contacts/normal_3000r_session/DONE.json,"large user acquisition data, transfer separately or regenerate on Mac; NOT in Git",858
/media/nas_users/huangyating/data/upload/contacts/normal_3000r_session/contact.h5,"large user acquisition data, transfer separately or regenerate on Mac; NOT in Git",9793185
/media/nas_users/huangyating/data/upload/contacts/normal_3000r_session/contact_original.DAT.gz,"large user acquisition data, transfer separately or regenerate on Mac; NOT in Git",19195589
/media/nas_users/huangyating/data/upload/contacts/normal_3000r_session/contact_qc.json,"large user acquisition data, transfer separately or regenerate on Mac; NOT in Git",121306
/media/nas_users/huangyating/data/upload/contacts/outBroken_1000r_session/DONE.json,"large user acquisition data, transfer separately or regenerate on Mac; NOT in Git",858
/media/nas_users/huangyating/data/upload/contacts/outBroken_1000r_session/contact.h5,"large user acquisition data, transfer separately or regenerate on Mac; NOT in Git",2940253
/media/nas_users/huangyating/data/upload/contacts/outBroken_1000r_session/contact_original.DAT.gz,"large user acquisition data, transfer separately or regenerate on Mac; NOT in Git",16839265
/media/nas_users/huangyating/data/upload/contacts/outBroken_1000r_session/contact_qc.json,"large user acquisition data, transfer separately or regenerate on Mac; NOT in Git",141173
/media/nas_users/huangyating/data/upload/contacts/outBroken_2000r_session/DONE.json,"large user acquisition data, transfer separately or regenerate on Mac; NOT in Git",858
/media/nas_users/huangyating/data/upload/contacts/outBroken_2000r_session/contact.h5,"large user acquisition data, transfer separately or regenerate on Mac; NOT in Git",1775206
/media/nas_users/huangyating/data/upload/contacts/outBroken_2000r_session/contact_original.DAT.gz,"large user acquisition data, transfer separately or regenerate on Mac; NOT in Git",16188876
/media/nas_users/huangyating/data/upload/contacts/outBroken_2000r_session/contact_qc.json,"large user acquisition data, transfer separately or regenerate on Mac; NOT in Git",135441
/media/nas_users/huangyating/data/upload/contacts/outBroken_3000r_session/DONE.json,"large user acquisition data, transfer separately or regenerate on Mac; NOT in Git",858
/media/nas_users/huangyating/data/upload/contacts/outBroken_3000r_session/contact.h5,"large user acquisition data, transfer separately or regenerate on Mac; NOT in Git",2490332
/media/nas_users/huangyating/data/upload/contacts/outBroken_3000r_session/contact_original.DAT.gz,"large user acquisition data, transfer separately or regenerate on Mac; NOT in Git",16342166
/media/nas_users/huangyating/data/upload/contacts/outBroken_3000r_session/contact_qc.json,"large user acquisition data, transfer separately or regenerate on Mac; NOT in Git",153547
/media/nas_users/huangyating/data/upload/contacts/roll_1000r_session/DONE.json,"large user acquisition data, transfer separately or regenerate on Mac; NOT in Git",854
/media/nas_users/huangyating/data/upload/contacts/roll_1000r_session/contact.h5,"large user acquisition data, transfer separately or regenerate on Mac; NOT in Git",1568584
/media/nas_users/huangyating/data/upload/contacts/roll_1000r_session/contact_original.DAT.gz,"large user acquisition data, transfer separately or regenerate on Mac; NOT in Git",13397367
/media/nas_users/huangyating/data/upload/contacts/roll_1000r_session/contact_qc.json,"large user acquisition data, transfer separately or regenerate on Mac; NOT in Git",134704
/media/nas_users/huangyating/data/upload/contacts/roll_2000r_session/DONE.json,"large user acquisition data, transfer separately or regenerate on Mac; NOT in Git",854
/media/nas_users/huangyating/data/upload/contacts/roll_2000r_session/contact.h5,"large user acquisition data, transfer separately or regenerate on Mac; NOT in Git",1328453
/media/nas_users/huangyating/data/upload/contacts/roll_2000r_session/contact_original.DAT.gz,"large user acquisition data, transfer separately or regenerate on Mac; NOT in Git",14000118
/media/nas_users/huangyating/data/upload/contacts/roll_2000r_session/contact_qc.json,"large user acquisition data, transfer separately or regenerate on Mac; NOT in Git",122248
/media/nas_users/huangyating/data/upload/contacts/roll_3000r_session/DONE.json,"large user acquisition data, transfer separately or regenerate on Mac; NOT in Git",854
/media/nas_users/huangyating/data/upload/contacts/roll_3000r_session/contact.h5,"large user acquisition data, transfer separately or regenerate on Mac; NOT in Git",2188479
/media/nas_users/huangyating/data/upload/contacts/roll_3000r_session/contact_original.DAT.gz,"large user acquisition data, transfer separately or regenerate on Mac; NOT in Git",13687343
/media/nas_users/huangyating/data/upload/contacts/roll_3000r_session/contact_qc.json,"large user acquisition data, transfer separately or regenerate on Mac; NOT in Git",106181
