task,fold,method,seed,feature,role,bag_id,state,label,prediction,n_windows,geometry_valid,mse_standardized,mse_raw,cos_standardized,cos_raw,classifier_rowspace_rank,classifier_rowspace_error_energy,classifier_nullspace_error_energy,centered_logit_shift_l2,true_class_margin,contact_true_class_margin,p0,p1,p2,p3
four_class_provisional_roi,115200_to_460800,embedding_only,17,frame_shape,train,20260920-184058-normal-11520,normal,0,3,61,True,0.0007938947528600693,0.00037640263326466084,0.999863862991333,0.9999948143959045,9,0.03582724710928926,0.06579128008005622,0.12783680856227875,-1.7315673828125,-1.7706007957458496,0.1037912666797638,0.03213256224989891,0.27923545241355896,0.584840714931488
four_class_provisional_roi,115200_to_460800,embedding_only,17,frame_shape,test,20260920-184857-normal-460800,normal,0,3,48,True,0.13541005551815033,0.0695423036813736,0.663383424282074,0.9991836547851562,9,7.129981026729263,10.202505983429242,1.6988829374313354,-1.7499232292175293,-1.9856464862823486,0.10112223774194717,0.03340596333146095,0.2842496931552887,0.5812221169471741
four_class_provisional_roi,115200_to_460800,embedding_only,17,frame_shape,train,20260920-190512-outBroken-115200,outBroken,2,3,50,False,0.0003595141170080751,0.00016092514852061868,0.9999383091926575,0.9999972581863403,9,0.01386648897831061,0.032151317700664685,0.08320526778697968,-2.026608467102051,-1.9683587551116943,0.020287051796913147,0.19178956747055054,0.09181806445121765,0.6961051821708679
four_class_provisional_roi,115200_to_460800,embedding_only,17,frame_shape,test,20260920-190913-outBroken-460800,outBroken,2,3,50,False,0.22913627326488495,0.12568001449108124,0.6609309315681458,0.999826967716217,9,5.594875758063697,23.73456669017081,1.3864147663116455,-1.656886339187622,-1.7755367755889893,0.02245497889816761,0.18961015343666077,0.12999175488948822,0.6579431295394897
four_class_provisional_roi,115200_to_460800,embedding_only,17,frame_shape,train,20260920-192216-inBroken-115200,inBroken,1,2,50,True,5.9462967328727245e-05,3.1883442716207355e-05,0.9999779462814331,0.9999995827674866,9,0.002565722729843734,0.0050455374016531935,0.034287936985492706,-2.1265158653259277,-2.1061761379241943,0.011217687278985977,0.09767679870128632,0.8190103769302368,0.07209516316652298
four_class_provisional_roi,115200_to_460800,embedding_only,17,frame_shape,test,20260920-192610-inBroken-460800,inBroken,1,2,51,True,0.10542897135019302,0.040484096854925156,0.8236100673675537,0.999559223651886,9,3.964628456151872,9.530280120512199,1.2424403429031372,-2.096904993057251,-1.5714898109436035,0.013199402950704098,0.09789673238992691,0.7969496250152588,0.09195419400930405
four_class_provisional_roi,115200_to_460800,embedding_only,17,frame_shape,train,20260920-193718-roll-115200,roll,3,2,51,True,0.00020107098680455238,8.938454266171902e-05,0.9998990297317505,0.9999991655349731,9,0.0072597837468394546,0.01847730264058677,0.05204977095127106,-0.1935896873474121,-0.1853494644165039,0.0168903861194849,0.08155099302530289,0.49421393871307373,0.4073447287082672
four_class_provisional_roi,115200_to_460800,embedding_only,17,frame_shape,test,20260920-194108-roll-460800,roll,3,2,51,True,1.1997851133346558,0.6015187501907349,0.5391883254051208,0.9987359046936035,9,29.10296829788334,124.46951504092189,3.3701469898223877,-0.2612624168395996,0.6193447113037109,0.016754593700170517,0.08297061175107956,0.5083622932434082,0.3919125497341156
four_class_provisional_roi,115200_to_460800,embedding_only,42,frame_shape,train,20260920-184058-normal-11520,normal,0,3,61,True,0.00011492458725115284,4.0980594349093735e-05,0.9999868273735046,0.9999992251396179,9,0.004274952830245628,0.01043539388353888,0.046717192977666855,-1.7917256355285645,-1.7706007957458496,0.09580022841691971,0.03609548136591911,0.2947427034378052,0.5733615756034851
four_class_provisional_roi,115200_to_460800,embedding_only,42,frame_shape,test,20260920-184857-normal-460800,normal,0,3,48,True,0.11993184685707092,0.06061578914523125,0.668510377407074,0.999284565448761,9,6.257809507812526,9.093468062095253,1.5864125490188599,-1.7957265377044678,-1.9856464862823486,0.09432447701692581,0.036969803273677826,0.3012178838253021,0.5674877166748047
four_class_provisional_roi,115200_to_460800,embedding_only,42,frame_shape,train,20260920-190512-outBroken-115200,outBroken,2,3,50,False,0.00010942939843516797,3.9335172914434224e-05,0.9999791979789734,0.9999992847442627,9,0.00340746335617321,0.010599499050862979,0.039662037044763565,-1.9985744953155518,-1.9683587551116943,0.020405929535627365,0.19017904996871948,0.09428811073303223,0.6951268911361694
four_class_provisional_roi,115200_to_460800,embedding_only,42,frame_shape,test,20260920-190913-outBroken-460800,outBroken,2,3,50,False,0.21928563714027405,0.11662512272596359,0.6712607741355896,0.9997775554656982,9,5.641415332817851,22.4271443276631,1.3711432218551636,-1.4715828895568848,-1.7755367755889893,0.022173738107085228,0.19336088001728058,0.1527983546257019,0.6316671371459961
four_class_provisional_roi,115200_to_460800,embedding_only,42,frame_shape,train,20260920-192216-inBroken-115200,inBroken,1,2,50,True,3.0104463803581893e-05,1.9395805793465115e-05,0.9999874234199524,0.9999997615814209,9,0.001446147771919406,0.0024072233895727968,0.024652987718582153,-2.111258029937744,-2.1061761379241943,0.011224641464650631,0.09895054996013641,0.8171163201332092,0.07270846515893936
four_class_provisional_roi,115200_to_460800,embedding_only,42,frame_shape,test,20260920-192610-inBroken-460800,inBroken,1,2,51,True,0.1018330380320549,0.03814589977264404,0.8267989158630371,0.9995355606079102,9,3.9801563843004275,9.054472864304035,1.2316455841064453,-2.0321834087371826,-1.5714898109436035,0.013796834275126457,0.10261932760477066,0.7830560803413391,0.1005278080701828
four_class_provisional_roi,115200_to_460800,embedding_only,42,frame_shape,train,20260920-193718-roll-115200,roll,3,2,51,True,3.725974238477647e-05,1.4544300938723609e-05,0.999974250793457,0.9999998807907104,9,0.0011663335201258966,0.003602913476939528,0.024239158257842064,-0.18692731857299805,-0.1853494644165039,0.01691792532801628,0.08358750492334366,0.491609126329422,0.40788534283638
four_class_provisional_roi,115200_to_460800,embedding_only,42,frame_shape,test,20260920-194108-roll-460800,roll,3,2,51,True,1.1933138370513916,0.5987522006034851,0.5479114055633545,0.9987560510635376,9,29.1582801962642,123.5858850460181,3.3609671592712402,-0.21345996856689453,0.6193447113037109,0.016971509903669357,0.08511383086442947,0.4965837895870209,0.401330828666687
four_class_provisional_roi,115200_to_460800,embedding_only,73,frame_shape,train,20260920-184058-normal-11520,normal,0,3,61,True,0.00013972396845929325,5.020320531912148e-05,0.9999790191650391,0.9999993443489075,9,0.0044073746435079495,0.013477293734680196,0.04453461244702339,-1.7504711151123047,-1.7706007957458496,0.10013167560100555,0.03397912532091141,0.29098883271217346,0.5749003887176514
four_class_provisional_roi,115200_to_460800,embedding_only,73,frame_shape,test,20260920-184857-normal-460800,normal,0,3,48,True,0.13059967756271362,0.06642286479473114,0.6642923951148987,0.9992232322692871,9,6.813462112292343,9.903297509845117,1.6579045057296753,-1.7597668170928955,-1.9856464862823486,0.0986332967877388,0.034620244055986404,0.2944212257862091,0.5723251700401306
four_class_provisional_roi,115200_to_460800,embedding_only,73,frame_shape,train,20260920-190512-outBroken-115200,outBroken,2,3,50,False,1.0433807801746298e-05,6.8112663029751275e-06,0.9999852180480957,0.9999999403953552,9,0.00042879532087624755,0.0009067320633657254,0.01259434875100851,-1.9703116416931152,-1.9683587551116943,0.020675165578722954,0.1871197670698166,0.09700693190097809,0.695198118686676
four_class_provisional_roi,115200_to_460800,embedding_only,73,frame_shape,test,20260920-190913-outBroken-460800,outBroken,2,3,50,False,0.22878839075565338,0.1253625750541687,0.6568525433540344,0.9997994899749756,9,5.723705783057072,23.561208727697817,1.3835047483444214,-1.5888409614562988,-1.7755367755889893,0.023025231435894966,0.1834995597600937,0.13880425691604614,0.6546710133552551
four_class_provisional_roi,115200_to_460800,embedding_only,73,frame_shape,train,20260920-192216-inBroken-115200,inBroken,1,2,50,True,2.296689672220964e-05,1.4247525541577488e-05,0.9999892711639404,0.9999999403953552,9,0.0010084488126725936,0.0019313138735212844,0.021147558465600014,-2.1056549549102783,-2.1061761379241943,0.011343998834490776,0.09935158491134644,0.8158895969390869,0.0734148919582367
four_class_provisional_roi,115200_to_460800,embedding_only,73,frame_shape,test,20260920-192610-inBroken-460800,inBroken,1,2,51,True,0.10321044921875,0.039537057280540466,0.8246772885322571,0.9995381832122803,9,4.056992983015171,9.153944862296754,1.2377294301986694,-1.9946997165679932,-1.5714898109436035,0.01355164684355259,0.1060599684715271,0.7795706391334534,0.1008177101612091
four_class_provisional_roi,115200_to_460800,embedding_only,73,frame_shape,train,20260920-193718-roll-115200,roll,3,2,51,True,6.0983162256889045e-05,3.340526018291712e-05,0.9999289512634277,0.9999998211860657,9,0.0024900366640634494,0.0053158082277389935,0.03291350603103638,-0.1670246124267578,-0.1853494644165039,0.017058497294783592,0.08256005495786667,0.4876742362976074,0.4127074182033539
four_class_provisional_roi,115200_to_460800,embedding_only,73,frame_shape,test,20260920-194108-roll-460800,roll,3,2,51,True,1.1946321725845337,0.6001896858215332,0.5487905740737915,0.9987509250640869,9,29.343209772581687,123.56972597214912,3.373201370239258,-0.19567155838012695,0.6193447113037109,0.017124654725193977,0.0848100408911705,0.49274754524230957,0.40531787276268005
four_class_provisional_roi,115200_to_460800,ce_only,17,frame_shape,train,20260920-184058-normal-11520,normal,0,0,61,True,3.453798294067383,1.9026572704315186,0.44525185227394104,0.9660430550575256,9,289.94254042219467,152.14366240842816,10.22546672821045,9.591043472290039,-1.7706007957458496,0.9998751282691956,6.64234494252014e-06,2.2671330953016877e-05,9.550408140057698e-05
four_class_provisional_roi,115200_to_460800,ce_only,17,frame_shape,test,20260920-184857-normal-460800,normal,0,0,48,True,3.683650016784668,2.00809645652771,0.26242029666900635,0.9635841846466064,9,320.53066654543113,150.97654817013208,10.81851863861084,9.427300453186035,-1.9856464862823486,0.9998782277107239,7.468339845217997e-06,2.722462704696227e-05,8.698479359736666e-05
four_class_provisional_roi,115200_to_460800,ce_only,17,frame_shape,train,20260920-190512-outBroken-115200,outBroken,2,2,50,False,3.1957106590270996,1.7796971797943115,-0.44564488530158997,0.9688737392425537,9,250.62360668301346,158.42738761519135,10.142688751220703,10.20792007446289,-1.9683587551116943,2.2328058548737317e-05,3.387541801203042e-05,0.9999065399169922,3.745914000319317e-05
four_class_provisional_roi,115200_to_460800,ce_only,17,frame_shape,test,20260920-190913-outBroken-460800,outBroken,2,2,50,False,2.725266456604004,1.5110454559326172,-0.3731881380081177,0.974060595035553,9,212.41515087600408,136.4189481005696,9.126138687133789,8.974185943603516,-1.7755367755889893,7.937895134091377e-05,0.0006570246769115329,0.9990763664245605,0.0001870989945018664
four_class_provisional_roi,115200_to_460800,ce_only,17,frame_shape,train,20260920-192216-inBroken-115200,inBroken,1,1,50,True,3.246305227279663,1.5685746669769287,-0.021414704620838165,0.9700416326522827,9,206.2521168224962,209.27493809437317,9.361976623535156,9.459346771240234,-2.1061761379241943,4.205239383736625e-05,0.9998148083686829,8.048455492826179e-05,6.290597229963169e-05
four_class_provisional_roi,115200_to_460800,ce_only,17,frame_shape,test,20260920-192610-inBroken-460800,inBroken,1,1,51,True,2.144131660461426,1.1048994064331055,0.1915842741727829,0.9785919189453125,9,142.05221352268813,132.39664510609077,7.736330509185791,8.114413261413574,-1.5714898109436035,0.00019076597527600825,0.9991708397865295,0.0003157706814818084,0.00032240262953564525
four_class_provisional_roi,115200_to_460800,ce_only,17,frame_shape,train,20260920-193718-roll-115200,roll,3,3,51,True,2.393193006515503,1.0456374883651733,0.06940015405416489,0.9825652837753296,9,188.47512256416127,117.85359788709336,8.159432411193848,10.335522651672363,-0.1853494644165039,5.077024979982525e-05,2.8042120902682655e-05,3.746473157661967e-05,0.9998837113380432
four_class_provisional_roi,115200_to_460800,ce_only,17,frame_shape,test,20260920-194108-roll-460800,roll,3,3,51,True,4.224149227142334,1.451493501663208,-0.10970667004585266,0.9826587438583374,9,218.49999515843888,322.191094356131,8.36616039276123,10.189003944396973,0.6193447113037109,3.845351966447197e-05,4.2564061004668474e-05,4.124264887650497e-05,0.9998777508735657
four_class_provisional_roi,115200_to_460800,ce_only,42,frame_shape,train,20260920-184058-normal-11520,normal,0,0,61,True,3.5319323539733887,1.8933926820755005,0.44969794154167175,0.9663428068161011,9,292.58834206132485,159.49898636662311,10.296022415161133,9.825151443481445,-1.7706007957458496,0.9998804926872253,7.360426934610587e-06,2.5448047381360084e-05,8.678805170347914e-05
four_class_provisional_roi,115200_to_460800,ce_only,42,frame_shape,test,20260920-184857-normal-460800,normal,0,0,48,True,3.740032434463501,1.9847803115844727,0.27006661891937256,0.9642026424407959,9,320.4073079108371,158.3168362680784,10.830717086791992,9.650532722473145,-1.9856464862823486,0.9998891949653625,7.119396741472883e-06,3.0284498279797845e-05,7.326912600547075e-05
four_class_provisional_roi,115200_to_460800,ce_only,42,frame_shape,train,20260920-190512-outBroken-115200,outBroken,2,2,50,False,3.0727615356445312,1.6414661407470703,-0.43512192368507385,0.9712464213371277,9,241.4306039654075,151.88286530502998,9.936253547668457,9.931407928466797,-1.9683587551116943,4.53632055723574e-05,4.910651477985084e-05,0.9998716115951538,3.39779544447083e-05
four_class_provisional_roi,115200_to_460800,ce_only,42,frame_shape,test,20260920-190913-outBroken-460800,outBroken,2,2,50,False,2.574547290802002,1.367495059967041,-0.3832481801509857,0.9767491817474365,9,198.49474532827114,131.0473002613383,8.79123592376709,8.56340503692627,-1.7755367755889893,0.00015327200526371598,0.0031164386309683323,0.9964193105697632,0.00031097664032131433
four_class_provisional_roi,115200_to_460800,ce_only,42,frame_shape,train,20260920-192216-inBroken-115200,inBroken,1,1,50,True,3.2646961212158203,1.6612834930419922,-0.02975148893892765,0.9686249494552612,9,210.495056818952,207.38606659435825,9.45668888092041,9.64874267578125,-2.1061761379241943,4.4261931179789826e-05,0.9998332262039185,6.563398346770555e-05,5.711156700272113e-05
four_class_provisional_roi,115200_to_460800,ce_only,42,frame_shape,test,20260920-192610-inBroken-460800,inBroken,1,1,51,True,2.156665325164795,1.1864213943481445,0.18124885857105255,0.9771993160247803,9,146.01588302923085,130.03728407554905,7.876242637634277,8.05522346496582,-1.5714898109436035,0.00018151794211007655,0.9991916418075562,0.00024380578543059528,0.00038298690924420953
four_class_provisional_roi,115200_to_460800,ce_only,42,frame_shape,train,20260920-193718-roll-115200,roll,3,3,51,True,2.311915636062622,1.0210380554199219,0.0610349141061306,0.983302652835846,9,190.91299860764883,105.01218858669549,8.27641487121582,9.72615909576416,-0.1853494644165039,8.52700395626016e-05,4.190381514490582e-05,2.3647138732485473e-05,0.9998491406440735
four_class_provisional_roi,115200_to_460800,ce_only,42,frame_shape,test,20260920-194108-roll-460800,roll,3,3,51,True,3.9566707611083984,1.3493144512176514,-0.06177286431193352,0.9837474822998047,9,217.79294834751025,288.6609272038162,8.399704933166504,9.69883918762207,0.6193447113037109,6.825853051850572e-05,6.383922300301492e-05,2.77997569355648e-05,0.9998401403427124
four_class_provisional_roi,115200_to_460800,ce_only,73,frame_shape,train,20260920-184058-normal-11520,normal,0,0,61,True,3.3894200325012207,1.873120903968811,0.43725988268852234,0.9664315581321716,9,276.53446727731637,157.31130142620782,9.989113807678223,9.677749633789062,-1.7706007957458496,0.9998733997344971,9.946604222932365e-06,3.260861194576137e-05,8.407914720010012e-05
four_class_provisional_roi,115200_to_460800,ce_only,73,frame_shape,test,20260920-184857-normal-460800,normal,0,0,48,True,3.5669667720794678,1.9366679191589355,0.28074946999549866,0.9646260738372803,9,301.70029341952295,154.87146345657305,10.499407768249512,9.504591941833496,-1.9856464862823486,0.9998674392700195,1.1872791219502687e-05,4.0164781239582226e-05,8.052399061853066e-05
four_class_provisional_roi,115200_to_460800,ce_only,73,frame_shape,train,20260920-190512-outBroken-115200,outBroken,2,2,50,False,3.2627789974212646,1.7300589084625244,-0.4242989420890808,0.9698486924171448,9,252.51238368386217,165.12332502469735,10.168647766113281,9.927449226379395,-1.9683587551116943,3.191996074747294e-05,4.953653842676431e-05,0.9998939633369446,2.4675884560565464e-05
four_class_provisional_roi,115200_to_460800,ce_only,73,frame_shape,test,20260920-190913-outBroken-460800,outBroken,2,2,50,False,2.9292988777160645,1.5375282764434814,-0.395926296710968,0.9739665985107422,9,221.86583173649908,153.08443314930918,9.317757606506348,8.932029724121094,-1.7755367755889893,7.37069858587347e-05,0.0002945143496617675,0.9995555281639099,7.627149170730263e-05
four_class_provisional_roi,115200_to_460800,ce_only,73,frame_shape,train,20260920-192216-inBroken-115200,inBroken,1,1,50,True,3.2981820106506348,1.5798524618148804,-0.00034379688440822065,0.9700093865394592,9,208.9553776720748,213.21193597696552,9.516408920288086,9.54513168334961,-2.1061761379241943,1.7789319826988503e-05,0.9998579621315002,7.328066567424685e-05,5.109014819026925e-05
four_class_provisional_roi,115200_to_460800,ce_only,73,frame_shape,test,20260920-192610-inBroken-460800,inBroken,1,1,51,True,2.0681755542755127,1.0494695901870728,0.2311106026172638,0.9797343611717224,9,135.60942119903606,129.11705633944746,7.653234004974365,7.952325344085693,-1.5714898109436035,9.168771794065833e-05,0.9991925358772278,0.0003890561929438263,0.00032664151513017714
four_class_provisional_roi,115200_to_460800,ce_only,73,frame_shape,train,20260920-193718-roll-115200,roll,3,3,51,True,2.1551241874694824,0.9870507717132568,0.08720378577709198,0.9842063784599304,9,180.81644525838163,95.03945327000343,8.06633472442627,9.786439895629883,-0.1853494644165039,7.313067180803046e-05,5.922920172451995e-05,2.939969635917805e-05,0.9998382925987244
four_class_provisional_roi,115200_to_460800,ce_only,73,frame_shape,test,20260920-194108-roll-460800,roll,3,3,51,True,3.7250571250915527,1.265504002571106,-0.02790209837257862,0.9845919013023376,9,205.71224802872754,271.09506369177245,8.094245910644531,9.541507720947266,0.6193447113037109,4.682508733822033e-05,7.891791756264865e-05,3.3919059205800295e-05,0.9998404383659363
four_class_provisional_roi,115200_to_460800,ce_feat_1,17,frame_shape,train,20260920-184058-normal-11520,normal,0,0,61,True,0.3215519189834595,0.22952663898468018,0.7886698246002197,0.9959339499473572,9,34.23605725732047,6.922585488643994,3.565152645111084,2.488607883453369,-1.7706007957458496,0.8676286935806274,0.00775997806340456,0.052475620061159134,0.07213572412729263
four_class_provisional_roi,115200_to_460800,ce_feat_1,17,frame_shape,test,20260920-184857-normal-460800,normal,0,0,48,True,0.5017526149749756,0.2930036783218384,0.5367752909660339,0.9945815205574036,9,47.13314917056128,17.0911868214328,4.2317423820495605,2.356092929840088,-1.9856464862823486,0.8497505187988281,0.00905138161033392,0.06000480055809021,0.0811932310461998
four_class_provisional_roi,115200_to_460800,ce_feat_1,17,frame_shape,train,20260920-190512-outBroken-115200,outBroken,2,2,50,False,0.26766616106033325,0.209815114736557,0.5982685089111328,0.9962798953056335,9,28.2285938901832,6.0326746884910225,3.4034061431884766,2.363551139831543,-1.9683587551116943,0.011444240808486938,0.04518239200115204,0.8622195720672607,0.08115392923355103
four_class_provisional_roi,115200_to_460800,ce_feat_1,17,frame_shape,test,20260920-190913-outBroken-460800,outBroken,2,2,50,False,0.46160271763801575,0.29428336024284363,0.3308160603046417,0.9965338110923767,9,29.47760289060757,29.60754514914364,3.2782609462738037,2.225979804992676,-1.7755367755889893,0.012560252100229263,0.05465146154165268,0.8414497375488281,0.09133847057819366
four_class_provisional_roi,115200_to_460800,ce_feat_1,17,frame_shape,train,20260920-192216-inBroken-115200,inBroken,1,1,50,True,0.2620782256126404,0.2528974711894989,0.747377336025238,0.9946284890174866,9,25.708377471266544,7.837633907741614,3.3381128311157227,2.273221969604492,-2.1061761379241943,0.004124410450458527,0.8745902180671692,0.09012232720851898,0.031163111329078674
four_class_provisional_roi,115200_to_460800,ce_feat_1,17,frame_shape,test,20260920-192610-inBroken-460800,inBroken,1,1,51,True,0.22780385613441467,0.19617819786071777,0.6913759708404541,0.9967007637023926,9,17.117379034678457,12.041516513372375,2.6499335765838623,1.665759563446045,-1.5714898109436035,0.007884484715759754,0.7790166735649109,0.14858251810073853,0.06451625376939774
four_class_provisional_roi,115200_to_460800,ce_feat_1,17,frame_shape,train,20260920-193718-roll-115200,roll,3,3,51,True,0.12025067210197449,0.0833415687084198,0.7960860133171082,0.9986823797225952,9,12.686692325783515,2.7053941474050758,2.2203824520111084,2.7633166313171387,-0.1853494644165039,0.006804071366786957,0.022900214418768883,0.05764139071106911,0.9126542806625366
four_class_provisional_roi,115200_to_460800,ce_feat_1,17,frame_shape,test,20260920-194108-roll-460800,roll,3,3,51,True,1.2672945261001587,0.5415574908256531,0.4632376730442047,0.9979665875434875,9,34.97014225933734,127.24356181592839,3.357046604156494,2.627105236053467,0.6193447113037109,0.007341702003031969,0.026438018307089806,0.06570009142160416,0.9005202651023865
four_class_provisional_roi,115200_to_460800,ce_feat_1,42,frame_shape,train,20260920-184058-normal-11520,normal,0,0,61,True,0.2818560302257538,0.20363682508468628,0.7915690541267395,0.9964168667793274,9,30.02545743805689,6.05211620426079,3.331677198410034,2.239591598510742,-1.7706007957458496,0.8350170254707336,0.010013850405812263,0.0659424290060997,0.08902645856142044
four_class_provisional_roi,115200_to_460800,ce_feat_1,42,frame_shape,test,20260920-184857-normal-460800,normal,0,0,48,True,0.4559958577156067,0.2647271752357483,0.5417395234107971,0.9950927495956421,9,42.61055644842725,15.756913524713752,4.019101619720459,2.1346323490142822,-1.9856464862823486,0.8187388777732849,0.011349738575518131,0.07250296324491501,0.09740845113992691
four_class_provisional_roi,115200_to_460800,ce_feat_1,42,frame_shape,train,20260920-190512-outBroken-115200,outBroken,2,2,50,False,0.2670104503631592,0.20946916937828064,0.5996055006980896,0.996286153793335,9,28.156489345216208,6.020848433579378,3.3982667922973633,2.358275890350342,-1.9683587551116943,0.011443390510976315,0.04540077596902847,0.8616125583648682,0.08154311031103134
four_class_provisional_roi,115200_to_460800,ce_feat_1,42,frame_shape,test,20260920-190913-outBroken-460800,outBroken,2,2,50,False,0.43930116295814514,0.27489134669303894,0.33803558349609375,0.9967241287231445,9,28.102578388401806,28.12797162416233,3.203155279159546,2.13803768157959,-1.7755367755889893,0.012643944472074509,0.06282089650630951,0.8263550400733948,0.09818020462989807
four_class_provisional_roi,115200_to_460800,ce_feat_1,42,frame_shape,train,20260920-192216-inBroken-115200,inBroken,1,1,50,True,0.26336535811424255,0.2534330487251282,0.7455978989601135,0.9946131706237793,9,25.836352284237368,7.874413620491714,3.351280450820923,2.2836735248565674,-2.1061761379241943,0.0040019117295742035,0.8756394982337952,0.08929905295372009,0.03105955570936203
four_class_provisional_roi,115200_to_460800,ce_feat_1,42,frame_shape,test,20260920-192610-inBroken-460800,inBroken,1,1,51,True,0.2304914891719818,0.2017320692539215,0.6912209391593933,0.9966055750846863,9,17.207623449623348,12.29528666496524,2.6606180667877197,1.688464641571045,-1.5714898109436035,0.007665643934160471,0.779522180557251,0.14533324539661407,0.06747883558273315
four_class_provisional_roi,115200_to_460800,ce_feat_1,42,frame_shape,train,20260920-193718-roll-115200,roll,3,3,51,True,0.11326271295547485,0.0780332013964653,0.8004952073097229,0.998755156993866,9,11.954237944305346,2.543389883415146,2.151409149169922,2.6827049255371094,-0.1853494644165039,0.00701198261231184,0.024568641558289528,0.06205476447939873,0.9063642621040344
four_class_provisional_roi,115200_to_460800,ce_feat_1,42,frame_shape,test,20260920-194108-roll-460800,roll,3,3,51,True,1.2664406299591064,0.5425968766212463,0.463919460773468,0.9979841113090515,9,34.75897923027167,127.34541967777602,3.3486087322235107,2.6065144538879395,0.6193447113037109,0.007398311048746109,0.027028201147913933,0.06676019728183746,0.8988134264945984
four_class_provisional_roi,115200_to_460800,ce_feat_1,73,frame_shape,train,20260920-184058-normal-11520,normal,0,0,61,True,0.3035459816455841,0.217849999666214,0.7895247936248779,0.9961512088775635,9,32.331456852952556,6.522429511584215,3.461057424545288,2.3792178630828857,-1.7706007957458496,0.8539443016052246,0.008680031634867191,0.05819166079163551,0.07918420433998108
four_class_provisional_roi,115200_to_460800,ce_feat_1,73,frame_shape,test,20260920-184857-normal-460800,normal,0,0,48,True,0.4871855080127716,0.2839081585407257,0.5375763773918152,0.9947488903999329,9,45.65789826405321,16.70184634948112,4.164264678955078,2.282158136367798,-1.9856464862823486,0.8401412963867188,0.009653233923017979,0.06403493136167526,0.08617054671049118
four_class_provisional_roi,115200_to_460800,ce_feat_1,73,frame_shape,train,20260920-190512-outBroken-115200,outBroken,2,2,50,False,0.26825958490371704,0.2103729248046875,0.5969686508178711,0.9962700605392456,9,28.29615587501495,6.041067379508929,3.408255100250244,2.367593288421631,-1.9683587551116943,0.011506864801049232,0.044866736978292465,0.8627310395240784,0.08089535683393478
four_class_provisional_roi,115200_to_460800,ce_feat_1,73,frame_shape,test,20260920-190913-outBroken-460800,outBroken,2,2,50,False,0.4538431167602539,0.2875168025493622,0.33041274547576904,0.996599018573761,9,28.96542071340192,29.126496851714297,3.251067876815796,2.188863754272461,-1.7755367755889893,0.01297762244939804,0.05591903626918793,0.8368203639984131,0.09428295493125916
four_class_provisional_roi,115200_to_460800,ce_feat_1,73,frame_shape,train,20260920-192216-inBroken-115200,inBroken,1,1,50,True,0.25600212812423706,0.24642282724380493,0.7476679086685181,0.9947593212127686,9,25.12107429606873,7.647197611097615,3.3037078380584717,2.229501247406006,-2.1061761379241943,0.004268629010766745,0.8694291710853577,0.09359905868768692,0.032703109085559845
four_class_provisional_roi,115200_to_460800,ce_feat_1,73,frame_shape,test,20260920-192610-inBroken-460800,inBroken,1,1,51,True,0.2277912050485611,0.19754572212696075,0.6920601725578308,0.996664822101593,9,17.12960817902441,12.027666356874638,2.656189203262329,1.6799702644348145,-1.5714898109436035,0.00754996482282877,0.7798770666122437,0.14644643664360046,0.06612646579742432
four_class_provisional_roi,115200_to_460800,ce_feat_1,73,frame_shape,train,20260920-193718-roll-115200,roll,3,3,51,True,0.1159505695104599,0.08043721318244934,0.7993391752243042,0.9987266659736633,9,12.235565261047242,2.606108071131961,2.180330276489258,2.710763454437256,-0.1853494644165039,0.007045163307338953,0.023575542494654655,0.06048523262143135,0.9088941216468811
four_class_provisional_roi,115200_to_460800,ce_feat_1,73,frame_shape,test,20260920-194108-roll-460800,roll,3,3,51,True,1.2594153881072998,0.535180926322937,0.46847227215766907,0.9979629516601562,9,34.711578751215484,126.49358333935471,3.340627670288086,2.6291251182556152,0.6193447113037109,0.007160763721913099,0.02554148994386196,0.06539202481508255,0.9019059538841248
four_class_provisional_roi,460800_to_115200,embedding_only,17,frame_shape,test,20260920-184058-normal-11520,normal,0,3,61,True,4.323854923248291,0.05654028430581093,0.21760696172714233,0.999181866645813,9,6.307922827756117,547.1455676445594,1.6442607641220093,-2.051891565322876,-1.7706007957458496,0.05729121342301369,0.1435348093509674,0.3557800054550171,0.4433940649032593
four_class_provisional_roi,460800_to_115200,embedding_only,17,frame_shape,train,20260920-184857-normal-460800,normal,0,3,48,True,4.3971111153950915e-05,2.1777925212518312e-05,0.9999842047691345,0.9999997615814209,9,0.0012307881755061784,0.004397513722205105,0.027922483161091805,-1.9771137237548828,-1.9856464862823486,0.062184516340494156,0.13902689516544342,0.34992823004722595,0.44886040687561035
four_class_provisional_roi,460800_to_115200,embedding_only,17,frame_shape,test,20260920-190512-outBroken-115200,outBroken,2,3,50,False,0.1919059008359909,0.13923050463199615,0.7313807606697083,0.9998745918273926,9,4.449529028440001,20.114426768453782,1.4748913049697876,-1.6843311786651611,-1.9683587551116943,0.02039809711277485,0.19524964690208435,0.12290499359369278,0.6614472270011902
four_class_provisional_roi,460800_to_115200,embedding_only,17,frame_shape,train,20260920-190913-outBroken-460800,outBroken,2,3,50,False,0.0002736049937084317,0.00016665780276525766,0.9999827742576599,0.9999984502792358,9,0.009650726787620766,0.025370712801935386,0.062238581478595734,-1.810326337814331,-1.7755367755889893,0.019672004505991936,0.1917027235031128,0.11094201356172562,0.6776833534240723
four_class_provisional_roi,460800_to_115200,embedding_only,17,frame_shape,test,20260920-192216-inBroken-115200,inBroken,1,2,50,True,0.0999712124466896,0.056867264211177826,0.9441317319869995,0.9994574189186096,9,3.4812193156440694,9.315095722159814,1.4367916584014893,-1.0979013442993164,-2.1061761379241943,0.014078490436077118,0.20472609996795654,0.6180994510650635,0.16309599578380585
four_class_provisional_roi,460800_to_115200,embedding_only,17,frame_shape,train,20260920-192610-inBroken-460800,inBroken,1,2,51,True,2.4565451894886792e-05,1.4720724720973521e-05,0.9999698400497437,1.0,9,0.0005357778162748966,0.0026086002150930232,0.017894523218274117,-1.5732612609863281,-1.5714898109436035,0.008333401754498482,0.15859085321426392,0.764746367931366,0.06832944601774216
four_class_provisional_roi,460800_to_115200,embedding_only,17,frame_shape,test,20260920-193718-roll-115200,roll,3,3,51,True,12.491316795349121,0.4567795693874359,-0.009396331384778023,0.9989668726921082,9,17.623155100877426,1581.265278990768,2.8487491607666016,0.5736908912658691,-0.1853494644165039,0.02282063476741314,0.1630016565322876,0.2935332953929901,0.5206443071365356
four_class_provisional_roi,460800_to_115200,embedding_only,17,frame_shape,train,20260920-194108-roll-460800,roll,3,3,51,True,0.000682006124407053,0.0005345858517102897,0.9999902248382568,0.9999991655349731,9,0.024901784960366942,0.06239500272758596,0.11458929628133774,0.6468749046325684,0.6193447113037109,0.020629480481147766,0.16124871373176575,0.28120091557502747,0.5369209051132202
four_class_provisional_roi,460800_to_115200,embedding_only,42,frame_shape,test,20260920-184058-normal-11520,normal,0,3,61,True,4.323545455932617,0.05416698753833771,0.21809418499469757,0.999204158782959,9,6.096872493050162,547.3169974755526,1.6213103532791138,-2.0724878311157227,-1.7706007957458496,0.05768246576189995,0.14170333743095398,0.34373190999031067,0.4568822383880615
four_class_provisional_roi,460800_to_115200,embedding_only,42,frame_shape,train,20260920-184857-normal-460800,normal,0,3,48,True,4.443632860784419e-05,1.5844780136831105e-05,0.9999417662620544,0.9999996423721313,9,0.0009970121232843426,0.004690837816712413,0.022428764030337334,-1.998173475265503,-1.9856464862823486,0.06111617013812065,0.1400100141763687,0.34827348589897156,0.4506002962589264
four_class_provisional_roi,460800_to_115200,embedding_only,42,frame_shape,test,20260920-190512-outBroken-115200,outBroken,2,3,50,False,0.19425109028816223,0.141396164894104,0.7335895299911499,0.999871015548706,9,4.540789418728139,20.323350899304586,1.4847017526626587,-1.7186110019683838,-1.9683587551116943,0.020286984741687775,0.19306783378124237,0.11973170191049576,0.6669133901596069
four_class_provisional_roi,460800_to_115200,embedding_only,42,frame_shape,train,20260920-190913-outBroken-460800,outBroken,2,3,50,False,8.44216556288302e-05,4.259375418769196e-05,0.9999918937683105,0.999999463558197,9,0.003165482481607987,0.0076404894950607635,0.03680551052093506,-1.8037550449371338,-1.7755367755889893,0.019766490906476974,0.19105738401412964,0.11162552982568741,0.6775505542755127
four_class_provisional_roi,460800_to_115200,embedding_only,42,frame_shape,test,20260920-192216-inBroken-115200,inBroken,1,2,50,True,0.10735829919576645,0.0625196248292923,0.9424957633018494,0.9994820356369019,9,3.610075135326196,10.131787122709431,1.4645042419433594,-1.1307568550109863,-2.1061761379241943,0.013606313616037369,0.2011287808418274,0.6256523132324219,0.1596125066280365
four_class_provisional_roi,460800_to_115200,embedding_only,42,frame_shape,train,20260920-192610-inBroken-460800,inBroken,1,2,51,True,7.355148409260437e-05,4.0173275920096785e-05,0.9999974370002747,0.999999463558197,9,0.0032865667990467314,0.006128023519190105,0.040491603314876556,-1.585768222808838,-1.5714898109436035,0.008103686384856701,0.15738093852996826,0.7684206962585449,0.06609470397233963
four_class_provisional_roi,460800_to_115200,embedding_only,42,frame_shape,test,20260920-193718-roll-115200,roll,3,3,51,True,12.44050407409668,0.41771936416625977,-0.011021099984645844,0.9990292191505432,9,15.963897657273048,1576.4207543656578,2.690396785736084,0.6001553535461426,-0.1853494644165039,0.023863738402724266,0.16091684997081757,0.2889223098754883,0.5262970924377441
four_class_provisional_roi,460800_to_115200,embedding_only,42,frame_shape,train,20260920-194108-roll-460800,roll,3,3,51,True,0.00019110020366497338,0.00014383286179509014,0.9999886155128479,0.9999997019767761,9,0.006895276433046938,0.017565549026856225,0.06117172911763191,0.622276782989502,0.6193447113037109,0.020975405350327492,0.16311754286289215,0.2849877178668976,0.5309193730354309
four_class_provisional_roi,460800_to_115200,embedding_only,73,frame_shape,test,20260920-184058-normal-11520,normal,0,3,61,True,4.32060432434082,0.053694918751716614,0.21931982040405273,0.9992107152938843,9,6.042483667738078,546.9949311745752,1.6112779378890991,-2.0559778213500977,-1.7706007957458496,0.05857783555984497,0.14058531820774078,0.3445517122745514,0.45628511905670166
four_class_provisional_roi,460800_to_115200,embedding_only,73,frame_shape,train,20260920-184857-normal-460800,normal,0,3,48,True,7.963812095113099e-05,4.711070141638629e-05,0.9999724626541138,0.9999993443489075,9,0.003059056145789707,0.0071346230364208296,0.04454568028450012,-1.9737648963928223,-1.9856464862823486,0.0628434345126152,0.13770325481891632,0.3472541868686676,0.45219913125038147
four_class_provisional_roi,460800_to_115200,embedding_only,73,frame_shape,test,20260920-190512-outBroken-115200,outBroken,2,3,50,False,0.18333536386489868,0.13204416632652283,0.7363119125366211,0.9998771548271179,9,4.242041361781855,19.22488514666533,1.4482046365737915,-1.6711704730987549,-1.9683587551116943,0.02055583894252777,0.19379781186580658,0.12452784180641174,0.6611185669898987
four_class_provisional_roi,460800_to_115200,embedding_only,73,frame_shape,train,20260920-190913-outBroken-460800,outBroken,2,3,50,False,4.116282798349857e-05,2.8450778700062074e-05,0.9999616146087646,0.9999999403953552,9,0.0014097531770710823,0.003859089080049557,0.027429895475506783,-1.768172264099121,-1.7755367755889893,0.01985640823841095,0.19233790040016174,0.11488998681306839,0.6729156374931335
four_class_provisional_roi,460800_to_115200,embedding_only,73,frame_shape,test,20260920-192216-inBroken-115200,inBroken,1,2,50,True,0.11853691935539246,0.07382147014141083,0.9386007189750671,0.9994639158248901,9,4.02843441896457,11.144291806286,1.5313739776611328,-1.152688980102539,-2.1061761379241943,0.0142003009095788,0.19708719849586487,0.6269372701644897,0.16177509725093842
four_class_provisional_roi,460800_to_115200,embedding_only,73,frame_shape,train,20260920-192610-inBroken-460800,inBroken,1,2,51,True,0.0002449860912747681,0.00015241350047290325,0.9999855756759644,0.9999983906745911,9,0.011064829134742236,0.020293391787154964,0.07453528046607971,-1.5488572120666504,-1.5714898109436035,0.00866533163934946,0.1610807329416275,0.7580349445343018,0.07221891731023788
four_class_provisional_roi,460800_to_115200,embedding_only,73,frame_shape,test,20260920-193718-roll-115200,roll,3,3,51,True,12.500553131103516,0.4618545472621918,-0.009749126620590687,0.9989646673202515,9,17.779020011060304,1582.2915888238704,2.8579459190368652,0.6256942749023438,-0.1853494644165039,0.023262659087777138,0.16047120094299316,0.28450682759284973,0.5317592024803162
four_class_provisional_roi,460800_to_115200,embedding_only,73,frame_shape,train,20260920-194108-roll-460800,roll,3,3,51,True,0.00015729619190096855,0.0001064225216396153,0.9999803900718689,0.9999997019767761,9,0.005227642052570735,0.014906270937068247,0.05201772600412369,0.6508340835571289,0.6193447113037109,0.020805103704333305,0.16184118390083313,0.28022804856300354,0.5371256470680237
four_class_provisional_roi,460800_to_115200,ce_only,17,frame_shape,test,20260920-184058-normal-11520,normal,0,0,61,True,6.63630485534668,1.8216845989227295,0.1318923979997635,0.967351496219635,9,196.26358576122644,653.1835151843145,9.321187973022461,8.22990894317627,-1.7706007957458496,0.9978162050247192,3.223801832064055e-05,7.512153388233855e-05,0.0020763357169926167
four_class_provisional_roi,460800_to_115200,ce_only,17,frame_shape,train,20260920-184857-normal-460800,normal,0,0,48,True,3.153585910797119,2.209904670715332,0.3017423748970032,0.9597215056419373,9,264.7692501943786,138.889708775487,10.735880851745605,9.380502700805664,-1.9856464862823486,0.9998738169670105,7.43164719096967e-06,2.8610222216229886e-05,9.004989260574803e-05
four_class_provisional_roi,460800_to_115200,ce_only,17,frame_shape,test,20260920-190512-outBroken-115200,outBroken,2,2,50,False,2.6274313926696777,1.6192052364349365,-0.39247795939445496,0.9731377959251404,9,194.64629239789437,141.664953226815,9.436278343200684,9.494526863098145,-1.9683587551116943,4.575665661832318e-05,8.002120739547536e-05,0.9997959136962891,7.849256508052349e-05
four_class_provisional_roi,460800_to_115200,ce_only,17,frame_shape,train,20260920-190913-outBroken-460800,outBroken,2,2,50,False,2.859875202178955,2.0005178451538086,-0.26454806327819824,0.9702053070068359,9,219.43398867733842,146.630044293431,9.93842887878418,10.022880554199219,-1.7755367755889893,2.3332111595664173e-05,4.514314787229523e-05,0.9998899102210999,4.1576273360988125e-05
four_class_provisional_roi,460800_to_115200,ce_only,17,frame_shape,test,20260920-192216-inBroken-115200,inBroken,1,1,50,True,1.7499407529830933,0.9005643129348755,-0.123033806681633,0.9849732518196106,9,95.35984243022504,128.63256506191328,6.858371734619141,5.917496681213379,-2.1061761379241943,0.0003157827304676175,0.9741542935371399,0.023695629090070724,0.0018344541313126683
four_class_provisional_roi,460800_to_115200,ce_only,17,frame_shape,train,20260920-192610-inBroken-460800,inBroken,1,1,51,True,2.62408447265625,1.56119966506958,-0.0035937370266765356,0.9709950089454651,9,168.33044946914634,167.55233939728305,9.012206077575684,9.70406436920166,-1.5714898109436035,1.783218795026187e-05,0.9998593926429749,6.16041143075563e-05,6.127266533439979e-05
four_class_provisional_roi,460800_to_115200,ce_only,17,frame_shape,test,20260920-193718-roll-115200,roll,3,3,51,True,12.177800178527832,0.9897935390472412,0.15196169912815094,0.9841051697731018,9,140.9711525617758,1417.7872212131158,7.614963531494141,8.152626991271973,-0.1853494644165039,0.0323798730969429,0.00013625601422972977,0.00016671977937221527,0.9673170447349548
four_class_provisional_roi,460800_to_115200,ce_only,17,frame_shape,train,20260920-194108-roll-460800,roll,3,3,51,True,2.9423787593841553,1.3538469076156616,0.02212011069059372,0.9826542735099792,9,188.4933501742816,188.131141453485,8.424421310424805,10.110008239746094,0.6193447113037109,4.5612905523739755e-05,4.0491879190085456e-05,2.1519199435715564e-05,0.9998923540115356
four_class_provisional_roi,460800_to_115200,ce_only,42,frame_shape,test,20260920-184058-normal-11520,normal,0,0,61,True,6.511956214904785,1.7199565172195435,0.12351255863904953,0.9688250422477722,9,184.38798232403042,649.1423959449332,8.992733001708984,8.208701133728027,-1.7706007957458496,0.9952967166900635,0.00010268871847074479,0.0001094371618819423,0.0044913687743246555
four_class_provisional_roi,460800_to_115200,ce_only,42,frame_shape,train,20260920-184857-normal-460800,normal,0,0,48,True,3.092550754547119,2.1137852668762207,0.2798999845981598,0.9605666399002075,9,254.14513540393776,141.7013749479717,10.46175479888916,9.67361831665039,-1.9856464862823486,0.9998781085014343,2.4924671379267238e-05,2.6608344342093915e-05,7.041206845315173e-05
four_class_provisional_roi,460800_to_115200,ce_only,42,frame_shape,test,20260920-190512-outBroken-115200,outBroken,2,2,50,False,2.5659098625183105,1.5381046533584595,-0.3974841237068176,0.9740120768547058,9,193.9955778662863,134.44087481429298,9.432516098022461,9.391851425170898,-1.9683587551116943,6.317692896118388e-05,8.867266296874732e-05,0.9997801780700684,6.817303801653907e-05
four_class_provisional_roi,460800_to_115200,ce_only,42,frame_shape,train,20260920-190913-outBroken-460800,outBroken,2,2,50,False,2.751014232635498,1.8450546264648438,-0.2669562101364136,0.9716299176216125,9,214.20097875748436,137.92882577956902,9.808005332946777,9.85982894897461,-1.7755367755889893,4.0141665522241965e-05,5.289063847158104e-05,0.9998685717582703,3.854626993415877e-05
four_class_provisional_roi,460800_to_115200,ce_only,42,frame_shape,test,20260920-192216-inBroken-115200,inBroken,1,1,50,True,1.9453370571136475,0.9925459027290344,-0.1342802196741104,0.9828475117683411,9,107.86839600247811,141.13474409943296,7.095459461212158,6.293022155761719,-2.1061761379241943,0.00048280079499818385,0.9796115159988403,0.01885616034269333,0.0010495554888620973
four_class_provisional_roi,460800_to_115200,ce_only,42,frame_shape,train,20260920-192610-inBroken-460800,inBroken,1,1,51,True,2.7136430740356445,1.616414189338684,-0.01409800723195076,0.9698889255523682,9,174.19371015681287,173.15259580220817,9.03135871887207,9.768863677978516,-1.5714898109436035,3.972377089667134e-05,0.999859631061554,5.7727531384443864e-05,4.2706713429652154e-05
four_class_provisional_roi,460800_to_115200,ce_only,42,frame_shape,test,20260920-193718-roll-115200,roll,3,3,51,True,12.372621536254883,0.9473502039909363,0.12667687237262726,0.9847338199615479,9,134.15266936743183,1449.542889144373,7.39474630355835,8.271207809448242,-0.1853494644165039,0.021051598712801933,0.0001623406569706276,0.00023064420383889228,0.97855544090271
four_class_provisional_roi,460800_to_115200,ce_only,42,frame_shape,train,20260920-194108-roll-460800,roll,3,3,51,True,2.8921215534210205,1.3167356252670288,0.012512934394180775,0.9832882285118103,9,181.0885016794025,189.10305569038604,8.241315841674805,9.999239921569824,0.6193447113037109,5.2408799092518166e-05,3.980355177191086e-05,3.391964492038824e-05,0.9998738765716553
four_class_provisional_roi,460800_to_115200,ce_only,73,frame_shape,test,20260920-184058-normal-11520,normal,0,0,61,True,6.569422245025635,1.7195441722869873,0.1274580955505371,0.9689605236053467,9,184.5137981618189,656.3722395450912,9.074262619018555,8.466018676757812,-1.7706007957458496,0.997093677520752,4.886402894044295e-05,0.00014988111797720194,0.0027074485551565886
four_class_provisional_roi,460800_to_115200,ce_only,73,frame_shape,train,20260920-184857-normal-460800,normal,0,0,48,True,3.107004165649414,2.117920398712158,0.3065238296985626,0.9608407616615295,9,254.40694665278542,143.28959040286378,10.569080352783203,9.825016021728516,-1.9856464862823486,0.9998814463615417,1.0202643352386076e-05,4.683056613430381e-05,6.160891643958166e-05
four_class_provisional_roi,460800_to_115200,ce_only,73,frame_shape,test,20260920-190512-outBroken-115200,outBroken,2,2,50,False,2.909510850906372,1.7282110452651978,-0.3997075855731964,0.9712172150611877,9,214.68041508433186,157.73694922087975,9.842572212219238,9.519351959228516,-1.9683587551116943,7.712110527791083e-05,7.340437878156081e-05,0.99982088804245,2.861517532437574e-05
four_class_provisional_roi,460800_to_115200,ce_only,73,frame_shape,train,20260920-190913-outBroken-460800,outBroken,2,2,50,False,3.076808452606201,2.0089807510375977,-0.3066333830356598,0.9695945978164673,9,230.27534615672917,163.5561197507167,10.066322326660156,9.79676342010498,-1.7755367755889893,5.5513246479677036e-05,5.6292759836651385e-05,0.9998672604560852,2.0952838895027526e-05
four_class_provisional_roi,460800_to_115200,ce_only,73,frame_shape,test,20260920-192216-inBroken-115200,inBroken,1,1,50,True,1.86003577709198,0.9496683478355408,-0.11106401681900024,0.9842373132705688,9,101.96524322905734,136.11935160678638,7.0294084548950195,5.910040378570557,-2.1061761379241943,0.00034272324410267174,0.9790137410163879,0.019461609423160553,0.0011818341445177794
four_class_provisional_roi,460800_to_115200,ce_only,73,frame_shape,train,20260920-192610-inBroken-460800,inBroken,1,1,51,True,2.753892183303833,1.6192903518676758,0.005318618379533291,0.9704223871231079,9,175.33694872296786,177.16124333395692,9.201408386230469,9.776907920837402,-1.5714898109436035,1.0769421351142228e-05,0.9998837113380432,5.7477398513583466e-05,4.814959174836986e-05
four_class_provisional_roi,460800_to_115200,ce_only,73,frame_shape,test,20260920-193718-roll-115200,roll,3,3,51,True,12.368590354919434,0.9278262257575989,0.1219618171453476,0.9854738712310791,9,130.3252199731197,1452.8542720487105,7.314085483551025,7.88771915435791,-0.1853494644165039,0.020270392298698425,0.00017717819719109684,0.00019236640946473926,0.9793601036071777
four_class_provisional_roi,460800_to_115200,ce_only,73,frame_shape,train,20260920-194108-roll-460800,roll,3,3,51,True,2.6003079414367676,1.1934144496917725,0.06901513040065765,0.984727144241333,9,166.79339394410272,166.0460301227726,7.899331569671631,9.653543472290039,0.6193447113037109,7.002842903602868e-05,5.84180343139451e-05,4.048260234412737e-05,0.999830961227417
four_class_provisional_roi,460800_to_115200,ce_feat_1,17,frame_shape,test,20260920-184058-normal-11520,normal,0,0,61,True,4.50995397567749,0.43110114336013794,0.18927061557769775,0.9934951663017273,9,27.786448158293112,549.4877172747479,3.8212966918945312,2.4611241817474365,-1.7706007957458496,0.8332241773605347,0.030050788074731827,0.05908838286995888,0.07763662934303284
four_class_provisional_roi,460800_to_115200,ce_feat_1,17,frame_shape,train,20260920-184857-normal-460800,normal,0,0,48,True,0.31675541400909424,0.4188876748085022,0.7445353269577026,0.9923336505889893,9,35.160459124755114,5.384230735087948,4.262805938720703,2.7568068504333496,-1.9856464862823486,0.8717831969261169,0.02339792065322399,0.04943157359957695,0.055387381464242935
four_class_provisional_roi,460800_to_115200,ce_feat_1,17,frame_shape,test,20260920-190512-outBroken-115200,outBroken,2,2,50,False,0.4209457039833069,0.32152122259140015,0.45774564146995544,0.9956862926483154,9,29.560328260988776,24.320719950657345,3.7917466163635254,2.4144883155822754,-1.9683587551116943,0.009847201406955719,0.041391514241695404,0.8705834150314331,0.0781780257821083
four_class_provisional_roi,460800_to_115200,ce_feat_1,17,frame_shape,train,20260920-190913-outBroken-460800,outBroken,2,2,50,False,0.2294391244649887,0.22497712075710297,0.7511856555938721,0.9955357313156128,9,24.769284769265496,4.5989216715183545,3.373934507369995,2.5311496257781982,-1.7755367755889893,0.008713352493941784,0.03726580739021301,0.8836826086044312,0.07033828645944595
four_class_provisional_roi,460800_to_115200,ce_feat_1,17,frame_shape,test,20260920-192216-inBroken-115200,inBroken,1,1,50,True,0.24300938844680786,0.18375274538993835,0.6945350170135498,0.996403157711029,9,18.008321616663167,13.096882229619377,3.0264649391174316,1.594912052154541,-2.1061761379241943,0.006026517599821091,0.7778424024581909,0.16537457704544067,0.05075642094016075
four_class_provisional_roi,460800_to_115200,ce_feat_1,17,frame_shape,train,20260920-192610-inBroken-460800,inBroken,1,1,51,True,0.19107896089553833,0.23528602719306946,0.7844766974449158,0.9954127669334412,9,19.3113987606473,5.1467085043389975,3.036252737045288,2.477264404296875,-1.5714898109436035,0.003242377657443285,0.8959062695503235,0.07525773346424103,0.025593755766749382
four_class_provisional_roi,460800_to_115200,ce_feat_1,17,frame_shape,test,20260920-193718-roll-115200,roll,3,3,51,True,12.58465576171875,0.5912104845046997,-0.006681728642433882,0.9977139830589294,9,28.323318617363878,1582.512705423094,3.6757633686065674,2.950932502746582,-0.1853494644165039,0.033034101128578186,0.03804982826113701,0.04974666237831116,0.8791696429252625
four_class_provisional_roi,460800_to_115200,ce_feat_1,17,frame_shape,train,20260920-194108-roll-460800,roll,3,3,51,True,0.09727759659290314,0.088835209608078,0.951206624507904,0.998892068862915,9,10.367289210150375,2.0842422650435752,2.1074764728546143,3.2820892333984375,0.6193447113037109,0.006224936340004206,0.029483843594789505,0.03493988513946533,0.9293515086174011
four_class_provisional_roi,460800_to_115200,ce_feat_1,42,frame_shape,test,20260920-184058-normal-11520,normal,0,0,61,True,4.493531703948975,0.40237075090408325,0.19041873514652252,0.9939390420913696,9,25.79747126239918,549.3746006855494,3.679682493209839,2.3102245330810547,-1.7706007957458496,0.8134901523590088,0.03189261257648468,0.06679338216781616,0.08782389014959335
four_class_provisional_roi,460800_to_115200,ce_feat_1,42,frame_shape,train,20260920-184857-normal-460800,normal,0,0,48,True,0.299932062625885,0.39858126640319824,0.7469602823257446,0.9927178621292114,9,33.311896048706394,5.079408163117684,4.145071506500244,2.641315221786499,-1.9856464862823486,0.8572880625724792,0.026208849623799324,0.055351078510284424,0.061152081936597824
four_class_provisional_roi,460800_to_115200,ce_feat_1,42,frame_shape,test,20260920-190512-outBroken-115200,outBroken,2,2,50,False,0.4257048964500427,0.323930948972702,0.45574086904525757,0.9956441521644592,9,29.79652712978541,24.693698849428536,3.799398899078369,2.4346535205841064,-1.9683587551116943,0.009268464520573616,0.0414021760225296,0.8727108240127563,0.0766185075044632
four_class_provisional_roi,460800_to_115200,ce_feat_1,42,frame_shape,train,20260920-190913-outBroken-460800,outBroken,2,2,50,False,0.22881487011909485,0.2240850329399109,0.7508193850517273,0.995552659034729,9,24.712563180629594,4.57573894886046,3.370115280151367,2.530050039291382,-1.7755367755889893,0.008752015419304371,0.0376918762922287,0.8831746578216553,0.0703815296292305
four_class_provisional_roi,460800_to_115200,ce_feat_1,42,frame_shape,test,20260920-192216-inBroken-115200,inBroken,1,1,50,True,0.23618879914283752,0.17217662930488586,0.6977017521858215,0.9966883063316345,9,16.88150488381482,13.350660394020718,2.9398975372314453,1.4933061599731445,-2.1061761379241943,0.0068580820225179195,0.7563628554344177,0.17766636610031128,0.05911269038915634
four_class_provisional_roi,460800_to_115200,ce_feat_1,42,frame_shape,train,20260920-192610-inBroken-460800,inBroken,1,1,51,True,0.19148734211921692,0.23603174090385437,0.7851647734642029,0.9954023361206055,9,19.34754401435329,5.162835103733134,3.038519859313965,2.4766845703125,-1.5714898109436035,0.003200013656169176,0.896237313747406,0.07532858103513718,0.025234077125787735
four_class_provisional_roi,460800_to_115200,ce_feat_1,42,frame_shape,test,20260920-193718-roll-115200,roll,3,3,51,True,12.544069290161133,0.5602709650993347,-0.007175404578447342,0.9978437423706055,9,26.35081899879021,1579.2899846695245,3.54832124710083,2.8340139389038086,-0.1853494644165039,0.031100435182452202,0.0385873019695282,0.05618256330490112,0.874129593372345
four_class_provisional_roi,460800_to_115200,ce_feat_1,42,frame_shape,train,20260920-194108-roll-460800,roll,3,3,51,True,0.08805063366889954,0.07912730425596237,0.953153133392334,0.9989827275276184,9,9.368971572720646,1.9015105448482066,1.9926996231079102,3.1415958404541016,0.6193447113037109,0.006546579767018557,0.03225374221801758,0.03985465690493584,0.9213449954986572
four_class_provisional_roi,460800_to_115200,ce_feat_1,73,frame_shape,test,20260920-184058-normal-11520,normal,0,0,61,True,4.502352714538574,0.4108905494213104,0.1894349455833435,0.9937196969985962,9,26.817124427818555,549.4839538468896,3.7412307262420654,2.3971550464630127,-1.7706007957458496,0.8262574076652527,0.029879402369260788,0.06134425848722458,0.0825187936425209
four_class_provisional_roi,460800_to_115200,ce_feat_1,73,frame_shape,train,20260920-184857-normal-460800,normal,0,0,48,True,0.3158453106880188,0.4159601330757141,0.7434903383255005,0.9923793077468872,9,35.051801723398405,5.376401952645109,4.2516679763793945,2.7518320083618164,-1.9856464862823486,0.8710107803344727,0.023539623245596886,0.049797818064689636,0.055651918053627014
four_class_provisional_roi,460800_to_115200,ce_feat_1,73,frame_shape,test,20260920-190512-outBroken-115200,outBroken,2,2,50,False,0.42088329792022705,0.32077324390411377,0.4533310532569885,0.995725154876709,9,29.469809440455887,24.40325300028401,3.788085460662842,2.4143128395080566,-1.9683587551116943,0.009829442948102951,0.04266335442662239,0.8695919513702393,0.07791534066200256
four_class_provisional_roi,460800_to_115200,ce_feat_1,73,frame_shape,train,20260920-190913-outBroken-460800,outBroken,2,2,50,False,0.2283729761838913,0.22355133295059204,0.751799464225769,0.9955582022666931,9,24.662555819182167,4.569185167971403,3.3677620887756348,2.5262863636016846,-1.7755367755889893,0.008964997716248035,0.03765450417995453,0.8827646374702454,0.07061567902565002
four_class_provisional_roi,460800_to_115200,ce_feat_1,73,frame_shape,test,20260920-192216-inBroken-115200,inBroken,1,1,50,True,0.2422223687171936,0.1773524284362793,0.6884608268737793,0.9966650009155273,9,17.206278566071592,13.798184257424882,2.969975471496582,1.4968457221984863,-2.1061761379241943,0.006970069371163845,0.7573589086532593,0.17632700502872467,0.059343982487916946
four_class_provisional_roi,460800_to_115200,ce_feat_1,73,frame_shape,train,20260920-192610-inBroken-460800,inBroken,1,1,51,True,0.18332934379577637,0.22431954741477966,0.7849774360656738,0.9956105351448059,9,18.546527262385183,4.919627559722009,2.98132061958313,2.411433219909668,-1.5714898109436035,0.0034719868563115597,0.8886971473693848,0.07972835749387741,0.02810242585837841
four_class_provisional_roi,460800_to_115200,ce_feat_1,73,frame_shape,test,20260920-193718-roll-115200,roll,3,3,51,True,12.576906204223633,0.5888996720314026,-0.006334628909826279,0.9977965950965881,9,27.715912105641205,1582.1279833177819,3.649251937866211,2.871723175048828,-0.1853494644165039,0.024152083322405815,0.03882506117224693,0.05363253504037857,0.8833903670310974
four_class_provisional_roi,460800_to_115200,ce_feat_1,73,frame_shape,train,20260920-194108-roll-460800,roll,3,3,51,True,0.08853307366371155,0.0802391916513443,0.9535789489746094,0.998977780342102,9,9.436970848158893,1.8952628427113958,2.0035240650177,3.153769016265869,0.6193447113037109,0.006469727028161287,0.03225209563970566,0.03938896954059601,0.9218891859054565
four_class_provisional_roi,all_known,embedding_only,42,frame_shape,train,20260920-184058-normal-11520,normal,0,3,61,True,0.0015206597745418549,0.000821018940769136,0.9986718893051147,0.9999915361404419,9,0.07711241268821144,0.11753203224849104,0.18063238263130188,-1.8009202480316162,-1.7706007957458496,0.09309080988168716,0.0442434661090374,0.30386337637901306,0.5588022470474243
four_class_provisional_roi,all_known,embedding_only,42,frame_shape,train,20260920-184857-normal-460800,normal,0,3,48,True,0.00042254221625626087,0.00022295350208878517,0.9987301826477051,0.999997079372406,9,0.021512837265249975,0.03257256649331604,0.09614801406860352,-2.0043647289276123,-1.9856464862823486,0.05913693085312843,0.1517713963985443,0.3523382842540741,0.4367532730102539
four_class_provisional_roi,all_known,embedding_only,42,frame_shape,train,20260920-190512-outBroken-115200,outBroken,2,3,50,False,0.00032556685619056225,0.0002470214676577598,0.9995704293251038,0.9999994039535522,9,0.010951042596829195,0.030721512062121037,0.0733952671289444,-1.9282689094543457,-1.9683587551116943,0.02062099054455757,0.19116206467151642,0.10037288814783096,0.6878440380096436
four_class_provisional_roi,all_known,embedding_only,42,frame_shape,train,20260920-190913-outBroken-460800,outBroken,2,3,50,False,0.0004559396766126156,0.00022288320178631693,0.9995232820510864,0.9999969601631165,9,0.016345242000238253,0.04201503992245999,0.09205996245145798,-1.693493366241455,-1.7755367755889893,0.020129090175032616,0.19265276193618774,0.12323258072137833,0.6639856100082397
four_class_provisional_roi,all_known,embedding_only,42,frame_shape,train,20260920-192216-inBroken-115200,inBroken,1,2,50,True,6.230159488040954e-05,3.3112839446403086e-05,0.9999556541442871,0.9999997019767761,9,0.00176167009954869,0.0062129338857533495,0.0295806173235178,-2.083388566970825,-2.1061761379241943,0.01147470623254776,0.10135085880756378,0.8114174604415894,0.0757569894194603
four_class_provisional_roi,all_known,embedding_only,42,frame_shape,train,20260920-192610-inBroken-460800,inBroken,1,2,51,True,5.479731044033542e-05,3.052499232580885e-05,0.9999372363090515,0.9999996423721313,9,0.00284056087010479,0.004173494785321042,0.036099452525377274,-1.5562458038330078,-1.5714898109436035,0.008241137489676476,0.16134370863437653,0.7631325721740723,0.06728250533342361
four_class_provisional_roi,all_known,embedding_only,42,frame_shape,train,20260920-193718-roll-115200,roll,3,2,51,True,0.0007777480641379952,0.0005157295963726938,0.998724639415741,0.999997615814209,9,0.03256232841034952,0.06698942627631621,0.1275891661643982,-0.2109055519104004,-0.1853494644165039,0.017350157722830772,0.08616138994693756,0.4954219460487366,0.401066392660141
four_class_provisional_roi,all_known,embedding_only,42,frame_shape,train,20260920-194108-roll-460800,roll,3,3,51,True,0.0009760051616467535,0.0006670948350802064,0.9999557137489319,0.9999986290931702,9,0.033993371904791715,0.09093528534114682,0.12486894428730011,0.5976290702819824,0.6193447113037109,0.02083250880241394,0.16365115344524384,0.29023534059524536,0.5252809524536133
four_class_provisional_roi,all_known,embedding_only,42,frame_shape,external,20260920-195424-keep-115200,keep,-1,3,51,False,0.8230050802230835,0.30687740445137024,-0.07025128602981567,0.9947839975357056,9,36.49444920931915,68.85019973050774,3.9326722621917725,,,0.025028156116604805,0.2069884091615677,0.18398931622505188,0.5839940905570984
four_class_provisional_roi,all_known,embedding_only,42,frame_shape,external,20260920-195753-keep-460800,keep,-1,3,51,False,0.9691967964172363,0.471193790435791,-0.23714682459831238,0.9936155676841736,9,45.27384283840787,78.7833452114237,4.453812599182129,,,0.02334774099290371,0.20574530959129333,0.14368031919002533,0.627226710319519
four_class_provisional_roi,all_known,embedding_only,42,frame_shape,external,20260920-201757-bigNormal-115200,bigNormal,0,3,50,True,15603.16015625,26.80780792236328,-0.1280357986688614,0.75437992811203,9,1861.9587240564083,1995342.7462142224,28.55233383178711,-3.1959917545318604,-26.84650230407715,0.021477127447724342,0.19160009920597076,0.2611914277076721,0.5257313847541809
four_class_provisional_roi,all_known,embedding_only,42,frame_shape,external,20260920-202115-bigNormal-460800,bigNormal,0,3,50,True,16116.7421875,31.1634521484375,-0.10928555577993393,0.7459525465965271,9,2142.033760382361,2060800.8020432435,30.753435134887695,-3.201791286468506,-29.52912712097168,0.021953921765089035,0.19433026015758514,0.24338321387767792,0.540332555770874
four_class_provisional_roi,all_known,ce_only,42,frame_shape,train,20260920-184058-normal-11520,normal,0,0,61,True,3.1001834869384766,1.9537001848220825,0.43419355154037476,0.9647225141525269,9,253.18687922755902,143.63659460776162,10.150216102600098,9.812217712402344,-1.7706007957458496,0.9998634457588196,1.0002655471907929e-05,2.7753372705774382e-05,9.88078536465764e-05
four_class_provisional_roi,all_known,ce_only,42,frame_shape,train,20260920-184857-normal-460800,normal,0,0,48,True,3.549532175064087,2.1421029567718506,0.2717461884021759,0.9603897333145142,9,299.78456513394997,154.55555336569546,11.023003578186035,10.189929962158203,-1.9856464862823486,0.9999324679374695,6.565297098859446e-06,2.168334503949154e-05,3.9471531636081636e-05
four_class_provisional_roi,all_known,ce_only,42,frame_shape,train,20260920-190512-outBroken-115200,outBroken,2,2,50,False,2.8606066703796387,1.6535289287567139,-0.42561179399490356,0.9717552065849304,9,226.39562057225712,139.7620318792671,9.95048713684082,9.959360122680664,-1.9683587551116943,4.2932777432724833e-05,4.776258356287144e-05,0.9998767375946045,3.2613581424811855e-05
four_class_provisional_roi,all_known,ce_only,42,frame_shape,train,20260920-190913-outBroken-460800,outBroken,2,2,50,False,2.86432147026062,1.7622478008270264,-0.3308044373989105,0.9719633460044861,9,227.96236860531846,138.6707847225224,9.834336280822754,9.855624198913574,-1.7755367755889893,4.398852615850046e-05,5.549023990170099e-05,0.999866247177124,3.4251148463226855e-05
four_class_provisional_roi,all_known,ce_only,42,frame_shape,train,20260920-192216-inBroken-115200,inBroken,1,1,50,True,3.125091552734375,1.6707555055618286,-0.1170932874083519,0.9690854549407959,9,200.9196018964824,199.092102912756,9.52371597290039,9.768550872802734,-2.1061761379241943,3.522869519656524e-05,0.9998484253883362,6.136800948297605e-05,5.5013984820107e-05
four_class_provisional_roi,all_known,ce_only,42,frame_shape,train,20260920-192610-inBroken-460800,inBroken,1,1,51,True,2.6843888759613037,1.5291986465454102,0.08244170248508453,0.9710740447044373,9,180.76051190781692,162.84125552646108,9.014504432678223,9.81261157989502,-1.5714898109436035,3.963496055803262e-05,0.9998531937599182,5.529904956347309e-05,5.190627780393697e-05
four_class_provisional_roi,all_known,ce_only,42,frame_shape,train,20260920-193718-roll-115200,roll,3,3,51,True,2.092151165008545,1.075465440750122,0.14339272677898407,0.9826823472976685,9,177.271109235749,90.52424007998177,8.279452323913574,9.781991958618164,-0.1853494644165039,0.00010889041004702449,5.229875387158245e-05,2.7076135665993206e-05,0.9998116493225098
four_class_provisional_roi,all_known,ce_only,42,frame_shape,train,20260920-194108-roll-460800,roll,3,3,51,True,3.3648838996887207,1.4194800853729248,-0.020260579884052277,0.9820989370346069,9,211.91018475908913,218.79491864042564,8.681998252868652,10.140339851379395,0.6193447113037109,3.9315371395787224e-05,4.253378574503586e-05,1.4076994375500362e-05,0.9999040961265564
four_class_provisional_roi,all_known,ce_only,42,frame_shape,external,20260920-195424-keep-115200,keep,-1,2,51,False,1.8391790390014648,0.9315093755722046,0.08562324196100235,0.9852854609489441,9,113.81481409422994,121.60009924829941,7.04624605178833,,,0.00044146066647954285,0.00022495152370538563,0.9990592002868652,0.0002746036334428936
four_class_provisional_roi,all_known,ce_only,42,frame_shape,external,20260920-195753-keep-460800,keep,-1,2,51,False,1.833716630935669,1.050438404083252,0.15456242859363556,0.9844624400138855,9,122.3789137607277,112.33682937476736,7.201971530914307,,,0.00018351100152358413,0.0001425302034476772,0.9995240569114685,0.0001499430654803291
four_class_provisional_roi,all_known,ce_only,42,frame_shape,external,20260920-201757-bigNormal-115200,bigNormal,0,2,50,True,15595.4521484375,25.9328556060791,0.0027049097698181868,0.7640109062194824,9,1788.4104813416184,1994429.4157876396,27.691455841064453,-5.3715620040893555,-26.84650230407715,0.004507935140281916,0.024271775037050247,0.8141219615936279,0.15709827840328217
four_class_provisional_roi,all_known,ce_only,42,frame_shape,external,20260920-202115-bigNormal-460800,bigNormal,0,2,50,True,16111.970703125,29.5887508392334,-0.012938063591718674,0.7610076665878296,9,1991.9114343270699,2060340.567898618,29.168140411376953,-6.4942498207092285,-29.52912712097168,0.0018685912946239114,0.012401043437421322,0.9631425738334656,0.022588014602661133
four_class_provisional_roi,all_known,ce_feat_1,42,frame_shape,train,20260920-184058-normal-11520,normal,0,0,61,True,0.2749555706977844,0.2833862900733948,0.7994102835655212,0.9951387047767639,9,29.796125683758532,5.398190362709405,3.6467766761779785,2.524799108505249,-1.7706007957458496,0.868118166923523,0.008946084417402744,0.05292930081486702,0.07000639289617538
four_class_provisional_roi,all_known,ce_feat_1,42,frame_shape,train,20260920-184857-normal-460800,normal,0,0,48,True,0.3321998715400696,0.3198626637458801,0.7025316953659058,0.994048535823822,9,36.07561241805998,6.4459745322685675,4.005674839019775,2.5501492023468018,-1.9856464862823486,0.8488031029701233,0.026607006788253784,0.05813014879822731,0.06645982712507248
four_class_provisional_roi,all_known,ce_feat_1,42,frame_shape,train,20260920-190512-outBroken-115200,outBroken,2,2,50,False,0.24923694133758545,0.2159551978111267,0.5976836085319519,0.9961822032928467,9,26.61750866598166,5.284818487691051,3.4199600219726562,2.3898801803588867,-1.9683587551116943,0.010715851560235023,0.042711712419986725,0.86702561378479,0.07954683899879456
four_class_provisional_roi,all_known,ce_feat_1,42,frame_shape,train,20260920-190913-outBroken-460800,outBroken,2,2,50,False,0.2284814417362213,0.19959548115730286,0.7224642038345337,0.9959754347801208,9,24.328113991409875,4.9175107259141155,3.2512617111206055,2.3823156356811523,-1.7755367755889893,0.00994776375591755,0.042450617998838425,0.8673836588859558,0.08021805435419083
four_class_provisional_roi,all_known,ce_feat_1,42,frame_shape,train,20260920-192216-inBroken-115200,inBroken,1,1,50,True,0.2431611865758896,0.25734323263168335,0.7512960433959961,0.9945611357688904,9,24.151429556682192,6.973201008749946,3.3232452869415283,2.295989513397217,-2.1061761379241943,0.004685241729021072,0.8756438493728638,0.08834071457386017,0.031330157071352005
four_class_provisional_roi,all_known,ce_feat_1,42,frame_shape,train,20260920-192610-inBroken-460800,inBroken,1,1,51,True,0.20184826850891113,0.21882417798042297,0.7727231383323669,0.995685338973999,9,20.154338194749073,5.68224074478764,3.051177978515625,2.4615659713745117,-1.5714898109436035,0.0028207923751324415,0.8950905799865723,0.0764242634177208,0.02566436678171158
four_class_provisional_roi,all_known,ce_feat_1,42,frame_shape,train,20260920-193718-roll-115200,roll,3,3,51,True,0.10795765370130539,0.08338259905576706,0.7920029163360596,0.9986478090286255,9,11.525743200113618,2.2928374681993136,2.185237169265747,2.7382125854492188,-0.1853494644165039,0.007090308703482151,0.02458817884325981,0.059146977961063385,0.9091745018959045
four_class_provisional_roi,all_known,ce_feat_1,42,frame_shape,train,20260920-194108-roll-460800,roll,3,3,51,True,0.09162791073322296,0.07108637690544128,0.9609113335609436,0.9991023540496826,9,9.629347528779196,2.099025816193838,1.973227858543396,3.1204190254211426,0.6193447113037109,0.007157876156270504,0.03215328976511955,0.04073791950941086,0.9199509024620056
four_class_provisional_roi,all_known,ce_feat_1,42,frame_shape,external,20260920-195424-keep-115200,keep,-1,2,51,False,0.8333680033683777,0.3344046473503113,0.025083161890506744,0.9942440986633301,9,33.328507783398535,73.3426007348539,3.771348714828491,,,0.020885173231363297,0.06139901652932167,0.762239396572113,0.1554764062166214
four_class_provisional_roi,all_known,ce_feat_1,42,frame_shape,external,20260920-195753-keep-460800,keep,-1,2,51,False,0.9115762710571289,0.46537280082702637,-0.06178468093276024,0.9936962723731995,9,35.87167742583884,80.81008559749577,3.892695903778076,,,0.015149521641433239,0.05580827593803406,0.8043742179870605,0.12466797977685928
four_class_provisional_roi,all_known,ce_feat_1,42,frame_shape,external,20260920-201757-bigNormal-115200,bigNormal,0,2,50,True,15602.9521484375,26.413681030273438,-0.07670029997825623,0.7560734152793884,9,1862.4962961518966,1995315.2147425872,28.46002769470215,-3.5502092838287354,-26.84650230407715,0.015012085437774658,0.09804275631904602,0.5276881456375122,0.3592569828033447
four_class_provisional_roi,all_known,ce_feat_1,42,frame_shape,external,20260920-202115-bigNormal-460800,bigNormal,0,2,50,True,16115.580078125,30.292133331298828,-0.06402386724948883,0.751155436038971,9,2097.133432955563,2060696.9704114825,30.295249938964844,-3.7655508518218994,-29.52912712097168,0.014754217118024826,0.09518296271562576,0.6391434073448181,0.250919371843338
three_class_geometry_compatible,115200_to_460800,embedding_only,17,frame_shape,train,20260920-184058-normal-11520,normal,0,3,61,True,0.00010117400961462408,4.6672194002894685e-05,0.9999918937683105,0.9999994039535522,9,0.0038278362111709573,0.009122436445790522,0.04218662157654762,-1.7611651420593262,-1.7706007957458496,0.09972003102302551,0.03412919119000435,0.28641611337661743,0.5797346830368042
three_class_geometry_compatible,115200_to_460800,embedding_only,17,frame_shape,test,20260920-184857-normal-460800,normal,0,3,48,True,0.1391678750514984,0.0629725456237793,0.6223897337913513,0.9992541074752808,9,6.1698005341373,11.643688779985549,1.622752070426941,-1.7719676494598389,-1.9856464862823486,0.0968869999051094,0.035611867904663086,0.2979310154914856,0.569570004940033
three_class_geometry_compatible,115200_to_460800,embedding_only,17,frame_shape,train,20260920-192216-inBroken-115200,inBroken,1,2,50,True,2.930240270870854e-06,1.06755555862037e-06,0.9999943971633911,1.0,9,3.11700260318852e-05,0.00034390072813634946,0.00359571841545403,-2.1056861877441406,-2.1061761379241943,0.011393067426979542,0.09926287829875946,0.8152288198471069,0.07411541789770126
three_class_geometry_compatible,115200_to_460800,embedding_only,17,frame_shape,test,20260920-192610-inBroken-460800,inBroken,1,2,51,True,0.10888994485139847,0.03853955492377281,0.745397686958313,0.9995380640029907,9,3.7693427507907815,10.168571078754884,1.2404948472976685,-2.083146810531616,-1.5714898109436035,0.013749081641435623,0.09838008880615234,0.7900046706199646,0.09786610305309296
three_class_geometry_compatible,115200_to_460800,embedding_only,17,frame_shape,train,20260920-193718-roll-115200,roll,3,2,51,True,2.6441895897733048e-05,1.865723061200697e-05,0.9999447464942932,0.9999999403953552,9,0.0011961230320965462,0.0021884397052815995,0.023247981444001198,-0.16893482208251953,-0.1853494644165039,0.017194295302033424,0.08278721570968628,0.4879113435745239,0.4121071398258209
three_class_geometry_compatible,115200_to_460800,embedding_only,17,frame_shape,test,20260920-194108-roll-460800,roll,3,2,51,True,1.443410873413086,0.6039069890975952,0.648938000202179,0.9987280368804932,9,27.717542393013353,157.03905205212965,3.40350604057312,-0.21631574630737305,0.6193447113037109,0.017533941194415092,0.08348451554775238,0.49782752990722656,0.4011540412902832
three_class_geometry_compatible,115200_to_460800,embedding_only,42,frame_shape,train,20260920-184058-normal-11520,normal,0,3,61,True,7.843576895538718e-05,2.7147159926244058e-05,0.9999345541000366,0.9999995231628418,9,0.002671749201671941,0.0073680290305932605,0.038122281432151794,-1.7853775024414062,-1.7706007957458496,0.09611666202545166,0.03554154932498932,0.2961946427822113,0.5721471905708313
three_class_geometry_compatible,115200_to_460800,embedding_only,42,frame_shape,test,20260920-184857-normal-460800,normal,0,3,48,True,0.13705365359783173,0.06226663291454315,0.6217186450958252,0.9992702603340149,9,6.05864426771395,11.484223663953582,1.6055045127868652,-1.7832410335540771,-1.9856464862823486,0.09520263224840164,0.03627501800656319,0.30269214510917664,0.5658301711082458
three_class_geometry_compatible,115200_to_460800,embedding_only,42,frame_shape,train,20260920-192216-inBroken-115200,inBroken,1,2,50,True,0.00011271324183326215,7.131632446544245e-05,0.9999611377716064,0.9999993443489075,9,0.004563761171736324,0.009863534104783505,0.04726044461131096,-2.1082844734191895,-2.1061761379241943,0.011238878592848778,0.09927409142255783,0.8174436092376709,0.07204337418079376
three_class_geometry_compatible,115200_to_460800,embedding_only,42,frame_shape,test,20260920-192610-inBroken-460800,inBroken,1,2,51,True,0.11406147480010986,0.04071366786956787,0.7327500581741333,0.9995246529579163,9,3.9144447203499624,10.68542361736655,1.2764602899551392,-2.091799259185791,-1.5714898109436035,0.014145905151963234,0.09768890589475632,0.7912805080413818,0.09688473492860794
three_class_geometry_compatible,115200_to_460800,embedding_only,42,frame_shape,train,20260920-193718-roll-115200,roll,3,2,51,True,0.00023417329066433012,0.00015073000395204872,0.9998883605003357,0.9999991059303284,9,0.010360970635791555,0.019613209431274627,0.07505437731742859,-0.14714908599853516,-0.1853494644165039,0.01691359467804432,0.08275139331817627,0.48321545124053955,0.4171196520328522
three_class_geometry_compatible,115200_to_460800,embedding_only,42,frame_shape,test,20260920-194108-roll-460800,roll,3,2,51,True,1.4175841808319092,0.5847280025482178,0.6509223580360413,0.9987547397613525,9,26.678565178796262,154.77220924806608,3.3136560916900635,-0.17345142364501953,0.6193447113037109,0.017031796276569366,0.08300577104091644,0.48882341384887695,0.41113898158073425
three_class_geometry_compatible,115200_to_460800,embedding_only,73,frame_shape,train,20260920-184058-normal-11520,normal,0,3,61,True,0.00012053359387209639,5.5360087571898475e-05,0.9999884963035583,0.9999992251396179,9,0.004583532857095273,0.010844766488361857,0.046165890991687775,-1.7813620567321777,-1.7706007957458496,0.09579610079526901,0.03600483015179634,0.2998808026313782,0.5683183073997498
three_class_geometry_compatible,115200_to_460800,embedding_only,73,frame_shape,test,20260920-184857-normal-460800,normal,0,3,48,True,0.13476434350013733,0.06038713455200195,0.6233615875244141,0.9992832541465759,9,5.917205661796353,11.33262958666339,1.5869977474212646,-1.7828929424285889,-1.9856464862823486,0.09470271319150925,0.03671097382903099,0.3058312237262726,0.5627550482749939
three_class_geometry_compatible,115200_to_460800,embedding_only,73,frame_shape,train,20260920-192216-inBroken-115200,inBroken,1,2,50,True,5.931156920269132e-06,3.517211098369444e-06,0.9999942779541016,0.9999999403953552,9,0.00018870286800374382,0.0005704852151917018,0.009978452697396278,-2.1068172454833984,-2.1061761379241943,0.011414473876357079,0.09918203949928284,0.8154828548431396,0.07392053306102753
three_class_geometry_compatible,115200_to_460800,embedding_only,73,frame_shape,test,20260920-192610-inBroken-460800,inBroken,1,2,51,True,0.10861526429653168,0.0363253690302372,0.7471654415130615,0.9994720220565796,9,3.9205161295867947,9.982238264058326,1.2624799013137817,-2.076688528060913,-1.5714898109436035,0.015092828311026096,0.09734514355659485,0.7766925692558289,0.11086930334568024
three_class_geometry_compatible,115200_to_460800,embedding_only,73,frame_shape,train,20260920-193718-roll-115200,roll,3,2,51,True,0.00010181406105402857,3.949061647290364e-05,0.9999414682388306,0.999999463558197,9,0.003734532768346624,0.009297666962529514,0.04662049934267998,-0.1898188591003418,-0.1853494644165039,0.016611462458968163,0.08431090414524078,0.49206292629241943,0.40701475739479065
three_class_geometry_compatible,115200_to_460800,embedding_only,73,frame_shape,test,20260920-194108-roll-460800,roll,3,2,51,True,1.4442462921142578,0.6086666584014893,0.6419376730918884,0.9987396597862244,9,27.715426525215843,157.1480952424466,3.3962273597717285,-0.2549271583557129,0.6193447113037109,0.0168201494961977,0.08531912416219711,0.505788266658783,0.39207252860069275
three_class_geometry_compatible,115200_to_460800,ce_only,17,frame_shape,train,20260920-184058-normal-11520,normal,0,0,61,True,3.198615074157715,1.911015510559082,0.42237207293510437,0.9656501412391663,9,257.16414530817735,152.258583978489,10.102984428405762,9.306540489196777,-1.7706007957458496,0.9998521208763123,8.960909326560795e-06,1.9510931451804936e-05,0.00011940614058403298
three_class_geometry_compatible,115200_to_460800,ce_only,17,frame_shape,test,20260920-184857-normal-460800,normal,0,0,48,True,3.470194101333618,2.0026745796203613,0.22612500190734863,0.9632447957992554,9,286.64080979835586,157.5440298064524,10.683292388916016,9.261670112609863,-1.9856464862823486,0.9998673796653748,1.0794901754707098e-05,2.311017487954814e-05,9.88729007076472e-05
three_class_geometry_compatible,115200_to_460800,ce_only,17,frame_shape,train,20260920-192216-inBroken-115200,inBroken,1,1,50,True,3.338639736175537,1.8157652616500854,0.008229970932006836,0.964809775352478,9,206.96085998416834,220.38501437140167,9.72021770477295,9.503716468811035,-2.1061761379241943,1.9884941139025614e-05,0.9998647570610046,3.700146044138819e-05,7.84273142926395e-05
three_class_geometry_compatible,115200_to_460800,ce_only,17,frame_shape,test,20260920-192610-inBroken-460800,inBroken,1,1,51,True,2.3117501735687256,1.3440465927124023,0.2816080152988434,0.9737942814826965,9,148.99036316929642,146.91366766584082,8.201094627380371,8.355222702026367,-1.5714898109436035,5.616857743007131e-05,0.9995604157447815,0.00013354398834053427,0.0002501918061170727
three_class_geometry_compatible,115200_to_460800,ce_only,17,frame_shape,train,20260920-193718-roll-115200,roll,3,3,51,True,2.297945022583008,1.0126442909240723,0.18302756547927856,0.9831547141075134,9,177.65011927139,116.48680642534362,8.042586326599121,10.138132095336914,-0.1853494644165039,5.9636280639097095e-05,3.424268652452156e-05,4.0996317693497986e-05,0.9998650550842285
three_class_geometry_compatible,115200_to_460800,ce_only,17,frame_shape,test,20260920-194108-roll-460800,roll,3,3,51,True,4.49587345123291,1.4207468032836914,-0.038751304149627686,0.98305743932724,9,207.50312907715514,367.968677553203,8.321390151977539,10.034381866455078,0.6193447113037109,4.905913374386728e-05,4.144580088905059e-05,4.367056317278184e-05,0.9998656511306763
three_class_geometry_compatible,115200_to_460800,ce_only,42,frame_shape,train,20260920-184058-normal-11520,normal,0,0,61,True,3.822551727294922,2.2604780197143555,0.4301493167877197,0.9596964716911316,9,305.7215492351957,183.56507134290547,11.096556663513184,10.282440185546875,-1.7706007957458496,0.9999282956123352,1.951244257725193e-06,8.507517122779973e-06,6.138535536592826e-05
three_class_geometry_compatible,115200_to_460800,ce_only,42,frame_shape,test,20260920-184857-normal-460800,normal,0,0,48,True,4.215333461761475,2.4283547401428223,0.21926216781139374,0.9559717774391174,9,347.06897004060727,192.49374416574113,11.841226577758789,10.327674865722656,-1.9856464862823486,0.9999537467956543,1.8524407323639025e-06,8.277082088170573e-06,3.618200935306959e-05
three_class_geometry_compatible,115200_to_460800,ce_only,42,frame_shape,train,20260920-192216-inBroken-115200,inBroken,1,1,50,True,3.3312087059020996,1.7954903841018677,0.006819512229412794,0.9653003811836243,9,202.70460768618258,223.6901109531006,9.559410095214844,9.725802421569824,-2.1061761379241943,3.24304673995357e-05,0.9998536109924316,5.1452898333081976e-05,6.246049451874569e-05
three_class_geometry_compatible,115200_to_460800,ce_only,42,frame_shape,test,20260920-192610-inBroken-460800,inBroken,1,1,51,True,2.240577459335327,1.2930049896240234,0.29013901948928833,0.9748179316520691,9,141.74904798766275,145.0448895911241,7.951992034912109,8.503149032592773,-1.5714898109436035,9.777945524547249e-05,0.9994446039199829,0.00023116562806535512,0.00022624206030741334
three_class_geometry_compatible,115200_to_460800,ce_only,42,frame_shape,train,20260920-193718-roll-115200,roll,3,3,51,True,2.4113824367523193,1.072171926498413,0.1573534905910492,0.9816632270812988,9,185.5505764353161,123.10635785710262,8.2489013671875,9.900365829467773,-0.1853494644165039,6.570580444531515e-05,2.6841140424949117e-05,3.0728562705917284e-05,0.9998767375946045
three_class_geometry_compatible,115200_to_460800,ce_only,42,frame_shape,test,20260920-194108-roll-460800,roll,3,3,51,True,4.7228803634643555,1.5729693174362183,-0.0642905905842781,0.9814823865890503,9,218.66948910944018,385.8591719911102,8.63135051727295,9.886154174804688,0.6193447113037109,5.41892004548572e-05,3.1250023312168196e-05,3.545236540958285e-05,0.9998790621757507
three_class_geometry_compatible,115200_to_460800,ce_only,73,frame_shape,train,20260920-184058-normal-11520,normal,0,0,61,True,3.402937412261963,2.049297332763672,0.40031835436820984,0.9629555940628052,9,270.08675133422435,165.48923122348197,10.220523834228516,9.397809982299805,-1.7706007957458496,0.9998542666435242,3.4432017855579033e-05,1.1537868886080105e-05,9.975189459510148e-05
three_class_geometry_compatible,115200_to_460800,ce_only,73,frame_shape,test,20260920-184857-normal-460800,normal,0,0,48,True,3.5467238426208496,2.064964532852173,0.277770072221756,0.9617077708244324,9,290.18982603752386,163.79082552975163,10.617025375366211,9.28941535949707,-1.9856464862823486,0.9998441338539124,4.341283056419343e-05,1.4259650924941525e-05,9.810968913370743e-05
three_class_geometry_compatible,115200_to_460800,ce_only,73,frame_shape,train,20260920-192216-inBroken-115200,inBroken,1,1,50,True,3.5061073303222656,1.865797519683838,0.016350746154785156,0.9637125134468079,9,212.62670573147028,236.155048212689,9.773430824279785,10.086529731750488,-2.1061761379241943,2.678136297618039e-05,0.9998877644538879,4.1163511923514307e-05,4.442674617166631e-05
three_class_geometry_compatible,115200_to_460800,ce_only,73,frame_shape,test,20260920-192610-inBroken-460800,inBroken,1,1,51,True,2.0247061252593994,1.1440460681915283,0.2790946364402771,0.9776111841201782,9,125.77099377559055,133.39139369763993,7.494142055511475,7.820986747741699,-1.5714898109436035,0.00019482932111714035,0.9988185167312622,0.0004357301804702729,0.0005509345792233944
three_class_geometry_compatible,115200_to_460800,ce_only,73,frame_shape,train,20260920-193718-roll-115200,roll,3,3,51,True,2.169917106628418,0.9455538392066956,0.18516024947166443,0.9840086102485657,9,170.88925160621585,106.86014842257308,7.8570451736450195,9.985940933227539,-0.1853494644165039,5.9658908867277205e-05,4.6469773224089295e-05,4.545720366877504e-05,0.9998485445976257
three_class_geometry_compatible,115200_to_460800,ce_only,73,frame_shape,test,20260920-194108-roll-460800,roll,3,3,51,True,4.343029975891113,1.3971903324127197,-0.03457468003034592,0.9838768839836121,9,201.55682017291358,354.35096312782196,8.146038055419922,9.875994682312012,0.6193447113037109,4.8021916882134974e-05,5.4688931413693354e-05,5.7127548643620685e-05,0.999840259552002
three_class_geometry_compatible,115200_to_460800,ce_feat_1,17,frame_shape,train,20260920-184058-normal-11520,normal,0,0,61,True,0.2875404953956604,0.24927254021167755,0.7788742184638977,0.9956094622612,9,31.171201820067495,5.633983954576216,3.571471929550171,2.454395294189453,-1.7706007957458496,0.8655502796173096,0.008713521994650364,0.051279179751873016,0.07445685565471649
three_class_geometry_compatible,115200_to_460800,ce_feat_1,17,frame_shape,test,20260920-184857-normal-460800,normal,0,0,48,True,0.459618479013443,0.293404221534729,0.49247923493385315,0.9945149421691895,9,41.61314339388225,17.218022614768774,4.130173683166504,2.2717394828796387,-1.9856464862823486,0.8394873142242432,0.010697420686483383,0.06284584850072861,0.08696944266557693
three_class_geometry_compatible,115200_to_460800,ce_feat_1,17,frame_shape,train,20260920-192216-inBroken-115200,inBroken,1,1,50,True,0.24858053028583527,0.29460784792900085,0.7228692173957825,0.993743360042572,9,24.815225343391255,7.003083374062993,3.3613121509552,2.3183400630950928,-2.1061761379241943,0.004301478620618582,0.8800399303436279,0.08668775856494904,0.028970783576369286
three_class_geometry_compatible,115200_to_460800,ce_feat_1,17,frame_shape,test,20260920-192610-inBroken-460800,inBroken,1,1,51,True,0.23958823084831238,0.25171151757240295,0.6409830451011658,0.9958032369613647,9,17.19950373812337,13.467790877803882,2.699064016342163,1.7908406257629395,-1.5714898109436035,0.006853603292256594,0.8076057434082031,0.13584475219249725,0.049695827066898346
three_class_geometry_compatible,115200_to_460800,ce_feat_1,17,frame_shape,train,20260920-193718-roll-115200,roll,3,3,51,True,0.11208638548851013,0.08936437964439392,0.8233994841575623,0.9985916018486023,9,11.91715584329771,2.4299013890871812,2.1936111450195312,2.7245969772338867,-0.1853494644165039,0.007201430853456259,0.022962041199207306,0.05974053218960762,0.9100959897041321
three_class_geometry_compatible,115200_to_460800,ce_feat_1,17,frame_shape,test,20260920-194108-roll-460800,roll,3,3,51,True,1.5035130977630615,0.5438289642333984,0.5317565202713013,0.9978132247924805,9,32.81698886278683,159.63268311062333,3.3426012992858887,2.618967056274414,0.6193447113037109,0.0075765312649309635,0.02578938938677311,0.06612955033779144,0.9005045294761658
three_class_geometry_compatible,115200_to_460800,ce_feat_1,42,frame_shape,train,20260920-184058-normal-11520,normal,0,0,61,True,0.2798655033111572,0.24339015781879425,0.7804346680641174,0.995715856552124,9,30.339754005514333,5.483031639465608,3.5240695476531982,2.3939571380615234,-1.7706007957458496,0.8590635657310486,0.009043866768479347,0.05335569381713867,0.07853693515062332
three_class_geometry_compatible,115200_to_460800,ce_feat_1,42,frame_shape,test,20260920-184857-normal-460800,normal,0,0,48,True,0.4631865322589874,0.29618749022483826,0.49486684799194336,0.9944645762443542,9,41.92245828090878,17.365417079933785,4.148286819458008,2.273677110671997,-1.9856464862823486,0.8414673209190369,0.01049740333110094,0.06098821759223938,0.08704715222120285
three_class_geometry_compatible,115200_to_460800,ce_feat_1,42,frame_shape,train,20260920-192216-inBroken-115200,inBroken,1,1,50,True,0.24558213353157043,0.2915515601634979,0.7239328622817993,0.9938093423843384,9,24.521038291753875,6.913474076386036,3.340179443359375,2.2941231727600098,-2.1061761379241943,0.004420866258442402,0.87742018699646,0.08855203539133072,0.029606876894831657
three_class_geometry_compatible,115200_to_460800,ce_feat_1,42,frame_shape,test,20260920-192610-inBroken-460800,inBroken,1,1,51,True,0.25571438670158386,0.27674001455307007,0.6475463509559631,0.9954442381858826,9,18.40211137504516,14.32932940181506,2.7958028316497803,1.893984317779541,-1.5714898109436035,0.005765596870332956,0.8273230195045471,0.12551359832286835,0.04139791429042816
three_class_geometry_compatible,115200_to_460800,ce_feat_1,42,frame_shape,train,20260920-193718-roll-115200,roll,3,3,51,True,0.11610344052314758,0.09251917153596878,0.8209728002548218,0.998546302318573,9,12.347127208227285,2.514113269086156,2.2343897819519043,2.7762112617492676,-0.1853494644165039,0.007046395447105169,0.022194892168045044,0.056963127106428146,0.9137957692146301
three_class_geometry_compatible,115200_to_460800,ce_feat_1,42,frame_shape,test,20260920-194108-roll-460800,roll,3,3,51,True,1.5006157159805298,0.5380905866622925,0.5299174785614014,0.9977412819862366,9,33.121514807600306,158.95729406791656,3.3457283973693848,2.714646339416504,0.6193447113037109,0.007170350756496191,0.023841245099902153,0.061257053166627884,0.9077312350273132
three_class_geometry_compatible,115200_to_460800,ce_feat_1,73,frame_shape,train,20260920-184058-normal-11520,normal,0,0,61,True,0.2716241180896759,0.23723819851875305,0.7814385294914246,0.9958314299583435,9,29.44668845503101,5.321199653117089,3.471733331680298,2.3338112831115723,-1.7706007957458496,0.8517661094665527,0.009547741152346134,0.05606020987033844,0.08262588828802109
three_class_geometry_compatible,115200_to_460800,ce_feat_1,73,frame_shape,test,20260920-184857-normal-460800,normal,0,0,48,True,0.45311570167541504,0.28972381353378296,0.49483999609947205,0.9945895671844482,9,40.89075629222864,17.108054499430793,4.099819660186768,2.2053346633911133,-1.9856464862823486,0.832346498966217,0.010873853228986263,0.06462685763835907,0.09215293079614639
three_class_geometry_compatible,115200_to_460800,ce_feat_1,73,frame_shape,train,20260920-192216-inBroken-115200,inBroken,1,1,50,True,0.24236628413200378,0.2876195013523102,0.7251315712928772,0.9938905239105225,9,24.197171499840792,6.825712503769367,3.3199949264526367,2.2648539543151855,-2.1061761379241943,0.00446254713460803,0.8745204210281372,0.09090007096529007,0.03011677972972393
three_class_geometry_compatible,115200_to_460800,ce_feat_1,73,frame_shape,test,20260920-192610-inBroken-460800,inBroken,1,1,51,True,0.22205400466918945,0.22861206531524658,0.648963212966919,0.9961779117584229,9,15.640961991330087,12.781950625899855,2.5753564834594727,1.632237434387207,-1.5714898109436035,0.0071494560688734055,0.7817502021789551,0.15432235598564148,0.0567779541015625
three_class_geometry_compatible,115200_to_460800,ce_feat_1,73,frame_shape,train,20260920-193718-roll-115200,roll,3,3,51,True,0.11695921421051025,0.09307144582271576,0.8203241229057312,0.9985385537147522,9,12.437461247433514,2.5333185449628886,2.242178440093994,2.7852911949157715,-0.1853494644165039,0.006960625294595957,0.021989107131958008,0.05651232600212097,0.9145379662513733
three_class_geometry_compatible,115200_to_460800,ce_feat_1,73,frame_shape,test,20260920-194108-roll-460800,roll,3,3,51,True,1.5028669834136963,0.5388585329055786,0.5294265151023865,0.9977540969848633,9,33.10584685434985,159.26112984761608,3.3437798023223877,2.676980972290039,0.6193447113037109,0.0070178150199353695,0.023890990763902664,0.06286405771970749,0.906227171421051
three_class_geometry_compatible,460800_to_115200,embedding_only,17,frame_shape,test,20260920-184058-normal-11520,normal,0,3,61,True,3.6610138416290283,0.06152304261922836,0.2796119153499603,0.9992002844810486,9,5.934499821519431,462.6752677880221,1.6485337018966675,-2.020653009414673,-1.7706007957458496,0.05892143025994301,0.14178019762039185,0.35636505484580994,0.44293326139450073
three_class_geometry_compatible,460800_to_115200,embedding_only,17,frame_shape,train,20260920-184857-normal-460800,normal,0,3,48,True,2.040113031398505e-05,1.3581069651991129e-05,0.9999898672103882,0.9999999403953552,9,0.0006129802320477577,0.001998364592754138,0.019209984689950943,-1.9809763431549072,-1.9856464862823486,0.06189746782183647,0.13934598863124847,0.35011112689971924,0.44864532351493835
three_class_geometry_compatible,460800_to_115200,embedding_only,17,frame_shape,test,20260920-192216-inBroken-115200,inBroken,1,2,50,True,0.10258437693119049,0.05814719200134277,0.9065782427787781,0.9996230602264404,9,3.409298040827535,9.721502469102708,1.3315671682357788,-1.541618824005127,-2.1061761379241943,0.009005609899759293,0.1612822562456131,0.753705620765686,0.07600661367177963
three_class_geometry_compatible,460800_to_115200,embedding_only,17,frame_shape,train,20260920-192610-inBroken-460800,inBroken,1,2,51,True,7.630158052052138e-07,2.905885310156009e-07,0.9999987483024597,1.0,9,9.308050835803323e-06,8.835797327529497e-05,0.00225179735571146,-1.5725860595703125,-1.5714898109436035,0.008296475745737553,0.1586790233850479,0.7646598219871521,0.0683647021651268
three_class_geometry_compatible,460800_to_115200,embedding_only,17,frame_shape,test,20260920-193718-roll-115200,roll,3,3,51,True,10.521003723144531,0.4260164499282837,-0.04554823040962219,0.999009907245636,9,16.097551084644284,1330.5910063535096,2.7181622982025146,0.5177145004272461,-0.1853494644165039,0.023435531184077263,0.16373978555202484,0.30381304025650024,0.5090116262435913
three_class_geometry_compatible,460800_to_115200,embedding_only,17,frame_shape,train,20260920-194108-roll-460800,roll,3,3,51,True,3.260995072196238e-05,1.612002233741805e-05,0.9999901652336121,0.9999998807907104,9,0.0006525414895205127,0.0035215320586108197,0.019478170201182365,0.6278181076049805,0.6193447113037109,0.02076570875942707,0.1631564348936081,0.2840184271335602,0.5320594906806946
three_class_geometry_compatible,460800_to_115200,embedding_only,42,frame_shape,test,20260920-184058-normal-11520,normal,0,3,61,True,3.6646792888641357,0.05814503878355026,0.2790776193141937,0.9991852045059204,9,5.877440249798752,463.2015118010077,1.6461248397827148,-2.041184425354004,-1.7706007957458496,0.0576157346367836,0.14307190477848053,0.357349693775177,0.44196265935897827
three_class_geometry_compatible,460800_to_115200,embedding_only,42,frame_shape,train,20260920-184857-normal-460800,normal,0,3,48,True,2.4058455892372876e-05,1.3035904885327909e-05,0.9999836683273315,0.9999997019767761,9,0.0008421054105249356,0.0022373770342277157,0.021341856569051743,-1.9850738048553467,-1.9856464862823486,0.06139080598950386,0.14000777900218964,0.3518688976764679,0.4467324912548065
three_class_geometry_compatible,460800_to_115200,embedding_only,42,frame_shape,test,20260920-192216-inBroken-115200,inBroken,1,2,50,True,0.09958505630493164,0.05482567846775055,0.907983124256134,0.9996282458305359,9,3.2796425731027963,9.46724383363733,1.3032883405685425,-1.547144889831543,-2.1061761379241943,0.008947111666202545,0.160791277885437,0.7555391788482666,0.07472214847803116
three_class_geometry_compatible,460800_to_115200,embedding_only,42,frame_shape,train,20260920-192610-inBroken-460800,inBroken,1,2,51,True,0.0004995169583708048,0.0003509876551106572,0.9999845027923584,0.9999979138374329,9,0.017430091787482355,0.046508073976624736,0.09632808715105057,-1.5907940864562988,-1.5714898109436035,0.00794274266809225,0.15703876316547394,0.7706726789474487,0.06434575468301773
three_class_geometry_compatible,460800_to_115200,embedding_only,42,frame_shape,test,20260920-193718-roll-115200,roll,3,3,51,True,10.52275276184082,0.4280644953250885,-0.04571902006864548,0.9990113973617554,9,16.17063529812891,1330.7416738540828,2.7248106002807617,0.5320982933044434,-0.1853494644165039,0.023644430562853813,0.16355445981025696,0.30101242661476135,0.5117886662483215
three_class_geometry_compatible,460800_to_115200,embedding_only,42,frame_shape,train,20260920-194108-roll-460800,roll,3,3,51,True,7.207706948975101e-05,5.5244054237846285e-05,0.999995231628418,0.9999997615814209,9,0.0025148328082717133,0.006711032165975734,0.037672415375709534,0.635979175567627,0.6193447113037109,0.02078298106789589,0.1624785214662552,0.2827375531196594,0.5340009331703186
three_class_geometry_compatible,460800_to_115200,embedding_only,73,frame_shape,test,20260920-184058-normal-11520,normal,0,3,61,True,3.6627931594848633,0.056532345712184906,0.27998802065849304,0.9991987347602844,9,5.751394219387041,463.0861593394171,1.6290854215621948,-2.0475049018859863,-1.7706007957458496,0.05806640163064003,0.14164628088474274,0.3516984283924103,0.44858884811401367
three_class_geometry_compatible,460800_to_115200,embedding_only,73,frame_shape,train,20260920-184857-normal-460800,normal,0,3,48,True,1.1160502253915183e-05,8.50106243888149e-06,0.9999838471412659,1.0,9,0.00036687502982316777,0.001061669247400394,0.014392334036529064,-1.9882447719573975,-1.9856464862823486,0.06183831766247749,0.1388770341873169,0.3477766513824463,0.4515080451965332
three_class_geometry_compatible,460800_to_115200,embedding_only,73,frame_shape,test,20260920-192216-inBroken-115200,inBroken,1,2,50,True,0.09612537920475006,0.0511382594704628,0.9081628918647766,0.9996218681335449,9,3.189307950777282,9.114740317315935,1.2820953130722046,-1.5627026557922363,-2.1061761379241943,0.0086197629570961,0.15942755341529846,0.7607830166816711,0.0711696594953537
three_class_geometry_compatible,460800_to_115200,embedding_only,73,frame_shape,train,20260920-192610-inBroken-460800,inBroken,1,2,51,True,0.0003999475156888366,0.0002946610620710999,0.9999740123748779,0.9999983906745911,9,0.014327034125506899,0.03686624698882117,0.08812522888183594,-1.5888237953186035,-1.5714898109436035,0.00800911895930767,0.15719227492809296,0.7698994278907776,0.06489917635917664
three_class_geometry_compatible,460800_to_115200,embedding_only,73,frame_shape,test,20260920-193718-roll-115200,roll,3,3,51,True,10.531514167785645,0.4338504374027252,-0.04526495188474655,0.9990047812461853,9,16.37570695642249,1331.6582016343584,2.7457494735717773,0.5357027053833008,-0.1853494644165039,0.02337993122637272,0.16304147243499756,0.30063068866729736,0.5129478573799133
three_class_geometry_compatible,460800_to_115200,embedding_only,73,frame_shape,train,20260920-194108-roll-460800,roll,3,3,51,True,4.5119168134988286e-06,5.551380013457674e-07,0.9999968409538269,1.0,9,1.8673808164068916e-05,0.0005588515623701687,0.002911172341555357,0.6188197135925293,0.6193447113037109,0.020769549533724785,0.16328929364681244,0.28564387559890747,0.5302973985671997
three_class_geometry_compatible,460800_to_115200,ce_only,17,frame_shape,test,20260920-184058-normal-11520,normal,0,0,61,True,6.411136150360107,1.9363925457000732,0.11847901344299316,0.9662349224090576,9,209.00086409052014,611.6246020625645,9.411554336547852,8.519004821777344,-1.7706007957458496,0.997473418712616,0.0007734748651273549,0.00027374213095754385,0.0014793352456763387
three_class_geometry_compatible,460800_to_115200,ce_only,17,frame_shape,train,20260920-184857-normal-460800,normal,0,0,48,True,3.5606298446655273,2.2969703674316406,0.17895658314228058,0.9598305225372314,9,271.99393420883285,183.76669049848365,10.679548263549805,9.376279830932617,-1.9856464862823486,0.9998743534088135,1.237334799952805e-05,1.993748992390465e-05,9.330016473541036e-05
three_class_geometry_compatible,460800_to_115200,ce_only,17,frame_shape,test,20260920-192216-inBroken-115200,inBroken,1,1,50,True,3.3751754760742188,1.9083690643310547,-0.2342393845319748,0.9693779945373535,9,191.1980584635425,240.82439442465068,9.694561004638672,9.246609687805176,-2.1061761379241943,3.231664959457703e-05,0.9997228980064392,8.015889034140855e-05,0.00016459239122923464
three_class_geometry_compatible,460800_to_115200,ce_only,17,frame_shape,train,20260920-192610-inBroken-460800,inBroken,1,1,51,True,2.9929661750793457,1.7742536067962646,-0.07929641753435135,0.9700268507003784,9,179.88283841681326,203.2168462882043,9.405447006225586,9.561283111572266,-1.5714898109436035,1.6405223504989408e-05,0.9998784065246582,3.340881085023284e-05,7.167150033637881e-05
three_class_geometry_compatible,460800_to_115200,ce_only,17,frame_shape,test,20260920-193718-roll-115200,roll,3,3,51,True,10.247248649597168,1.115173101425171,0.18202459812164307,0.9843336939811707,9,137.43875245968997,1174.20913214536,7.581888675689697,8.11229419708252,-0.1853494644165039,0.047932639718055725,0.00014465580170508474,0.00018906978948507458,0.9517335891723633
three_class_geometry_compatible,460800_to_115200,ce_only,17,frame_shape,train,20260920-194108-roll-460800,roll,3,3,51,True,2.8747730255126953,1.2575920820236206,0.08254384994506836,0.9827765822410583,9,178.0325633588027,189.93839243091628,8.244233131408691,10.27924633026123,0.6193447113037109,3.7857884308323264e-05,2.6038596843136474e-05,2.6706755306804553e-05,0.9999093413352966
three_class_geometry_compatible,460800_to_115200,ce_only,42,frame_shape,test,20260920-184058-normal-11520,normal,0,0,61,True,6.463526725769043,1.9041188955307007,0.11063379049301147,0.9668797254562378,9,208.8820731733847,618.4493426135065,9.374507904052734,8.465264320373535,-1.7706007957458496,0.9978668689727783,0.00020620830764528364,9.273204341297969e-05,0.0018341055838391185
three_class_geometry_compatible,460800_to_115200,ce_only,42,frame_shape,train,20260920-184857-normal-460800,normal,0,0,48,True,3.735675811767578,2.3506581783294678,0.16714350879192352,0.9590907096862793,9,281.54956155216746,196.61696623358338,10.836935043334961,9.570555686950684,-1.9856464862823486,0.9998912215232849,1.6353293176507577e-05,1.3254128134576604e-05,7.92462524259463e-05
three_class_geometry_compatible,460800_to_115200,ce_only,42,frame_shape,test,20260920-192216-inBroken-115200,inBroken,1,1,50,True,3.3899874687194824,1.9204819202423096,-0.24731433391571045,0.9692813754081726,9,192.11387598497845,241.80456843579776,9.651055335998535,9.424226760864258,-2.1061761379241943,4.84735137433745e-05,0.9997701048851013,7.380300667136908e-05,0.00010748063505161554
three_class_geometry_compatible,460800_to_115200,ce_only,42,frame_shape,train,20260920-192610-inBroken-460800,inBroken,1,1,51,True,2.9765686988830566,1.774667501449585,-0.08688904345035553,0.97001051902771,9,179.66386586072932,201.33694202091465,9.329713821411133,9.777153968811035,-1.5714898109436035,3.286525316070765e-05,0.999872088432312,3.737165025086142e-05,5.764091474702582e-05
three_class_geometry_compatible,460800_to_115200,ce_only,42,frame_shape,test,20260920-193718-roll-115200,roll,3,3,51,True,10.228354454040527,1.0383073091506958,0.1720982789993286,0.9856822490692139,9,124.90792866333197,1184.3213564334574,7.253361701965332,7.785215377807617,-0.1853494644165039,0.030216511338949203,0.0002288856339873746,0.00024744184338487685,0.9693074226379395
three_class_geometry_compatible,460800_to_115200,ce_only,42,frame_shape,train,20260920-194108-roll-460800,roll,3,3,51,True,2.6497159004211426,1.1680982112884521,0.10625173896551132,0.9840264320373535,9,163.26292012554345,175.9007051858792,7.921921730041504,9.836627960205078,0.6193447113037109,5.687939847121015e-05,4.2900453991023824e-05,3.4884153137682006e-05,0.9998655319213867
three_class_geometry_compatible,460800_to_115200,ce_only,73,frame_shape,test,20260920-184058-normal-11520,normal,0,0,61,True,6.534323692321777,2.0372912883758545,0.1213122084736824,0.9646096229553223,9,216.7945129630831,619.5988342353602,9.62906265258789,8.27649211883545,-1.7706007957458496,0.997067391872406,0.000518106622621417,0.0003808045294135809,0.002033837605267763
three_class_geometry_compatible,460800_to_115200,ce_only,73,frame_shape,train,20260920-184857-normal-460800,normal,0,0,48,True,3.891813278198242,2.5460829734802246,0.19245228171348572,0.9557719230651855,9,296.7103373404781,201.44176659138125,11.215725898742676,9.413193702697754,-1.9856464862823486,0.9998930096626282,7.571336027467623e-06,8.311692909046542e-06,9.119152673520148e-05
three_class_geometry_compatible,460800_to_115200,ce_only,73,frame_shape,test,20260920-192216-inBroken-115200,inBroken,1,1,50,True,3.4952163696289062,1.964455246925354,-0.2106342762708664,0.9685270190238953,9,194.15463069044927,253.23306671295802,9.77884578704834,9.708822250366211,-2.1061761379241943,1.92504157894291e-05,0.9998406171798706,7.36915972083807e-05,6.640325591433793e-05
three_class_geometry_compatible,460800_to_115200,ce_only,73,frame_shape,train,20260920-192610-inBroken-460800,inBroken,1,1,51,True,3.097205877304077,1.8217352628707886,-0.04817060008645058,0.9692747592926025,9,181.6006815193522,214.8416912354559,9.444860458374023,10.056118965148926,-1.5714898109436035,1.1982191608694848e-05,0.9999041557312012,4.444524529390037e-05,3.924704287783243e-05
three_class_geometry_compatible,460800_to_115200,ce_only,73,frame_shape,test,20260920-193718-roll-115200,roll,3,3,51,True,10.464641571044922,1.0705806016921997,0.154855877161026,0.9843007922172546,9,136.62485265928933,1202.8492325732557,7.548249244689941,8.02769660949707,-0.1853494644165039,0.025265051051974297,0.00012316281208768487,0.00011768782133003697,0.9744940400123596
three_class_geometry_compatible,460800_to_115200,ce_only,73,frame_shape,train,20260920-194108-roll-460800,roll,3,3,51,True,2.7806296348571777,1.2487534284591675,0.0731661319732666,0.9832184314727783,9,173.23837497922256,182.6822098373507,8.166168212890625,9.894922256469727,0.6193447113037109,5.296282688505016e-05,3.613903027144261e-05,2.932567076641135e-05,0.9998815655708313
three_class_geometry_compatible,460800_to_115200,ce_feat_1,17,frame_shape,test,20260920-184058-normal-11520,normal,0,0,61,True,3.8532655239105225,0.4530740976333618,0.24105186760425568,0.9931561350822449,9,27.363386430856544,465.8546111819152,3.783691883087158,2.4391725063323975,-1.7706007957458496,0.8324689865112305,0.03179584816098213,0.059090182185173035,0.07664487510919571
three_class_geometry_compatible,460800_to_115200,ce_feat_1,17,frame_shape,train,20260920-184857-normal-460800,normal,0,0,48,True,0.32429274916648865,0.4404032230377197,0.7645646929740906,0.9919455051422119,9,35.900463807550366,5.609007742652581,4.234790325164795,2.7122347354888916,-1.9856464862823486,0.8716909289360046,0.02462581731379032,0.04577277600765228,0.05791054293513298
three_class_geometry_compatible,460800_to_115200,ce_feat_1,17,frame_shape,test,20260920-192216-inBroken-115200,inBroken,1,1,50,True,0.34165430068969727,0.2979191243648529,0.6516010165214539,0.994011402130127,9,26.616494269424578,17.11525842172569,3.596947431564331,2.3999576568603516,-2.1061761379241943,0.0039420477114617825,0.8876663446426392,0.08110597729682922,0.02728559821844101
three_class_geometry_compatible,460800_to_115200,ce_feat_1,17,frame_shape,train,20260920-192610-inBroken-460800,inBroken,1,1,51,True,0.19440418481826782,0.2540957033634186,0.783393919467926,0.9949753880500793,9,19.45430739366936,5.429429166512785,3.0508785247802734,2.4817190170288086,-1.5714898109436035,0.0035460018552839756,0.8967500329017639,0.0750073716044426,0.024696655571460724
three_class_geometry_compatible,460800_to_115200,ce_feat_1,17,frame_shape,test,20260920-193718-roll-115200,roll,3,3,51,True,10.608743667602539,0.5723959803581238,-0.032050784677267075,0.997815728187561,9,26.116233476053225,1331.802777559446,3.529963493347168,2.7541332244873047,-0.1853494644165039,0.043345727026462555,0.040598999708890915,0.05842667818069458,0.8576286435127258
three_class_geometry_compatible,460800_to_115200,ce_feat_1,17,frame_shape,train,20260920-194108-roll-460800,roll,3,3,51,True,0.09037965536117554,0.08506014943122864,0.9434957504272461,0.9989537596702576,9,9.355943205974967,2.2126528153197693,2.0020384788513184,3.1385855674743652,0.6193447113037109,0.007005178369581699,0.031696636229753494,0.03997214511036873,0.9213261604309082
three_class_geometry_compatible,460800_to_115200,ce_feat_1,42,frame_shape,test,20260920-184058-normal-11520,normal,0,0,61,True,3.833979606628418,0.41563940048217773,0.24082361161708832,0.9937788248062134,9,24.69772816150779,466.0516485073603,3.5873265266418457,2.2305057048797607,-1.7706007957458496,0.7988201975822449,0.03781477361917496,0.07212259620428085,0.09124243259429932
three_class_geometry_compatible,460800_to_115200,ce_feat_1,42,frame_shape,train,20260920-184857-normal-460800,normal,0,0,48,True,0.30249762535095215,0.4140523672103882,0.7678890824317932,0.9924382567405701,9,33.481827992755896,5.2378683952713665,4.083189964294434,2.5614960193634033,-1.9856464862823486,0.8529959321022034,0.02868412435054779,0.052425697445869446,0.06589425355195999
three_class_geometry_compatible,460800_to_115200,ce_feat_1,42,frame_shape,test,20260920-192216-inBroken-115200,inBroken,1,1,50,True,0.34636449813842773,0.3000742793083191,0.6459478139877319,0.9940099716186523,9,26.82756032334259,17.50709832604117,3.620873212814331,2.4061717987060547,-2.1061761379241943,0.003718737978488207,0.8883177042007446,0.08058992028236389,0.027373574674129486
three_class_geometry_compatible,460800_to_115200,ce_feat_1,42,frame_shape,train,20260920-192610-inBroken-460800,inBroken,1,1,51,True,0.1964901238679886,0.2567308843135834,0.7827751040458679,0.9949233531951904,9,19.656925198994493,5.493810548332716,3.0671653747558594,2.503276824951172,-1.5714898109436035,0.0034453615080565214,0.8985113501548767,0.07356058806180954,0.024482659995555878
three_class_geometry_compatible,460800_to_115200,ce_feat_1,42,frame_shape,test,20260920-193718-roll-115200,roll,3,3,51,True,10.589552879333496,0.5573243498802185,-0.032067954540252686,0.9978589415550232,9,25.345201432485585,1330.1177324976459,3.470623016357422,2.713865280151367,-0.1853494644165039,0.03800751268863678,0.04144721478223801,0.062488868832588196,0.8580564856529236
three_class_geometry_compatible,460800_to_115200,ce_feat_1,42,frame_shape,train,20260920-194108-roll-460800,roll,3,3,51,True,0.09106277674436569,0.08559171110391617,0.9430482983589172,0.9989469647407532,9,9.422898072908195,2.233136888386744,2.0086452960968018,3.1450929641723633,0.6193447113037109,0.006971715483814478,0.031346481293439865,0.03973773866891861,0.9219439625740051
three_class_geometry_compatible,460800_to_115200,ce_feat_1,73,frame_shape,test,20260920-184058-normal-11520,normal,0,0,61,True,3.8452272415161133,0.43789586424827576,0.24128223955631256,0.9934045076370239,9,26.309276698235397,465.8797997206283,3.707723379135132,2.358790397644043,-1.7706007957458496,0.8207164406776428,0.033726103603839874,0.0638880506157875,0.08166929334402084
three_class_geometry_compatible,460800_to_115200,ce_feat_1,73,frame_shape,train,20260920-184857-normal-460800,normal,0,0,48,True,0.3162353038787842,0.431165874004364,0.7667384743690491,0.9921230673789978,9,35.015690546531715,5.4624321334054775,4.182111740112305,2.656721830368042,-1.9856464862823486,0.8651339411735535,0.02601856179535389,0.04809722676873207,0.06075035035610199
three_class_geometry_compatible,460800_to_115200,ce_feat_1,73,frame_shape,test,20260920-192216-inBroken-115200,inBroken,1,1,50,True,0.33330920338630676,0.28803521394729614,0.6553305983543396,0.9942455887794495,9,25.760893350376797,16.902684749246962,3.54024076461792,2.3218235969543457,-2.1061761379241943,0.00418277969583869,0.880039393901825,0.08694889396429062,0.02882898598909378
three_class_geometry_compatible,460800_to_115200,ce_feat_1,73,frame_shape,train,20260920-192610-inBroken-460800,inBroken,1,1,51,True,0.19187533855438232,0.25073301792144775,0.7847588062286377,0.9950395822525024,9,19.20201224533328,5.358029130729003,3.032412052154541,2.45590877532959,-1.5714898109436035,0.003556509269401431,0.8944934010505676,0.07678691297769547,0.02516314387321472
three_class_geometry_compatible,460800_to_115200,ce_feat_1,73,frame_shape,test,20260920-193718-roll-115200,roll,3,3,51,True,10.611979484558105,0.57494056224823,-0.031987324357032776,0.997789204120636,9,26.287457204810757,1332.0458332559006,3.538825511932373,2.7690181732177734,-0.1853494644165039,0.036745019257068634,0.04061451554298401,0.0578782744705677,0.8647623062133789
three_class_geometry_compatible,460800_to_115200,ce_feat_1,73,frame_shape,train,20260920-194108-roll-460800,roll,3,3,51,True,0.08893094956874847,0.08337040990591049,0.9435874223709106,0.9989667534828186,9,9.196797538948065,2.18636320040223,1.9827731847763062,3.1180977821350098,0.6193447113037109,0.007139986846596003,0.03218311816453934,0.04073688015341759,0.9199398756027222
three_class_geometry_compatible,all_known,embedding_only,42,frame_shape,train,20260920-184058-normal-11520,normal,0,3,61,True,0.00010667669994290918,7.264575106091797e-05,0.9998202323913574,0.9999993443489075,9,0.005523313029824069,0.008131304279815673,0.05418189987540245,-1.78525710105896,-1.7706007957458496,0.09721741080284119,0.03598315268754959,0.29140013456344604,0.5753993391990662
three_class_geometry_compatible,all_known,embedding_only,42,frame_shape,train,20260920-184857-normal-460800,normal,0,3,48,True,0.00020804491941817105,0.00017300770559813827,0.9995307922363281,0.9999990463256836,9,0.010046599869746858,0.016583151784374802,0.07060636579990387,-1.9896092414855957,-1.9856464862823486,0.06208023801445961,0.13767993450164795,0.3474256098270416,0.4528141915798187
three_class_geometry_compatible,all_known,embedding_only,42,frame_shape,train,20260920-192216-inBroken-115200,inBroken,1,2,50,True,6.195010791998357e-05,3.4493546991143376e-05,0.9999189376831055,0.9999997615814209,9,0.002061722828819246,0.00586789132002007,0.030225206166505814,-2.0986533164978027,-2.1061761379241943,0.011349466629326344,0.10006275027990341,0.8146994113922119,0.07388846576213837
three_class_geometry_compatible,all_known,embedding_only,42,frame_shape,train,20260920-192610-inBroken-460800,inBroken,1,2,51,True,1.1697638001351152e-05,3.357778950885404e-06,0.9999730587005615,0.9999999403953552,9,0.00024306831442462754,0.0012542292455481828,0.01130594126880169,-1.5713605880737305,-1.5714898109436035,0.008257702924311161,0.1590958833694458,0.7644944787025452,0.06815194338560104
three_class_geometry_compatible,all_known,embedding_only,42,frame_shape,train,20260920-193718-roll-115200,roll,3,2,51,True,7.668043690500781e-05,5.89383598708082e-05,0.9997681379318237,0.9999999403953552,9,0.0026889993854425157,0.007126096101122475,0.036198779940605164,-0.20610380172729492,-0.1853494644165039,0.016860231757164,0.08468826115131378,0.49527883529663086,0.4031725823879242
three_class_geometry_compatible,all_known,embedding_only,42,frame_shape,train,20260920-194108-roll-460800,roll,3,3,51,True,0.0016990697477012873,0.0011582187144085765,0.99981290102005,0.9999983310699463,9,0.046000359078106276,0.17148056251986657,0.14786671102046967,0.5805144309997559,0.6193447113037109,0.020581316202878952,0.16200657188892365,0.2938556969165802,0.5235562920570374
three_class_geometry_compatible,all_known,embedding_only,42,frame_shape,external,20260920-195424-keep-115200,keep,-1,2,51,False,0.7225515842437744,0.1411566436290741,0.3326292037963867,0.9972339868545532,9,20.35922487134631,72.12737690910166,3.12751841545105,,,0.022061385214328766,0.135121151804924,0.6388440728187561,0.2039734125137329
three_class_geometry_compatible,all_known,embedding_only,42,frame_shape,external,20260920-195753-keep-460800,keep,-1,2,51,False,0.5306911468505859,0.14911875128746033,0.5107124447822571,0.9973708987236023,9,19.54518944609016,48.38327717985359,3.0153470039367676,,,0.021098842844367027,0.1392110139131546,0.6499766707420349,0.18971343338489532
three_class_geometry_compatible,all_known,embedding_only,42,frame_shape,external,20260920-201757-bigNormal-115200,bigNormal,0,2,50,True,12323.88671875,26.54680061340332,-0.17047373950481415,0.7571412324905396,9,1713.808655931317,1575743.753361663,27.98464584350586,-3.5163304805755615,-26.84650230407715,0.017982760444283485,0.1397646814584732,0.6054520606994629,0.23680055141448975
three_class_geometry_compatible,all_known,embedding_only,42,frame_shape,external,20260920-202115-bigNormal-460800,bigNormal,0,2,50,True,12809.0986328125,30.67139434814453,-0.19325067102909088,0.7511537671089172,9,1939.9840441066026,1637624.6909699142,29.896682739257812,-3.592146396636963,-29.52912712097168,0.017818456515669823,0.13878993690013885,0.6469483971595764,0.1964430958032608
three_class_geometry_compatible,all_known,ce_only,42,frame_shape,train,20260920-184058-normal-11520,normal,0,0,61,True,3.245460033416748,2.101231336593628,0.36468079686164856,0.9625954627990723,9,252.87842534802235,162.54047596153498,10.31991195678711,9.609455108642578,-1.7706007957458496,0.9998608231544495,1.398599397361977e-05,1.2765618521370925e-05,0.00011262107727816328
three_class_geometry_compatible,all_known,ce_only,42,frame_shape,train,20260920-184857-normal-460800,normal,0,0,48,True,3.7108707427978516,2.3464114665985107,0.22202207148075104,0.9577372074127197,9,302.98336045378926,172.0080921746495,11.294146537780762,10.036870956420898,-1.9856464862823486,0.9999369978904724,8.780442840361502e-06,8.210757187043782e-06,4.5891643821960315e-05
three_class_geometry_compatible,all_known,ce_only,42,frame_shape,train,20260920-192216-inBroken-115200,inBroken,1,1,50,True,3.2433221340179443,1.9172959327697754,-0.15741237998008728,0.96629399061203,9,204.54751438114607,210.5977348769336,9.889666557312012,9.74909496307373,-2.1061761379241943,3.2944408303592354e-05,0.9998714923858643,3.4093420254066586e-05,6.154693983262405e-05
three_class_geometry_compatible,all_known,ce_only,42,frame_shape,train,20260920-192610-inBroken-460800,inBroken,1,1,51,True,2.883632183074951,1.7871382236480713,0.060437992215156555,0.9675415754318237,9,189.95878259429168,179.1461193317463,9.505537033081055,9.972265243530273,-1.5714898109436035,3.0638097086921334e-05,0.9998953342437744,2.6432830054545775e-05,4.7415578592335805e-05
three_class_geometry_compatible,all_known,ce_only,42,frame_shape,train,20260920-193718-roll-115200,roll,3,3,51,True,1.9567322731018066,1.088565468788147,0.34146207571029663,0.9833562970161438,9,165.53061728491994,84.93111136285259,8.086278915405273,10.173885345458984,-0.1853494644165039,7.432141137542203e-05,3.7405017792480066e-05,3.872237357427366e-05,0.9998494386672974
three_class_geometry_compatible,all_known,ce_only,42,frame_shape,train,20260920-194108-roll-460800,roll,3,3,51,True,3.2704758644104004,1.3404922485351562,0.009948363527655602,0.9825139045715332,9,196.5154967053918,222.10541140740776,8.418523788452148,10.59606647491455,0.6193447113037109,2.6221559892292134e-05,2.502912684576586e-05,2.6361816708231345e-05,0.9999224543571472
three_class_geometry_compatible,all_known,ce_only,42,frame_shape,external,20260920-195424-keep-115200,keep,-1,1,51,False,1.252515196800232,0.6690720915794373,0.40235257148742676,0.9880836606025696,9,52.87875626835621,107.44318586330908,4.813445568084717,,,0.011482101865112782,0.9648716449737549,0.005745115224272013,0.017901169136166573
three_class_geometry_compatible,all_known,ce_only,42,frame_shape,external,20260920-195753-keep-460800,keep,-1,1,51,False,1.3694615364074707,0.8358917832374573,0.39204367995262146,0.9855202436447144,9,69.55420341154063,105.73687669326029,5.57157564163208,,,0.0008056702208705246,0.9954068064689636,0.0015012873336672783,0.002286348259076476
three_class_geometry_compatible,all_known,ce_only,42,frame_shape,external,20260920-201757-bigNormal-115200,bigNormal,0,3,50,True,12288.197265625,27.633140563964844,0.19048842787742615,0.7429551482200623,9,1894.0968385676586,1570995.3371761937,29.73643684387207,-5.880300521850586,-26.84650230407715,0.002770665567368269,0.10889194160699844,0.009099212475121021,0.8792380690574646
three_class_geometry_compatible,all_known,ce_only,42,frame_shape,external,20260920-202115-bigNormal-460800,bigNormal,0,1,50,True,12777.3603515625,31.784664154052734,0.1541595607995987,0.7368214726448059,9,2067.3435674475704,1633434.5575244997,31.218236923217773,-5.2988739013671875,-29.52912712097168,0.004336669109761715,0.814168393611908,0.014172698371112347,0.16732236742973328
three_class_geometry_compatible,all_known,ce_feat_1,42,frame_shape,train,20260920-184058-normal-11520,normal,0,0,61,True,0.2567165493965149,0.2976428270339966,0.8092333078384399,0.9949114322662354,9,28.33066899249414,4.529048170826373,3.641090154647827,2.49838924407959,-1.7706007957458496,0.8693249225616455,0.009480196982622147,0.04941191151738167,0.07178287953138351
three_class_geometry_compatible,all_known,ce_feat_1,42,frame_shape,train,20260920-184857-normal-460800,normal,0,0,48,True,0.312182754278183,0.3446141481399536,0.6962115168571472,0.9935858845710754,9,34.427289861771044,5.532104200896779,4.030224323272705,2.5208983421325684,-1.9856464862823486,0.8515740036964417,0.02568318136036396,0.054184477776288986,0.06855835765600204
three_class_geometry_compatible,all_known,ce_feat_1,42,frame_shape,train,20260920-192216-inBroken-115200,inBroken,1,1,50,True,0.23458418250083923,0.29052042961120605,0.7441703081130981,0.9938055872917175,9,23.694625815106765,6.332150127579558,3.367795944213867,2.340479850769043,-2.1061761379241943,0.004710724577307701,0.881364107131958,0.08496922254562378,0.028955962508916855
three_class_geometry_compatible,all_known,ce_feat_1,42,frame_shape,train,20260920-192610-inBroken-460800,inBroken,1,1,51,True,0.18939989805221558,0.23445214331150055,0.7611126899719238,0.995363712310791,9,19.179460180707686,5.0637262184928495,3.0322048664093018,2.44936466217041,-1.5714898109436035,0.003159844083711505,0.8947207927703857,0.07734543085098267,0.024773936718702316
three_class_geometry_compatible,all_known,ce_feat_1,42,frame_shape,train,20260920-193718-roll-115200,roll,3,3,51,True,0.11093024909496307,0.09502048790454865,0.818779706954956,0.9984749555587769,9,11.915528407320897,2.283543171263502,2.253145456314087,2.8067054748535156,-0.1853494644165039,0.006600343156605959,0.022134315222501755,0.055450547486543655,0.9158148169517517
three_class_geometry_compatible,all_known,ce_feat_1,42,frame_shape,train,20260920-194108-roll-460800,roll,3,3,51,True,0.09574835747480392,0.07854849100112915,0.9528994560241699,0.9989867806434631,9,9.920928923228606,2.334861362654392,2.0251941680908203,3.1527676582336426,0.6193447113037109,0.0067067258059978485,0.02861860953271389,0.03960080072283745,0.9250741004943848
three_class_geometry_compatible,all_known,ce_feat_1,42,frame_shape,external,20260920-195424-keep-115200,keep,-1,1,51,False,0.6025251150131226,0.14579150080680847,0.5059468746185303,0.9972053170204163,9,13.029663061672203,64.0935469410014,2.4795126914978027,,,0.025977952405810356,0.5878170728683472,0.21758194267749786,0.16862298548221588
three_class_geometry_compatible,all_known,ce_feat_1,42,frame_shape,external,20260920-195753-keep-460800,keep,-1,1,51,False,0.3992078900337219,0.13836920261383057,0.641426682472229,0.9971590638160706,9,11.964333055999226,39.13427843430076,2.3081047534942627,,,0.018317142501473427,0.6591629981994629,0.19421565532684326,0.12830424308776855
three_class_geometry_compatible,all_known,ce_feat_1,42,frame_shape,external,20260920-201757-bigNormal-115200,bigNormal,0,1,50,True,12327.12890625,26.94076919555664,-0.10648305714130402,0.7507398724555969,9,1763.8355707332962,1576108.9338645951,28.52537727355957,-3.337038993835449,-26.84650230407715,0.014437548816204071,0.412029504776001,0.19619803130626678,0.3773350119590759
three_class_geometry_compatible,all_known,ce_feat_1,42,frame_shape,external,20260920-202115-bigNormal-460800,bigNormal,0,1,50,True,12810.3037109375,31.06315803527832,-0.09433528035879135,0.7457519173622131,9,1967.3989182063572,1637751.379681395,30.258922576904297,-3.93345308303833,-29.52912712097168,0.012131612747907639,0.6192013621330261,0.18690796196460724,0.18175889551639557
