fold,modality,row,bag_id,truth,prediction,p0,p1,p2,p3
115200_to_460800,contact,7,20260920-184857-normal-460800,0,0,0.7245102524757385,0.018491756170988083,0.10022209584712982,0.15677587687969208
115200_to_460800,contact,8,20260920-184857-normal-460800,0,0,0.6041001677513123,0.0766453966498375,0.155890092253685,0.16336430609226227
115200_to_460800,contact,9,20260920-184857-normal-460800,0,0,0.49056199193000793,0.1549232304096222,0.12886546552181244,0.22564931213855743
115200_to_460800,contact,10,20260920-184857-normal-460800,0,1,0.11835106462240219,0.5400445461273193,0.2942112982273102,0.04739309474825859
115200_to_460800,contact,11,20260920-184857-normal-460800,0,0,0.6359228491783142,0.030895492061972618,0.2688758373260498,0.06430580466985703
115200_to_460800,contact,12,20260920-184857-normal-460800,0,0,0.44942352175712585,0.2127271145582199,0.23146358132362366,0.10638579726219177
115200_to_460800,contact,21,20260920-190913-outBroken-460800,2,2,0.18146105110645294,0.012317029759287834,0.6078274250030518,0.1983945667743683
115200_to_460800,contact,22,20260920-190913-outBroken-460800,2,2,0.06710641831159592,0.011619636788964272,0.7352522611618042,0.18602164089679718
115200_to_460800,contact,23,20260920-190913-outBroken-460800,2,2,0.008319929242134094,0.07322124391794205,0.7759928107261658,0.1424659788608551
115200_to_460800,contact,24,20260920-190913-outBroken-460800,2,0,0.3458247780799866,0.036766164004802704,0.32563990354537964,0.29176920652389526
115200_to_460800,contact,25,20260920-190913-outBroken-460800,2,2,0.13814616203308105,0.0026456129271537066,0.6012189388275146,0.2579892575740814
115200_to_460800,contact,26,20260920-190913-outBroken-460800,2,2,0.004656720440834761,0.055660877376794815,0.8631126284599304,0.07656973600387573
115200_to_460800,contact,27,20260920-190913-outBroken-460800,2,2,0.0900450199842453,0.02750277891755104,0.7877292633056641,0.09472297877073288
115200_to_460800,contact,28,20260920-190913-outBroken-460800,2,2,0.01836727373301983,0.3243473172187805,0.5951204299926758,0.062164995819330215
115200_to_460800,contact,29,20260920-190913-outBroken-460800,2,2,0.03786446899175644,0.0383889339864254,0.8526970148086548,0.07104960829019547
115200_to_460800,contact,30,20260920-190913-outBroken-460800,2,2,0.05872775986790657,0.08206552267074585,0.7935413122177124,0.06566539406776428
115200_to_460800,contact,39,20260920-192610-inBroken-460800,1,1,0.0026108406018465757,0.9337687492370605,0.04001530632376671,0.023605067282915115
115200_to_460800,contact,40,20260920-192610-inBroken-460800,1,1,0.00959288515150547,0.8798335790634155,0.052541181445121765,0.05803230032324791
115200_to_460800,contact,41,20260920-192610-inBroken-460800,1,1,0.07392527163028717,0.7236800789833069,0.06849019229412079,0.1339043825864792
115200_to_460800,contact,42,20260920-192610-inBroken-460800,1,1,0.031298279762268066,0.7254772782325745,0.10153666883707047,0.14168775081634521
115200_to_460800,contact,43,20260920-192610-inBroken-460800,1,1,0.008356524631381035,0.8408414721488953,0.11654204875230789,0.034259866923093796
115200_to_460800,contact,44,20260920-192610-inBroken-460800,1,1,0.018387213349342346,0.8578953742980957,0.026471838355064392,0.09724560379981995
115200_to_460800,contact,45,20260920-192610-inBroken-460800,1,1,0.0022020689211785793,0.9132729768753052,0.046943213790655136,0.037581752985715866
115200_to_460800,contact,55,20260920-194108-roll-460800,3,3,0.039850302040576935,0.0211624912917614,0.017305923625826836,0.9216812252998352
115200_to_460800,contact,56,20260920-194108-roll-460800,3,3,0.03903302922844887,0.12431032210588455,0.03107118047773838,0.8055854439735413
115200_to_460800,contact,57,20260920-194108-roll-460800,3,3,0.07118041813373566,0.1908407062292099,0.05710538849234581,0.680873453617096
115200_to_460800,radar,61,20260920-184857-normal-460800,0,0,0.9017031788825989,0.011602846905589104,0.05279065668582916,0.033903349190950394
115200_to_460800,radar,62,20260920-184857-normal-460800,0,0,0.9155629873275757,0.009844585321843624,0.04695148393511772,0.027640918269753456
115200_to_460800,radar,63,20260920-184857-normal-460800,0,0,0.8902693390846252,0.014400213956832886,0.05977415293455124,0.03555633872747421
115200_to_460800,radar,64,20260920-184857-normal-460800,0,0,0.8863093852996826,0.015326631255447865,0.0579332634806633,0.040430698543787
115200_to_460800,radar,65,20260920-184857-normal-460800,0,0,0.8732734322547913,0.016004836186766624,0.062247585505247116,0.04847417026758194
115200_to_460800,radar,66,20260920-184857-normal-460800,0,0,0.8821929693222046,0.014667103998363018,0.061230938881635666,0.041908975690603256
115200_to_460800,radar,67,20260920-184857-normal-460800,0,0,0.8953177332878113,0.012646526098251343,0.05471188947558403,0.03732378035783768
115200_to_460800,radar,68,20260920-184857-normal-460800,0,0,0.9086045622825623,0.011133182793855667,0.05024844408035278,0.030013861134648323
115200_to_460800,radar,69,20260920-184857-normal-460800,0,0,0.9035285115242004,0.012776180170476437,0.051479265093803406,0.032216038554906845
115200_to_460800,radar,70,20260920-184857-normal-460800,0,0,0.8714943528175354,0.01729453355073929,0.05983295664191246,0.05137813463807106
115200_to_460800,radar,71,20260920-184857-normal-460800,0,0,0.8982045650482178,0.012370316311717033,0.053651150315999985,0.03577396646142006
115200_to_460800,radar,72,20260920-184857-normal-460800,0,0,0.8894857168197632,0.014052093960344791,0.0609554797410965,0.03550674393773079
115200_to_460800,radar,73,20260920-184857-normal-460800,0,0,0.8894762396812439,0.013151912949979305,0.056663621217012405,0.04070813208818436
115200_to_460800,radar,74,20260920-184857-normal-460800,0,0,0.9105557799339294,0.010774032212793827,0.048571664839982986,0.030098529532551765
115200_to_460800,radar,75,20260920-184857-normal-460800,0,0,0.8852593898773193,0.01480940543115139,0.0603138692677021,0.03961731866002083
115200_to_460800,radar,76,20260920-184857-normal-460800,0,0,0.887235164642334,0.013598764315247536,0.05956156551837921,0.0396045558154583
115200_to_460800,radar,77,20260920-184857-normal-460800,0,0,0.899692714214325,0.011436820961534977,0.05187284201383591,0.03699764236807823
115200_to_460800,radar,78,20260920-184857-normal-460800,0,0,0.8984029293060303,0.012504937127232552,0.05363896116614342,0.035453230142593384
115200_to_460800,radar,79,20260920-184857-normal-460800,0,0,0.8739685416221619,0.01521018985658884,0.06573939323425293,0.04508192092180252
115200_to_460800,radar,80,20260920-184857-normal-460800,0,0,0.8877484202384949,0.012976395897567272,0.05992000177502632,0.039355143904685974
115200_to_460800,radar,81,20260920-184857-normal-460800,0,0,0.9084743857383728,0.010659132152795792,0.048364270478487015,0.03250220790505409
115200_to_460800,radar,82,20260920-184857-normal-460800,0,0,0.8809400200843811,0.014420791529119015,0.06452178210020065,0.040117423981428146
115200_to_460800,radar,83,20260920-184857-normal-460800,0,0,0.8943778872489929,0.014807267114520073,0.05490589886903763,0.03590899333357811
115200_to_460800,radar,84,20260920-184857-normal-460800,0,0,0.8948596119880676,0.012080506421625614,0.05455201119184494,0.03850794583559036
115200_to_460800,radar,85,20260920-184857-normal-460800,0,0,0.8900723457336426,0.013367647305130959,0.05452342331409454,0.042036645114421844
115200_to_460800,radar,86,20260920-184857-normal-460800,0,0,0.8954683542251587,0.011611923575401306,0.054471276700496674,0.038448516279459
115200_to_460800,radar,87,20260920-184857-normal-460800,0,0,0.8826817870140076,0.014153102412819862,0.058396413922309875,0.044768720865249634
115200_to_460800,radar,88,20260920-184857-normal-460800,0,0,0.8811103105545044,0.014755187556147575,0.06076370179653168,0.0433708094060421
115200_to_460800,radar,89,20260920-184857-normal-460800,0,0,0.899619460105896,0.011129474267363548,0.05136413872241974,0.03788694366812706
115200_to_460800,radar,90,20260920-184857-normal-460800,0,0,0.9014996886253357,0.011805997230112553,0.051928989589214325,0.03476526588201523
115200_to_460800,radar,91,20260920-184857-normal-460800,0,0,0.8648073673248291,0.016052715480327606,0.06354337185621262,0.05559653416275978
115200_to_460800,radar,92,20260920-184857-normal-460800,0,0,0.9131343364715576,0.009731430560350418,0.048107702285051346,0.029026543721556664
115200_to_460800,radar,93,20260920-184857-normal-460800,0,0,0.9054461121559143,0.01101906318217516,0.050808556377887726,0.0327262207865715
115200_to_460800,radar,94,20260920-184857-normal-460800,0,0,0.9079181551933289,0.01108083501458168,0.04863376542925835,0.03236730024218559
115200_to_460800,radar,95,20260920-184857-normal-460800,0,0,0.9023637175559998,0.011434807442128658,0.04954832047224045,0.03665315732359886
115200_to_460800,radar,96,20260920-184857-normal-460800,0,0,0.9089281558990479,0.010766668245196342,0.049360666424036026,0.030944503843784332
115200_to_460800,radar,97,20260920-184857-normal-460800,0,0,0.8709903359413147,0.016194354742765427,0.06640625,0.04640909656882286
115200_to_460800,radar,98,20260920-184857-normal-460800,0,0,0.8734410405158997,0.016288461163640022,0.06360574066638947,0.04666485637426376
115200_to_460800,radar,99,20260920-184857-normal-460800,0,0,0.8936685919761658,0.013241307809948921,0.053884848952293396,0.03920528292655945
115200_to_460800,radar,100,20260920-184857-normal-460800,0,0,0.8775407075881958,0.014762552455067635,0.06013009697198868,0.04756671190261841
115200_to_460800,radar,101,20260920-184857-normal-460800,0,0,0.9038471579551697,0.011897013522684574,0.05225304514169693,0.03200281783938408
115200_to_460800,radar,102,20260920-184857-normal-460800,0,0,0.8910387754440308,0.0138822291046381,0.05188890919089317,0.04319003224372864
115200_to_460800,radar,103,20260920-184857-normal-460800,0,0,0.8986837267875671,0.013350062072277069,0.05214686691761017,0.03581934794783592
115200_to_460800,radar,104,20260920-184857-normal-460800,0,0,0.8958604335784912,0.011980262584984303,0.051105011254549026,0.041054338216781616
115200_to_460800,radar,105,20260920-184857-normal-460800,0,0,0.9070903062820435,0.011650296859443188,0.04789789393544197,0.03336146101355553
115200_to_460800,radar,106,20260920-184857-normal-460800,0,0,0.9099302887916565,0.011466392315924168,0.04790811613202095,0.030695198103785515
115200_to_460800,radar,107,20260920-184857-normal-460800,0,0,0.9043205976486206,0.0119633125141263,0.04978253319859505,0.033933550119400024
115200_to_460800,radar,108,20260920-184857-normal-460800,0,0,0.8971899747848511,0.011863984167575836,0.05334244295954704,0.03760351613163948
115200_to_460800,radar,159,20260920-190913-outBroken-460800,2,2,0.060342852026224136,0.053960032761096954,0.7985336780548096,0.08716340363025665
115200_to_460800,radar,160,20260920-190913-outBroken-460800,2,2,0.05936800315976143,0.0515238419175148,0.8118059635162354,0.07730220258235931
115200_to_460800,radar,161,20260920-190913-outBroken-460800,2,2,0.05418723449110985,0.04273606091737747,0.831524670124054,0.07155202329158783
115200_to_460800,radar,162,20260920-190913-outBroken-460800,2,2,0.0645875632762909,0.18953026831150055,0.6066818237304688,0.13920031487941742
115200_to_460800,radar,163,20260920-190913-outBroken-460800,2,2,0.05446567013859749,0.039729923009872437,0.8382744193077087,0.06752998381853104
115200_to_460800,radar,164,20260920-190913-outBroken-460800,2,2,0.04916490241885185,0.03356224298477173,0.8593948483467102,0.057878006249666214
115200_to_460800,radar,165,20260920-190913-outBroken-460800,2,2,0.05527142807841301,0.041196059435606,0.8364693522453308,0.06706317514181137
115200_to_460800,radar,166,20260920-190913-outBroken-460800,2,2,0.05342691391706467,0.03998798131942749,0.8393394947052002,0.06724569946527481
115200_to_460800,radar,167,20260920-190913-outBroken-460800,2,2,0.05239076167345047,0.04001343622803688,0.8435894846916199,0.06400633603334427
115200_to_460800,radar,168,20260920-190913-outBroken-460800,2,2,0.05064019933342934,0.04008132219314575,0.8464217185974121,0.06285679340362549
115200_to_460800,radar,169,20260920-190913-outBroken-460800,2,2,0.05244887247681618,0.040728479623794556,0.8414186239242554,0.06540407985448837
115200_to_460800,radar,170,20260920-190913-outBroken-460800,2,2,0.051095254719257355,0.03812367469072342,0.8478951454162598,0.06288596242666245
115200_to_460800,radar,171,20260920-190913-outBroken-460800,2,2,0.049083322286605835,0.034655164927244186,0.8567768335342407,0.05948474630713463
115200_to_460800,radar,172,20260920-190913-outBroken-460800,2,2,0.061916038393974304,0.05209488794207573,0.7997264266014099,0.08626259118318558
115200_to_460800,radar,173,20260920-190913-outBroken-460800,2,2,0.06006044149398804,0.05601651966571808,0.8003379106521606,0.08358512818813324
115200_to_460800,radar,174,20260920-190913-outBroken-460800,2,2,0.05379125103354454,0.03759613260626793,0.8426014184951782,0.0660112127661705
115200_to_460800,radar,175,20260920-190913-outBroken-460800,2,2,0.05257260799407959,0.04209257662296295,0.8388547897338867,0.06648006290197372
115200_to_460800,radar,176,20260920-190913-outBroken-460800,2,2,0.060391537845134735,0.07818236947059631,0.770545244216919,0.09088081866502762
115200_to_460800,radar,177,20260920-190913-outBroken-460800,2,2,0.06267319619655609,0.06405451893806458,0.7848873138427734,0.08838491141796112
115200_to_460800,radar,178,20260920-190913-outBroken-460800,2,2,0.06500296294689178,0.0887739509344101,0.7441363334655762,0.10208672285079956
115200_to_460800,radar,179,20260920-190913-outBroken-460800,2,2,0.05074048042297363,0.04189445823431015,0.8419843316078186,0.06538083404302597
115200_to_460800,radar,180,20260920-190913-outBroken-460800,2,2,0.05704677850008011,0.057715728878974915,0.8077970743179321,0.07744047790765762
115200_to_460800,radar,181,20260920-190913-outBroken-460800,2,2,0.05290774255990982,0.0406644269824028,0.8409320116043091,0.06549582630395889
115200_to_460800,radar,182,20260920-190913-outBroken-460800,2,2,0.05056663975119591,0.03626830503344536,0.8519564867019653,0.06120854988694191
115200_to_460800,radar,183,20260920-190913-outBroken-460800,2,2,0.050592467188835144,0.04381723701953888,0.8413045406341553,0.06428578495979309
115200_to_460800,radar,184,20260920-190913-outBroken-460800,2,2,0.05205688253045082,0.045687153935432434,0.834584653377533,0.06767135113477707
115200_to_460800,radar,185,20260920-190913-outBroken-460800,2,2,0.050291527062654495,0.036098964512348175,0.8515713810920715,0.06203814968466759
115200_to_460800,radar,186,20260920-190913-outBroken-460800,2,2,0.05757683888077736,0.04953591898083687,0.8163973689079285,0.07648984342813492
115200_to_460800,radar,187,20260920-190913-outBroken-460800,2,2,0.05804339423775673,0.07376082241535187,0.782550036907196,0.0856456607580185
115200_to_460800,radar,188,20260920-190913-outBroken-460800,2,2,0.0657462403178215,0.13537193834781647,0.6794348359107971,0.1194470003247261
115200_to_460800,radar,189,20260920-190913-outBroken-460800,2,2,0.05775345116853714,0.04604559391736984,0.8178146481513977,0.0783863440155983
115200_to_460800,radar,190,20260920-190913-outBroken-460800,2,2,0.05674639344215393,0.046525899320840836,0.8238555192947388,0.07287221401929855
115200_to_460800,radar,191,20260920-190913-outBroken-460800,2,2,0.05250382795929909,0.06648769229650497,0.8040907979011536,0.07691765576601028
115200_to_460800,radar,192,20260920-190913-outBroken-460800,2,2,0.05072568729519844,0.04389350116252899,0.8398994207382202,0.06548136472702026
115200_to_460800,radar,193,20260920-190913-outBroken-460800,2,2,0.05209510028362274,0.03816395625472069,0.8450689911842346,0.06467193365097046
115200_to_460800,radar,194,20260920-190913-outBroken-460800,2,2,0.05433447286486626,0.04323357343673706,0.8306213021278381,0.07181066274642944
115200_to_460800,radar,195,20260920-190913-outBroken-460800,2,2,0.058830950409173965,0.05457423999905586,0.8036268353462219,0.08296796679496765
115200_to_460800,radar,196,20260920-190913-outBroken-460800,2,2,0.05217733979225159,0.03749671205878258,0.8462393879890442,0.06408652663230896
115200_to_460800,radar,197,20260920-190913-outBroken-460800,2,2,0.049814533442258835,0.03887113928794861,0.8480914831161499,0.06322283297777176
115200_to_460800,radar,198,20260920-190913-outBroken-460800,2,2,0.04941575229167938,0.03969530388712883,0.8497637510299683,0.06112515181303024
115200_to_460800,radar,199,20260920-190913-outBroken-460800,2,2,0.06957633048295975,0.07786895334720612,0.7414296865463257,0.11112513393163681
115200_to_460800,radar,200,20260920-190913-outBroken-460800,2,2,0.05965251103043556,0.0490889772772789,0.8077905178070068,0.08346803486347198
115200_to_460800,radar,201,20260920-190913-outBroken-460800,2,2,0.050711411982774734,0.03673176467418671,0.8492952585220337,0.06326159089803696
115200_to_460800,radar,202,20260920-190913-outBroken-460800,2,2,0.05342830345034599,0.03992806747555733,0.8400770425796509,0.06656650453805923
115200_to_460800,radar,203,20260920-190913-outBroken-460800,2,2,0.04876452311873436,0.035337623208761215,0.8564558029174805,0.05944202095270157
115200_to_460800,radar,204,20260920-190913-outBroken-460800,2,2,0.047277070581912994,0.03527149185538292,0.8593857884407043,0.05806572735309601
115200_to_460800,radar,205,20260920-190913-outBroken-460800,2,2,0.05119097977876663,0.035022106021642685,0.8523333668708801,0.06145358458161354
115200_to_460800,radar,206,20260920-190913-outBroken-460800,2,2,0.05314324051141739,0.03758877143263817,0.844520092010498,0.06474792957305908
115200_to_460800,radar,207,20260920-190913-outBroken-460800,2,2,0.04831258952617645,0.033757276833057404,0.8603095412254333,0.057620611041784286
115200_to_460800,radar,208,20260920-190913-outBroken-460800,2,2,0.05249113589525223,0.03971826657652855,0.8413075804710388,0.06648296862840652
115200_to_460800,radar,259,20260920-192610-inBroken-460800,1,1,0.019354024901986122,0.8287227153778076,0.08781473338603973,0.06410855054855347
115200_to_460800,radar,260,20260920-192610-inBroken-460800,1,1,0.02046440728008747,0.8189312219619751,0.0943106859922409,0.06629371643066406
115200_to_460800,radar,261,20260920-192610-inBroken-460800,1,1,0.031686216592788696,0.7692367434501648,0.11326035857200623,0.08581666648387909
115200_to_460800,radar,262,20260920-192610-inBroken-460800,1,1,0.025908829644322395,0.7727803587913513,0.11171483993530273,0.08959592878818512
115200_to_460800,radar,263,20260920-192610-inBroken-460800,1,1,0.02336452342569828,0.8085399866104126,0.09614534676074982,0.07195007801055908
115200_to_460800,radar,264,20260920-192610-inBroken-460800,1,1,0.019098255783319473,0.8275682926177979,0.08776433765888214,0.06556908786296844
115200_to_460800,radar,265,20260920-192610-inBroken-460800,1,1,0.0275207981467247,0.7740203142166138,0.11000988632440567,0.08844893425703049
115200_to_460800,radar,266,20260920-192610-inBroken-460800,1,1,0.013983995653688908,0.862554669380188,0.07411070168018341,0.04935065656900406
115200_to_460800,radar,267,20260920-192610-inBroken-460800,1,1,0.02282663621008396,0.804820716381073,0.10079759359359741,0.07155510783195496
115200_to_460800,radar,268,20260920-192610-inBroken-460800,1,1,0.01586051844060421,0.8437924385070801,0.08021466434001923,0.06013239175081253
115200_to_460800,radar,269,20260920-192610-inBroken-460800,1,1,0.02000061422586441,0.8227629661560059,0.0900552049279213,0.0671813040971756
115200_to_460800,radar,270,20260920-192610-inBroken-460800,1,1,0.04084305465221405,0.6680949330329895,0.13808099925518036,0.15298104286193848
115200_to_460800,radar,271,20260920-192610-inBroken-460800,1,1,0.017909135669469833,0.8299219608306885,0.08529241383075714,0.06687647849321365
115200_to_460800,radar,272,20260920-192610-inBroken-460800,1,1,0.022632500156760216,0.8003732562065125,0.10000158101320267,0.0769926905632019
115200_to_460800,radar,273,20260920-192610-inBroken-460800,1,1,0.024412386119365692,0.8163958787918091,0.0966290831565857,0.06256268918514252
115200_to_460800,radar,274,20260920-192610-inBroken-460800,1,1,0.014874835498631,0.8574166893959045,0.07776784896850586,0.04994068667292595
115200_to_460800,radar,275,20260920-192610-inBroken-460800,1,1,0.01618160679936409,0.8448252081871033,0.08119315654039383,0.05780003219842911
115200_to_460800,radar,276,20260920-192610-inBroken-460800,1,1,0.018730852752923965,0.8282827138900757,0.08734934777021408,0.06563700735569
115200_to_460800,radar,277,20260920-192610-inBroken-460800,1,1,0.02116396650671959,0.8255506753921509,0.09499458968639374,0.05829082429409027
115200_to_460800,radar,278,20260920-192610-inBroken-460800,1,1,0.017547205090522766,0.8373353481292725,0.08406919240951538,0.06104832515120506
115200_to_460800,radar,279,20260920-192610-inBroken-460800,1,1,0.02355211228132248,0.8162230253219604,0.0945415049791336,0.06568342447280884
115200_to_460800,radar,280,20260920-192610-inBroken-460800,1,1,0.01454006414860487,0.8501912951469421,0.07702901214361191,0.058239616453647614
115200_to_460800,radar,281,20260920-192610-inBroken-460800,1,1,0.0221321489661932,0.8198032379150391,0.09068937599658966,0.06737525761127472
115200_to_460800,radar,282,20260920-192610-inBroken-460800,1,1,0.017180180177092552,0.8416619300842285,0.08051393181085587,0.060643941164016724
115200_to_460800,radar,283,20260920-192610-inBroken-460800,1,1,0.020415732637047768,0.8250471949577332,0.09090851992368698,0.06362853944301605
115200_to_460800,radar,284,20260920-192610-inBroken-460800,1,1,0.0193492379039526,0.8288764953613281,0.08969856798648834,0.062075771391391754
115200_to_460800,radar,285,20260920-192610-inBroken-460800,1,1,0.02386334352195263,0.8052853345870972,0.09663981199264526,0.07421153038740158
115200_to_460800,radar,286,20260920-192610-inBroken-460800,1,1,0.020335836336016655,0.8053762912750244,0.0938761755824089,0.08041173219680786
115200_to_460800,radar,287,20260920-192610-inBroken-460800,1,1,0.04101984202861786,0.7537163496017456,0.12082351744174957,0.08444034308195114
115200_to_460800,radar,288,20260920-192610-inBroken-460800,1,1,0.017834393307566643,0.8453325033187866,0.08140450716018677,0.055428557097911835
115200_to_460800,radar,289,20260920-192610-inBroken-460800,1,1,0.025411726906895638,0.7916784286499023,0.10020279884338379,0.08270705491304398
115200_to_460800,radar,290,20260920-192610-inBroken-460800,1,1,0.02665899693965912,0.770723283290863,0.10759302973747253,0.09502467513084412
115200_to_460800,radar,291,20260920-192610-inBroken-460800,1,1,0.024909086525440216,0.7788306474685669,0.10074924677610397,0.09551101922988892
115200_to_460800,radar,292,20260920-192610-inBroken-460800,1,1,0.021574974060058594,0.8230919241905212,0.09186289459466934,0.06347024440765381
115200_to_460800,radar,293,20260920-192610-inBroken-460800,1,1,0.022217605262994766,0.7860812544822693,0.09723461419343948,0.09446658939123154
115200_to_460800,radar,294,20260920-192610-inBroken-460800,1,1,0.018048224970698357,0.8211898803710938,0.08644533157348633,0.0743166133761406
115200_to_460800,radar,295,20260920-192610-inBroken-460800,1,1,0.03178039938211441,0.7667700052261353,0.118682362139225,0.08276721835136414
115200_to_460800,radar,296,20260920-192610-inBroken-460800,1,1,0.018122289329767227,0.8276113867759705,0.08498299866914749,0.06928323209285736
115200_to_460800,radar,297,20260920-192610-inBroken-460800,1,1,0.02470465935766697,0.7902843952178955,0.10467632114887238,0.0803346186876297
115200_to_460800,radar,298,20260920-192610-inBroken-460800,1,1,0.029060808941721916,0.7639164924621582,0.10960656404495239,0.09741618484258652
115200_to_460800,radar,299,20260920-192610-inBroken-460800,1,1,0.021603303030133247,0.8156909346580505,0.09248455613851547,0.07022113353013992
115200_to_460800,radar,300,20260920-192610-inBroken-460800,1,1,0.023967571556568146,0.8102349638938904,0.09706864506006241,0.06872875243425369
115200_to_460800,radar,301,20260920-192610-inBroken-460800,1,1,0.026129456236958504,0.7741511464118958,0.10730857402086258,0.09241090714931488
115200_to_460800,radar,302,20260920-192610-inBroken-460800,1,1,0.020945027470588684,0.8042559027671814,0.09301868826150894,0.08178035169839859
115200_to_460800,radar,303,20260920-192610-inBroken-460800,1,1,0.021040616557002068,0.8042632341384888,0.09391898661851883,0.08077718317508698
115200_to_460800,radar,304,20260920-192610-inBroken-460800,1,1,0.025812771171331406,0.7901656031608582,0.10542334616184235,0.07859831303358078
115200_to_460800,radar,305,20260920-192610-inBroken-460800,1,1,0.020936718210577965,0.8179082870483398,0.09413563460111618,0.06701940298080444
115200_to_460800,radar,306,20260920-192610-inBroken-460800,1,1,0.02188962697982788,0.7928653955459595,0.0945248007774353,0.09072016924619675
115200_to_460800,radar,307,20260920-192610-inBroken-460800,1,1,0.03101520799100399,0.7769370675086975,0.1100044921040535,0.08204327523708344
115200_to_460800,radar,308,20260920-192610-inBroken-460800,1,1,0.021640965715050697,0.8190763592720032,0.09440387785434723,0.06487887352705002
115200_to_460800,radar,309,20260920-192610-inBroken-460800,1,1,0.019518155604600906,0.8235105872154236,0.08969645202159882,0.06727476418018341
115200_to_460800,radar,361,20260920-194108-roll-460800,3,3,0.02235342748463154,0.03629380837082863,0.046200018376111984,0.8951526284217834
115200_to_460800,radar,362,20260920-194108-roll-460800,3,3,0.02034255862236023,0.03139488771557808,0.04335891082882881,0.9049036502838135
115200_to_460800,radar,363,20260920-194108-roll-460800,3,3,0.02037513442337513,0.03567724674940109,0.04308610036969185,0.9008615016937256
115200_to_460800,radar,364,20260920-194108-roll-460800,3,3,0.018813615664839745,0.034456200897693634,0.044892407953739166,0.9018377661705017
115200_to_460800,radar,365,20260920-194108-roll-460800,3,3,0.021169127896428108,0.0372435562312603,0.04865403100848198,0.8929332494735718
115200_to_460800,radar,366,20260920-194108-roll-460800,3,3,0.02551100216805935,0.03641654551029205,0.05119609832763672,0.8868762850761414
115200_to_460800,radar,367,20260920-194108-roll-460800,3,3,0.0228472501039505,0.03803039342164993,0.049614060670137405,0.8895082473754883
115200_to_460800,radar,368,20260920-194108-roll-460800,3,3,0.020670125260949135,0.03929772973060608,0.047155339270830154,0.8928768038749695
115200_to_460800,radar,369,20260920-194108-roll-460800,3,3,0.02194131352007389,0.044516149908304214,0.05224508047103882,0.8812974691390991
115200_to_460800,radar,370,20260920-194108-roll-460800,3,3,0.023302776739001274,0.034858930855989456,0.04800613597035408,0.8938320875167847
115200_to_460800,radar,371,20260920-194108-roll-460800,3,3,0.024131184443831444,0.04419088736176491,0.05181248113512993,0.8798655271530151
115200_to_460800,radar,372,20260920-194108-roll-460800,3,3,0.020420733839273453,0.037925396114587784,0.04664133861660957,0.8950125575065613
115200_to_460800,radar,373,20260920-194108-roll-460800,3,3,0.02339181676506996,0.04840294271707535,0.056597888469696045,0.8716073632240295
115200_to_460800,radar,374,20260920-194108-roll-460800,3,3,0.021886711940169334,0.041490547358989716,0.048535823822021484,0.8880868554115295
115200_to_460800,radar,375,20260920-194108-roll-460800,3,3,0.018537599593400955,0.04148394614458084,0.04748453572392464,0.8924939632415771
115200_to_460800,radar,376,20260920-194108-roll-460800,3,3,0.02476685680449009,0.04691755026578903,0.06048862636089325,0.8678270578384399
115200_to_460800,radar,377,20260920-194108-roll-460800,3,3,0.03297629952430725,0.0576213113963604,0.07667092978954315,0.8327314853668213
115200_to_460800,radar,378,20260920-194108-roll-460800,3,3,0.019994735717773438,0.05079110711812973,0.05410332232713699,0.8751108050346375
115200_to_460800,radar,379,20260920-194108-roll-460800,3,3,0.01851135492324829,0.03708620369434357,0.044249098747968674,0.9001533389091492
115200_to_460800,radar,380,20260920-194108-roll-460800,3,3,0.01948625035583973,0.03545045480132103,0.04614827409386635,0.8989149928092957
115200_to_460800,radar,381,20260920-194108-roll-460800,3,3,0.020794345065951347,0.04066174477338791,0.04724480211734772,0.8912990689277649
115200_to_460800,radar,382,20260920-194108-roll-460800,3,3,0.019820231944322586,0.039000846445560455,0.04680619016289711,0.8943727016448975
115200_to_460800,radar,383,20260920-194108-roll-460800,3,3,0.021851366385817528,0.040251005440950394,0.048021100461483,0.8898765444755554
115200_to_460800,radar,384,20260920-194108-roll-460800,3,3,0.020443210378289223,0.035487666726112366,0.04621186852455139,0.8978573083877563
115200_to_460800,radar,385,20260920-194108-roll-460800,3,3,0.021441983059048653,0.0376768484711647,0.04704369604587555,0.8938374519348145
115200_to_460800,radar,386,20260920-194108-roll-460800,3,3,0.021351275965571404,0.032592397183179855,0.047041118144989014,0.8990151882171631
115200_to_460800,radar,387,20260920-194108-roll-460800,3,3,0.021615587174892426,0.03866255283355713,0.04978232458233833,0.8899394869804382
115200_to_460800,radar,388,20260920-194108-roll-460800,3,3,0.02182895317673683,0.0371629074215889,0.04876263812184334,0.8922454714775085
115200_to_460800,radar,389,20260920-194108-roll-460800,3,3,0.01864834874868393,0.038969986140728,0.0459073968231678,0.8964742422103882
115200_to_460800,radar,390,20260920-194108-roll-460800,3,3,0.021383363753557205,0.034761134535074234,0.04360014945268631,0.9002554416656494
115200_to_460800,radar,391,20260920-194108-roll-460800,3,3,0.02449927106499672,0.039292868226766586,0.05032853037118912,0.8858792781829834
115200_to_460800,radar,392,20260920-194108-roll-460800,3,3,0.029168304055929184,0.04422762244939804,0.05838301405310631,0.86822110414505
115200_to_460800,radar,393,20260920-194108-roll-460800,3,3,0.021317217499017715,0.03858013078570366,0.047845859080553055,0.8922567367553711
115200_to_460800,radar,394,20260920-194108-roll-460800,3,3,0.020236216485500336,0.041318826377391815,0.04956875741481781,0.88887619972229
115200_to_460800,radar,395,20260920-194108-roll-460800,3,3,0.02392916940152645,0.047057099640369415,0.05559824779629707,0.873415470123291
115200_to_460800,radar,396,20260920-194108-roll-460800,3,3,0.0272354893386364,0.044135455042123795,0.056243326514959335,0.8723856806755066
115200_to_460800,radar,397,20260920-194108-roll-460800,3,3,0.02228250727057457,0.035311803221702576,0.047483041882514954,0.89492267370224
115200_to_460800,radar,398,20260920-194108-roll-460800,3,3,0.022097701206803322,0.037662323564291,0.04694521799683571,0.8932948112487793
115200_to_460800,radar,399,20260920-194108-roll-460800,3,3,0.02827397733926773,0.0516945905983448,0.05890386924147606,0.8611275553703308
115200_to_460800,radar,400,20260920-194108-roll-460800,3,3,0.022792454808950424,0.04882020503282547,0.05058214068412781,0.8778051733970642
115200_to_460800,radar,401,20260920-194108-roll-460800,3,3,0.02726120874285698,0.053294502198696136,0.06125189736485481,0.8581923842430115
115200_to_460800,radar,402,20260920-194108-roll-460800,3,3,0.02437899447977543,0.05544370040297508,0.05912395566701889,0.8610533475875854
115200_to_460800,radar,403,20260920-194108-roll-460800,3,3,0.019829917699098587,0.03200606256723404,0.04384602978825569,0.9043179750442505
115200_to_460800,radar,404,20260920-194108-roll-460800,3,3,0.024123793467879295,0.045368194580078125,0.051395390182733536,0.8791126608848572
115200_to_460800,radar,405,20260920-194108-roll-460800,3,3,0.022905422374606133,0.037405598908662796,0.047034215182065964,0.8926547765731812
115200_to_460800,radar,406,20260920-194108-roll-460800,3,3,0.027292458340525627,0.045656103640794754,0.054860055446624756,0.872191309928894
115200_to_460800,radar,407,20260920-194108-roll-460800,3,3,0.03465402126312256,0.0528457909822464,0.06383974850177765,0.8486604690551758
115200_to_460800,radar,408,20260920-194108-roll-460800,3,3,0.020324813202023506,0.03705408424139023,0.04620199650526047,0.8964190483093262
115200_to_460800,radar,409,20260920-194108-roll-460800,3,3,0.033310797065496445,0.06529898196458817,0.06964357197284698,0.8317466378211975
115200_to_460800,radar,410,20260920-194108-roll-460800,3,3,0.03326387703418732,0.06401217728853226,0.06776939332485199,0.8349546194076538
115200_to_460800,radar,411,20260920-194108-roll-460800,3,3,0.03194383159279823,0.059834856539964676,0.06819585710763931,0.8400254249572754
460800_to_115200,contact,0,20260920-184058-normal-11520,0,0,0.8887059092521667,0.0027880463749170303,0.09273777902126312,0.015768198296427727
460800_to_115200,contact,1,20260920-184058-normal-11520,0,0,0.9855114221572876,1.758220423653256e-05,0.003331222804263234,0.01113977376371622
460800_to_115200,contact,2,20260920-184058-normal-11520,0,0,0.515927791595459,0.020740963518619537,0.4427594244480133,0.020571842789649963
460800_to_115200,contact,3,20260920-184058-normal-11520,0,0,0.7948139309883118,0.015980279073119164,0.17126710712909698,0.017938653007149696
460800_to_115200,contact,4,20260920-184058-normal-11520,0,0,0.6423162221908569,0.02982412278652191,0.3122227191925049,0.015637006610631943
460800_to_115200,contact,5,20260920-184058-normal-11520,0,0,0.6164389848709106,0.018518339842557907,0.3593389093875885,0.005703781731426716
460800_to_115200,contact,6,20260920-184058-normal-11520,0,0,0.9481975436210632,0.0006075698765926063,0.015847768634557724,0.035347044467926025
460800_to_115200,contact,13,20260920-190512-outBroken-115200,2,1,0.22612987458705902,0.35554927587509155,0.33089110255241394,0.08742975443601608
460800_to_115200,contact,14,20260920-190512-outBroken-115200,2,0,0.5020109415054321,0.024601588025689125,0.33581244945526123,0.1375749409198761
460800_to_115200,contact,15,20260920-190512-outBroken-115200,2,2,0.39489319920539856,0.007444190792739391,0.5592476725578308,0.03841489925980568
460800_to_115200,contact,16,20260920-190512-outBroken-115200,2,2,0.014991027303040028,0.005252766888588667,0.9757872819900513,0.0039689140394330025
460800_to_115200,contact,17,20260920-190512-outBroken-115200,2,0,0.4732842743396759,0.008611858822405338,0.35928839445114136,0.15881547331809998
460800_to_115200,contact,18,20260920-190512-outBroken-115200,2,2,0.10690534114837646,0.009210629388689995,0.7515970468521118,0.13228698074817657
460800_to_115200,contact,19,20260920-190512-outBroken-115200,2,1,0.09082823246717453,0.44016462564468384,0.4336594343185425,0.03534768149256706
460800_to_115200,contact,20,20260920-190512-outBroken-115200,2,2,0.10618636757135391,0.3745773732662201,0.4799242913722992,0.0393119715154171
460800_to_115200,contact,31,20260920-192216-inBroken-115200,1,1,0.042815517634153366,0.5763345956802368,0.35015201568603516,0.030697811394929886
460800_to_115200,contact,32,20260920-192216-inBroken-115200,1,1,0.025006426498293877,0.5668312311172485,0.4039240777492523,0.004238257650285959
460800_to_115200,contact,33,20260920-192216-inBroken-115200,1,1,0.07348427176475525,0.4891418218612671,0.41345030069351196,0.023923611268401146
460800_to_115200,contact,34,20260920-192216-inBroken-115200,1,0,0.30562683939933777,0.28513267636299133,0.13642266392707825,0.27281782031059265
460800_to_115200,contact,35,20260920-192216-inBroken-115200,1,1,0.06625489890575409,0.7540637254714966,0.13902971148490906,0.04065166413784027
460800_to_115200,contact,36,20260920-192216-inBroken-115200,1,1,0.006924504414200783,0.6086063981056213,0.381551593542099,0.0029174848459661007
460800_to_115200,contact,37,20260920-192216-inBroken-115200,1,1,0.02323729358613491,0.7780430912971497,0.18728724122047424,0.011432348750531673
460800_to_115200,contact,38,20260920-192216-inBroken-115200,1,1,0.0027682874351739883,0.8001419305801392,0.19552338123321533,0.0015663589583709836
460800_to_115200,contact,46,20260920-193718-roll-115200,3,0,0.7659417390823364,0.0036503158044070005,0.21058477461338043,0.01982317492365837
460800_to_115200,contact,47,20260920-193718-roll-115200,3,2,0.00399094820022583,0.4161413013935089,0.5606277585029602,0.0192400012165308
460800_to_115200,contact,48,20260920-193718-roll-115200,3,1,0.04010038077831268,0.4197562038898468,0.20474186539649963,0.3354015350341797
460800_to_115200,contact,49,20260920-193718-roll-115200,3,3,0.1729460060596466,0.0013839651364833117,0.014240252785384655,0.8114296793937683
460800_to_115200,contact,50,20260920-193718-roll-115200,3,2,0.02379295602440834,0.37596628069877625,0.5158979892730713,0.08434281498193741
460800_to_115200,contact,51,20260920-193718-roll-115200,3,1,0.014693645760416985,0.6162487864494324,0.3170601427555084,0.051997408270835876
460800_to_115200,contact,52,20260920-193718-roll-115200,3,3,0.1455017477273941,0.03977193310856819,0.0519978366792202,0.7627284526824951
460800_to_115200,contact,53,20260920-193718-roll-115200,3,3,0.04751063138246536,0.03428427129983902,0.02823151834309101,0.8899735808372498
460800_to_115200,contact,54,20260920-193718-roll-115200,3,3,0.04244489595293999,0.010467011481523514,0.012817511335015297,0.9342705607414246
460800_to_115200,radar,0,20260920-184058-normal-11520,0,0,0.8892433643341064,0.026521382853388786,0.06622029840946198,0.018014946952462196
460800_to_115200,radar,1,20260920-184058-normal-11520,0,0,0.7822272181510925,0.05367396026849747,0.0775495395064354,0.08654921501874924
460800_to_115200,radar,2,20260920-184058-normal-11520,0,0,0.884829580783844,0.0278742928057909,0.06729099899530411,0.020005177706480026
460800_to_115200,radar,3,20260920-184058-normal-11520,0,0,0.8811677098274231,0.029252806678414345,0.06957005709409714,0.020009446889162064
460800_to_115200,radar,4,20260920-184058-normal-11520,0,0,0.8708663582801819,0.032377131283283234,0.06453245878219604,0.032224006950855255
460800_to_115200,radar,5,20260920-184058-normal-11520,0,0,0.877084493637085,0.03240024670958519,0.06754723936319351,0.022968078032135963
460800_to_115200,radar,6,20260920-184058-normal-11520,0,0,0.8817800283432007,0.02998475730419159,0.06690187752246857,0.021333349868655205
460800_to_115200,radar,7,20260920-184058-normal-11520,0,0,0.8797369003295898,0.030240999534726143,0.06803792715072632,0.021984189748764038
460800_to_115200,radar,8,20260920-184058-normal-11520,0,0,0.8532781004905701,0.036575064063072205,0.06288687139749527,0.04725994914770126
460800_to_115200,radar,9,20260920-184058-normal-11520,0,0,0.8911585211753845,0.026293281465768814,0.06391140073537827,0.018636751919984818
460800_to_115200,radar,10,20260920-184058-normal-11520,0,0,0.8669801950454712,0.03335662931203842,0.06696943193674088,0.03269370645284653
460800_to_115200,radar,11,20260920-184058-normal-11520,0,0,0.8088630437850952,0.05160268396139145,0.08245134353637695,0.05708283558487892
460800_to_115200,radar,12,20260920-184058-normal-11520,0,0,0.8771747350692749,0.030918514356017113,0.06935098767280579,0.022555828094482422
460800_to_115200,radar,13,20260920-184058-normal-11520,0,0,0.6999939680099487,0.06110600754618645,0.0677676573395729,0.17113237082958221
460800_to_115200,radar,14,20260920-184058-normal-11520,0,0,0.8716360330581665,0.03261670842766762,0.07318121939897537,0.022565975785255432
460800_to_115200,radar,15,20260920-184058-normal-11520,0,0,0.7333669662475586,0.06013980880379677,0.06990442425012589,0.13658873736858368
460800_to_115200,radar,16,20260920-184058-normal-11520,0,0,0.8764016628265381,0.031284529715776443,0.06631383299827576,0.02599995769560337
460800_to_115200,radar,17,20260920-184058-normal-11520,0,0,0.8884313702583313,0.027283798903226852,0.06515567004680634,0.01912914216518402
460800_to_115200,radar,18,20260920-184058-normal-11520,0,0,0.8582677841186523,0.03629446402192116,0.07012248039245605,0.03531530499458313
460800_to_115200,radar,19,20260920-184058-normal-11520,0,0,0.8785948753356934,0.030832186341285706,0.06888584792613983,0.021687034517526627
460800_to_115200,radar,20,20260920-184058-normal-11520,0,0,0.8807389736175537,0.029546363279223442,0.07022765278816223,0.019487055018544197
460800_to_115200,radar,21,20260920-184058-normal-11520,0,0,0.8405617475509644,0.041103485971689224,0.07370206713676453,0.04463275521993637
460800_to_115200,radar,22,20260920-184058-normal-11520,0,0,0.8862313628196716,0.02813783288002014,0.06605087220668793,0.01958000287413597
460800_to_115200,radar,23,20260920-184058-normal-11520,0,0,0.8421652317047119,0.040288716554641724,0.0710025355219841,0.04654357582330704
460800_to_115200,radar,24,20260920-184058-normal-11520,0,0,0.8734484910964966,0.032963961362838745,0.06456390023231506,0.029023637995123863
460800_to_115200,radar,25,20260920-184058-normal-11520,0,0,0.8856937885284424,0.028393426910042763,0.0656849816441536,0.020227815955877304
460800_to_115200,radar,26,20260920-184058-normal-11520,0,0,0.8850412964820862,0.028637662529945374,0.0638255849480629,0.022495513781905174
460800_to_115200,radar,27,20260920-184058-normal-11520,0,0,0.8718646168708801,0.03340006247162819,0.07196346670389175,0.022771840915083885
460800_to_115200,radar,28,20260920-184058-normal-11520,0,0,0.8829951286315918,0.028770605102181435,0.06676165014505386,0.021472718566656113
460800_to_115200,radar,29,20260920-184058-normal-11520,0,0,0.8603078722953796,0.034698959439992905,0.06531879305839539,0.039674438536167145
460800_to_115200,radar,30,20260920-184058-normal-11520,0,0,0.880030632019043,0.029988843947649002,0.0702132135629654,0.019767286255955696
460800_to_115200,radar,31,20260920-184058-normal-11520,0,0,0.8817749619483948,0.02903117425739765,0.06896236538887024,0.020231513306498528
460800_to_115200,radar,32,20260920-184058-normal-11520,0,0,0.7625696659088135,0.05138909071683884,0.06883898377418518,0.11720217764377594
460800_to_115200,radar,33,20260920-184058-normal-11520,0,0,0.8826801180839539,0.030001534149050713,0.06754692643880844,0.019771317020058632
460800_to_115200,radar,34,20260920-184058-normal-11520,0,0,0.8854759931564331,0.028742343187332153,0.06655265390872955,0.019229035824537277
460800_to_115200,radar,35,20260920-184058-normal-11520,0,0,0.8609118461608887,0.03491002321243286,0.06644784659147263,0.03773020580410957
460800_to_115200,radar,36,20260920-184058-normal-11520,0,0,0.8751229047775269,0.033240530639886856,0.07045749574899673,0.02117900922894478
460800_to_115200,radar,37,20260920-184058-normal-11520,0,0,0.8699090480804443,0.03331023082137108,0.07037881761789322,0.026401875540614128
460800_to_115200,radar,38,20260920-184058-normal-11520,0,0,0.8814571499824524,0.02931785397231579,0.06842534244060516,0.02079964056611061
460800_to_115200,radar,39,20260920-184058-normal-11520,0,0,0.8593765497207642,0.037713322788476944,0.07122088223695755,0.031689345836639404
460800_to_115200,radar,40,20260920-184058-normal-11520,0,0,0.8834266066551208,0.029301166534423828,0.06859809905290604,0.01867407001554966
460800_to_115200,radar,41,20260920-184058-normal-11520,0,0,0.8678588271141052,0.03264128044247627,0.07444982975721359,0.02505011111497879
460800_to_115200,radar,42,20260920-184058-normal-11520,0,0,0.8678070306777954,0.033336739987134933,0.06953274458646774,0.029323507100343704
460800_to_115200,radar,43,20260920-184058-normal-11520,0,0,0.8863904476165771,0.027909493073821068,0.06635229289531708,0.01934768259525299
460800_to_115200,radar,44,20260920-184058-normal-11520,0,0,0.8728644847869873,0.03233952075242996,0.0715411826968193,0.023254839703440666
460800_to_115200,radar,45,20260920-184058-normal-11520,0,0,0.8831238746643066,0.027956485748291016,0.07135411351919174,0.017565535381436348
460800_to_115200,radar,46,20260920-184058-normal-11520,0,0,0.8685448169708252,0.03435475751757622,0.06868062168359756,0.02841988205909729
460800_to_115200,radar,47,20260920-184058-normal-11520,0,0,0.8820145726203918,0.029519889503717422,0.06727394461631775,0.02119157835841179
460800_to_115200,radar,48,20260920-184058-normal-11520,0,0,0.887315571308136,0.027307728305459023,0.06806351989507675,0.01731312833726406
460800_to_115200,radar,49,20260920-184058-normal-11520,0,0,0.88597172498703,0.028455475345253944,0.06502712517976761,0.02054562233388424
460800_to_115200,radar,50,20260920-184058-normal-11520,0,0,0.8883915543556213,0.027448873966932297,0.0662112683057785,0.01794823631644249
460800_to_115200,radar,51,20260920-184058-normal-11520,0,0,0.8794987201690674,0.02976302057504654,0.07140365988016129,0.01933452859520912
460800_to_115200,radar,52,20260920-184058-normal-11520,0,0,0.8731674551963806,0.03477013111114502,0.07000444084405899,0.022057946771383286
460800_to_115200,radar,53,20260920-184058-normal-11520,0,0,0.7951294183731079,0.06869393587112427,0.0995572879910469,0.036619458347558975
460800_to_115200,radar,54,20260920-184058-normal-11520,0,0,0.888192892074585,0.027852095663547516,0.06439560651779175,0.019559483975172043
460800_to_115200,radar,55,20260920-184058-normal-11520,0,0,0.8893195390701294,0.027578961104154587,0.06540698558092117,0.017694437876343727
460800_to_115200,radar,56,20260920-184058-normal-11520,0,0,0.8815497756004333,0.02987457625567913,0.06739161908626556,0.021184014156460762
460800_to_115200,radar,57,20260920-184058-normal-11520,0,0,0.8700928092002869,0.03307362645864487,0.06715983897447586,0.02967383898794651
460800_to_115200,radar,58,20260920-184058-normal-11520,0,0,0.8885509967803955,0.026847759261727333,0.06765430420637131,0.016946913674473763
460800_to_115200,radar,59,20260920-184058-normal-11520,0,0,0.8801509737968445,0.02973778359591961,0.06812179833650589,0.02198946662247181
460800_to_115200,radar,60,20260920-184058-normal-11520,0,0,0.8843326568603516,0.028649302199482918,0.06894301623106003,0.01807498186826706
460800_to_115200,radar,109,20260920-190512-outBroken-115200,2,2,0.052988048642873764,0.02406889759004116,0.9033260345458984,0.019616970792412758
460800_to_115200,radar,110,20260920-190512-outBroken-115200,2,2,0.06250537186861038,0.029798489063978195,0.8840724229812622,0.0236237533390522
460800_to_115200,radar,111,20260920-190512-outBroken-115200,2,2,0.06107134744524956,0.02817014418542385,0.8874924778938293,0.02326606586575508
460800_to_115200,radar,112,20260920-190512-outBroken-115200,2,2,0.05337437987327576,0.02485831268131733,0.9020614624023438,0.01970590464770794
460800_to_115200,radar,113,20260920-190512-outBroken-115200,2,2,0.05228946730494499,0.024543916806578636,0.9041147232055664,0.019051866605877876
460800_to_115200,radar,114,20260920-190512-outBroken-115200,2,2,0.058472055941820145,0.028466971591114998,0.8899983167648315,0.02306261844933033
460800_to_115200,radar,115,20260920-190512-outBroken-115200,2,2,0.05729355663061142,0.026217732578516006,0.8951546549797058,0.02133411541581154
460800_to_115200,radar,116,20260920-190512-outBroken-115200,2,2,0.05535163730382919,0.025918271392583847,0.8972659111022949,0.021464187651872635
460800_to_115200,radar,117,20260920-190512-outBroken-115200,2,2,0.05256799980998039,0.025116704404354095,0.9023167490959167,0.019998567178845406
460800_to_115200,radar,118,20260920-190512-outBroken-115200,2,2,0.05808208882808685,0.027781575918197632,0.8919551372528076,0.022181205451488495
460800_to_115200,radar,119,20260920-190512-outBroken-115200,2,2,0.07345446944236755,0.03713554888963699,0.861076831817627,0.02833312563598156
460800_to_115200,radar,120,20260920-190512-outBroken-115200,2,2,0.07610822468996048,0.03780735284090042,0.8567823767662048,0.02930207923054695
460800_to_115200,radar,121,20260920-190512-outBroken-115200,2,2,0.055021367967128754,0.025105850771069527,0.8990975618362427,0.020775221288204193
460800_to_115200,radar,122,20260920-190512-outBroken-115200,2,2,0.05593182146549225,0.026730962097644806,0.8959996700286865,0.021337566897273064
460800_to_115200,radar,123,20260920-190512-outBroken-115200,2,2,0.05766283720731735,0.027682166546583176,0.8924068808555603,0.022248078137636185
460800_to_115200,radar,124,20260920-190512-outBroken-115200,2,2,0.05663706362247467,0.027795538306236267,0.8935285806655884,0.02203884907066822
460800_to_115200,radar,125,20260920-190512-outBroken-115200,2,2,0.05702068656682968,0.028228767216205597,0.8925746083259583,0.022175928577780724
460800_to_115200,radar,126,20260920-190512-outBroken-115200,2,2,0.056120578199625015,0.025954192504286766,0.896222710609436,0.021702511236071587
460800_to_115200,radar,127,20260920-190512-outBroken-115200,2,2,0.05394427850842476,0.026883035898208618,0.8974687457084656,0.021703951060771942
460800_to_115200,radar,128,20260920-190512-outBroken-115200,2,2,0.04942774772644043,0.023146869614720345,0.9087368249893188,0.018688464537262917
460800_to_115200,radar,129,20260920-190512-outBroken-115200,2,2,0.054465752094984055,0.026492677628993988,0.8984894156455994,0.020552171394228935
460800_to_115200,radar,130,20260920-190512-outBroken-115200,2,2,0.05217418447136879,0.024365577846765518,0.9043181538581848,0.019142087548971176
460800_to_115200,radar,131,20260920-190512-outBroken-115200,2,2,0.06407133489847183,0.03648251295089722,0.8732545375823975,0.02619166672229767
460800_to_115200,radar,132,20260920-190512-outBroken-115200,2,2,0.06242101266980171,0.03128359094262123,0.8818535208702087,0.024441920220851898
460800_to_115200,radar,133,20260920-190512-outBroken-115200,2,2,0.056949689984321594,0.02774949185550213,0.8930400013923645,0.02226085588335991
460800_to_115200,radar,134,20260920-190512-outBroken-115200,2,2,0.058583129197359085,0.028816822916269302,0.8898705840110779,0.022729426622390747
460800_to_115200,radar,135,20260920-190512-outBroken-115200,2,2,0.05494292452931404,0.026759836822748184,0.8975310325622559,0.020766153931617737
460800_to_115200,radar,136,20260920-190512-outBroken-115200,2,2,0.052948787808418274,0.023314619436860085,0.9037677049636841,0.019968898966908455
460800_to_115200,radar,137,20260920-190512-outBroken-115200,2,2,0.05538884177803993,0.027271311730146408,0.8957493901252747,0.02159043587744236
460800_to_115200,radar,138,20260920-190512-outBroken-115200,2,2,0.05055759847164154,0.023812098428606987,0.9064709544181824,0.019159385934472084
460800_to_115200,radar,139,20260920-190512-outBroken-115200,2,2,0.05899784341454506,0.028147852048277855,0.8900700211524963,0.022784223780035973
460800_to_115200,radar,140,20260920-190512-outBroken-115200,2,2,0.049068424850702286,0.022762339562177658,0.9104165434837341,0.0177527517080307
460800_to_115200,radar,141,20260920-190512-outBroken-115200,2,2,0.06012498214840889,0.029947713017463684,0.8862912058830261,0.02363603003323078
460800_to_115200,radar,142,20260920-190512-outBroken-115200,2,2,0.05420234426856041,0.025543292984366417,0.8992426991462708,0.02101163938641548
460800_to_115200,radar,143,20260920-190512-outBroken-115200,2,2,0.06442375481128693,0.03376388922333717,0.8762986660003662,0.02551373653113842
460800_to_115200,radar,144,20260920-190512-outBroken-115200,2,2,0.057000935077667236,0.028301330283284187,0.8917567133903503,0.022941049188375473
460800_to_115200,radar,145,20260920-190512-outBroken-115200,2,2,0.05897382274270058,0.02943967655301094,0.8886119723320007,0.022974520921707153
460800_to_115200,radar,146,20260920-190512-outBroken-115200,2,2,0.056766826659440994,0.02788090892136097,0.8925989270210266,0.022753359749913216
460800_to_115200,radar,147,20260920-190512-outBroken-115200,2,2,0.05541122332215309,0.025655189529061317,0.8971660733222961,0.02176753617823124
460800_to_115200,radar,148,20260920-190512-outBroken-115200,2,2,0.05524471402168274,0.026684828102588654,0.8962913751602173,0.021779043599963188
460800_to_115200,radar,149,20260920-190512-outBroken-115200,2,2,0.05369037762284279,0.027270125225186348,0.8984341025352478,0.020605409517884254
460800_to_115200,radar,150,20260920-190512-outBroken-115200,2,2,0.06290239095687866,0.03232206776738167,0.879707932472229,0.025067532435059547
460800_to_115200,radar,151,20260920-190512-outBroken-115200,2,2,0.06014706566929817,0.03176245093345642,0.883013904094696,0.025076577439904213
460800_to_115200,radar,152,20260920-190512-outBroken-115200,2,2,0.05268480256199837,0.02470574714243412,0.9017612338066101,0.020848149433732033
460800_to_115200,radar,153,20260920-190512-outBroken-115200,2,2,0.05099999159574509,0.024440061300992966,0.905343234539032,0.019216740503907204
460800_to_115200,radar,154,20260920-190512-outBroken-115200,2,2,0.05444521829485893,0.02596881613135338,0.8988789319992065,0.020707014948129654
460800_to_115200,radar,155,20260920-190512-outBroken-115200,2,2,0.05994143337011337,0.027093691751360893,0.8900625109672546,0.022902337834239006
460800_to_115200,radar,156,20260920-190512-outBroken-115200,2,2,0.05713086575269699,0.028634151443839073,0.8922513127326965,0.021983643993735313
460800_to_115200,radar,157,20260920-190512-outBroken-115200,2,2,0.054460372775793076,0.025636039674282074,0.8987318873405457,0.021171623840928078
460800_to_115200,radar,158,20260920-190512-outBroken-115200,2,2,0.05132463946938515,0.023613786324858665,0.9058921337127686,0.019169436767697334
460800_to_115200,radar,209,20260920-192216-inBroken-115200,1,1,0.08265181630849838,0.5721563696861267,0.3001801073551178,0.04501170665025711
460800_to_115200,radar,210,20260920-192216-inBroken-115200,1,1,0.09224732965230942,0.47884654998779297,0.37591296434402466,0.05299314111471176
460800_to_115200,radar,211,20260920-192216-inBroken-115200,1,1,0.052561018615961075,0.7692257165908813,0.14519131183624268,0.03302193433046341
460800_to_115200,radar,212,20260920-192216-inBroken-115200,1,1,0.0770430788397789,0.6658321022987366,0.21260149776935577,0.04452328756451607
460800_to_115200,radar,213,20260920-192216-inBroken-115200,1,1,0.06615771353244781,0.7245827913284302,0.16867829859256744,0.04058123007416725
460800_to_115200,radar,214,20260920-192216-inBroken-115200,1,1,0.04184502735733986,0.8360727429389954,0.09332840144634247,0.028753839433193207
460800_to_115200,radar,215,20260920-192216-inBroken-115200,1,1,0.05917033925652504,0.7576843500137329,0.14332717657089233,0.03981819748878479
460800_to_115200,radar,216,20260920-192216-inBroken-115200,1,1,0.04604179784655571,0.818727970123291,0.1040639728307724,0.031166287139058113
460800_to_115200,radar,217,20260920-192216-inBroken-115200,1,1,0.037858184427022934,0.84744793176651,0.08736146241426468,0.027332469820976257
460800_to_115200,radar,218,20260920-192216-inBroken-115200,1,1,0.11202628910541534,0.4951431453227997,0.3376770317554474,0.05515345558524132
460800_to_115200,radar,219,20260920-192216-inBroken-115200,1,1,0.0365581177175045,0.8548119068145752,0.08339472115039825,0.025235168635845184
460800_to_115200,radar,220,20260920-192216-inBroken-115200,1,1,0.07988546788692474,0.6407296657562256,0.2319086194038391,0.047476258128881454
460800_to_115200,radar,221,20260920-192216-inBroken-115200,1,1,0.06397439539432526,0.7180794477462769,0.17495925724506378,0.0429869219660759
460800_to_115200,radar,222,20260920-192216-inBroken-115200,1,1,0.07775696367025375,0.6735954880714417,0.2032405436038971,0.045407023280858994
460800_to_115200,radar,223,20260920-192216-inBroken-115200,1,1,0.04113571718335152,0.8419318199157715,0.0873187705874443,0.02961372211575508
460800_to_115200,radar,224,20260920-192216-inBroken-115200,1,1,0.06981462240219116,0.6888512969017029,0.1877405047416687,0.05359353497624397
460800_to_115200,radar,225,20260920-192216-inBroken-115200,1,1,0.0443442277610302,0.8216894865036011,0.10408273339271545,0.02988358959555626
460800_to_115200,radar,226,20260920-192216-inBroken-115200,1,1,0.07023368030786514,0.6454902291297913,0.2404654324054718,0.0438106395304203
460800_to_115200,radar,227,20260920-192216-inBroken-115200,1,1,0.06281016767024994,0.7436278462409973,0.1550360918045044,0.03852583467960358
460800_to_115200,radar,228,20260920-192216-inBroken-115200,1,1,0.04850286617875099,0.8073347210884094,0.11204235255718231,0.03212010860443115
460800_to_115200,radar,229,20260920-192216-inBroken-115200,1,1,0.04799401015043259,0.8056812286376953,0.11331376433372498,0.033011045306921005
460800_to_115200,radar,230,20260920-192216-inBroken-115200,1,1,0.05346312001347542,0.7796217203140259,0.13079732656478882,0.03611782193183899
460800_to_115200,radar,231,20260920-192216-inBroken-115200,1,1,0.0678011029958725,0.730315089225769,0.1574670970439911,0.04441668093204498
460800_to_115200,radar,232,20260920-192216-inBroken-115200,1,1,0.07713090628385544,0.6556331515312195,0.22103659808635712,0.046199291944503784
460800_to_115200,radar,233,20260920-192216-inBroken-115200,1,1,0.052956726402044296,0.7792033553123474,0.1322101205587387,0.035629767924547195
460800_to_115200,radar,234,20260920-192216-inBroken-115200,1,1,0.05002453550696373,0.7871680855751038,0.12844611704349518,0.034361205995082855
460800_to_115200,radar,235,20260920-192216-inBroken-115200,1,1,0.04044131934642792,0.851252555847168,0.08191350102424622,0.02639256976544857
460800_to_115200,radar,236,20260920-192216-inBroken-115200,1,1,0.03339143842458725,0.8660570979118347,0.07764573395252228,0.02290569618344307
460800_to_115200,radar,237,20260920-192216-inBroken-115200,1,1,0.03397652879357338,0.8670423626899719,0.07476865500211716,0.024212520569562912
460800_to_115200,radar,238,20260920-192216-inBroken-115200,1,1,0.04762907698750496,0.8233270049095154,0.09784683585166931,0.031197061762213707
460800_to_115200,radar,239,20260920-192216-inBroken-115200,1,1,0.05651995539665222,0.7730154395103455,0.13336828351020813,0.03709634393453598
460800_to_115200,radar,240,20260920-192216-inBroken-115200,1,1,0.035584110766649246,0.8604228496551514,0.0796029344201088,0.02439016103744507
460800_to_115200,radar,241,20260920-192216-inBroken-115200,1,1,0.044768624007701874,0.8315621018409729,0.09358182549476624,0.03008739836513996
460800_to_115200,radar,242,20260920-192216-inBroken-115200,1,1,0.05175086110830307,0.78654944896698,0.12457610666751862,0.03712363913655281
460800_to_115200,radar,243,20260920-192216-inBroken-115200,1,1,0.0464308001101017,0.8275121450424194,0.09660651534795761,0.029450612142682076
460800_to_115200,radar,244,20260920-192216-inBroken-115200,1,1,0.038084834814071655,0.8447539806365967,0.08964013308286667,0.027521058917045593
460800_to_115200,radar,245,20260920-192216-inBroken-115200,1,1,0.04048049449920654,0.8400152921676636,0.09299013018608093,0.026514071971178055
460800_to_115200,radar,246,20260920-192216-inBroken-115200,1,1,0.06864655017852783,0.716244101524353,0.17600159347057343,0.03910774365067482
460800_to_115200,radar,247,20260920-192216-inBroken-115200,1,1,0.1032022163271904,0.46088334918022156,0.3559386432170868,0.07997570186853409
460800_to_115200,radar,248,20260920-192216-inBroken-115200,1,1,0.03136686980724335,0.8758037686347961,0.07097214460372925,0.02185712940990925
460800_to_115200,radar,249,20260920-192216-inBroken-115200,1,1,0.03478551656007767,0.8649623990058899,0.07595114409923553,0.02430093102157116
460800_to_115200,radar,250,20260920-192216-inBroken-115200,1,1,0.029307372868061066,0.8839554190635681,0.06388842314481735,0.022848770022392273
460800_to_115200,radar,251,20260920-192216-inBroken-115200,1,1,0.06276819854974747,0.745853066444397,0.14950793981552124,0.041870784014463425
460800_to_115200,radar,252,20260920-192216-inBroken-115200,1,1,0.06913518160581589,0.7086299657821655,0.1758226901292801,0.04641213268041611
460800_to_115200,radar,253,20260920-192216-inBroken-115200,1,1,0.030069975182414055,0.8783841133117676,0.06954659521579742,0.021999282762408257
460800_to_115200,radar,254,20260920-192216-inBroken-115200,1,1,0.03335561975836754,0.8685857057571411,0.07510752975940704,0.022951116785407066
460800_to_115200,radar,255,20260920-192216-inBroken-115200,1,1,0.04157903790473938,0.8340506553649902,0.09469287842512131,0.02967742644250393
460800_to_115200,radar,256,20260920-192216-inBroken-115200,1,1,0.04001612216234207,0.8311880826950073,0.10205697268247604,0.026738744229078293
460800_to_115200,radar,257,20260920-192216-inBroken-115200,1,1,0.03782963752746582,0.849600076675415,0.08468672633171082,0.027883587405085564
460800_to_115200,radar,258,20260920-192216-inBroken-115200,1,1,0.057419005781412125,0.7735210657119751,0.1302156001329422,0.038844309747219086
460800_to_115200,radar,310,20260920-193718-roll-115200,3,3,0.17191217839717865,0.060041822493076324,0.02670654095709324,0.7413394451141357
460800_to_115200,radar,311,20260920-193718-roll-115200,3,3,0.2298496812582016,0.06473276764154434,0.03334178030490875,0.6720758080482483
460800_to_115200,radar,312,20260920-193718-roll-115200,3,3,0.4183030426502228,0.07951062172651291,0.05659877136349678,0.44558754563331604
460800_to_115200,radar,313,20260920-193718-roll-115200,3,3,0.1648155003786087,0.05837887525558472,0.027595993131399155,0.7492095828056335
460800_to_115200,radar,314,20260920-193718-roll-115200,3,3,0.21148471534252167,0.06499446928501129,0.03568229824304581,0.6878385543823242
460800_to_115200,radar,315,20260920-193718-roll-115200,3,0,0.686288595199585,0.06577413529157639,0.07461553066968918,0.1733216792345047
460800_to_115200,radar,316,20260920-193718-roll-115200,3,3,0.13049276173114777,0.05158340558409691,0.02226313389837742,0.7956607341766357
460800_to_115200,radar,317,20260920-193718-roll-115200,3,3,0.072815902531147,0.05025318264961243,0.014649063348770142,0.862281858921051
460800_to_115200,radar,318,20260920-193718-roll-115200,3,3,0.0368366539478302,0.032028328627347946,0.006473149638622999,0.9246618151664734
460800_to_115200,radar,319,20260920-193718-roll-115200,3,3,0.09511943906545639,0.0426824577152729,0.013753462582826614,0.8484446406364441
460800_to_115200,radar,320,20260920-193718-roll-115200,3,3,0.03835473582148552,0.03179490566253662,0.00697695417329669,0.9228733777999878
460800_to_115200,radar,321,20260920-193718-roll-115200,3,3,0.15739084780216217,0.058345355093479156,0.023368431255221367,0.7608954310417175
460800_to_115200,radar,322,20260920-193718-roll-115200,3,3,0.3509437143802643,0.09647266566753387,0.07436232268810272,0.4782212972640991
460800_to_115200,radar,323,20260920-193718-roll-115200,3,3,0.06920520961284637,0.04742949455976486,0.013593144714832306,0.8697721362113953
460800_to_115200,radar,324,20260920-193718-roll-115200,3,3,0.08045428991317749,0.058005254715681076,0.02035410888493061,0.8411863446235657
460800_to_115200,radar,325,20260920-193718-roll-115200,3,3,0.07461664080619812,0.048780884593725204,0.015810826793313026,0.8607916235923767
460800_to_115200,radar,326,20260920-193718-roll-115200,3,3,0.03016141802072525,0.026760593056678772,0.004916605073958635,0.938161313533783
460800_to_115200,radar,327,20260920-193718-roll-115200,3,3,0.0614725798368454,0.040830694139003754,0.011088130995631218,0.8866086006164551
460800_to_115200,radar,328,20260920-193718-roll-115200,3,3,0.030434366315603256,0.03125923499464989,0.005835545714944601,0.9324709177017212
460800_to_115200,radar,329,20260920-193718-roll-115200,3,3,0.032145075500011444,0.02958066202700138,0.005635371897369623,0.9326388239860535
460800_to_115200,radar,330,20260920-193718-roll-115200,3,3,0.028612222522497177,0.0275114718824625,0.0051587652415037155,0.9387175440788269
460800_to_115200,radar,331,20260920-193718-roll-115200,3,3,0.02731013111770153,0.02637363225221634,0.0046237618662416935,0.9416924715042114
460800_to_115200,radar,332,20260920-193718-roll-115200,3,3,0.029331648722290993,0.02724274806678295,0.004812783095985651,0.9386128187179565
460800_to_115200,radar,333,20260920-193718-roll-115200,3,3,0.03412265703082085,0.03072347305715084,0.006108553148806095,0.9290452599525452
460800_to_115200,radar,334,20260920-193718-roll-115200,3,3,0.045086901634931564,0.03830753266811371,0.007877063937485218,0.9087285995483398
460800_to_115200,radar,335,20260920-193718-roll-115200,3,3,0.03133655712008476,0.02700093574821949,0.005060650873929262,0.9366018772125244
460800_to_115200,radar,336,20260920-193718-roll-115200,3,3,0.02653345838189125,0.028822898864746094,0.004713030066341162,0.9399306178092957
460800_to_115200,radar,337,20260920-193718-roll-115200,3,3,0.041153475642204285,0.03299516811966896,0.007359241135418415,0.9184920191764832
460800_to_115200,radar,338,20260920-193718-roll-115200,3,3,0.037482161074876785,0.03164120018482208,0.006569129880517721,0.9243074655532837
460800_to_115200,radar,339,20260920-193718-roll-115200,3,3,0.02882387489080429,0.0278703011572361,0.004927909467369318,0.9383779168128967
460800_to_115200,radar,340,20260920-193718-roll-115200,3,3,0.028095683082938194,0.02662370540201664,0.004838638007640839,0.9404419660568237
460800_to_115200,radar,341,20260920-193718-roll-115200,3,3,0.029283836483955383,0.026541030034422874,0.0048968009650707245,0.9392784237861633
460800_to_115200,radar,342,20260920-193718-roll-115200,3,3,0.035991378128528595,0.030936626717448235,0.005922763608396053,0.92714923620224
460800_to_115200,radar,343,20260920-193718-roll-115200,3,3,0.03145377337932587,0.03161958232522011,0.005448663607239723,0.9314780235290527
460800_to_115200,radar,344,20260920-193718-roll-115200,3,3,0.02808799222111702,0.029400231316685677,0.004882404115051031,0.9376294612884521
460800_to_115200,radar,345,20260920-193718-roll-115200,3,3,0.02419227734208107,0.02509259060025215,0.004188851453363895,0.946526288986206
460800_to_115200,radar,346,20260920-193718-roll-115200,3,3,0.04911785572767258,0.03667815402150154,0.008331255055963993,0.9058727622032166
460800_to_115200,radar,347,20260920-193718-roll-115200,3,3,0.05136211961507797,0.03992398828268051,0.009710156358778477,0.8990036845207214
460800_to_115200,radar,348,20260920-193718-roll-115200,3,3,0.027608012780547142,0.02687407098710537,0.004748465493321419,0.9407694935798645
460800_to_115200,radar,349,20260920-193718-roll-115200,3,3,0.029623636975884438,0.02765391767024994,0.005003794562071562,0.9377186894416809
460800_to_115200,radar,350,20260920-193718-roll-115200,3,3,0.03934197127819061,0.03520333021879196,0.007378322537988424,0.9180763959884644
460800_to_115200,radar,351,20260920-193718-roll-115200,3,3,0.028145682066679,0.02589305117726326,0.00454174866899848,0.9414196014404297
460800_to_115200,radar,352,20260920-193718-roll-115200,3,3,0.02524334006011486,0.02656136080622673,0.004441327881067991,0.9437539577484131
460800_to_115200,radar,353,20260920-193718-roll-115200,3,3,0.2049654722213745,0.0740666314959526,0.039175380021333694,0.6817924380302429
460800_to_115200,radar,354,20260920-193718-roll-115200,3,3,0.027066543698310852,0.02450152300298214,0.004361970350146294,0.9440699219703674
460800_to_115200,radar,355,20260920-193718-roll-115200,3,3,0.03378457576036453,0.0323997400701046,0.005883374717086554,0.9279322624206543
460800_to_115200,radar,356,20260920-193718-roll-115200,3,3,0.026179060339927673,0.025864023715257645,0.00442257896065712,0.9435343146324158
460800_to_115200,radar,357,20260920-193718-roll-115200,3,3,0.029295964166522026,0.02821413427591324,0.005084766540676355,0.9374051690101624
460800_to_115200,radar,358,20260920-193718-roll-115200,3,3,0.028249947354197502,0.026122186332941055,0.004690919071435928,0.9409369230270386
460800_to_115200,radar,359,20260920-193718-roll-115200,3,3,0.028968285769224167,0.028051625937223434,0.00518339779227972,0.9377967715263367
460800_to_115200,radar,360,20260920-193718-roll-115200,3,3,0.029994377866387367,0.02674417570233345,0.004836082458496094,0.9384253621101379
all_known,contact,0,20260920-184058-normal-11520,0,0,0.8409537076950073,0.005826929118484259,0.10570229589939117,0.04751713573932648
all_known,contact,1,20260920-184058-normal-11520,0,0,0.9748526215553284,4.5996934204595163e-05,0.006742741446942091,0.018358631059527397
all_known,contact,2,20260920-184058-normal-11520,0,0,0.4912204444408417,0.03203223645687103,0.3963189125061035,0.08042839914560318
all_known,contact,3,20260920-184058-normal-11520,0,0,0.7309267520904541,0.03249068185687065,0.18970122933387756,0.046881359070539474
all_known,contact,4,20260920-184058-normal-11520,0,0,0.5947834253311157,0.0560026578605175,0.2843360900878906,0.06487785279750824
all_known,contact,5,20260920-184058-normal-11520,0,0,0.6207981109619141,0.03436127305030823,0.3143502473831177,0.030490316450595856
all_known,contact,6,20260920-184058-normal-11520,0,0,0.9137935042381287,0.0019376591080799699,0.03253442421555519,0.05173446238040924
all_known,contact,7,20260920-184857-normal-460800,0,0,0.7977601289749146,0.011670653708279133,0.0892862007021904,0.10128308832645416
all_known,contact,8,20260920-184857-normal-460800,0,0,0.7038024663925171,0.05177381634712219,0.12947596609592438,0.11494774371385574
all_known,contact,9,20260920-184857-normal-460800,0,0,0.6136425733566284,0.11276331543922424,0.11972200125455856,0.15387211740016937
all_known,contact,10,20260920-184857-normal-460800,0,1,0.1817576140165329,0.43294069170951843,0.35936519503593445,0.025936445221304893
all_known,contact,11,20260920-184857-normal-460800,0,0,0.6821337938308716,0.01882808655500412,0.26653826236724854,0.03249981999397278
all_known,contact,12,20260920-184857-normal-460800,0,0,0.5677092671394348,0.15603452920913696,0.19146913290023804,0.08478705585002899
all_known,contact,13,20260920-190512-outBroken-115200,2,2,0.13908837735652924,0.2978850305080414,0.4128997027873993,0.15012690424919128
all_known,contact,14,20260920-190512-outBroken-115200,2,2,0.3226912319660187,0.027863748371601105,0.4786105453968048,0.17083443701267242
all_known,contact,15,20260920-190512-outBroken-115200,2,2,0.2833537459373474,0.008616610430181026,0.6211229562759399,0.08690670132637024
all_known,contact,16,20260920-190512-outBroken-115200,2,2,0.013813200406730175,0.006615865509957075,0.9608404636383057,0.018730448558926582
all_known,contact,17,20260920-190512-outBroken-115200,2,2,0.2747550904750824,0.009825371205806732,0.5064504742622375,0.20896902680397034
all_known,contact,18,20260920-190512-outBroken-115200,2,2,0.06769303232431412,0.008237499743700027,0.6960885524749756,0.2279808670282364
all_known,contact,19,20260920-190512-outBroken-115200,2,2,0.05075105279684067,0.3423851728439331,0.5567077398300171,0.05015600845217705
all_known,contact,20,20260920-190512-outBroken-115200,2,2,0.054610807448625565,0.31320396065711975,0.5789583921432495,0.053226761519908905
all_known,contact,21,20260920-190913-outBroken-460800,2,2,0.19700343906879425,0.011474205181002617,0.6566752791404724,0.13484707474708557
all_known,contact,22,20260920-190913-outBroken-460800,2,2,0.07559116184711456,0.01037659402936697,0.7974964380264282,0.11653582751750946
all_known,contact,23,20260920-190913-outBroken-460800,2,2,0.00961946789175272,0.061080753803253174,0.856487512588501,0.0728122815489769
all_known,contact,24,20260920-190913-outBroken-460800,2,0,0.430674284696579,0.03541817516088486,0.3267659842967987,0.20714162290096283
all_known,contact,25,20260920-190913-outBroken-460800,2,2,0.15932263433933258,0.0024192475248128176,0.6076001524925232,0.2306579351425171
all_known,contact,26,20260920-190913-outBroken-460800,2,2,0.005413822364062071,0.047999463975429535,0.911907434463501,0.03467927873134613
all_known,contact,27,20260920-190913-outBroken-460800,2,2,0.10256252437829971,0.02570679597556591,0.8055271506309509,0.06620354950428009
all_known,contact,28,20260920-190913-outBroken-460800,2,2,0.020054060965776443,0.2912430763244629,0.6635192036628723,0.025183716788887978
all_known,contact,29,20260920-190913-outBroken-460800,2,2,0.04389670863747597,0.0361117348074913,0.8734930753707886,0.046498507261276245
all_known,contact,30,20260920-190913-outBroken-460800,2,2,0.06905084103345871,0.07057290524244308,0.82383793592453,0.03653829172253609
all_known,contact,31,20260920-192216-inBroken-115200,1,1,0.02472725883126259,0.634454607963562,0.26485398411750793,0.07596413046121597
all_known,contact,32,20260920-192216-inBroken-115200,1,1,0.023293444886803627,0.7095300555229187,0.23232097923755646,0.034855425357818604
all_known,contact,33,20260920-192216-inBroken-115200,1,1,0.04709918051958084,0.5777555704116821,0.30151188373565674,0.0736333504319191
all_known,contact,34,20260920-192216-inBroken-115200,1,1,0.16598069667816162,0.38974863290786743,0.13272902369499207,0.3115416467189789
all_known,contact,35,20260920-192216-inBroken-115200,1,1,0.035295937210321426,0.7867342233657837,0.09182219207286835,0.08614763617515564
all_known,contact,36,20260920-192216-inBroken-115200,1,1,0.006565830670297146,0.7418628931045532,0.2290607988834381,0.022510459646582603
all_known,contact,37,20260920-192216-inBroken-115200,1,1,0.01468667108565569,0.8296387195587158,0.11919857561588287,0.0364760085940361
all_known,contact,38,20260920-192216-inBroken-115200,1,1,0.002646031090989709,0.8670498132705688,0.117243193089962,0.013061058707535267
all_known,contact,39,20260920-192610-inBroken-460800,1,1,0.003436852479353547,0.9356101155281067,0.049232367426157,0.011720733717083931
all_known,contact,40,20260920-192610-inBroken-460800,1,1,0.012384217232465744,0.888241171836853,0.05369480326771736,0.04567983001470566
all_known,contact,41,20260920-192610-inBroken-460800,1,1,0.09481411427259445,0.6933515667915344,0.05569487437605858,0.15613940358161926
all_known,contact,42,20260920-192610-inBroken-460800,1,1,0.04405831918120384,0.7045207023620605,0.0852145105600357,0.16620641946792603
all_known,contact,43,20260920-192610-inBroken-460800,1,1,0.011402035132050514,0.8220065236091614,0.1473466008901596,0.01924481987953186
all_known,contact,44,20260920-192610-inBroken-460800,1,1,0.026318788528442383,0.8426593542098999,0.021779561415314674,0.10924234241247177
all_known,contact,45,20260920-192610-inBroken-460800,1,1,0.002963869832456112,0.9202763438224792,0.057545941323041916,0.01921376772224903
all_known,contact,46,20260920-193718-roll-115200,3,0,0.4700247049331665,0.011307219974696636,0.41821372509002686,0.10045428574085236
all_known,contact,47,20260920-193718-roll-115200,3,1,0.004498242866247892,0.3874317407608032,0.3457982838153839,0.2622717022895813
all_known,contact,48,20260920-193718-roll-115200,3,3,0.01448502205312252,0.183454230427742,0.07355298101902008,0.7285077571868896
all_known,contact,49,20260920-193718-roll-115200,3,3,0.09679345041513443,0.001396616455167532,0.014452307485044003,0.8873575329780579
all_known,contact,50,20260920-193718-roll-115200,3,3,0.015849914401769638,0.22339241206645966,0.24810713529586792,0.5126505494117737
all_known,contact,51,20260920-193718-roll-115200,3,1,0.011374443769454956,0.4238564372062683,0.1768219769001007,0.387947142124176
all_known,contact,52,20260920-193718-roll-115200,3,3,0.05257074162364006,0.02206500619649887,0.026160532608628273,0.8992036581039429
all_known,contact,53,20260920-193718-roll-115200,3,3,0.01875237561762333,0.02135423570871353,0.018161633983254433,0.9417316913604736
all_known,contact,54,20260920-193718-roll-115200,3,3,0.01986156404018402,0.00851308275014162,0.010232450440526009,0.9613928198814392
all_known,contact,55,20260920-194108-roll-460800,3,3,0.02692461386322975,0.011185707524418831,0.005097545217722654,0.9567921161651611
all_known,contact,56,20260920-194108-roll-460800,3,3,0.028629623353481293,0.06771214306354523,0.008897176943719387,0.8947610855102539
all_known,contact,57,20260920-194108-roll-460800,3,3,0.05995362997055054,0.13016580045223236,0.023644549772143364,0.786236047744751
all_known,radar,0,20260920-184058-normal-11520,0,0,0.907609224319458,0.011444318108260632,0.05891198292374611,0.02203453704714775
all_known,radar,1,20260920-184058-normal-11520,0,0,0.9041088819503784,0.008856073021888733,0.05541471019387245,0.03162030503153801
all_known,radar,2,20260920-184058-normal-11520,0,0,0.917802631855011,0.00804104097187519,0.05541490018367767,0.018741348758339882
all_known,radar,3,20260920-184058-normal-11520,0,0,0.9001342058181763,0.012379984371364117,0.06293707340955734,0.024548713117837906
all_known,radar,4,20260920-184058-normal-11520,0,0,0.9109624624252319,0.009798846207559109,0.05430605635046959,0.024932637810707092
all_known,radar,5,20260920-184058-normal-11520,0,0,0.9163556098937988,0.011730872094631195,0.051570791751146317,0.020342741161584854
all_known,radar,6,20260920-184058-normal-11520,0,0,0.9064995050430298,0.009731266647577286,0.0595950186252594,0.024174246937036514
all_known,radar,7,20260920-184058-normal-11520,0,0,0.9259721636772156,0.0053242226131260395,0.04941246658563614,0.01929105818271637
all_known,radar,8,20260920-184058-normal-11520,0,0,0.9138335585594177,0.007535586133599281,0.05389723554253578,0.02473369985818863
all_known,radar,9,20260920-184058-normal-11520,0,0,0.9055917859077454,0.013210751116275787,0.05725722759962082,0.02394023910164833
all_known,radar,10,20260920-184058-normal-11520,0,0,0.9026653170585632,0.005381978116929531,0.059663888067007065,0.03228873759508133
all_known,radar,11,20260920-184058-normal-11520,0,0,0.9033576250076294,0.00910864770412445,0.05710877105593681,0.03042495623230934
all_known,radar,12,20260920-184058-normal-11520,0,0,0.9096673727035522,0.007886137813329697,0.060514144599437714,0.021932357922196388
all_known,radar,13,20260920-184058-normal-11520,0,0,0.9193147420883179,0.003669990925118327,0.04437077045440674,0.03264443576335907
all_known,radar,14,20260920-184058-normal-11520,0,0,0.9010429382324219,0.005401229951530695,0.06340689957141876,0.0301489420235157
all_known,radar,15,20260920-184058-normal-11520,0,0,0.9131459593772888,0.004849928896874189,0.04863491281867027,0.033369213342666626
all_known,radar,16,20260920-184058-normal-11520,0,0,0.9058607220649719,0.010003757663071156,0.05859213322401047,0.02554343268275261
all_known,radar,17,20260920-184058-normal-11520,0,0,0.9175271987915039,0.007508865557610989,0.05310242250561714,0.021861426532268524
all_known,radar,18,20260920-184058-normal-11520,0,0,0.9041540026664734,0.006806718651205301,0.058904968202114105,0.030134284868836403
all_known,radar,19,20260920-184058-normal-11520,0,0,0.9032487273216248,0.00987945031374693,0.05806814506649971,0.028803683817386627
all_known,radar,20,20260920-184058-normal-11520,0,0,0.9140468239784241,0.008223703131079674,0.057518117129802704,0.020211312919855118
all_known,radar,21,20260920-184058-normal-11520,0,0,0.8951188325881958,0.005116055719554424,0.058840688318014145,0.040924377739429474
all_known,radar,22,20260920-184058-normal-11520,0,0,0.9128044247627258,0.01028446201235056,0.0566633865237236,0.020247790962457657
all_known,radar,23,20260920-184058-normal-11520,0,0,0.9241032004356384,0.004625473637133837,0.050351984798908234,0.020919332280755043
all_known,radar,24,20260920-184058-normal-11520,0,0,0.9041681289672852,0.006831739563494921,0.059026386588811874,0.029973648488521576
all_known,radar,25,20260920-184058-normal-11520,0,0,0.9165962338447571,0.006262962240725756,0.055433742702007294,0.021707043051719666
all_known,radar,26,20260920-184058-normal-11520,0,0,0.9078912138938904,0.00962996855378151,0.05818440765142441,0.02429444156587124
all_known,radar,27,20260920-184058-normal-11520,0,0,0.9247471690177917,0.008687766268849373,0.04899014160037041,0.017574839293956757
all_known,radar,28,20260920-184058-normal-11520,0,0,0.9114511609077454,0.007450105156749487,0.05914613977074623,0.02195262722671032
all_known,radar,29,20260920-184058-normal-11520,0,0,0.9009243845939636,0.007954311557114124,0.059690218418836594,0.031431153416633606
all_known,radar,30,20260920-184058-normal-11520,0,0,0.9095101952552795,0.008586496114730835,0.057729706168174744,0.024173514917492867
all_known,radar,31,20260920-184058-normal-11520,0,0,0.9157540202140808,0.0057266345247626305,0.05643996223807335,0.02207939140498638
all_known,radar,32,20260920-184058-normal-11520,0,0,0.894494891166687,0.007105828262865543,0.06066066771745682,0.03773864731192589
all_known,radar,33,20260920-184058-normal-11520,0,0,0.9154262542724609,0.008878159336745739,0.05582699552178383,0.0198686346411705
all_known,radar,34,20260920-184058-normal-11520,0,0,0.9003674983978271,0.011977367103099823,0.06237808242440224,0.025277018547058105
all_known,radar,35,20260920-184058-normal-11520,0,0,0.8990189433097839,0.008393538184463978,0.060948364436626434,0.031639114022254944
all_known,radar,36,20260920-184058-normal-11520,0,0,0.8935855627059937,0.01934000477194786,0.06233455613255501,0.02473985031247139
all_known,radar,37,20260920-184058-normal-11520,0,0,0.9074009656906128,0.006005892995744944,0.06079065427184105,0.025802478194236755
all_known,radar,38,20260920-184058-normal-11520,0,0,0.9101487398147583,0.006919877603650093,0.060089271515607834,0.02284211665391922
all_known,radar,39,20260920-184058-normal-11520,0,0,0.9160619378089905,0.005604656878858805,0.05364030972123146,0.024693084880709648
all_known,radar,40,20260920-184058-normal-11520,0,0,0.9049856662750244,0.01262782420963049,0.059831731021404266,0.022554820403456688
all_known,radar,41,20260920-184058-normal-11520,0,0,0.9151532053947449,0.00513377645984292,0.05712612345814705,0.022586887702345848
all_known,radar,42,20260920-184058-normal-11520,0,0,0.9188008904457092,0.005490267649292946,0.053787097334861755,0.02192174829542637
all_known,radar,43,20260920-184058-normal-11520,0,0,0.9000769257545471,0.011057175695896149,0.06126179173588753,0.027604147791862488
all_known,radar,44,20260920-184058-normal-11520,0,0,0.9054946899414062,0.008036124520003796,0.05845754221081734,0.028011659160256386
all_known,radar,45,20260920-184058-normal-11520,0,0,0.9046189188957214,0.011905963532626629,0.058742426335811615,0.02473263628780842
all_known,radar,46,20260920-184058-normal-11520,0,0,0.9063319563865662,0.008606371469795704,0.05771609768271446,0.027345575392246246
all_known,radar,47,20260920-184058-normal-11520,0,0,0.9112216234207153,0.008378323167562485,0.05861809849739075,0.021781928837299347
all_known,radar,48,20260920-184058-normal-11520,0,0,0.9095576405525208,0.01012179721146822,0.058417078107595444,0.02190353535115719
all_known,radar,49,20260920-184058-normal-11520,0,0,0.9085171818733215,0.01067797839641571,0.05816779285669327,0.02263709157705307
all_known,radar,50,20260920-184058-normal-11520,0,0,0.9211629033088684,0.006877093110233545,0.05366084724664688,0.018299102783203125
all_known,radar,51,20260920-184058-normal-11520,0,0,0.9058653712272644,0.009576325304806232,0.058984220027923584,0.025574076920747757
all_known,radar,52,20260920-184058-normal-11520,0,0,0.8873010277748108,0.02722771465778351,0.05644748732447624,0.02902371995151043
all_known,radar,53,20260920-184058-normal-11520,0,0,0.8881095051765442,0.01876790262758732,0.06295324116945267,0.030169323086738586
all_known,radar,54,20260920-184058-normal-11520,0,0,0.8979663848876953,0.015000463463366032,0.06232288479804993,0.024710260331630707
all_known,radar,55,20260920-184058-normal-11520,0,0,0.9019917249679565,0.011687600053846836,0.06262539327144623,0.023695237934589386
all_known,radar,56,20260920-184058-normal-11520,0,0,0.9052415490150452,0.010501636192202568,0.06041467934846878,0.023842157796025276
all_known,radar,57,20260920-184058-normal-11520,0,0,0.9055975675582886,0.0075955200009047985,0.058972880244255066,0.0278339721262455
all_known,radar,58,20260920-184058-normal-11520,0,0,0.8996430039405823,0.02101331762969494,0.055140528827905655,0.024203140288591385
all_known,radar,59,20260920-184058-normal-11520,0,0,0.9152879118919373,0.006558401044458151,0.05735451728105545,0.020799124613404274
all_known,radar,60,20260920-184058-normal-11520,0,0,0.9120848774909973,0.008804241195321083,0.058578383177518845,0.020532501861453056
all_known,radar,61,20260920-184857-normal-460800,0,0,0.8614263534545898,0.042882680892944336,0.062319014221429825,0.0333719402551651
all_known,radar,62,20260920-184857-normal-460800,0,0,0.8825535774230957,0.027644893154501915,0.06209126487374306,0.027710264548659325
all_known,radar,63,20260920-184857-normal-460800,0,0,0.8507763743400574,0.048305947333574295,0.06788445264101028,0.03303324431180954
all_known,radar,64,20260920-184857-normal-460800,0,0,0.8500546813011169,0.04664071649312973,0.06599564105272293,0.037308983504772186
all_known,radar,65,20260920-184857-normal-460800,0,0,0.8522710204124451,0.037413496524095535,0.07319967448711395,0.03711584582924843
all_known,radar,66,20260920-184857-normal-460800,0,0,0.85999995470047,0.03732800483703613,0.06737203150987625,0.03529999777674675
all_known,radar,67,20260920-184857-normal-460800,0,0,0.860852062702179,0.028507333248853683,0.07533182948827744,0.0353088304400444
all_known,radar,68,20260920-184857-normal-460800,0,0,0.8609594702720642,0.035505615174770355,0.06911217421293259,0.03442278876900673
all_known,radar,69,20260920-184857-normal-460800,0,0,0.8619911074638367,0.04531906917691231,0.060051754117012024,0.032638031989336014
all_known,radar,70,20260920-184857-normal-460800,0,0,0.849214494228363,0.043854717165231705,0.06840287148952484,0.03852792829275131
all_known,radar,71,20260920-184857-normal-460800,0,0,0.855431079864502,0.04497085511684418,0.06595592945814133,0.03364210203289986
all_known,radar,72,20260920-184857-normal-460800,0,0,0.8622270822525024,0.03604600206017494,0.07128430902957916,0.030442604795098305
all_known,radar,73,20260920-184857-normal-460800,0,0,0.8527220487594604,0.03701141104102135,0.0733000785112381,0.03696637600660324
all_known,radar,74,20260920-184857-normal-460800,0,0,0.8576292395591736,0.042318686842918396,0.0654100626707077,0.03464200347661972
all_known,radar,75,20260920-184857-normal-460800,0,0,0.8555452823638916,0.04215593636035919,0.06714680045843124,0.03515196219086647
all_known,radar,76,20260920-184857-normal-460800,0,0,0.8571628332138062,0.03816436231136322,0.06961019337177277,0.03506258875131607
all_known,radar,77,20260920-184857-normal-460800,0,0,0.8720248937606812,0.028816979378461838,0.06404417008161545,0.03511396050453186
all_known,radar,78,20260920-184857-normal-460800,0,0,0.8707481026649475,0.03476743400096893,0.06328596919775009,0.03119843080639839
all_known,radar,79,20260920-184857-normal-460800,0,0,0.8495749831199646,0.04907429218292236,0.06420829892158508,0.03714236617088318
all_known,radar,80,20260920-184857-normal-460800,0,0,0.8472991585731506,0.046602051705121994,0.07005710899829865,0.036041729152202606
all_known,radar,81,20260920-184857-normal-460800,0,0,0.8769413828849792,0.028211958706378937,0.06416620314121246,0.030680516734719276
all_known,radar,82,20260920-184857-normal-460800,0,0,0.8582970499992371,0.03564062714576721,0.07181740552186966,0.03424493968486786
all_known,radar,83,20260920-184857-normal-460800,0,0,0.8438811898231506,0.05250619724392891,0.0670410692691803,0.03657156974077225
all_known,radar,84,20260920-184857-normal-460800,0,0,0.8617768883705139,0.03602208197116852,0.06375385075807571,0.03844714164733887
all_known,radar,85,20260920-184857-normal-460800,0,0,0.8611887693405151,0.03636658564209938,0.06560281664133072,0.03684186190366745
all_known,radar,86,20260920-184857-normal-460800,0,0,0.8594878315925598,0.03254999965429306,0.07126817107200623,0.03669402375817299
all_known,radar,87,20260920-184857-normal-460800,0,0,0.8554543852806091,0.03523881733417511,0.0688113272190094,0.040495384484529495
all_known,radar,88,20260920-184857-normal-460800,0,0,0.8555159568786621,0.0438678041100502,0.06481357663869858,0.03580256924033165
all_known,radar,89,20260920-184857-normal-460800,0,0,0.8607047200202942,0.035198770463466644,0.06655782461166382,0.03753869980573654
all_known,radar,90,20260920-184857-normal-460800,0,0,0.8388839364051819,0.05192071199417114,0.06932243704795837,0.039872873574495316
all_known,radar,91,20260920-184857-normal-460800,0,0,0.8517738580703735,0.03226075693964958,0.07251492887735367,0.04345039650797844
all_known,radar,92,20260920-184857-normal-460800,0,0,0.8582826256752014,0.04164305701851845,0.06743033230304718,0.03264397010207176
all_known,radar,93,20260920-184857-normal-460800,0,0,0.8708492517471313,0.03515849635004997,0.06345339864492416,0.030538804829120636
all_known,radar,94,20260920-184857-normal-460800,0,0,0.8597378730773926,0.04313032701611519,0.06423235684633255,0.032899416983127594
all_known,radar,95,20260920-184857-normal-460800,0,0,0.8583952784538269,0.035613417625427246,0.06673072278499603,0.0392606146633625
all_known,radar,96,20260920-184857-normal-460800,0,0,0.877190887928009,0.03354363143444061,0.05956393480300903,0.029701512306928635
all_known,radar,97,20260920-184857-normal-460800,0,0,0.8425013422966003,0.05099146068096161,0.06653491407632828,0.039972275495529175
all_known,radar,98,20260920-184857-normal-460800,0,0,0.8522437810897827,0.03639271855354309,0.0710061714053154,0.04035725072026253
all_known,radar,99,20260920-184857-normal-460800,0,0,0.8449452519416809,0.04685008525848389,0.0670894905924797,0.041115205734968185
all_known,radar,100,20260920-184857-normal-460800,0,0,0.8405211567878723,0.044253118336200714,0.0739787220954895,0.041247013956308365
all_known,radar,101,20260920-184857-normal-460800,0,0,0.8578723669052124,0.04437116160988808,0.06501170247793198,0.032744716852903366
all_known,radar,102,20260920-184857-normal-460800,0,0,0.8526046872138977,0.04914061725139618,0.062253665179014206,0.03600103780627251
all_known,radar,103,20260920-184857-normal-460800,0,0,0.8577287793159485,0.04469452053308487,0.06291293352842331,0.03466377779841423
all_known,radar,104,20260920-184857-normal-460800,0,0,0.8529709577560425,0.039039913564920425,0.0672646090388298,0.04072444513440132
all_known,radar,105,20260920-184857-normal-460800,0,0,0.8598431348800659,0.0422779805958271,0.06374912708997726,0.034129731357097626
all_known,radar,106,20260920-184857-normal-460800,0,0,0.8578089475631714,0.048225417733192444,0.061203792691230774,0.03276178613305092
all_known,radar,107,20260920-184857-normal-460800,0,0,0.861594557762146,0.03971271589398384,0.06484340876340866,0.03384926915168762
all_known,radar,108,20260920-184857-normal-460800,0,0,0.8573156595230103,0.04208071902394295,0.06525695323944092,0.03534670174121857
all_known,radar,109,20260920-190512-outBroken-115200,2,2,0.04224548488855362,0.030038058757781982,0.875307023525238,0.05240936949849129
all_known,radar,110,20260920-190512-outBroken-115200,2,2,0.05076942965388298,0.030458180233836174,0.8692211508750916,0.04955136030912399
all_known,radar,111,20260920-190512-outBroken-115200,2,2,0.04769713431596756,0.03130181506276131,0.8703155517578125,0.050685394555330276
all_known,radar,112,20260920-190512-outBroken-115200,2,2,0.050479527562856674,0.030348891392350197,0.8715866804122925,0.04758495092391968
all_known,radar,113,20260920-190512-outBroken-115200,2,2,0.04820827394723892,0.02822520025074482,0.8780317306518555,0.045534759759902954
all_known,radar,114,20260920-190512-outBroken-115200,2,2,0.04796531796455383,0.03258366137742996,0.8714733123779297,0.047977760434150696
all_known,radar,115,20260920-190512-outBroken-115200,2,2,0.049074456095695496,0.03133227676153183,0.8723009824752808,0.047292232513427734
all_known,radar,116,20260920-190512-outBroken-115200,2,2,0.04810912162065506,0.0344272255897522,0.8636538982391357,0.0538097620010376
all_known,radar,117,20260920-190512-outBroken-115200,2,2,0.045652713626623154,0.02901371754705906,0.8810321092605591,0.044301457703113556
all_known,radar,118,20260920-190512-outBroken-115200,2,2,0.04844997078180313,0.033835459500551224,0.8682767152786255,0.04943782463669777
all_known,radar,119,20260920-190512-outBroken-115200,2,2,0.06252769380807877,0.035117216408252716,0.8508864641189575,0.05146856978535652
all_known,radar,120,20260920-190512-outBroken-115200,2,2,0.056582432240247726,0.033126939088106155,0.8660283088684082,0.044262323528528214
all_known,radar,121,20260920-190512-outBroken-115200,2,2,0.05268533527851105,0.029516395181417465,0.8773605227470398,0.04043777287006378
all_known,radar,122,20260920-190512-outBroken-115200,2,2,0.04917798563838005,0.03416978567838669,0.8688961267471313,0.04775616526603699
all_known,radar,123,20260920-190512-outBroken-115200,2,2,0.04875384271144867,0.028375867754220963,0.8803455233573914,0.04252481460571289
all_known,radar,124,20260920-190512-outBroken-115200,2,2,0.04930541291832924,0.030611906200647354,0.8796993494033813,0.04038328304886818
all_known,radar,125,20260920-190512-outBroken-115200,2,2,0.04960063844919205,0.03016212396323681,0.8793796896934509,0.04085749015212059
all_known,radar,126,20260920-190512-outBroken-115200,2,2,0.048197224736213684,0.03163812309503555,0.8686335682868958,0.05153118446469307
all_known,radar,127,20260920-190512-outBroken-115200,2,2,0.056176550686359406,0.03257688134908676,0.8598529696464539,0.0513935461640358
all_known,radar,128,20260920-190512-outBroken-115200,2,2,0.04270295798778534,0.030460556969046593,0.8802598714828491,0.0465766005218029
all_known,radar,129,20260920-190512-outBroken-115200,2,2,0.047504499554634094,0.029477590695023537,0.8809158205986023,0.04210211709141731
all_known,radar,130,20260920-190512-outBroken-115200,2,2,0.042959120124578476,0.030492205172777176,0.882466197013855,0.04408244788646698
all_known,radar,131,20260920-190512-outBroken-115200,2,2,0.055904317647218704,0.034598808735609055,0.8619329333305359,0.04756394773721695
all_known,radar,132,20260920-190512-outBroken-115200,2,2,0.05192047357559204,0.029775232076644897,0.8756997585296631,0.04260458052158356
all_known,radar,133,20260920-190512-outBroken-115200,2,2,0.05125924572348595,0.03153703734278679,0.8711608052253723,0.04604284465312958
all_known,radar,134,20260920-190512-outBroken-115200,2,2,0.052174851298332214,0.03255949914455414,0.8711585402488708,0.0441071055829525
all_known,radar,135,20260920-190512-outBroken-115200,2,2,0.05273778736591339,0.030546080321073532,0.8740124702453613,0.042703695595264435
all_known,radar,136,20260920-190512-outBroken-115200,2,2,0.045113638043403625,0.02972831204533577,0.8779119849205017,0.04724608361721039
all_known,radar,137,20260920-190512-outBroken-115200,2,2,0.048051364719867706,0.02961157262325287,0.8795660734176636,0.04277098923921585
all_known,radar,138,20260920-190512-outBroken-115200,2,2,0.04379648715257645,0.029268745332956314,0.8824933767318726,0.044441305100917816
all_known,radar,139,20260920-190512-outBroken-115200,2,2,0.05065140873193741,0.031404778361320496,0.8687865734100342,0.04915721341967583
all_known,radar,140,20260920-190512-outBroken-115200,2,2,0.048904284834861755,0.029564278200268745,0.8748177289962769,0.04671376198530197
all_known,radar,141,20260920-190512-outBroken-115200,2,2,0.05593825876712799,0.033255644142627716,0.8642933964729309,0.04651273414492607
all_known,radar,142,20260920-190512-outBroken-115200,2,2,0.05245344713330269,0.032676130533218384,0.8646334409713745,0.05023697391152382
all_known,radar,143,20260920-190512-outBroken-115200,2,2,0.05182206630706787,0.034230899065732956,0.8661247491836548,0.047822270542383194
all_known,radar,144,20260920-190512-outBroken-115200,2,2,0.0498298779129982,0.032499268651008606,0.8715698719024658,0.046101026237010956
all_known,radar,145,20260920-190512-outBroken-115200,2,2,0.0526975616812706,0.0321369394659996,0.8705223202705383,0.04464324936270714
all_known,radar,146,20260920-190512-outBroken-115200,2,2,0.05306321755051613,0.03322817012667656,0.8673256635665894,0.04638298600912094
all_known,radar,147,20260920-190512-outBroken-115200,2,2,0.05158579349517822,0.03242741897702217,0.8654317855834961,0.05055493488907814
all_known,radar,148,20260920-190512-outBroken-115200,2,2,0.05396807938814163,0.033018793910741806,0.8584308624267578,0.05458228290081024
all_known,radar,149,20260920-190512-outBroken-115200,2,2,0.04517087712883949,0.0331200510263443,0.8721462488174438,0.04956282302737236
all_known,radar,150,20260920-190512-outBroken-115200,2,2,0.05052884295582771,0.03194134309887886,0.8703427314758301,0.047187089920043945
all_known,radar,151,20260920-190512-outBroken-115200,2,2,0.047690484672784805,0.03234114870429039,0.8714648485183716,0.048503577709198
all_known,radar,152,20260920-190512-outBroken-115200,2,2,0.04551297798752785,0.0293903686106205,0.8753025531768799,0.049794137477874756
all_known,radar,153,20260920-190512-outBroken-115200,2,2,0.04580013453960419,0.03057766519486904,0.8760746717453003,0.04754750803112984
all_known,radar,154,20260920-190512-outBroken-115200,2,2,0.05403941124677658,0.03292674571275711,0.8604323267936707,0.052601512521505356
all_known,radar,155,20260920-190512-outBroken-115200,2,2,0.05226293206214905,0.031150642782449722,0.8648520112037659,0.05173435062170029
all_known,radar,156,20260920-190512-outBroken-115200,2,2,0.05684111639857292,0.03145667910575867,0.8668822646141052,0.04481997340917587
all_known,radar,157,20260920-190512-outBroken-115200,2,2,0.050423022359609604,0.03149266168475151,0.864558756351471,0.05352549999952316
all_known,radar,158,20260920-190512-outBroken-115200,2,2,0.04752020537853241,0.027655579149723053,0.8818724751472473,0.0429518036544323
all_known,radar,159,20260920-190913-outBroken-460800,2,2,0.03555108234286308,0.023797323927283287,0.894637405872345,0.04601417854428291
all_known,radar,160,20260920-190913-outBroken-460800,2,2,0.03691878542304039,0.021110258996486664,0.9009792804718018,0.04099173843860626
all_known,radar,161,20260920-190913-outBroken-460800,2,2,0.03429780155420303,0.019620036706328392,0.9086257219314575,0.03745643422007561
all_known,radar,162,20260920-190913-outBroken-460800,2,2,0.03558845818042755,0.030607158318161964,0.8873844146728516,0.046420030295848846
all_known,radar,163,20260920-190913-outBroken-460800,2,2,0.0361417792737484,0.020453283563256264,0.9029258489608765,0.04047910496592522
all_known,radar,164,20260920-190913-outBroken-460800,2,2,0.03429757431149483,0.019090967252850533,0.9108787775039673,0.03573266789317131
all_known,radar,165,20260920-190913-outBroken-460800,2,2,0.031240010634064674,0.01962590031325817,0.910521388053894,0.038612715899944305
all_known,radar,166,20260920-190913-outBroken-460800,2,2,0.040641218423843384,0.023077430203557014,0.8956090807914734,0.04067220166325569
all_known,radar,167,20260920-190913-outBroken-460800,2,2,0.0350964330136776,0.021938767284154892,0.9037602543830872,0.039204567670822144
all_known,radar,168,20260920-190913-outBroken-460800,2,2,0.035981886088848114,0.02080431766808033,0.9061195254325867,0.03709425777196884
all_known,radar,169,20260920-190913-outBroken-460800,2,2,0.035367563366889954,0.02093902975320816,0.9055553078651428,0.03813810274004936
all_known,radar,170,20260920-190913-outBroken-460800,2,2,0.03327856585383415,0.019480207934975624,0.9110115766525269,0.03622960299253464
all_known,radar,171,20260920-190913-outBroken-460800,2,2,0.036858465522527695,0.020340487360954285,0.9027169346809387,0.04008408263325691
all_known,radar,172,20260920-190913-outBroken-460800,2,2,0.03577325493097305,0.01984657719731331,0.9006909728050232,0.043689221143722534
all_known,radar,173,20260920-190913-outBroken-460800,2,2,0.04116792231798172,0.02359415404498577,0.8906304836273193,0.04460739344358444
all_known,radar,174,20260920-190913-outBroken-460800,2,2,0.03819767385721207,0.02018003910779953,0.9020549654960632,0.03956728056073189
all_known,radar,175,20260920-190913-outBroken-460800,2,2,0.033238861709833145,0.019146619364619255,0.9116330742835999,0.035981472581624985
all_known,radar,176,20260920-190913-outBroken-460800,2,2,0.037372853606939316,0.024271292611956596,0.8977949619293213,0.04056088626384735
all_known,radar,177,20260920-190913-outBroken-460800,2,2,0.04074758663773537,0.024942638352513313,0.8879696726799011,0.046339988708496094
all_known,radar,178,20260920-190913-outBroken-460800,2,2,0.03770012408494949,0.024536287412047386,0.8940560817718506,0.043707478791475296
all_known,radar,179,20260920-190913-outBroken-460800,2,2,0.035127922892570496,0.020017502829432487,0.9078513383865356,0.037003275007009506
all_known,radar,180,20260920-190913-outBroken-460800,2,2,0.03933233767747879,0.02288341149687767,0.896438717842102,0.04134561866521835
all_known,radar,181,20260920-190913-outBroken-460800,2,2,0.03342224285006523,0.01933465711772442,0.9099956154823303,0.03724748641252518
all_known,radar,182,20260920-190913-outBroken-460800,2,2,0.03368234634399414,0.018424643203616142,0.9143281579017639,0.03356480598449707
all_known,radar,183,20260920-190913-outBroken-460800,2,2,0.033426035195589066,0.02039075642824173,0.9113683700561523,0.034814849495887756
all_known,radar,184,20260920-190913-outBroken-460800,2,2,0.035706840455532074,0.020763568580150604,0.9082037210464478,0.03532581031322479
all_known,radar,185,20260920-190913-outBroken-460800,2,2,0.03639102354645729,0.01963169500231743,0.9053003191947937,0.03867696598172188
all_known,radar,186,20260920-190913-outBroken-460800,2,2,0.038913533091545105,0.02140641026198864,0.9010480046272278,0.03863201290369034
all_known,radar,187,20260920-190913-outBroken-460800,2,2,0.03596971556544304,0.022129962220788002,0.9035798907279968,0.038320392370224
all_known,radar,188,20260920-190913-outBroken-460800,2,2,0.036257293075323105,0.025356754660606384,0.8971582055091858,0.04122772440314293
all_known,radar,189,20260920-190913-outBroken-460800,2,2,0.03584263101220131,0.020443294197320938,0.9010834693908691,0.04263053834438324
all_known,radar,190,20260920-190913-outBroken-460800,2,2,0.03403814882040024,0.019486194476485252,0.9091981649398804,0.03727749362587929
all_known,radar,191,20260920-190913-outBroken-460800,2,2,0.03258169814944267,0.024765506386756897,0.9045161008834839,0.038136765360832214
all_known,radar,192,20260920-190913-outBroken-460800,2,2,0.03508201986551285,0.02133296988904476,0.9074410200119019,0.03614393249154091
all_known,radar,193,20260920-190913-outBroken-460800,2,2,0.03548490256071091,0.020119106397032738,0.9066105484962463,0.03778541833162308
all_known,radar,194,20260920-190913-outBroken-460800,2,2,0.03653993830084801,0.024493761360645294,0.8922099471092224,0.04675629362463951
all_known,radar,195,20260920-190913-outBroken-460800,2,2,0.033756233751773834,0.021462328732013702,0.902092695236206,0.0426887646317482
all_known,radar,196,20260920-190913-outBroken-460800,2,2,0.035118818283081055,0.0181046724319458,0.9105759263038635,0.036200642585754395
all_known,radar,197,20260920-190913-outBroken-460800,2,2,0.031936198472976685,0.021402640268206596,0.9062967300415039,0.04036445915699005
all_known,radar,198,20260920-190913-outBroken-460800,2,2,0.03466708958148956,0.020917395129799843,0.9044618010520935,0.03995366394519806
all_known,radar,199,20260920-190913-outBroken-460800,2,2,0.04455383121967316,0.028542233631014824,0.8769144415855408,0.04998953640460968
all_known,radar,200,20260920-190913-outBroken-460800,2,2,0.03659733012318611,0.01860336773097515,0.9077820777893066,0.03701723739504814
all_known,radar,201,20260920-190913-outBroken-460800,2,2,0.03690318018198013,0.020837387070059776,0.9012470841407776,0.04101232439279556
all_known,radar,202,20260920-190913-outBroken-460800,2,2,0.035763099789619446,0.020687423646450043,0.901192307472229,0.04235723242163658
all_known,radar,203,20260920-190913-outBroken-460800,2,2,0.03546839579939842,0.023324985057115555,0.8968394994735718,0.044367145746946335
all_known,radar,204,20260920-190913-outBroken-460800,2,2,0.0366394929587841,0.023364560678601265,0.8988623023033142,0.04113362729549408
all_known,radar,205,20260920-190913-outBroken-460800,2,2,0.040246736258268356,0.021885009482502937,0.8962484002113342,0.041619881987571716
all_known,radar,206,20260920-190913-outBroken-460800,2,2,0.035083670169115067,0.020602023229002953,0.9020323753356934,0.04228189215064049
all_known,radar,207,20260920-190913-outBroken-460800,2,2,0.03460092470049858,0.02047605998814106,0.9051656126976013,0.03975733369588852
all_known,radar,208,20260920-190913-outBroken-460800,2,2,0.03722233697772026,0.026346636936068535,0.8846980929374695,0.05173296853899956
all_known,radar,209,20260920-192216-inBroken-115200,1,1,0.01474524661898613,0.8828037977218628,0.07262012362480164,0.029830846935510635
all_known,radar,210,20260920-192216-inBroken-115200,1,1,0.015155134722590446,0.8726872801780701,0.0780574381351471,0.03410014882683754
all_known,radar,211,20260920-192216-inBroken-115200,1,1,0.012570972554385662,0.8952129483222961,0.06159374117851257,0.030622277408838272
all_known,radar,212,20260920-192216-inBroken-115200,1,1,0.01656333915889263,0.879727303981781,0.07425494492053986,0.029454311355948448
all_known,radar,213,20260920-192216-inBroken-115200,1,1,0.01498336624354124,0.8873677849769592,0.06778903305530548,0.029859893023967743
all_known,radar,214,20260920-192216-inBroken-115200,1,1,0.014597341418266296,0.8906856179237366,0.060906898230314255,0.03381013497710228
all_known,radar,215,20260920-192216-inBroken-115200,1,1,0.01596583053469658,0.8594221472740173,0.0821143314242363,0.04249771684408188
all_known,radar,216,20260920-192216-inBroken-115200,1,1,0.015308198519051075,0.8836087584495544,0.07136834412813187,0.029714753851294518
all_known,radar,217,20260920-192216-inBroken-115200,1,1,0.016895396634936333,0.8832202553749084,0.06903671473264694,0.030847596004605293
all_known,radar,218,20260920-192216-inBroken-115200,1,1,0.019116854295134544,0.8777350783348083,0.07167483121156693,0.03147321566939354
all_known,radar,219,20260920-192216-inBroken-115200,1,1,0.014616969972848892,0.8945833444595337,0.06347163021564484,0.0273281279951334
all_known,radar,220,20260920-192216-inBroken-115200,1,1,0.01474340632557869,0.8840351700782776,0.07161577045917511,0.02960560843348503
all_known,radar,221,20260920-192216-inBroken-115200,1,1,0.015302079729735851,0.8869130611419678,0.06584079563617706,0.031944118440151215
all_known,radar,222,20260920-192216-inBroken-115200,1,1,0.016377532854676247,0.8813519477844238,0.07360774278640747,0.028662795200943947
all_known,radar,223,20260920-192216-inBroken-115200,1,1,0.015319496393203735,0.8801513314247131,0.07236670702695847,0.032162394374608994
all_known,radar,224,20260920-192216-inBroken-115200,1,1,0.014933985657989979,0.8723404407501221,0.07604999095201492,0.03667552396655083
all_known,radar,225,20260920-192216-inBroken-115200,1,1,0.014146510511636734,0.8893688321113586,0.06860219687223434,0.02788245677947998
all_known,radar,226,20260920-192216-inBroken-115200,1,1,0.014207609929144382,0.8844968676567078,0.07061080634593964,0.030684659257531166
all_known,radar,227,20260920-192216-inBroken-115200,1,1,0.01852078177034855,0.8704254031181335,0.07635623961687088,0.03469759225845337
all_known,radar,228,20260920-192216-inBroken-115200,1,1,0.013864712789654732,0.8922659754753113,0.06491685658693314,0.02895248867571354
all_known,radar,229,20260920-192216-inBroken-115200,1,1,0.014821303077042103,0.8813570141792297,0.06884370744228363,0.03497804328799248
all_known,radar,230,20260920-192216-inBroken-115200,1,1,0.01572636514902115,0.8806570768356323,0.07202169299125671,0.03159485012292862
all_known,radar,231,20260920-192216-inBroken-115200,1,1,0.016173454001545906,0.8828575611114502,0.07078427821397781,0.030184751376509666
all_known,radar,232,20260920-192216-inBroken-115200,1,1,0.01537624653428793,0.8752962350845337,0.07835987210273743,0.0309677142649889
all_known,radar,233,20260920-192216-inBroken-115200,1,1,0.01597673073410988,0.8740145564079285,0.07783397287130356,0.03217482194304466
all_known,radar,234,20260920-192216-inBroken-115200,1,1,0.014390552416443825,0.8820466995239258,0.07246798276901245,0.031094688922166824
all_known,radar,235,20260920-192216-inBroken-115200,1,1,0.02090863324701786,0.8789837956428528,0.06820490211248398,0.031902655959129333
all_known,radar,236,20260920-192216-inBroken-115200,1,1,0.014088454656302929,0.9041677713394165,0.05510470271110535,0.02663915790617466
all_known,radar,237,20260920-192216-inBroken-115200,1,1,0.014608575962483883,0.8912942409515381,0.06581298261880875,0.028284244239330292
all_known,radar,238,20260920-192216-inBroken-115200,1,1,0.01593279466032982,0.8880876898765564,0.06633136421442032,0.029648222029209137
all_known,radar,239,20260920-192216-inBroken-115200,1,1,0.014943631365895271,0.8916705250740051,0.06242513656616211,0.030960706993937492
all_known,radar,240,20260920-192216-inBroken-115200,1,1,0.01718328706920147,0.8847612142562866,0.06958466023206711,0.028470875695347786
all_known,radar,241,20260920-192216-inBroken-115200,1,1,0.017436327412724495,0.8896090984344482,0.06441216170787811,0.028542399406433105
all_known,radar,242,20260920-192216-inBroken-115200,1,1,0.015797538682818413,0.8785152435302734,0.07335160672664642,0.03233569487929344
all_known,radar,243,20260920-192216-inBroken-115200,1,1,0.018810344859957695,0.8812196254730225,0.0694652572274208,0.030504807829856873
all_known,radar,244,20260920-192216-inBroken-115200,1,1,0.01451465766876936,0.8900344967842102,0.0666404590010643,0.028810396790504456
all_known,radar,245,20260920-192216-inBroken-115200,1,1,0.015241717919707298,0.8939855694770813,0.06466683000326157,0.02610597386956215
all_known,radar,246,20260920-192216-inBroken-115200,1,1,0.01906328834593296,0.8747702836990356,0.07285601645708084,0.03331036865711212
all_known,radar,247,20260920-192216-inBroken-115200,1,1,0.01863067038357258,0.8627087473869324,0.07259576767683029,0.046064816415309906
all_known,radar,248,20260920-192216-inBroken-115200,1,1,0.016704769805073738,0.8920224905014038,0.06155247986316681,0.029720211401581764
all_known,radar,249,20260920-192216-inBroken-115200,1,1,0.014621508307754993,0.899148166179657,0.05701878294348717,0.02921152114868164
all_known,radar,250,20260920-192216-inBroken-115200,1,1,0.01363697275519371,0.9015904664993286,0.05688680335879326,0.027885708957910538
all_known,radar,251,20260920-192216-inBroken-115200,1,1,0.01813935488462448,0.8771854043006897,0.07201935350894928,0.032655999064445496
all_known,radar,252,20260920-192216-inBroken-115200,1,1,0.016566840931773186,0.8636313676834106,0.08452311158180237,0.03527868539094925
all_known,radar,253,20260920-192216-inBroken-115200,1,1,0.012726172804832458,0.8941155076026917,0.06340636312961578,0.029751911759376526
all_known,radar,254,20260920-192216-inBroken-115200,1,1,0.014626618474721909,0.8988136649131775,0.059142544865608215,0.027417177334427834
all_known,radar,255,20260920-192216-inBroken-115200,1,1,0.0160860326141119,0.8894389271736145,0.06390727311372757,0.03056776337325573
all_known,radar,256,20260920-192216-inBroken-115200,1,1,0.013171659782528877,0.8961285948753357,0.06312230974435806,0.027577508240938187
all_known,radar,257,20260920-192216-inBroken-115200,1,1,0.01511039026081562,0.8886567950248718,0.06569579988718033,0.030537083745002747
all_known,radar,258,20260920-192216-inBroken-115200,1,1,0.017112893983721733,0.8769538402557373,0.07337582856416702,0.0325574092566967
all_known,radar,259,20260920-192610-inBroken-460800,1,1,0.010789644904434681,0.932244062423706,0.030113615095615387,0.026852596551179886
all_known,radar,260,20260920-192610-inBroken-460800,1,1,0.010816711001098156,0.9324983954429626,0.029272951185703278,0.027412049472332
all_known,radar,261,20260920-192610-inBroken-460800,1,1,0.010759497992694378,0.9317512512207031,0.026565711945295334,0.030923454090952873
all_known,radar,262,20260920-192610-inBroken-460800,1,1,0.011384607292711735,0.9264737963676453,0.027553139254450798,0.034588418900966644
all_known,radar,263,20260920-192610-inBroken-460800,1,1,0.00982911791652441,0.9333503842353821,0.02880656160414219,0.028013931587338448
all_known,radar,264,20260920-192610-inBroken-460800,1,1,0.010489856824278831,0.9269599914550781,0.03548751398921013,0.027062708511948586
all_known,radar,265,20260920-192610-inBroken-460800,1,1,0.01166000496596098,0.9242111444473267,0.03178725764155388,0.03234167397022247
all_known,radar,266,20260920-192610-inBroken-460800,1,1,0.01092128362506628,0.9259320497512817,0.0364699549973011,0.026676760986447334
all_known,radar,267,20260920-192610-inBroken-460800,1,1,0.009904989041388035,0.9282639622688293,0.0321863628923893,0.02964480221271515
all_known,radar,268,20260920-192610-inBroken-460800,1,1,0.009903181344270706,0.9279808402061462,0.034444183111190796,0.027671795338392258
all_known,radar,269,20260920-192610-inBroken-460800,1,1,0.011046191677451134,0.9206538796424866,0.03654126077890396,0.03175858035683632
all_known,radar,270,20260920-192610-inBroken-460800,1,1,0.01193989533931017,0.9125695824623108,0.03347530588507652,0.04201522469520569
all_known,radar,271,20260920-192610-inBroken-460800,1,1,0.009761425666511059,0.9311668872833252,0.03149968385696411,0.02757202461361885
all_known,radar,272,20260920-192610-inBroken-460800,1,1,0.011537464335560799,0.9173156023025513,0.035977937281131744,0.035168927162885666
all_known,radar,273,20260920-192610-inBroken-460800,1,1,0.01364083494991064,0.9240233898162842,0.03271246328949928,0.029623383656144142
all_known,radar,274,20260920-192610-inBroken-460800,1,1,0.011899995617568493,0.9269989132881165,0.03079596906900406,0.030305063351988792
all_known,radar,275,20260920-192610-inBroken-460800,1,1,0.010607465170323849,0.9284461140632629,0.03463897109031677,0.026307443156838417
all_known,radar,276,20260920-192610-inBroken-460800,1,1,0.010552393272519112,0.9306644201278687,0.029476771131157875,0.029306385666131973
all_known,radar,277,20260920-192610-inBroken-460800,1,1,0.015636127442121506,0.9159409999847412,0.03882544860243797,0.02959747426211834
all_known,radar,278,20260920-192610-inBroken-460800,1,1,0.010314236395061016,0.9288976192474365,0.03343456611037254,0.027353493496775627
all_known,radar,279,20260920-192610-inBroken-460800,1,1,0.011659704148769379,0.9276647567749023,0.031350940465927124,0.029324620962142944
all_known,radar,280,20260920-192610-inBroken-460800,1,1,0.011219209060072899,0.9253787398338318,0.03650269657373428,0.02689933218061924
all_known,radar,281,20260920-192610-inBroken-460800,1,1,0.011721711605787277,0.9271301627159119,0.03185933455824852,0.029288750141859055
all_known,radar,282,20260920-192610-inBroken-460800,1,1,0.011170019395649433,0.9181458353996277,0.04171184450387955,0.028972389176487923
all_known,radar,283,20260920-192610-inBroken-460800,1,1,0.012761483900249004,0.9238153100013733,0.03574768081307411,0.027675552293658257
all_known,radar,284,20260920-192610-inBroken-460800,1,1,0.011825226247310638,0.9261447787284851,0.03338082879781723,0.028649231418967247
all_known,radar,285,20260920-192610-inBroken-460800,1,1,0.010966088622808456,0.9299900531768799,0.029200267046689987,0.029843512922525406
all_known,radar,286,20260920-192610-inBroken-460800,1,1,0.010573942214250565,0.9334542751312256,0.027597518637776375,0.02837425097823143
all_known,radar,287,20260920-192610-inBroken-460800,1,1,0.015348192304372787,0.91834956407547,0.03457745537161827,0.031724750995635986
all_known,radar,288,20260920-192610-inBroken-460800,1,1,0.011430115438997746,0.9256628155708313,0.03632226586341858,0.026584792882204056
all_known,radar,289,20260920-192610-inBroken-460800,1,1,0.011135325767099857,0.9282960891723633,0.030217822641134262,0.030350791290402412
all_known,radar,290,20260920-192610-inBroken-460800,1,1,0.01209323387593031,0.9225465655326843,0.026651088148355484,0.038709089159965515
all_known,radar,291,20260920-192610-inBroken-460800,1,1,0.011079268530011177,0.9287356734275818,0.027625761926174164,0.03255924955010414
all_known,radar,292,20260920-192610-inBroken-460800,1,1,0.014098665677011013,0.9187805652618408,0.039043720811605453,0.028077056631445885
all_known,radar,293,20260920-192610-inBroken-460800,1,1,0.011477343738079071,0.9217742085456848,0.02838274836540222,0.03836563974618912
all_known,radar,294,20260920-192610-inBroken-460800,1,1,0.012267039157450199,0.9161977767944336,0.03888995200395584,0.032645199447870255
all_known,radar,295,20260920-192610-inBroken-460800,1,1,0.01315273530781269,0.9223267436027527,0.0353693962097168,0.029151173308491707
all_known,radar,296,20260920-192610-inBroken-460800,1,1,0.009574000723659992,0.9337069392204285,0.029629835858941078,0.027089202776551247
all_known,radar,297,20260920-192610-inBroken-460800,1,1,0.011414093896746635,0.9250712394714355,0.03342505171895027,0.030089665204286575
all_known,radar,298,20260920-192610-inBroken-460800,1,1,0.010994703508913517,0.9270771741867065,0.031201103702187538,0.03072703815996647
all_known,radar,299,20260920-192610-inBroken-460800,1,1,0.010486669838428497,0.9292922019958496,0.03275549039244652,0.02746562473475933
all_known,radar,300,20260920-192610-inBroken-460800,1,1,0.012636811472475529,0.9252230525016785,0.03456108644604683,0.027579138055443764
all_known,radar,301,20260920-192610-inBroken-460800,1,1,0.01157259289175272,0.9288926124572754,0.02984476462006569,0.02969001978635788
all_known,radar,302,20260920-192610-inBroken-460800,1,1,0.01015929039567709,0.9282358884811401,0.031531136482954025,0.03007368929684162
all_known,radar,303,20260920-192610-inBroken-460800,1,1,0.01062803901731968,0.9294620752334595,0.03067305125296116,0.029236843809485435
all_known,radar,304,20260920-192610-inBroken-460800,1,1,0.011900873854756355,0.9278770685195923,0.032008491456508636,0.02821354940533638
all_known,radar,305,20260920-192610-inBroken-460800,1,1,0.012149176560342312,0.9246101379394531,0.035004545003175735,0.028236130252480507
all_known,radar,306,20260920-192610-inBroken-460800,1,1,0.010962596163153648,0.9256733059883118,0.029382700100541115,0.03398136794567108
all_known,radar,307,20260920-192610-inBroken-460800,1,1,0.013008507899940014,0.9287474751472473,0.03037540428340435,0.027868550270795822
all_known,radar,308,20260920-192610-inBroken-460800,1,1,0.012511810287833214,0.9273714423179626,0.03233202174305916,0.0277847982943058
all_known,radar,309,20260920-192610-inBroken-460800,1,1,0.011464725248515606,0.9261725544929504,0.03373139351606369,0.0286312997341156
all_known,radar,310,20260920-193718-roll-115200,3,3,0.041189003735780716,0.03878708928823471,0.05037738010287285,0.8696465492248535
all_known,radar,311,20260920-193718-roll-115200,3,3,0.04022888094186783,0.05588313192129135,0.05216476321220398,0.8517231941223145
all_known,radar,312,20260920-193718-roll-115200,3,3,0.04020702838897705,0.05000268667936325,0.06581877917051315,0.8439714908599854
all_known,radar,313,20260920-193718-roll-115200,3,3,0.03183123096823692,0.05207948386669159,0.0553211010992527,0.86076819896698
all_known,radar,314,20260920-193718-roll-115200,3,3,0.02866874821484089,0.04310057312250137,0.06395162642002106,0.8642790913581848
all_known,radar,315,20260920-193718-roll-115200,3,3,0.04757029935717583,0.044258907437324524,0.0588214285671711,0.849349319934845
all_known,radar,316,20260920-193718-roll-115200,3,3,0.031226731836795807,0.03906726464629173,0.05587511509656906,0.8738309144973755
all_known,radar,317,20260920-193718-roll-115200,3,3,0.025355592370033264,0.04475652799010277,0.057367462664842606,0.8725204467773438
all_known,radar,318,20260920-193718-roll-115200,3,3,0.020281238481402397,0.036378465592861176,0.045996006578207016,0.8973442912101746
all_known,radar,319,20260920-193718-roll-115200,3,3,0.031291715800762177,0.042947910726070404,0.06085463985800743,0.8649057745933533
all_known,radar,320,20260920-193718-roll-115200,3,3,0.03799540922045708,0.04644586518406868,0.04225562885403633,0.8733031153678894
all_known,radar,321,20260920-193718-roll-115200,3,3,0.04721575602889061,0.0449492372572422,0.059349723160266876,0.8484852313995361
all_known,radar,322,20260920-193718-roll-115200,3,3,0.02805749513208866,0.04231274873018265,0.05861545726656914,0.8710142970085144
all_known,radar,323,20260920-193718-roll-115200,3,3,0.02965102344751358,0.04552208632230759,0.06029845401644707,0.864528477191925
all_known,radar,324,20260920-193718-roll-115200,3,3,0.026646031066775322,0.040328510105609894,0.06228822097182274,0.8707372546195984
all_known,radar,325,20260920-193718-roll-115200,3,3,0.031113378703594208,0.039893168956041336,0.05756387859582901,0.8714296221733093
all_known,radar,326,20260920-193718-roll-115200,3,3,0.03013773076236248,0.0439968965947628,0.04041608050465584,0.885449230670929
all_known,radar,327,20260920-193718-roll-115200,3,3,0.030191028490662575,0.04191507399082184,0.07454345375299454,0.8533504605293274
all_known,radar,328,20260920-193718-roll-115200,3,3,0.026675529778003693,0.03862129896879196,0.05589844286441803,0.8788046836853027
all_known,radar,329,20260920-193718-roll-115200,3,3,0.030684642493724823,0.04076194390654564,0.05617879703640938,0.8723746538162231
all_known,radar,330,20260920-193718-roll-115200,3,3,0.022376323118805885,0.03695313632488251,0.054549772292375565,0.8861207962036133
all_known,radar,331,20260920-193718-roll-115200,3,3,0.022734059020876884,0.04905184730887413,0.06389287859201431,0.8643212914466858
all_known,radar,332,20260920-193718-roll-115200,3,3,0.030471762642264366,0.043853554874658585,0.06352988630533218,0.8621448278427124
all_known,radar,333,20260920-193718-roll-115200,3,3,0.03281760588288307,0.03993721306324005,0.041754599660634995,0.8854906558990479
all_known,radar,334,20260920-193718-roll-115200,3,3,0.027997270226478577,0.04947017878293991,0.052001480013132095,0.8705310821533203
all_known,radar,335,20260920-193718-roll-115200,3,3,0.032556433230638504,0.04259788617491722,0.061381228268146515,0.8634644150733948
all_known,radar,336,20260920-193718-roll-115200,3,3,0.02631162665784359,0.052691247314214706,0.05623677372932434,0.8647602796554565
all_known,radar,337,20260920-193718-roll-115200,3,3,0.030072305351495743,0.04264509677886963,0.05939539894461632,0.8678871989250183
all_known,radar,338,20260920-193718-roll-115200,3,3,0.02541450969874859,0.03962358087301254,0.050053924322128296,0.8849080801010132
all_known,radar,339,20260920-193718-roll-115200,3,3,0.024894479662179947,0.04240913316607475,0.05477815866470337,0.8779182434082031
all_known,radar,340,20260920-193718-roll-115200,3,3,0.02530442364513874,0.03544723987579346,0.04260628670454025,0.8966420292854309
all_known,radar,341,20260920-193718-roll-115200,3,3,0.02610064670443535,0.04361031576991081,0.07012766599655151,0.860161304473877
all_known,radar,342,20260920-193718-roll-115200,3,3,0.02952967956662178,0.04864221811294556,0.051237933337688446,0.8705901503562927
all_known,radar,343,20260920-193718-roll-115200,3,3,0.029586663469672203,0.04929468408226967,0.07036945223808289,0.8507492542266846
all_known,radar,344,20260920-193718-roll-115200,3,3,0.025389131158590317,0.04783772677183151,0.05893903970718384,0.8678341507911682
all_known,radar,345,20260920-193718-roll-115200,3,3,0.024778254330158234,0.044685959815979004,0.05214454233646393,0.8783913254737854
all_known,radar,346,20260920-193718-roll-115200,3,3,0.02614765614271164,0.04744373634457588,0.05492042377591133,0.8714882135391235
all_known,radar,347,20260920-193718-roll-115200,3,3,0.024378281086683273,0.038289763033390045,0.05420505627989769,0.8831269145011902
all_known,radar,348,20260920-193718-roll-115200,3,3,0.028783043846488,0.04543227702379227,0.03193633258342743,0.8938483595848083
all_known,radar,349,20260920-193718-roll-115200,3,3,0.028910543769598007,0.048229604959487915,0.04682336747646332,0.876036524772644
all_known,radar,350,20260920-193718-roll-115200,3,3,0.026202064007520676,0.04597849026322365,0.06788980960845947,0.8599295616149902
all_known,radar,351,20260920-193718-roll-115200,3,3,0.02507544681429863,0.0447043851017952,0.062110722064971924,0.868109405040741
all_known,radar,352,20260920-193718-roll-115200,3,3,0.024763021618127823,0.04520195350050926,0.04999001696705818,0.8800449967384338
all_known,radar,353,20260920-193718-roll-115200,3,3,0.029799142852425575,0.047165803611278534,0.06858189404010773,0.8544532060623169
all_known,radar,354,20260920-193718-roll-115200,3,3,0.021595140919089317,0.03507695347070694,0.0252376701682806,0.9180902242660522
all_known,radar,355,20260920-193718-roll-115200,3,3,0.0320822037756443,0.04811026528477669,0.06071348115801811,0.8590940237045288
all_known,radar,356,20260920-193718-roll-115200,3,3,0.023497579619288445,0.03917505219578743,0.02998136356472969,0.9073460102081299
all_known,radar,357,20260920-193718-roll-115200,3,3,0.024190492928028107,0.046953484416007996,0.061330441385507584,0.8675256967544556
all_known,radar,358,20260920-193718-roll-115200,3,3,0.026302430778741837,0.04439743235707283,0.04446187987923622,0.8848382234573364
all_known,radar,359,20260920-193718-roll-115200,3,3,0.02974349446594715,0.044297944754362106,0.044847119599580765,0.8811114430427551
all_known,radar,360,20260920-193718-roll-115200,3,3,0.03319606930017471,0.04597540199756622,0.0546150840818882,0.8662135004997253
all_known,radar,361,20260920-194108-roll-460800,3,3,0.02238546684384346,0.029480772092938423,0.006613238248974085,0.9415205121040344
all_known,radar,362,20260920-194108-roll-460800,3,3,0.02323070727288723,0.028425298631191254,0.005403389222919941,0.9429405927658081
all_known,radar,363,20260920-194108-roll-460800,3,3,0.020653152838349342,0.027992086485028267,0.006213611923158169,0.9451411962509155
all_known,radar,364,20260920-194108-roll-460800,3,3,0.022905750200152397,0.03383345901966095,0.0137203149497509,0.9295404553413391
all_known,radar,365,20260920-194108-roll-460800,3,3,0.02056323178112507,0.03163456171751022,0.011245515197515488,0.9365567564964294
all_known,radar,366,20260920-194108-roll-460800,3,3,0.021379858255386353,0.03110210970044136,0.011988364160060883,0.9355296492576599
all_known,radar,367,20260920-194108-roll-460800,3,3,0.028246143832802773,0.032847680151462555,0.010359819047152996,0.9285464286804199
all_known,radar,368,20260920-194108-roll-460800,3,3,0.021779797971248627,0.030863821506500244,0.01316144410520792,0.9341949224472046
all_known,radar,369,20260920-194108-roll-460800,3,3,0.02270849235355854,0.03028707019984722,0.011693042702972889,0.9353114366531372
all_known,radar,370,20260920-194108-roll-460800,3,3,0.027172842994332314,0.030055275186896324,0.01002984307706356,0.9327420592308044
all_known,radar,371,20260920-194108-roll-460800,3,3,0.022538738325238228,0.03793434053659439,0.009551209397614002,0.9299757480621338
all_known,radar,372,20260920-194108-roll-460800,3,3,0.02243706025183201,0.0353560633957386,0.009953509084880352,0.932253360748291
all_known,radar,373,20260920-194108-roll-460800,3,3,0.02669444866478443,0.034482840448617935,0.005103706382215023,0.9337189793586731
all_known,radar,374,20260920-194108-roll-460800,3,3,0.021475691348314285,0.0291068647056818,0.0051576667465269566,0.9442598223686218
all_known,radar,375,20260920-194108-roll-460800,3,3,0.019323458895087242,0.03364000469446182,0.020193971693515778,0.9268425107002258
all_known,radar,376,20260920-194108-roll-460800,3,3,0.02419782429933548,0.03232422098517418,0.015809232369065285,0.9276686310768127
all_known,radar,377,20260920-194108-roll-460800,3,3,0.03230224922299385,0.027618957683444023,0.007375573739409447,0.9327032566070557
all_known,radar,378,20260920-194108-roll-460800,3,3,0.01861896552145481,0.035362083464860916,0.011195595376193523,0.9348233342170715
all_known,radar,379,20260920-194108-roll-460800,3,3,0.021808775141835213,0.030573802068829536,0.00830973032861948,0.9393077492713928
all_known,radar,380,20260920-194108-roll-460800,3,3,0.024085378274321556,0.04028400033712387,0.012322084046900272,0.9233085513114929
all_known,radar,381,20260920-194108-roll-460800,3,3,0.021977009251713753,0.0352448970079422,0.006297965534031391,0.9364801645278931
all_known,radar,382,20260920-194108-roll-460800,3,3,0.02081174962222576,0.031134407967329025,0.011464275419712067,0.9365895390510559
all_known,radar,383,20260920-194108-roll-460800,3,3,0.020799828693270683,0.03533445671200752,0.005745692644268274,0.9381201267242432
all_known,radar,384,20260920-194108-roll-460800,3,3,0.024667508900165558,0.028529591858386993,0.006790095940232277,0.9400128722190857
all_known,radar,385,20260920-194108-roll-460800,3,3,0.023166688159108162,0.03362377732992172,0.004952732007950544,0.9382568001747131
all_known,radar,386,20260920-194108-roll-460800,3,3,0.022520799189805984,0.03270397707819939,0.011384645476937294,0.9333904981613159
all_known,radar,387,20260920-194108-roll-460800,3,3,0.024368155747652054,0.03251522406935692,0.007312078028917313,0.935804545879364
all_known,radar,388,20260920-194108-roll-460800,3,3,0.023333566263318062,0.03265782445669174,0.008372634649276733,0.935636043548584
all_known,radar,389,20260920-194108-roll-460800,3,3,0.01916862651705742,0.028142191469669342,0.005660968832671642,0.9470281600952148
all_known,radar,390,20260920-194108-roll-460800,3,3,0.02242434397339821,0.03629647567868233,0.0085202781483531,0.9327589273452759
all_known,radar,391,20260920-194108-roll-460800,3,3,0.02447039820253849,0.028791518881917,0.005695118568837643,0.9410430192947388
all_known,radar,392,20260920-194108-roll-460800,3,3,0.028004832565784454,0.030749008059501648,0.005132920108735561,0.9361132383346558
all_known,radar,393,20260920-194108-roll-460800,3,3,0.020066037774086,0.02955235168337822,0.004694126080721617,0.945687472820282
all_known,radar,394,20260920-194108-roll-460800,3,3,0.02033100835978985,0.033600904047489166,0.01184581033885479,0.9342222809791565
all_known,radar,395,20260920-194108-roll-460800,3,3,0.022350961342453957,0.03634847328066826,0.006205430720001459,0.9350951910018921
all_known,radar,396,20260920-194108-roll-460800,3,3,0.025898829102516174,0.03304506093263626,0.005217755679041147,0.9358383417129517
all_known,radar,397,20260920-194108-roll-460800,3,3,0.021867845207452774,0.03161519020795822,0.005371768027544022,0.9411452412605286
all_known,radar,398,20260920-194108-roll-460800,3,3,0.027600238099694252,0.031954195350408554,0.00731880497187376,0.9331267476081848
all_known,radar,399,20260920-194108-roll-460800,3,3,0.02746760845184326,0.03716641664505005,0.00535042816773057,0.930015504360199
all_known,radar,400,20260920-194108-roll-460800,3,3,0.023048441857099533,0.03832913562655449,0.005401162430644035,0.9332212209701538
all_known,radar,401,20260920-194108-roll-460800,3,3,0.028933269903063774,0.04777216166257858,0.012262490577995777,0.9110320210456848
all_known,radar,402,20260920-194108-roll-460800,3,3,0.025522490963339806,0.043131496757268906,0.008999940007925034,0.9223460555076599
all_known,radar,403,20260920-194108-roll-460800,3,3,0.026024170219898224,0.03184009715914726,0.009510647505521774,0.9326250553131104
all_known,radar,404,20260920-194108-roll-460800,3,3,0.025594959035515785,0.03349008783698082,0.007419730070978403,0.9334951639175415
all_known,radar,405,20260920-194108-roll-460800,3,3,0.028143906965851784,0.03511785715818405,0.008420459926128387,0.9283177852630615
all_known,radar,406,20260920-194108-roll-460800,3,3,0.028278496116399765,0.032176729291677475,0.006325847934931517,0.9332189559936523
all_known,radar,407,20260920-194108-roll-460800,3,3,0.030976222828030586,0.03674336150288582,0.006508952006697655,0.9257714748382568
all_known,radar,408,20260920-194108-roll-460800,3,3,0.023635517805814743,0.030381403863430023,0.0066658747382462025,0.9393172264099121
all_known,radar,409,20260920-194108-roll-460800,3,3,0.031774308532476425,0.03561655431985855,0.005222418811172247,0.9273867011070251
all_known,radar,410,20260920-194108-roll-460800,3,3,0.028651347383856773,0.04246288165450096,0.005821859464049339,0.9230638742446899
all_known,radar,411,20260920-194108-roll-460800,3,3,0.027609577402472496,0.03608760982751846,0.007052678149193525,0.929250180721283
