fold,method,modality,bag_id,row,state,label,prediction,correct,geometry_valid,p0,p1,p2,p3
115200_to_460800,shared_contact_head,contact,20260920-184857-normal-460800,7,normal,0,0,True,True,0.7245102524757385,0.01849178411066532,0.1002221331000328,0.15677601099014282
115200_to_460800,shared_contact_head,contact,20260920-184857-normal-460800,8,normal,0,0,True,True,0.6041001081466675,0.07664547115564346,0.15589016675949097,0.1633642017841339
115200_to_460800,shared_contact_head,contact,20260920-184857-normal-460800,9,normal,0,0,True,True,0.49056199193000793,0.15492329001426697,0.12886552512645721,0.22564910352230072
115200_to_460800,shared_contact_head,contact,20260920-184857-normal-460800,10,normal,0,1,False,True,0.1183510348200798,0.5400447249412537,0.2942112684249878,0.0473930686712265
115200_to_460800,shared_contact_head,contact,20260920-184857-normal-460800,11,normal,0,0,True,True,0.6359224915504456,0.030895469710230827,0.2688761055469513,0.06430582702159882
115200_to_460800,shared_contact_head,contact,20260920-184857-normal-460800,12,normal,0,0,True,True,0.44942352175712585,0.21272678673267365,0.23146389424800873,0.10638567805290222
115200_to_460800,shared_contact_head,contact,20260920-190913-outBroken-460800,21,outBroken,2,2,True,True,0.18146096169948578,0.012317036278545856,0.6078272461891174,0.1983947455883026
115200_to_460800,shared_contact_head,contact,20260920-190913-outBroken-460800,22,outBroken,2,2,True,True,0.06710644066333771,0.011619646102190018,0.7352521419525146,0.18602174520492554
115200_to_460800,shared_contact_head,contact,20260920-190913-outBroken-460800,23,outBroken,2,2,True,True,0.008319936692714691,0.07322127372026443,0.7759929299354553,0.14246585965156555
115200_to_460800,shared_contact_head,contact,20260920-190913-outBroken-460800,24,outBroken,2,0,False,True,0.3458249568939209,0.036766167730093,0.32563987374305725,0.2917690575122833
115200_to_460800,shared_contact_head,contact,20260920-190913-outBroken-460800,25,outBroken,2,2,True,True,0.13814616203308105,0.0026456101331859827,0.6012192368507385,0.2579890489578247
115200_to_460800,shared_contact_head,contact,20260920-190913-outBroken-460800,26,outBroken,2,2,True,True,0.0046567185781896114,0.05566088482737541,0.8631126284599304,0.07656979560852051
115200_to_460800,shared_contact_head,contact,20260920-190913-outBroken-460800,27,outBroken,2,2,True,True,0.09004494547843933,0.02750277891755104,0.7877292037010193,0.09472305327653885
115200_to_460800,shared_contact_head,contact,20260920-190913-outBroken-460800,28,outBroken,2,2,True,True,0.018367264419794083,0.32434776425361633,0.5951199531555176,0.0621650256216526
115200_to_460800,shared_contact_head,contact,20260920-190913-outBroken-460800,29,outBroken,2,2,True,True,0.03786447271704674,0.03838896006345749,0.85269695520401,0.07104963064193726
115200_to_460800,shared_contact_head,contact,20260920-190913-outBroken-460800,30,outBroken,2,2,True,True,0.058727771043777466,0.08206555247306824,0.7935413718223572,0.06566540151834488
115200_to_460800,shared_contact_head,contact,20260920-192610-inBroken-460800,39,inBroken,1,1,True,True,0.0026108399033546448,0.9337687492370605,0.04001530259847641,0.02360508218407631
115200_to_460800,shared_contact_head,contact,20260920-192610-inBroken-460800,40,inBroken,1,1,True,True,0.009592881426215172,0.879833459854126,0.05254121497273445,0.05803235247731209
115200_to_460800,shared_contact_head,contact,20260920-192610-inBroken-460800,41,inBroken,1,1,True,True,0.07392527163028717,0.7236800789833069,0.06849021464586258,0.13390442728996277
115200_to_460800,shared_contact_head,contact,20260920-192610-inBroken-460800,42,inBroken,1,1,True,True,0.03129829838871956,0.7254772186279297,0.10153667628765106,0.14168784022331238
115200_to_460800,shared_contact_head,contact,20260920-192610-inBroken-460800,43,inBroken,1,1,True,True,0.008356519043445587,0.8408417701721191,0.11654199659824371,0.034259844571352005
115200_to_460800,shared_contact_head,contact,20260920-192610-inBroken-460800,44,inBroken,1,1,True,True,0.018387185409665108,0.8578954339027405,0.026471801102161407,0.09724555909633636
115200_to_460800,shared_contact_head,contact,20260920-192610-inBroken-460800,45,inBroken,1,1,True,True,0.002202069154009223,0.91327303647995,0.04694322496652603,0.03758170083165169
115200_to_460800,shared_contact_head,contact,20260920-194108-roll-460800,55,roll,3,3,True,True,0.03985019773244858,0.0211624912917614,0.017305918037891388,0.9216813445091248
115200_to_460800,shared_contact_head,contact,20260920-194108-roll-460800,56,roll,3,3,True,True,0.039032965898513794,0.1243101954460144,0.031071146950125694,0.8055856823921204
115200_to_460800,shared_contact_head,contact,20260920-194108-roll-460800,57,roll,3,3,True,True,0.07118043303489685,0.19084078073501587,0.05710536986589432,0.6808733344078064
115200_to_460800,embedding_only,radar,20260920-184857-normal-460800,61,normal,0,0,True,True,0.7823771834373474,0.014709456823766232,0.11936906725168228,0.08354441821575165
115200_to_460800,embedding_only,radar,20260920-184857-normal-460800,62,normal,0,0,True,True,0.837383508682251,0.00998467393219471,0.09275080263614655,0.059881020337343216
115200_to_460800,embedding_only,radar,20260920-184857-normal-460800,63,normal,0,0,True,True,0.7931022047996521,0.01411263458430767,0.11600455641746521,0.07678048312664032
115200_to_460800,embedding_only,radar,20260920-184857-normal-460800,64,normal,0,0,True,True,0.768074631690979,0.017279209569096565,0.1269436925649643,0.08770249783992767
115200_to_460800,embedding_only,radar,20260920-184857-normal-460800,65,normal,0,0,True,True,0.7097812294960022,0.022932618856430054,0.1480303853750229,0.11925575882196426
115200_to_460800,embedding_only,radar,20260920-184857-normal-460800,66,normal,0,0,True,True,0.7925409078598022,0.013608632609248161,0.11610783636569977,0.07774268835783005
115200_to_460800,embedding_only,radar,20260920-184857-normal-460800,67,normal,0,0,True,True,0.7832463383674622,0.015245271846652031,0.11645504087209702,0.0850534662604332
115200_to_460800,embedding_only,radar,20260920-184857-normal-460800,68,normal,0,0,True,True,0.8450598120689392,0.009550435468554497,0.08842282742261887,0.05696679651737213
115200_to_460800,embedding_only,radar,20260920-184857-normal-460800,69,normal,0,0,True,True,0.786442220211029,0.015611234121024609,0.11523035913705826,0.08271637558937073
115200_to_460800,embedding_only,radar,20260920-184857-normal-460800,70,normal,0,0,True,True,0.6771469116210938,0.026340533047914505,0.1575980931520462,0.13891452550888062
115200_to_460800,embedding_only,radar,20260920-184857-normal-460800,71,normal,0,0,True,True,0.786817193031311,0.01483811903744936,0.11606979370117188,0.0822748988866806
115200_to_460800,embedding_only,radar,20260920-184857-normal-460800,72,normal,0,0,True,True,0.8049490451812744,0.013024194166064262,0.10845890641212463,0.07356782257556915
115200_to_460800,embedding_only,radar,20260920-184857-normal-460800,73,normal,0,0,True,True,0.7892288565635681,0.013661974109709263,0.11265707015991211,0.08445203304290771
115200_to_460800,embedding_only,radar,20260920-184857-normal-460800,74,normal,0,0,True,True,0.829662561416626,0.010526931844651699,0.09493300318717957,0.06487741321325302
115200_to_460800,embedding_only,radar,20260920-184857-normal-460800,75,normal,0,0,True,True,0.8147005438804626,0.012137284502387047,0.10521605610847473,0.0679461881518364
115200_to_460800,embedding_only,radar,20260920-184857-normal-460800,76,normal,0,0,True,True,0.8145175576210022,0.011786872521042824,0.10408379137516022,0.06961188465356827
115200_to_460800,embedding_only,radar,20260920-184857-normal-460800,77,normal,0,0,True,True,0.7785083651542664,0.014303908683359623,0.11682428419589996,0.09036355465650558
115200_to_460800,embedding_only,radar,20260920-184857-normal-460800,78,normal,0,0,True,True,0.8379179835319519,0.00974858459085226,0.09173624962568283,0.06059718877077103
115200_to_460800,embedding_only,radar,20260920-184857-normal-460800,79,normal,0,0,True,True,0.7611232399940491,0.016084404662251472,0.13196122646331787,0.09083110839128494
115200_to_460800,embedding_only,radar,20260920-184857-normal-460800,80,normal,0,0,True,True,0.8071655035018921,0.01219941582530737,0.10909000039100647,0.07154513150453568
115200_to_460800,embedding_only,radar,20260920-184857-normal-460800,81,normal,0,0,True,True,0.8175273537635803,0.011050654575228691,0.10229290276765823,0.0691290944814682
115200_to_460800,embedding_only,radar,20260920-184857-normal-460800,82,normal,0,0,True,True,0.7975199818611145,0.013094733469188213,0.11425496637821198,0.07513026148080826
115200_to_460800,embedding_only,radar,20260920-184857-normal-460800,83,normal,0,0,True,True,0.8153975009918213,0.01235067006200552,0.10506080836057663,0.06719101965427399
115200_to_460800,embedding_only,radar,20260920-184857-normal-460800,84,normal,0,0,True,True,0.7906103730201721,0.01360970176756382,0.11442224681377411,0.0813576802611351
115200_to_460800,embedding_only,radar,20260920-184857-normal-460800,85,normal,0,0,True,True,0.7802639007568359,0.014041836373507977,0.11750143766403198,0.08819274604320526
115200_to_460800,embedding_only,radar,20260920-184857-normal-460800,86,normal,0,0,True,True,0.8094680309295654,0.011555518954992294,0.1035718247294426,0.07540469616651535
115200_to_460800,embedding_only,radar,20260920-184857-normal-460800,87,normal,0,0,True,True,0.7699833512306213,0.014899840578436852,0.12406913936138153,0.09104771167039871
115200_to_460800,embedding_only,radar,20260920-184857-normal-460800,88,normal,0,0,True,True,0.7955811023712158,0.013472210615873337,0.11352132260799408,0.07742536067962646
115200_to_460800,embedding_only,radar,20260920-184857-normal-460800,89,normal,0,0,True,True,0.8188251256942749,0.010847721248865128,0.09919580817222595,0.07113131135702133
115200_to_460800,embedding_only,radar,20260920-184857-normal-460800,90,normal,0,0,True,True,0.8011552095413208,0.013129353523254395,0.10868171602487564,0.07703368365764618
115200_to_460800,embedding_only,radar,20260920-184857-normal-460800,91,normal,0,0,True,True,0.7457666993141174,0.01788601279258728,0.1314064860343933,0.10494092851877213
115200_to_460800,embedding_only,radar,20260920-184857-normal-460800,92,normal,0,0,True,True,0.8377816677093506,0.009571326896548271,0.0928485319018364,0.059798602014780045
115200_to_460800,embedding_only,radar,20260920-184857-normal-460800,93,normal,0,0,True,True,0.8166608810424805,0.011631800793111324,0.10221017152070999,0.06949728727340698
115200_to_460800,embedding_only,radar,20260920-184857-normal-460800,94,normal,0,0,True,True,0.8304978609085083,0.010469545610249043,0.09238085895776749,0.06665167957544327
115200_to_460800,embedding_only,radar,20260920-184857-normal-460800,95,normal,0,0,True,True,0.7952907085418701,0.013331850059330463,0.11163458973169327,0.07974289357662201
115200_to_460800,embedding_only,radar,20260920-184857-normal-460800,96,normal,0,0,True,True,0.8303917050361633,0.010504263453185558,0.09427427500486374,0.06482968479394913
115200_to_460800,embedding_only,radar,20260920-184857-normal-460800,97,normal,0,0,True,True,0.7495588660240173,0.01824169047176838,0.1334231197834015,0.09877632558345795
115200_to_460800,embedding_only,radar,20260920-184857-normal-460800,98,normal,0,0,True,True,0.7267802357673645,0.021236667409539223,0.14075806736946106,0.11122507601976395
115200_to_460800,embedding_only,radar,20260920-184857-normal-460800,99,normal,0,0,True,True,0.787243664264679,0.015036269091069698,0.11301083862781525,0.08470923453569412
115200_to_460800,embedding_only,radar,20260920-184857-normal-460800,100,normal,0,0,True,True,0.7589430212974548,0.015442835167050362,0.12611429393291473,0.09949984401464462
115200_to_460800,embedding_only,radar,20260920-184857-normal-460800,101,normal,0,0,True,True,0.8157188296318054,0.01267799362540245,0.10417201370000839,0.06743110716342926
115200_to_460800,embedding_only,radar,20260920-184857-normal-460800,102,normal,0,0,True,True,0.7433127164840698,0.017984852194786072,0.12710481882095337,0.11159761995077133
115200_to_460800,embedding_only,radar,20260920-184857-normal-460800,103,normal,0,0,True,True,0.7566125988960266,0.0181034654378891,0.1301695555448532,0.09511446207761765
115200_to_460800,embedding_only,radar,20260920-184857-normal-460800,104,normal,0,0,True,True,0.7865131497383118,0.013523424975574017,0.11391489207744598,0.08604861050844193
115200_to_460800,embedding_only,radar,20260920-184857-normal-460800,105,normal,0,0,True,True,0.8270272612571716,0.010304661467671394,0.0950661450624466,0.06760193407535553
115200_to_460800,embedding_only,radar,20260920-184857-normal-460800,106,normal,0,0,True,True,0.8206686973571777,0.011461787857115269,0.10082176327705383,0.06704773753881454
115200_to_460800,embedding_only,radar,20260920-184857-normal-460800,107,normal,0,0,True,True,0.7925240397453308,0.013613102026283741,0.11102990806102753,0.08283292502164841
115200_to_460800,embedding_only,radar,20260920-184857-normal-460800,108,normal,0,0,True,True,0.7866827845573425,0.013312708586454391,0.11447220295667648,0.08553225547075272
115200_to_460800,embedding_only,radar,20260920-190913-outBroken-460800,159,outBroken,2,2,True,False,0.09943106770515442,0.07696595042943954,0.6320170760154724,0.19158585369586945
115200_to_460800,embedding_only,radar,20260920-190913-outBroken-460800,160,outBroken,2,2,True,False,0.09531975537538528,0.07416684925556183,0.6592631340026855,0.17125031352043152
115200_to_460800,embedding_only,radar,20260920-190913-outBroken-460800,161,outBroken,2,2,True,False,0.09542873501777649,0.07217476516962051,0.6599709391593933,0.17242558300495148
115200_to_460800,embedding_only,radar,20260920-190913-outBroken-460800,162,outBroken,2,2,True,False,0.08512088656425476,0.22597777843475342,0.43623441457748413,0.2526669502258301
115200_to_460800,embedding_only,radar,20260920-190913-outBroken-460800,163,outBroken,2,2,True,False,0.09696824103593826,0.05637819319963455,0.6953595280647278,0.15129408240318298
115200_to_460800,embedding_only,radar,20260920-190913-outBroken-460800,164,outBroken,2,2,True,False,0.09254687279462814,0.047812171280384064,0.7236993312835693,0.13594163954257965
115200_to_460800,embedding_only,radar,20260920-190913-outBroken-460800,165,outBroken,2,2,True,False,0.09548391401767731,0.05581917241215706,0.7019690275192261,0.14672783017158508
115200_to_460800,embedding_only,radar,20260920-190913-outBroken-460800,166,outBroken,2,2,True,False,0.09941785037517548,0.0524546355009079,0.7006745338439941,0.14745305478572845
115200_to_460800,embedding_only,radar,20260920-190913-outBroken-460800,167,outBroken,2,2,True,False,0.09782204031944275,0.05896583944559097,0.690539538860321,0.15267258882522583
115200_to_460800,embedding_only,radar,20260920-190913-outBroken-460800,168,outBroken,2,2,True,False,0.09919828921556473,0.056784190237522125,0.6921170353889465,0.15190045535564423
115200_to_460800,embedding_only,radar,20260920-190913-outBroken-460800,169,outBroken,2,2,True,False,0.09600141644477844,0.05761076509952545,0.694250226020813,0.1521376073360443
115200_to_460800,embedding_only,radar,20260920-190913-outBroken-460800,170,outBroken,2,2,True,False,0.09312856942415237,0.0550229586660862,0.7074806094169617,0.14436779916286469
115200_to_460800,embedding_only,radar,20260920-190913-outBroken-460800,171,outBroken,2,2,True,False,0.09413264691829681,0.048100247979164124,0.7167807817459106,0.14098632335662842
115200_to_460800,embedding_only,radar,20260920-190913-outBroken-460800,172,outBroken,2,2,True,False,0.09744149446487427,0.0759318470954895,0.6384400725364685,0.1881866157054901
115200_to_460800,embedding_only,radar,20260920-190913-outBroken-460800,173,outBroken,2,2,True,False,0.09720184653997421,0.08984199911355972,0.6220048666000366,0.19095134735107422
115200_to_460800,embedding_only,radar,20260920-190913-outBroken-460800,174,outBroken,2,2,True,False,0.09566926211118698,0.05660455301403999,0.6966534852981567,0.1510726511478424
115200_to_460800,embedding_only,radar,20260920-190913-outBroken-460800,175,outBroken,2,2,True,False,0.09496711939573288,0.06110110878944397,0.683882474899292,0.1600492149591446
115200_to_460800,embedding_only,radar,20260920-190913-outBroken-460800,176,outBroken,2,2,True,False,0.09149958938360214,0.12113846093416214,0.59441077709198,0.19295114278793335
115200_to_460800,embedding_only,radar,20260920-190913-outBroken-460800,177,outBroken,2,2,True,False,0.10209745913743973,0.08572737872600555,0.6193667650222778,0.19280840456485748
115200_to_460800,embedding_only,radar,20260920-190913-outBroken-460800,178,outBroken,2,2,True,False,0.09324337542057037,0.1284324675798416,0.5678684711456299,0.21045565605163574
115200_to_460800,embedding_only,radar,20260920-190913-outBroken-460800,179,outBroken,2,2,True,False,0.09975817799568176,0.06414452940225601,0.6768373847007751,0.15925990045070648
115200_to_460800,embedding_only,radar,20260920-190913-outBroken-460800,180,outBroken,2,2,True,False,0.09561623632907867,0.08404697477817535,0.6417664885520935,0.17857033014297485
115200_to_460800,embedding_only,radar,20260920-190913-outBroken-460800,181,outBroken,2,2,True,False,0.09757301956415176,0.05948270484805107,0.6876062154769897,0.15533798933029175
115200_to_460800,embedding_only,radar,20260920-190913-outBroken-460800,182,outBroken,2,2,True,False,0.09325455129146576,0.055179089307785034,0.7027620673179626,0.14880429208278656
115200_to_460800,embedding_only,radar,20260920-190913-outBroken-460800,183,outBroken,2,2,True,False,0.09517259895801544,0.06658631563186646,0.6752133965492249,0.16302762925624847
115200_to_460800,embedding_only,radar,20260920-190913-outBroken-460800,184,outBroken,2,2,True,False,0.09491713345050812,0.06932776421308517,0.674862802028656,0.16089235246181488
115200_to_460800,embedding_only,radar,20260920-190913-outBroken-460800,185,outBroken,2,2,True,False,0.09275505691766739,0.05733276531100273,0.6976661086082458,0.15224602818489075
115200_to_460800,embedding_only,radar,20260920-190913-outBroken-460800,186,outBroken,2,2,True,False,0.09912638366222382,0.07681941986083984,0.6490147709846497,0.17503945529460907
115200_to_460800,embedding_only,radar,20260920-190913-outBroken-460800,187,outBroken,2,2,True,False,0.09207836538553238,0.12918734550476074,0.5809013843536377,0.19783292710781097
115200_to_460800,embedding_only,radar,20260920-190913-outBroken-460800,188,outBroken,2,2,True,False,0.08717823028564453,0.18030619621276855,0.5036565661430359,0.22885890305042267
115200_to_460800,embedding_only,radar,20260920-190913-outBroken-460800,189,outBroken,2,2,True,False,0.09484123438596725,0.07121377438306808,0.6501873731613159,0.1837577074766159
115200_to_460800,embedding_only,radar,20260920-190913-outBroken-460800,190,outBroken,2,2,True,False,0.0983535423874855,0.0717560276389122,0.657188892364502,0.17270153760910034
115200_to_460800,embedding_only,radar,20260920-190913-outBroken-460800,191,outBroken,2,2,True,False,0.09957046806812286,0.09055489301681519,0.6293081641197205,0.1805664747953415
115200_to_460800,embedding_only,radar,20260920-190913-outBroken-460800,192,outBroken,2,2,True,False,0.09493868798017502,0.06264210492372513,0.6878578662872314,0.1545613557100296
115200_to_460800,embedding_only,radar,20260920-190913-outBroken-460800,193,outBroken,2,2,True,False,0.09567097574472427,0.054359935224056244,0.7050687074661255,0.14490047097206116
115200_to_460800,embedding_only,radar,20260920-190913-outBroken-460800,194,outBroken,2,2,True,False,0.10294163972139359,0.06657174974679947,0.6563472151756287,0.17413939535617828
115200_to_460800,embedding_only,radar,20260920-190913-outBroken-460800,195,outBroken,2,2,True,False,0.09416411072015762,0.07671419531106949,0.6461399793624878,0.18298181891441345
115200_to_460800,embedding_only,radar,20260920-190913-outBroken-460800,196,outBroken,2,2,True,False,0.09358330070972443,0.05775103718042374,0.6969331502914429,0.15173253417015076
115200_to_460800,embedding_only,radar,20260920-190913-outBroken-460800,197,outBroken,2,2,True,False,0.09402398020029068,0.05827425420284271,0.6966472864151001,0.15105444192886353
115200_to_460800,embedding_only,radar,20260920-190913-outBroken-460800,198,outBroken,2,2,True,False,0.09897001832723618,0.059273961931467056,0.68932044506073,0.1524355560541153
115200_to_460800,embedding_only,radar,20260920-190913-outBroken-460800,199,outBroken,2,2,True,False,0.10223282128572464,0.10726229846477509,0.5727763175964355,0.21772855520248413
115200_to_460800,embedding_only,radar,20260920-190913-outBroken-460800,200,outBroken,2,2,True,False,0.09927818179130554,0.07537882775068283,0.6372455358505249,0.1880974918603897
115200_to_460800,embedding_only,radar,20260920-190913-outBroken-460800,201,outBroken,2,2,True,False,0.0927562490105629,0.054861508309841156,0.7032766342163086,0.14910565316677094
115200_to_460800,embedding_only,radar,20260920-190913-outBroken-460800,202,outBroken,2,2,True,False,0.09496734291315079,0.05609363690018654,0.692997395992279,0.1559416651725769
115200_to_460800,embedding_only,radar,20260920-190913-outBroken-460800,203,outBroken,2,2,True,False,0.09183816611766815,0.04980681836605072,0.7170450687408447,0.1413099467754364
115200_to_460800,embedding_only,radar,20260920-190913-outBroken-460800,204,outBroken,2,2,True,False,0.09758510440587997,0.05104340985417366,0.7096865177154541,0.14168500900268555
115200_to_460800,embedding_only,radar,20260920-190913-outBroken-460800,205,outBroken,2,2,True,False,0.09500183910131454,0.04865749925374985,0.7146186828613281,0.14172203838825226
115200_to_460800,embedding_only,radar,20260920-190913-outBroken-460800,206,outBroken,2,2,True,False,0.09280937165021896,0.052268773317337036,0.7058696746826172,0.14905217289924622
115200_to_460800,embedding_only,radar,20260920-190913-outBroken-460800,207,outBroken,2,2,True,False,0.09337148070335388,0.049662359058856964,0.7194342613220215,0.13753198087215424
115200_to_460800,embedding_only,radar,20260920-190913-outBroken-460800,208,outBroken,2,2,True,False,0.0956057757139206,0.05458744615316391,0.6981983780860901,0.1516084372997284
115200_to_460800,embedding_only,radar,20260920-192610-inBroken-460800,259,inBroken,1,1,True,True,0.019714726135134697,0.7183961868286133,0.16378048062324524,0.09810854494571686
115200_to_460800,embedding_only,radar,20260920-192610-inBroken-460800,260,inBroken,1,1,True,True,0.0245280172675848,0.6764031052589417,0.18498334288597107,0.11408550292253494
115200_to_460800,embedding_only,radar,20260920-192610-inBroken-460800,261,inBroken,1,1,True,True,0.03141646832227707,0.6362141370773315,0.20019690692424774,0.1321723610162735
115200_to_460800,embedding_only,radar,20260920-192610-inBroken-460800,262,inBroken,1,1,True,True,0.026264749467372894,0.6567155718803406,0.19252146780490875,0.12449817359447479
115200_to_460800,embedding_only,radar,20260920-192610-inBroken-460800,263,inBroken,1,1,True,True,0.028295094147324562,0.6553103923797607,0.19538477063179016,0.12100973725318909
115200_to_460800,embedding_only,radar,20260920-192610-inBroken-460800,264,inBroken,1,1,True,True,0.02250627987086773,0.6912871599197388,0.17569895088672638,0.11050760746002197
115200_to_460800,embedding_only,radar,20260920-192610-inBroken-460800,265,inBroken,1,1,True,True,0.029756342992186546,0.639319121837616,0.20028483867645264,0.13063965737819672
115200_to_460800,embedding_only,radar,20260920-192610-inBroken-460800,266,inBroken,1,1,True,True,0.01835421845316887,0.7338123917579651,0.1571713536977768,0.09066206216812134
115200_to_460800,embedding_only,radar,20260920-192610-inBroken-460800,267,inBroken,1,1,True,True,0.02674533799290657,0.6627368330955505,0.19287310540676117,0.11764471232891083
115200_to_460800,embedding_only,radar,20260920-192610-inBroken-460800,268,inBroken,1,1,True,True,0.01947060413658619,0.7169263362884521,0.16480940580368042,0.09879367053508759
115200_to_460800,embedding_only,radar,20260920-192610-inBroken-460800,269,inBroken,1,1,True,True,0.02360961027443409,0.6803062558174133,0.18029116094112396,0.11579291522502899
115200_to_460800,embedding_only,radar,20260920-192610-inBroken-460800,270,inBroken,1,1,True,True,0.04096216708421707,0.5199620723724365,0.23874720931053162,0.20032858848571777
115200_to_460800,embedding_only,radar,20260920-192610-inBroken-460800,271,inBroken,1,1,True,True,0.021551519632339478,0.6964303255081177,0.17287899553775787,0.1091390922665596
115200_to_460800,embedding_only,radar,20260920-192610-inBroken-460800,272,inBroken,1,1,True,True,0.027675006538629532,0.6454026103019714,0.19311001896858215,0.13381238281726837
115200_to_460800,embedding_only,radar,20260920-192610-inBroken-460800,273,inBroken,1,1,True,True,0.024135930463671684,0.6950387358665466,0.17803046107292175,0.10279466211795807
115200_to_460800,embedding_only,radar,20260920-192610-inBroken-460800,274,inBroken,1,1,True,True,0.019260618835687637,0.7286369800567627,0.1635700762271881,0.08853238075971603
115200_to_460800,embedding_only,radar,20260920-192610-inBroken-460800,275,inBroken,1,1,True,True,0.020051881670951843,0.7157067060470581,0.1651497781276703,0.09909163415431976
115200_to_460800,embedding_only,radar,20260920-192610-inBroken-460800,276,inBroken,1,1,True,True,0.021724842488765717,0.6963914632797241,0.17268630862236023,0.10919741541147232
115200_to_460800,embedding_only,radar,20260920-192610-inBroken-460800,277,inBroken,1,1,True,True,0.026189740747213364,0.675532877445221,0.1910480558872223,0.10722921043634415
115200_to_460800,embedding_only,radar,20260920-192610-inBroken-460800,278,inBroken,1,1,True,True,0.022175299003720284,0.6953456401824951,0.17435204982757568,0.1081269234418869
115200_to_460800,embedding_only,radar,20260920-192610-inBroken-460800,279,inBroken,1,1,True,True,0.027268949896097183,0.6684510111808777,0.1903410106897354,0.11393897235393524
115200_to_460800,embedding_only,radar,20260920-192610-inBroken-460800,280,inBroken,1,1,True,True,0.020959047600626945,0.693536102771759,0.173208087682724,0.11229671537876129
115200_to_460800,embedding_only,radar,20260920-192610-inBroken-460800,281,inBroken,1,1,True,True,0.025160200893878937,0.6828092932701111,0.18283534049987793,0.10919500887393951
115200_to_460800,embedding_only,radar,20260920-192610-inBroken-460800,282,inBroken,1,1,True,True,0.020647771656513214,0.7040927410125732,0.16762982308864594,0.1076296716928482
115200_to_460800,embedding_only,radar,20260920-192610-inBroken-460800,283,inBroken,1,1,True,True,0.022885559126734734,0.6893026828765869,0.17777001857757568,0.11004168540239334
115200_to_460800,embedding_only,radar,20260920-192610-inBroken-460800,284,inBroken,1,1,True,True,0.02267361618578434,0.696173906326294,0.17646797001361847,0.10468459874391556
115200_to_460800,embedding_only,radar,20260920-192610-inBroken-460800,285,inBroken,1,1,True,True,0.025924980640411377,0.6626821756362915,0.18840810656547546,0.12298472970724106
115200_to_460800,embedding_only,radar,20260920-192610-inBroken-460800,286,inBroken,1,1,True,True,0.025177638977766037,0.6513245105743408,0.1900385618209839,0.13345934450626373
115200_to_460800,embedding_only,radar,20260920-192610-inBroken-460800,287,inBroken,1,1,True,True,0.038509685546159744,0.6153019666671753,0.21557453274726868,0.13061384856700897
115200_to_460800,embedding_only,radar,20260920-192610-inBroken-460800,288,inBroken,1,1,True,True,0.02125038392841816,0.7103504538536072,0.1697113960981369,0.09868776053190231
115200_to_460800,embedding_only,radar,20260920-192610-inBroken-460800,289,inBroken,1,1,True,True,0.026838790625333786,0.6550502777099609,0.1896514743566513,0.1284594088792801
115200_to_460800,embedding_only,radar,20260920-192610-inBroken-460800,290,inBroken,1,1,True,True,0.028713859617710114,0.6297013163566589,0.20009645819664001,0.14148829877376556
115200_to_460800,embedding_only,radar,20260920-192610-inBroken-460800,291,inBroken,1,1,True,True,0.026078252121806145,0.6377053260803223,0.1909482181072235,0.1452682465314865
115200_to_460800,embedding_only,radar,20260920-192610-inBroken-460800,292,inBroken,1,1,True,True,0.02660161629319191,0.6686667203903198,0.18813283741474152,0.11659875512123108
115200_to_460800,embedding_only,radar,20260920-192610-inBroken-460800,293,inBroken,1,1,True,True,0.02956084907054901,0.6062873005867004,0.20212726294994354,0.16202454268932343
115200_to_460800,embedding_only,radar,20260920-192610-inBroken-460800,294,inBroken,1,1,True,True,0.021417437121272087,0.680471658706665,0.17642483115196228,0.12168611586093903
115200_to_460800,embedding_only,radar,20260920-192610-inBroken-460800,295,inBroken,1,1,True,True,0.032672032713890076,0.6292020678520203,0.20876556634902954,0.12936028838157654
115200_to_460800,embedding_only,radar,20260920-192610-inBroken-460800,296,inBroken,1,1,True,True,0.021514514461159706,0.6884024143218994,0.17423488199710846,0.11584808677434921
115200_to_460800,embedding_only,radar,20260920-192610-inBroken-460800,297,inBroken,1,1,True,True,0.026586027815937996,0.6594604253768921,0.19176051020622253,0.12219309061765671
115200_to_460800,embedding_only,radar,20260920-192610-inBroken-460800,298,inBroken,1,1,True,True,0.029163330793380737,0.6333359479904175,0.1973562091588974,0.14014455676078796
115200_to_460800,embedding_only,radar,20260920-192610-inBroken-460800,299,inBroken,1,1,True,True,0.024567656219005585,0.679293692111969,0.17976291477680206,0.11637578904628754
115200_to_460800,embedding_only,radar,20260920-192610-inBroken-460800,300,inBroken,1,1,True,True,0.02610742300748825,0.6717298626899719,0.1872674971818924,0.11489513516426086
115200_to_460800,embedding_only,radar,20260920-192610-inBroken-460800,301,inBroken,1,1,True,True,0.0263692457228899,0.6393133401870728,0.1912420690059662,0.1430753767490387
115200_to_460800,embedding_only,radar,20260920-192610-inBroken-460800,302,inBroken,1,1,True,True,0.024731731042265892,0.6643092632293701,0.1845138818025589,0.1264452040195465
115200_to_460800,embedding_only,radar,20260920-192610-inBroken-460800,303,inBroken,1,1,True,True,0.0232990775257349,0.6723352074623108,0.17807023227214813,0.1262955218553543
115200_to_460800,embedding_only,radar,20260920-192610-inBroken-460800,304,inBroken,1,1,True,True,0.02743879146873951,0.6547344923019409,0.19368837773799896,0.12413831800222397
115200_to_460800,embedding_only,radar,20260920-192610-inBroken-460800,305,inBroken,1,1,True,True,0.023490656167268753,0.6898458003997803,0.17729052901268005,0.10937292873859406
115200_to_460800,embedding_only,radar,20260920-192610-inBroken-460800,306,inBroken,1,1,True,True,0.02605549618601799,0.6394290328025818,0.1895570456981659,0.14495831727981567
115200_to_460800,embedding_only,radar,20260920-192610-inBroken-460800,307,inBroken,1,1,True,True,0.03252710774540901,0.6309630274772644,0.20432396233081818,0.1321858912706375
115200_to_460800,embedding_only,radar,20260920-192610-inBroken-460800,308,inBroken,1,1,True,True,0.025559548288583755,0.6772043108940125,0.1864253580570221,0.1108107939362526
115200_to_460800,embedding_only,radar,20260920-192610-inBroken-460800,309,inBroken,1,1,True,True,0.02357630245387554,0.6799153089523315,0.18140548467636108,0.11510290205478668
115200_to_460800,embedding_only,radar,20260920-194108-roll-460800,361,roll,3,3,True,True,0.02349044382572174,0.04684991016983986,0.07299347966909409,0.8566662073135376
115200_to_460800,embedding_only,radar,20260920-194108-roll-460800,362,roll,3,3,True,True,0.025432169437408447,0.04572600871324539,0.07728902250528336,0.8515529036521912
115200_to_460800,embedding_only,radar,20260920-194108-roll-460800,363,roll,3,3,True,True,0.025063980370759964,0.05006555840373039,0.07730264216661453,0.8475678563117981
115200_to_460800,embedding_only,radar,20260920-194108-roll-460800,364,roll,3,3,True,True,0.02258695289492607,0.04660965874791145,0.07426086813211441,0.8565425872802734
115200_to_460800,embedding_only,radar,20260920-194108-roll-460800,365,roll,3,3,True,True,0.027166444808244705,0.05371591076254845,0.08580625057220459,0.8333113789558411
115200_to_460800,embedding_only,radar,20260920-194108-roll-460800,366,roll,3,3,True,True,0.030368590727448463,0.05016811564564705,0.08766487240791321,0.8317984342575073
115200_to_460800,embedding_only,radar,20260920-194108-roll-460800,367,roll,3,3,True,True,0.025846216827630997,0.05129548907279968,0.08282981812953949,0.8400284051895142
115200_to_460800,embedding_only,radar,20260920-194108-roll-460800,368,roll,3,3,True,True,0.023651327937841415,0.05204469710588455,0.07883583009243011,0.8454681634902954
115200_to_460800,embedding_only,radar,20260920-194108-roll-460800,369,roll,3,3,True,True,0.025077689439058304,0.06429161131381989,0.09145615249872208,0.819174587726593
115200_to_460800,embedding_only,radar,20260920-194108-roll-460800,370,roll,3,3,True,True,0.02411450445652008,0.04797552898526192,0.07850756496191025,0.8494024276733398
115200_to_460800,embedding_only,radar,20260920-194108-roll-460800,371,roll,3,3,True,True,0.02776927873492241,0.06173684448003769,0.09361542761325836,0.8168784976005554
115200_to_460800,embedding_only,radar,20260920-194108-roll-460800,372,roll,3,3,True,True,0.023996694013476372,0.05246783420443535,0.08004087209701538,0.843494713306427
115200_to_460800,embedding_only,radar,20260920-194108-roll-460800,373,roll,3,3,True,True,0.029477976262569427,0.08067438006401062,0.11106947064399719,0.778778076171875
115200_to_460800,embedding_only,radar,20260920-194108-roll-460800,374,roll,3,3,True,True,0.023349294438958168,0.05742818862199783,0.0796627327799797,0.8395598530769348
115200_to_460800,embedding_only,radar,20260920-194108-roll-460800,375,roll,3,3,True,True,0.02308148890733719,0.06153247505426407,0.08220375329256058,0.8331823945045471
115200_to_460800,embedding_only,radar,20260920-194108-roll-460800,376,roll,3,3,True,True,0.031171059235930443,0.06762753427028656,0.10587465018033981,0.7953266501426697
115200_to_460800,embedding_only,radar,20260920-194108-roll-460800,377,roll,3,3,True,True,0.04014994576573372,0.08411426842212677,0.13791976869106293,0.7378160953521729
115200_to_460800,embedding_only,radar,20260920-194108-roll-460800,378,roll,3,3,True,True,0.02585158497095108,0.07214296609163284,0.09395600855350494,0.8080494403839111
115200_to_460800,embedding_only,radar,20260920-194108-roll-460800,379,roll,3,3,True,True,0.022471986711025238,0.05051421746611595,0.07477112859487534,0.8522428274154663
115200_to_460800,embedding_only,radar,20260920-194108-roll-460800,380,roll,3,3,True,True,0.023361146450042725,0.049369990825653076,0.076256163418293,0.8510127067565918
115200_to_460800,embedding_only,radar,20260920-194108-roll-460800,381,roll,3,3,True,True,0.025033075362443924,0.05913940444588661,0.08544017374515533,0.8303873538970947
115200_to_460800,embedding_only,radar,20260920-194108-roll-460800,382,roll,3,3,True,True,0.02277781069278717,0.05404654145240784,0.07710272818803787,0.8460728526115417
115200_to_460800,embedding_only,radar,20260920-194108-roll-460800,383,roll,3,3,True,True,0.023490574210882187,0.05398225411772728,0.0785231813788414,0.8440039753913879
115200_to_460800,embedding_only,radar,20260920-194108-roll-460800,384,roll,3,3,True,True,0.024514082819223404,0.05146479606628418,0.08141053467988968,0.8426105380058289
115200_to_460800,embedding_only,radar,20260920-194108-roll-460800,385,roll,3,3,True,True,0.025495607405900955,0.05492127314209938,0.08325731009244919,0.8363258242607117
115200_to_460800,embedding_only,radar,20260920-194108-roll-460800,386,roll,3,3,True,True,0.025298453867435455,0.047028377652168274,0.07808270305395126,0.8495904803276062
115200_to_460800,embedding_only,radar,20260920-194108-roll-460800,387,roll,3,3,True,True,0.027631230652332306,0.05706842243671417,0.09081796556711197,0.8244824409484863
115200_to_460800,embedding_only,radar,20260920-194108-roll-460800,388,roll,3,3,True,True,0.023553695529699326,0.04923813417553902,0.07660698145627975,0.8506012558937073
115200_to_460800,embedding_only,radar,20260920-194108-roll-460800,389,roll,3,3,True,True,0.02401115372776985,0.05780116841197014,0.08315654844045639,0.8350310921669006
115200_to_460800,embedding_only,radar,20260920-194108-roll-460800,390,roll,3,3,True,True,0.026080729439854622,0.051557619124650955,0.08139536529779434,0.8409664034843445
115200_to_460800,embedding_only,radar,20260920-194108-roll-460800,391,roll,3,3,True,True,0.02919531986117363,0.056687820702791214,0.09393715113401413,0.8201797604560852
115200_to_460800,embedding_only,radar,20260920-194108-roll-460800,392,roll,3,3,True,True,0.03570197895169258,0.06519264727830887,0.10967989265918732,0.7894255518913269
115200_to_460800,embedding_only,radar,20260920-194108-roll-460800,393,roll,3,3,True,True,0.026014452800154686,0.05399712920188904,0.08396465331315994,0.8360238075256348
115200_to_460800,embedding_only,radar,20260920-194108-roll-460800,394,roll,3,3,True,True,0.024412738159298897,0.059144146740436554,0.08536455780267715,0.8310786485671997
115200_to_460800,embedding_only,radar,20260920-194108-roll-460800,395,roll,3,3,True,True,0.027961265295743942,0.0665305033326149,0.09647191315889359,0.8090362548828125
115200_to_460800,embedding_only,radar,20260920-194108-roll-460800,396,roll,3,3,True,True,0.029858095571398735,0.06088744103908539,0.09532972425222397,0.8139247298240662
115200_to_460800,embedding_only,radar,20260920-194108-roll-460800,397,roll,3,3,True,True,0.026696909219026566,0.04991045594215393,0.08350616693496704,0.8398864269256592
115200_to_460800,embedding_only,radar,20260920-194108-roll-460800,398,roll,3,3,True,True,0.026218047365546227,0.05306814983487129,0.08349182456731796,0.8372219800949097
115200_to_460800,embedding_only,radar,20260920-194108-roll-460800,399,roll,3,3,True,True,0.03350129723548889,0.0749824196100235,0.11134427785873413,0.7801719903945923
115200_to_460800,embedding_only,radar,20260920-194108-roll-460800,400,roll,3,3,True,True,0.02787073887884617,0.0678912103176117,0.09436903148889542,0.8098689317703247
115200_to_460800,embedding_only,radar,20260920-194108-roll-460800,401,roll,3,3,True,True,0.030708810314536095,0.06797006726264954,0.10372872650623322,0.7975924015045166
115200_to_460800,embedding_only,radar,20260920-194108-roll-460800,402,roll,3,3,True,True,0.029795363545417786,0.08133162558078766,0.10722242295742035,0.7816505432128906
115200_to_460800,embedding_only,radar,20260920-194108-roll-460800,403,roll,3,3,True,True,0.0243519339710474,0.04533768445253372,0.07488594949245453,0.8554244041442871
115200_to_460800,embedding_only,radar,20260920-194108-roll-460800,404,roll,3,3,True,True,0.030837474390864372,0.06668578833341599,0.10087774693965912,0.8015990853309631
115200_to_460800,embedding_only,radar,20260920-194108-roll-460800,405,roll,3,3,True,True,0.0278011467307806,0.0520205982029438,0.08326967060565948,0.8369085192680359
115200_to_460800,embedding_only,radar,20260920-194108-roll-460800,406,roll,3,3,True,True,0.029754159972071648,0.06084402650594711,0.09726773202419281,0.8121340870857239
115200_to_460800,embedding_only,radar,20260920-194108-roll-460800,407,roll,3,3,True,True,0.03274666890501976,0.06365799158811569,0.10268498957157135,0.8009103536605835
115200_to_460800,embedding_only,radar,20260920-194108-roll-460800,408,roll,3,3,True,True,0.027130108326673508,0.05488906055688858,0.08497011661529541,0.8330106139183044
115200_to_460800,embedding_only,radar,20260920-194108-roll-460800,409,roll,3,3,True,True,0.03490494564175606,0.08307857811450958,0.11776410043239594,0.7642524242401123
115200_to_460800,embedding_only,radar,20260920-194108-roll-460800,410,roll,3,3,True,True,0.03457042947411537,0.08332372456789017,0.11987196654081345,0.7622339129447937
115200_to_460800,embedding_only,radar,20260920-194108-roll-460800,411,roll,3,3,True,True,0.03295653685927391,0.07416732609272003,0.11203049123287201,0.7808455228805542
115200_to_460800,ce_only,radar,20260920-184857-normal-460800,61,normal,0,0,True,True,0.9999865293502808,5.749823685619049e-06,1.8467400764166086e-07,7.393430678348523e-06
115200_to_460800,ce_only,radar,20260920-184857-normal-460800,62,normal,0,0,True,True,0.999992847442627,3.7434313071571523e-06,1.0794303761940682e-07,3.5012139960599598e-06
115200_to_460800,ce_only,radar,20260920-184857-normal-460800,63,normal,0,0,True,True,0.9999858140945435,8.3653812907869e-06,2.3702716589468764e-07,5.521160346688703e-06
115200_to_460800,ce_only,radar,20260920-184857-normal-460800,64,normal,0,0,True,True,0.9999680519104004,1.5708155842730775e-05,5.292511104926234e-07,1.5703302779002115e-05
115200_to_460800,ce_only,radar,20260920-184857-normal-460800,65,normal,0,0,True,True,0.9999452829360962,1.8989434465765953e-05,6.700755648125778e-07,3.504379856167361e-05
115200_to_460800,ce_only,radar,20260920-184857-normal-460800,66,normal,0,0,True,True,0.9999555349349976,1.9959596102125943e-05,1.2387033621052979e-06,2.3289650926017202e-05
115200_to_460800,ce_only,radar,20260920-184857-normal-460800,67,normal,0,0,True,True,0.999977707862854,1.0077727893076371e-05,2.9685719482586137e-07,1.1975136658293195e-05
115200_to_460800,ce_only,radar,20260920-184857-normal-460800,68,normal,0,0,True,True,0.9999872446060181,6.919602583366213e-06,2.0961010704922955e-07,5.58042984266649e-06
115200_to_460800,ce_only,radar,20260920-184857-normal-460800,69,normal,0,0,True,True,0.9999805688858032,1.1116779205622151e-05,2.692361817935307e-07,7.960967195685953e-06
115200_to_460800,ce_only,radar,20260920-184857-normal-460800,70,normal,0,0,True,True,0.9999185800552368,2.754940214799717e-05,7.208996066765394e-07,5.326236714608967e-05
115200_to_460800,ce_only,radar,20260920-184857-normal-460800,71,normal,0,0,True,True,0.9999841451644897,8.026388059079181e-06,2.4849634883139515e-07,7.566902695543831e-06
115200_to_460800,ce_only,radar,20260920-184857-normal-460800,72,normal,0,0,True,True,0.999977707862854,1.1405626537452918e-05,3.7870847791054985e-07,1.053085179592017e-05
115200_to_460800,ce_only,radar,20260920-184857-normal-460800,73,normal,0,0,True,True,0.9999713897705078,1.1550526323844679e-05,3.5574265666582505e-07,1.673533370194491e-05
115200_to_460800,ce_only,radar,20260920-184857-normal-460800,74,normal,0,0,True,True,0.9999834299087524,7.50602021071245e-06,2.7530916213436285e-07,8.804425306152552e-06
115200_to_460800,ce_only,radar,20260920-184857-normal-460800,75,normal,0,0,True,True,0.9999775886535645,1.348110890830867e-05,4.532826665126777e-07,8.631930541014299e-06
115200_to_460800,ce_only,radar,20260920-184857-normal-460800,76,normal,0,0,True,True,0.9999775886535645,1.0682242645998485e-05,3.876104415212467e-07,1.1403254575270694e-05
115200_to_460800,ce_only,radar,20260920-184857-normal-460800,77,normal,0,0,True,True,0.9999685287475586,1.0671351446944755e-05,4.3590898712864146e-07,2.037824015133083e-05
115200_to_460800,ce_only,radar,20260920-184857-normal-460800,78,normal,0,0,True,True,0.9999840259552002,8.371948752028402e-06,3.1555134683003416e-07,7.307926352950744e-06
115200_to_460800,ce_only,radar,20260920-184857-normal-460800,79,normal,0,0,True,True,0.9999364614486694,2.877073347917758e-05,2.2819358491688035e-06,3.2328687666449696e-05
115200_to_460800,ce_only,radar,20260920-184857-normal-460800,80,normal,0,0,True,True,0.9999740123748779,1.1137255569337867e-05,5.646376735057856e-07,1.429109943273943e-05
115200_to_460800,ce_only,radar,20260920-184857-normal-460800,81,normal,0,0,True,True,0.9999785423278809,9.150987352768425e-06,4.6253353502834216e-07,1.1854092917928938e-05
115200_to_460800,ce_only,radar,20260920-184857-normal-460800,82,normal,0,0,True,True,0.9999717473983765,1.3544794455810916e-05,6.530452196784609e-07,1.404504928359529e-05
115200_to_460800,ce_only,radar,20260920-184857-normal-460800,83,normal,0,0,True,True,0.9999791383743286,1.1775395250879228e-05,2.8177015565233887e-07,8.895026439859066e-06
115200_to_460800,ce_only,radar,20260920-184857-normal-460800,84,normal,0,0,True,True,0.9999809265136719,6.772358119633282e-06,2.5887882770803117e-07,1.2112819604226388e-05
115200_to_460800,ce_only,radar,20260920-184857-normal-460800,85,normal,0,0,True,True,0.999963641166687,1.4460993952525314e-05,6.270236099226167e-07,2.138387026207056e-05
115200_to_460800,ce_only,radar,20260920-184857-normal-460800,86,normal,0,0,True,True,0.9999758005142212,7.32440139472601e-06,2.9631218012582394e-07,1.645704651309643e-05
115200_to_460800,ce_only,radar,20260920-184857-normal-460800,87,normal,0,0,True,True,0.9999555349349976,1.5026123946881853e-05,5.71878558730532e-07,2.8884498533443548e-05
115200_to_460800,ce_only,radar,20260920-184857-normal-460800,88,normal,0,0,True,True,0.9999772310256958,1.0689125701901503e-05,3.6715655937769043e-07,1.1705913493642583e-05
115200_to_460800,ce_only,radar,20260920-184857-normal-460800,89,normal,0,0,True,True,0.9999860525131226,4.244263891450828e-06,1.859459217712356e-07,9.449685421714094e-06
115200_to_460800,ce_only,radar,20260920-184857-normal-460800,90,normal,0,0,True,True,0.9999783039093018,9.288159162679221e-06,3.6451808682613773e-07,1.2022892406093888e-05
115200_to_460800,ce_only,radar,20260920-184857-normal-460800,91,normal,0,0,True,True,0.9999446868896484,1.523604805697687e-05,5.560662543757644e-07,3.948933590436354e-05
115200_to_460800,ce_only,radar,20260920-184857-normal-460800,92,normal,0,0,True,True,0.9999908208847046,3.8468097045551986e-06,1.4820170690654777e-07,5.1895008255087305e-06
115200_to_460800,ce_only,radar,20260920-184857-normal-460800,93,normal,0,0,True,True,0.9999858140945435,6.075981218600646e-06,2.54901664220597e-07,7.93745039118221e-06
115200_to_460800,ce_only,radar,20260920-184857-normal-460800,94,normal,0,0,True,True,0.9999868869781494,5.486082045536023e-06,1.6538317026970617e-07,7.259634003276005e-06
115200_to_460800,ce_only,radar,20260920-184857-normal-460800,95,normal,0,0,True,True,0.9999773502349854,8.477391020278446e-06,3.2129401006386615e-07,1.3814768863085192e-05
115200_to_460800,ce_only,radar,20260920-184857-normal-460800,96,normal,0,0,True,True,0.9999887943267822,5.289162800181657e-06,1.720954401207564e-07,5.6055014283629134e-06
115200_to_460800,ce_only,radar,20260920-184857-normal-460800,97,normal,0,0,True,True,0.999976634979248,1.0320111869077664e-05,4.252202359111834e-07,1.260843600903172e-05
115200_to_460800,ce_only,radar,20260920-184857-normal-460800,98,normal,0,0,True,True,0.9999196529388428,3.79929224436637e-05,1.055784764503187e-06,4.1261460864916444e-05
115200_to_460800,ce_only,radar,20260920-184857-normal-460800,99,normal,0,0,True,True,0.9999740123748779,1.2122826774429996e-05,4.0663752542968723e-07,1.3481366295309272e-05
115200_to_460800,ce_only,radar,20260920-184857-normal-460800,100,normal,0,0,True,True,0.9999338388442993,1.9304417946841568e-05,1.0221262982668122e-06,4.58382346550934e-05
115200_to_460800,ce_only,radar,20260920-184857-normal-460800,101,normal,0,0,True,True,0.9999898672103882,5.645108558383072e-06,1.5481205650758056e-07,4.31580156146083e-06
115200_to_460800,ce_only,radar,20260920-184857-normal-460800,102,normal,0,0,True,True,0.9999419450759888,1.8781460312311538e-05,6.141740982457122e-07,3.8799775211373344e-05
115200_to_460800,ce_only,radar,20260920-184857-normal-460800,103,normal,0,0,True,True,0.9999809265136719,9.677900379756466e-06,2.476458860201092e-07,9.181876521324739e-06
115200_to_460800,ce_only,radar,20260920-184857-normal-460800,104,normal,0,0,True,True,0.9999580383300781,1.199377129523782e-05,5.53518532342423e-07,2.9435626856866293e-05
115200_to_460800,ce_only,radar,20260920-184857-normal-460800,105,normal,0,0,True,True,0.9999817609786987,8.552964573027566e-06,2.925671367393079e-07,9.390079867444001e-06
115200_to_460800,ce_only,radar,20260920-184857-normal-460800,106,normal,0,0,True,True,0.9999878406524658,6.250679689401295e-06,1.7373299954215327e-07,5.610931566479849e-06
115200_to_460800,ce_only,radar,20260920-184857-normal-460800,107,normal,0,0,True,True,0.9999768733978271,9.838051482802257e-06,3.0459040090136114e-07,1.2938336112711113e-05
115200_to_460800,ce_only,radar,20260920-184857-normal-460800,108,normal,0,0,True,True,0.9999752044677734,9.249000868294388e-06,3.257592311456392e-07,1.5190245903795585e-05
115200_to_460800,ce_only,radar,20260920-190913-outBroken-460800,159,outBroken,2,2,True,False,6.100374957895838e-05,0.0002938833786174655,0.9994075894355774,0.00023747004161123186
115200_to_460800,ce_only,radar,20260920-190913-outBroken-460800,160,outBroken,2,2,True,False,5.501838677446358e-05,0.00026604137383401394,0.9994809627532959,0.00019800585869234055
115200_to_460800,ce_only,radar,20260920-190913-outBroken-460800,161,outBroken,2,2,True,False,3.830947753158398e-05,0.00019303837325423956,0.9996145367622375,0.0001541138772154227
115200_to_460800,ce_only,radar,20260920-190913-outBroken-460800,162,outBroken,2,1,False,False,0.004507924430072308,0.8458402156829834,0.14011767506599426,0.009534233249723911
115200_to_460800,ce_only,radar,20260920-190913-outBroken-460800,163,outBroken,2,2,True,False,1.204916861752281e-05,3.668596764327958e-05,0.9999059438705444,4.533513492788188e-05
115200_to_460800,ce_only,radar,20260920-190913-outBroken-460800,164,outBroken,2,2,True,False,5.231449904385954e-06,1.4135769561107736e-05,0.9999598264694214,2.0765477529494092e-05
115200_to_460800,ce_only,radar,20260920-190913-outBroken-460800,165,outBroken,2,2,True,False,9.896097253658809e-06,3.142805508105084e-05,0.9999218583106995,3.6809153243666515e-05
115200_to_460800,ce_only,radar,20260920-190913-outBroken-460800,166,outBroken,2,2,True,False,1.6532760128029622e-05,4.856471059611067e-05,0.999871551990509,6.331605254672468e-05
115200_to_460800,ce_only,radar,20260920-190913-outBroken-460800,167,outBroken,2,2,True,False,1.5478366549359635e-05,6.252658931771293e-05,0.9998652935028076,5.6650929764145985e-05
115200_to_460800,ce_only,radar,20260920-190913-outBroken-460800,168,outBroken,2,2,True,False,1.2569962564157322e-05,4.422894198796712e-05,0.999893069267273,5.007752406527288e-05
115200_to_460800,ce_only,radar,20260920-190913-outBroken-460800,169,outBroken,2,2,True,False,1.520003115729196e-05,5.2647359552793205e-05,0.9998716711997986,6.048603609087877e-05
115200_to_460800,ce_only,radar,20260920-190913-outBroken-460800,170,outBroken,2,2,True,False,8.594716746301856e-06,2.8359932912280783e-05,0.9999266266822815,3.6423763958737254e-05
115200_to_460800,ce_only,radar,20260920-190913-outBroken-460800,171,outBroken,2,2,True,False,5.154980499355588e-06,1.4161076251184568e-05,0.9999603629112244,2.034697354247328e-05
115200_to_460800,ce_only,radar,20260920-190913-outBroken-460800,172,outBroken,2,2,True,False,7.087401900207624e-05,0.0002482121344655752,0.9994219541549683,0.00025892804842442274
115200_to_460800,ce_only,radar,20260920-190913-outBroken-460800,173,outBroken,2,2,True,False,0.00011712817649822682,0.0007300782599486411,0.9987707734107971,0.00038203937583602965
115200_to_460800,ce_only,radar,20260920-190913-outBroken-460800,174,outBroken,2,2,True,False,1.2819124094676226e-05,4.4399981561582536e-05,0.9998927712440491,4.9998390750261024e-05
115200_to_460800,ce_only,radar,20260920-190913-outBroken-460800,175,outBroken,2,2,True,False,2.5121631551883183e-05,0.00011352301225997508,0.9997674822807312,9.387822501594201e-05
115200_to_460800,ce_only,radar,20260920-190913-outBroken-460800,176,outBroken,2,2,True,False,0.0006375672528520226,0.012258240021765232,0.9855228066444397,0.0015813229838386178
115200_to_460800,ce_only,radar,20260920-190913-outBroken-460800,177,outBroken,2,2,True,False,0.0003083196934312582,0.0028533178847283125,0.9958496689796448,0.0009887405904009938
115200_to_460800,ce_only,radar,20260920-190913-outBroken-460800,178,outBroken,2,2,True,False,0.0011828516144305468,0.020583542063832283,0.9749586582183838,0.0032749923411756754
115200_to_460800,ce_only,radar,20260920-190913-outBroken-460800,179,outBroken,2,2,True,False,2.4392538762185723e-05,0.00011032803740818053,0.9997647404670715,0.00010055487655336037
115200_to_460800,ce_only,radar,20260920-190913-outBroken-460800,180,outBroken,2,2,True,False,0.0001379446330247447,0.0013734358362853527,0.9980593919754028,0.0004292001249268651
115200_to_460800,ce_only,radar,20260920-190913-outBroken-460800,181,outBroken,2,2,True,False,1.5538253137492575e-05,5.5948035878827795e-05,0.9998658895492554,6.26814944553189e-05
115200_to_460800,ce_only,radar,20260920-190913-outBroken-460800,182,outBroken,2,2,True,False,1.499903100921074e-05,4.8424506530864164e-05,0.9998764395713806,6.011884761392139e-05
115200_to_460800,ce_only,radar,20260920-190913-outBroken-460800,183,outBroken,2,2,True,False,3.358572575962171e-05,0.00020282591867726296,0.9996363520622253,0.000127237246488221
115200_to_460800,ce_only,radar,20260920-190913-outBroken-460800,184,outBroken,2,2,True,False,2.356717232032679e-05,0.00014320059563033283,0.9997431039810181,9.020320430863649e-05
115200_to_460800,ce_only,radar,20260920-190913-outBroken-460800,185,outBroken,2,2,True,False,1.0830684914253652e-05,3.631460276665166e-05,0.9999078512191772,4.492235530051403e-05
115200_to_460800,ce_only,radar,20260920-190913-outBroken-460800,186,outBroken,2,2,True,False,5.2622155635617673e-05,0.0002939154510386288,0.9994732141494751,0.00018023725715465844
115200_to_460800,ce_only,radar,20260920-190913-outBroken-460800,187,outBroken,2,2,True,False,0.0009601255296729505,0.028583979234099388,0.9678892493247986,0.002566710114479065
115200_to_460800,ce_only,radar,20260920-190913-outBroken-460800,188,outBroken,2,2,True,False,0.0033702016808092594,0.10883203148841858,0.8797242641448975,0.008073587901890278
115200_to_460800,ce_only,radar,20260920-190913-outBroken-460800,189,outBroken,2,2,True,False,3.840390854747966e-05,0.00013900054909754544,0.9996518492698669,0.00017076003132387996
115200_to_460800,ce_only,radar,20260920-190913-outBroken-460800,190,outBroken,2,2,True,False,3.216287586838007e-05,0.00016737017722334713,0.9996821880340576,0.00011834114411612973
115200_to_460800,ce_only,radar,20260920-190913-outBroken-460800,191,outBroken,2,2,True,False,0.0001715510879876092,0.0033572681713849306,0.9959202408790588,0.0005508725298568606
115200_to_460800,ce_only,radar,20260920-190913-outBroken-460800,192,outBroken,2,2,True,False,2.5426619686186314e-05,0.0001345822965959087,0.9997323751449585,0.00010762634337879717
115200_to_460800,ce_only,radar,20260920-190913-outBroken-460800,193,outBroken,2,2,True,False,1.532710848550778e-05,4.661498314817436e-05,0.9998746514320374,6.339823448797688e-05
115200_to_460800,ce_only,radar,20260920-190913-outBroken-460800,194,outBroken,2,2,True,False,3.235633630538359e-05,0.00012360485561657697,0.9997010827064514,0.00014294925495050848
115200_to_460800,ce_only,radar,20260920-190913-outBroken-460800,195,outBroken,2,2,True,False,4.863697540713474e-05,0.0002262465568492189,0.9995383024215698,0.0001868553226813674
115200_to_460800,ce_only,radar,20260920-190913-outBroken-460800,196,outBroken,2,2,True,False,9.259606486011762e-06,3.1356776162283495e-05,0.9999192357063293,4.007883762824349e-05
115200_to_460800,ce_only,radar,20260920-190913-outBroken-460800,197,outBroken,2,2,True,False,1.0864237992791459e-05,3.7438141589518636e-05,0.9999076724052429,4.398909368319437e-05
115200_to_460800,ce_only,radar,20260920-190913-outBroken-460800,198,outBroken,2,2,True,False,1.8967442883877084e-05,8.594331302447245e-05,0.9998107552528381,8.430691377725452e-05
115200_to_460800,ce_only,radar,20260920-190913-outBroken-460800,199,outBroken,2,2,True,False,0.0004633119096979499,0.003392391372472048,0.9947795867919922,0.0013646722072735429
115200_to_460800,ce_only,radar,20260920-190913-outBroken-460800,200,outBroken,2,2,True,False,6.053127071936615e-05,0.00024418544489890337,0.9994717240333557,0.00022356398403644562
115200_to_460800,ce_only,radar,20260920-190913-outBroken-460800,201,outBroken,2,2,True,False,9.54006191022927e-06,2.8643673431361094e-05,0.9999192357063293,4.254352461430244e-05
115200_to_460800,ce_only,radar,20260920-190913-outBroken-460800,202,outBroken,2,2,True,False,1.2401113963278476e-05,3.5216591641074046e-05,0.9998992681503296,5.313109795679338e-05
115200_to_460800,ce_only,radar,20260920-190913-outBroken-460800,203,outBroken,2,2,True,False,5.041234089731006e-06,1.4517443560180254e-05,0.9999596476554871,2.0830411813221872e-05
115200_to_460800,ce_only,radar,20260920-190913-outBroken-460800,204,outBroken,2,2,True,False,7.437342446792172e-06,2.1638454200001433e-05,0.9999401569366455,3.079640373471193e-05
115200_to_460800,ce_only,radar,20260920-190913-outBroken-460800,205,outBroken,2,2,True,False,1.1040107892767992e-05,2.6770700060296804e-05,0.9999200105667114,4.216161687509157e-05
115200_to_460800,ce_only,radar,20260920-190913-outBroken-460800,206,outBroken,2,2,True,False,6.9177276600385085e-06,2.006279282795731e-05,0.9999426603317261,3.034067776752636e-05
115200_to_460800,ce_only,radar,20260920-190913-outBroken-460800,207,outBroken,2,2,True,False,5.907547347305808e-06,1.5683397577959113e-05,0.9999536275863647,2.4714723622309975e-05
115200_to_460800,ce_only,radar,20260920-190913-outBroken-460800,208,outBroken,2,2,True,False,1.1618861208262388e-05,3.227659908588976e-05,0.9999079704284668,4.809924939763732e-05
115200_to_460800,ce_only,radar,20260920-192610-inBroken-460800,259,inBroken,1,1,True,True,0.0001596115907886997,0.9997555017471313,2.295343074365519e-05,6.188081169966608e-05
115200_to_460800,ce_only,radar,20260920-192610-inBroken-460800,260,inBroken,1,1,True,True,0.00018901882867794484,0.9997134208679199,2.9315884603420272e-05,6.828828190919012e-05
115200_to_460800,ce_only,radar,20260920-192610-inBroken-460800,261,inBroken,1,1,True,True,0.0007304883329197764,0.9990212321281433,5.426882125902921e-05,0.0001942215603776276
115200_to_460800,ce_only,radar,20260920-192610-inBroken-460800,262,inBroken,1,1,True,True,0.000386406114557758,0.9993776082992554,5.565970059251413e-05,0.00018037008703686297
115200_to_460800,ce_only,radar,20260920-192610-inBroken-460800,263,inBroken,1,1,True,True,0.00022198025544639677,0.9996658563613892,3.161936183460057e-05,8.053392230067402e-05
115200_to_460800,ce_only,radar,20260920-192610-inBroken-460800,264,inBroken,1,1,True,True,0.00013684107398148626,0.9997802972793579,2.4709624995011836e-05,5.8118101151194423e-05
115200_to_460800,ce_only,radar,20260920-192610-inBroken-460800,265,inBroken,1,1,True,True,0.0003642747469712049,0.999460756778717,3.990474942838773e-05,0.00013509187556337565
115200_to_460800,ce_only,radar,20260920-192610-inBroken-460800,266,inBroken,1,1,True,True,9.127040539169684e-05,0.9998549818992615,1.7113903595600277e-05,3.68118126061745e-05
115200_to_460800,ce_only,radar,20260920-192610-inBroken-460800,267,inBroken,1,1,True,True,0.0003159173938911408,0.999515950679779,5.166576738702133e-05,0.00011664003977784887
115200_to_460800,ce_only,radar,20260920-192610-inBroken-460800,268,inBroken,1,1,True,True,9.039706492330879e-05,0.999845564365387,1.9555449398467317e-05,4.444670776138082e-05
115200_to_460800,ce_only,radar,20260920-192610-inBroken-460800,269,inBroken,1,1,True,True,0.00021071387163829058,0.999652087688446,3.841752914013341e-05,9.875452815322205e-05
115200_to_460800,ce_only,radar,20260920-192610-inBroken-460800,270,inBroken,1,1,True,True,0.001512104063294828,0.9971113801002502,0.00019770658400375396,0.0011788939591497183
115200_to_460800,ce_only,radar,20260920-192610-inBroken-460800,271,inBroken,1,1,True,True,0.00011800767970271409,0.9998047947883606,2.1343235857784748e-05,5.595268521574326e-05
115200_to_460800,ce_only,radar,20260920-192610-inBroken-460800,272,inBroken,1,1,True,True,0.0003318376839160919,0.9994620680809021,5.4890660976525396e-05,0.0001511456212028861
115200_to_460800,ce_only,radar,20260920-192610-inBroken-460800,273,inBroken,1,1,True,True,0.00018232878937851638,0.9997376799583435,2.4321456294273958e-05,5.5581924243597314e-05
115200_to_460800,ce_only,radar,20260920-192610-inBroken-460800,274,inBroken,1,1,True,True,0.00011841949162771925,0.9998065829277039,2.4553555704187602e-05,5.045876605436206e-05
115200_to_460800,ce_only,radar,20260920-192610-inBroken-460800,275,inBroken,1,1,True,True,9.067640348803252e-05,0.9998543858528137,1.7086946172639728e-05,3.8001850043656304e-05
115200_to_460800,ce_only,radar,20260920-192610-inBroken-460800,276,inBroken,1,1,True,True,0.00020940463582519442,0.999674379825592,3.0159637390170246e-05,8.597112901043147e-05
115200_to_460800,ce_only,radar,20260920-192610-inBroken-460800,277,inBroken,1,1,True,True,0.00018687393458094448,0.9997212886810303,3.4173441235907376e-05,5.746754686697386e-05
115200_to_460800,ce_only,radar,20260920-192610-inBroken-460800,278,inBroken,1,1,True,True,0.00013718564878217876,0.9997889399528503,2.1647068933816627e-05,5.232192779658362e-05
115200_to_460800,ce_only,radar,20260920-192610-inBroken-460800,279,inBroken,1,1,True,True,0.00015766912838444114,0.9997646808624268,2.4564644263591617e-05,5.297127427184023e-05
115200_to_460800,ce_only,radar,20260920-192610-inBroken-460800,280,inBroken,1,1,True,True,8.861788228387013e-05,0.9998419880867004,2.0690704332082532e-05,4.8755144234746695e-05
115200_to_460800,ce_only,radar,20260920-192610-inBroken-460800,281,inBroken,1,1,True,True,0.00021164456848055124,0.9996865391731262,2.9323138733161613e-05,7.238922989927232e-05
115200_to_460800,ce_only,radar,20260920-192610-inBroken-460800,282,inBroken,1,1,True,True,0.00010607142030494288,0.9998247623443604,1.9746203179238364e-05,4.927028203383088e-05
115200_to_460800,ce_only,radar,20260920-192610-inBroken-460800,283,inBroken,1,1,True,True,0.00016322873125318438,0.999752402305603,2.4778892111498863e-05,5.944818985881284e-05
115200_to_460800,ce_only,radar,20260920-192610-inBroken-460800,284,inBroken,1,1,True,True,0.00014261080650612712,0.9997785091400146,2.3534608772024512e-05,5.540419806493446e-05
115200_to_460800,ce_only,radar,20260920-192610-inBroken-460800,285,inBroken,1,1,True,True,0.0002513734216336161,0.9996140003204346,3.405765528441407e-05,0.00010081002983497456
115200_to_460800,ce_only,radar,20260920-192610-inBroken-460800,286,inBroken,1,1,True,True,0.00018006983736995608,0.9996867775917053,2.959813537017908e-05,0.00010353811376262456
115200_to_460800,ce_only,radar,20260920-192610-inBroken-460800,287,inBroken,1,1,True,True,0.000554673548322171,0.9992912411689758,4.105266634724103e-05,0.0001130868258769624
115200_to_460800,ce_only,radar,20260920-192610-inBroken-460800,288,inBroken,1,1,True,True,0.00011134825035696849,0.9998309016227722,1.909394995891489e-05,3.862306402879767e-05
115200_to_460800,ce_only,radar,20260920-192610-inBroken-460800,289,inBroken,1,1,True,True,0.0003037410497199744,0.9995343685150146,3.4475699067115784e-05,0.0001275187823921442
115200_to_460800,ce_only,radar,20260920-192610-inBroken-460800,290,inBroken,1,1,True,True,0.00031315747764892876,0.9994760155677795,4.226206510793418e-05,0.0001687093754298985
115200_to_460800,ce_only,radar,20260920-192610-inBroken-460800,291,inBroken,1,1,True,True,0.00038121218676678836,0.9992698431015015,6.016340194037184e-05,0.00028875903808511794
115200_to_460800,ce_only,radar,20260920-192610-inBroken-460800,292,inBroken,1,1,True,True,0.0001425707887392491,0.9997822046279907,2.3053014956531115e-05,5.221460378379561e-05
115200_to_460800,ce_only,radar,20260920-192610-inBroken-460800,293,inBroken,1,1,True,True,0.0003084031050093472,0.9993430376052856,5.697851884178817e-05,0.0002915232616942376
115200_to_460800,ce_only,radar,20260920-192610-inBroken-460800,294,inBroken,1,1,True,True,0.00017896566714625806,0.9996539950370789,4.068846465088427e-05,0.00012623633665498346
115200_to_460800,ce_only,radar,20260920-192610-inBroken-460800,295,inBroken,1,1,True,True,0.0002887939044740051,0.9995843768119812,3.7200923543423414e-05,8.948145114118233e-05
115200_to_460800,ce_only,radar,20260920-192610-inBroken-460800,296,inBroken,1,1,True,True,0.00012813076318707317,0.9997786283493042,2.328688424313441e-05,6.997988384682685e-05
115200_to_460800,ce_only,radar,20260920-192610-inBroken-460800,297,inBroken,1,1,True,True,0.00023586431052535772,0.9996222853660583,3.6121982702752575e-05,0.00010567472054390237
115200_to_460800,ce_only,radar,20260920-192610-inBroken-460800,298,inBroken,1,1,True,True,0.0004392092232592404,0.9993250370025635,4.385815918794833e-05,0.00019193805928807706
115200_to_460800,ce_only,radar,20260920-192610-inBroken-460800,299,inBroken,1,1,True,True,0.0001984222762985155,0.9996994137763977,2.673727249202784e-05,7.542195089627057e-05
115200_to_460800,ce_only,radar,20260920-192610-inBroken-460800,300,inBroken,1,1,True,True,0.00019857153529301286,0.9997140765190125,2.3966644221218303e-05,6.337922968668863e-05
115200_to_460800,ce_only,radar,20260920-192610-inBroken-460800,301,inBroken,1,1,True,True,0.0004886329406872392,0.9991682171821594,6.208675040397793e-05,0.0002812161110341549
115200_to_460800,ce_only,radar,20260920-192610-inBroken-460800,302,inBroken,1,1,True,True,0.00019478355534374714,0.9996597766876221,3.324597128084861e-05,0.00011210123921046034
115200_to_460800,ce_only,radar,20260920-192610-inBroken-460800,303,inBroken,1,1,True,True,0.00028379459399729967,0.9995036125183105,4.372766852611676e-05,0.00016878002497833222
115200_to_460800,ce_only,radar,20260920-192610-inBroken-460800,304,inBroken,1,1,True,True,0.0002677587035577744,0.9995941519737244,3.613822264014743e-05,0.00010188724991166964
115200_to_460800,ce_only,radar,20260920-192610-inBroken-460800,305,inBroken,1,1,True,True,0.0002161742013413459,0.9996787905693054,2.7898469852516428e-05,7.716460822848603e-05
115200_to_460800,ce_only,radar,20260920-192610-inBroken-460800,306,inBroken,1,1,True,True,0.00025490400730632246,0.9995226263999939,4.1028877603821456e-05,0.00018144931527785957
115200_to_460800,ce_only,radar,20260920-192610-inBroken-460800,307,inBroken,1,1,True,True,0.0004304514150135219,0.9994089603424072,3.925917553715408e-05,0.00012127937952755019
115200_to_460800,ce_only,radar,20260920-192610-inBroken-460800,308,inBroken,1,1,True,True,0.0001863096113083884,0.9997257590293884,2.6752535632112995e-05,6.114783900557086e-05
115200_to_460800,ce_only,radar,20260920-192610-inBroken-460800,309,inBroken,1,1,True,True,0.00014211071538738906,0.9997705221176147,2.4049852072494105e-05,6.322300032479689e-05
115200_to_460800,ce_only,radar,20260920-194108-roll-460800,361,roll,3,3,True,True,1.58030197781045e-05,5.048316779721063e-06,5.077722562418785e-06,0.9999740719795227
115200_to_460800,ce_only,radar,20260920-194108-roll-460800,362,roll,3,3,True,True,1.5793126294738613e-05,5.378857167670503e-06,5.276137471810216e-06,0.999973475933075
115200_to_460800,ce_only,radar,20260920-194108-roll-460800,363,roll,3,3,True,True,2.3664808395551518e-05,6.498900802398566e-06,3.917304638889618e-06,0.9999659657478333
115200_to_460800,ce_only,radar,20260920-194108-roll-460800,364,roll,3,3,True,True,1.2058481843268964e-05,4.755327609018423e-06,5.5634550335526e-06,0.9999776482582092
115200_to_460800,ce_only,radar,20260920-194108-roll-460800,365,roll,3,3,True,True,1.8074080799124204e-05,7.457346782757668e-06,8.342105502379127e-06,0.9999660849571228
115200_to_460800,ce_only,radar,20260920-194108-roll-460800,366,roll,3,3,True,True,4.78268411825411e-05,9.967025107471272e-06,7.780591658956837e-06,0.9999343752861023
115200_to_460800,ce_only,radar,20260920-194108-roll-460800,367,roll,3,3,True,True,2.4224089429480955e-05,8.318874279211741e-06,6.128897894086549e-06,0.9999613165855408
115200_to_460800,ce_only,radar,20260920-194108-roll-460800,368,roll,3,3,True,True,1.5669575077481568e-05,5.917617272643838e-06,5.212026280787541e-06,0.9999731183052063
115200_to_460800,ce_only,radar,20260920-194108-roll-460800,369,roll,3,3,True,True,2.0030913219670765e-05,8.713719580555335e-06,7.720796020294074e-06,0.9999634623527527
115200_to_460800,ce_only,radar,20260920-194108-roll-460800,370,roll,3,3,True,True,1.338565198238939e-05,4.798900590685662e-06,5.0102466957469005e-06,0.9999768137931824
115200_to_460800,ce_only,radar,20260920-194108-roll-460800,371,roll,3,3,True,True,2.6243342290399596e-05,1.0746185580501333e-05,6.463000318035483e-06,0.9999565482139587
115200_to_460800,ce_only,radar,20260920-194108-roll-460800,372,roll,3,3,True,True,1.7849783034762368e-05,7.981537237355951e-06,7.375044788204832e-06,0.9999668002128601
115200_to_460800,ce_only,radar,20260920-194108-roll-460800,373,roll,3,3,True,True,5.437148138298653e-05,5.65102236578241e-05,2.1621639461955056e-05,0.9998675584793091
115200_to_460800,ce_only,radar,20260920-194108-roll-460800,374,roll,3,3,True,True,1.8753951735561714e-05,8.164647624653298e-06,5.839782716066111e-06,0.9999672770500183
115200_to_460800,ce_only,radar,20260920-194108-roll-460800,375,roll,3,3,True,True,2.127628067682963e-05,1.2549197890621144e-05,1.0186055988015141e-05,0.9999558329582214
115200_to_460800,ce_only,radar,20260920-194108-roll-460800,376,roll,3,3,True,True,6.151769048301503e-05,3.369812839082442e-05,2.4563461920479313e-05,0.9998802542686462
115200_to_460800,ce_only,radar,20260920-194108-roll-460800,377,roll,3,3,True,True,0.0003978454042226076,0.00048760150093585253,0.00023635881370864809,0.9988781213760376
115200_to_460800,ce_only,radar,20260920-194108-roll-460800,378,roll,3,3,True,True,3.594068766687997e-05,2.7781641620094888e-05,1.5156074368860573e-05,0.9999210834503174
115200_to_460800,ce_only,radar,20260920-194108-roll-460800,379,roll,3,3,True,True,1.3467004464473575e-05,4.996576080884552e-06,4.373928732093191e-06,0.9999772906303406
115200_to_460800,ce_only,radar,20260920-194108-roll-460800,380,roll,3,3,True,True,1.2542568583739921e-05,5.209169103181921e-06,4.728425665234681e-06,0.9999776482582092
115200_to_460800,ce_only,radar,20260920-194108-roll-460800,381,roll,3,3,True,True,1.5507846910622902e-05,7.51452580516343e-06,4.497053851082455e-06,0.999972403049469
115200_to_460800,ce_only,radar,20260920-194108-roll-460800,382,roll,3,3,True,True,1.305618934566155e-05,6.016349743731553e-06,4.6939549065427855e-06,0.9999762177467346
115200_to_460800,ce_only,radar,20260920-194108-roll-460800,383,roll,3,3,True,True,1.2782964404323138e-05,5.561748366744723e-06,3.827899490715936e-06,0.9999778866767883
115200_to_460800,ce_only,radar,20260920-194108-roll-460800,384,roll,3,3,True,True,1.4882493815093767e-05,6.104706699261442e-06,5.585196959145833e-06,0.9999733567237854
115200_to_460800,ce_only,radar,20260920-194108-roll-460800,385,roll,3,3,True,True,2.1760966774309054e-05,8.854151019477285e-06,5.703497208742192e-06,0.9999637007713318
115200_to_460800,ce_only,radar,20260920-194108-roll-460800,386,roll,3,3,True,True,1.4956967788748443e-05,4.982044174539624e-06,6.493809451058041e-06,0.999973475933075
115200_to_460800,ce_only,radar,20260920-194108-roll-460800,387,roll,3,3,True,True,1.9950230125687085e-05,8.09562061476754e-06,5.695495929103345e-06,0.9999662041664124
115200_to_460800,ce_only,radar,20260920-194108-roll-460800,388,roll,3,3,True,True,1.1631673260126263e-05,4.8383585635747295e-06,4.9792979552876204e-06,0.9999786019325256
115200_to_460800,ce_only,radar,20260920-194108-roll-460800,389,roll,3,3,True,True,1.7857872080639936e-05,9.061032869794872e-06,6.283830771280918e-06,0.9999669194221497
115200_to_460800,ce_only,radar,20260920-194108-roll-460800,390,roll,3,3,True,True,2.0270965251256712e-05,6.4845280576264486e-06,4.4348585106490646e-06,0.9999687075614929
115200_to_460800,ce_only,radar,20260920-194108-roll-460800,391,roll,3,3,True,True,3.219513746444136e-05,1.3096446309646126e-05,8.37919651530683e-06,0.9999462366104126
115200_to_460800,ce_only,radar,20260920-194108-roll-460800,392,roll,3,3,True,True,6.719234806951135e-05,1.908443300635554e-05,9.858609701041132e-06,0.9999037981033325
115200_to_460800,ce_only,radar,20260920-194108-roll-460800,393,roll,3,3,True,True,1.6750298527767882e-05,6.687592303933343e-06,4.499483111430891e-06,0.9999720454216003
115200_to_460800,ce_only,radar,20260920-194108-roll-460800,394,roll,3,3,True,True,1.718964813335333e-05,8.971455827122554e-06,6.664294232905377e-06,0.9999672770500183
115200_to_460800,ce_only,radar,20260920-194108-roll-460800,395,roll,3,3,True,True,2.9989912945893593e-05,1.645578413445037e-05,8.324323061970063e-06,0.9999452829360962
115200_to_460800,ce_only,radar,20260920-194108-roll-460800,396,roll,3,3,True,True,3.681527232402004e-05,1.4729549548064824e-05,6.799421498726588e-06,0.9999417066574097
115200_to_460800,ce_only,radar,20260920-194108-roll-460800,397,roll,3,3,True,True,1.9076078388025053e-05,6.1995369833312e-06,4.677378001360921e-06,0.999970018863678
115200_to_460800,ce_only,radar,20260920-194108-roll-460800,398,roll,3,3,True,True,2.2625854398938827e-05,6.956573542993283e-06,5.079129550722428e-06,0.999965250492096
115200_to_460800,ce_only,radar,20260920-194108-roll-460800,399,roll,3,3,True,True,7.104992982931435e-05,3.605910751502961e-05,1.0690835551940836e-05,0.999882161617279
115200_to_460800,ce_only,radar,20260920-194108-roll-460800,400,roll,3,3,True,True,3.597982140490785e-05,1.6317386325681582e-05,5.5592554417671636e-06,0.9999421238899231
115200_to_460800,ce_only,radar,20260920-194108-roll-460800,401,roll,3,3,True,True,3.783440115512349e-05,1.65965138876345e-05,8.395199984079227e-06,0.9999372959136963
115200_to_460800,ce_only,radar,20260920-194108-roll-460800,402,roll,3,3,True,True,5.8953450206900015e-05,4.215715671307407e-05,1.4619763533119112e-05,0.999884307384491
115200_to_460800,ce_only,radar,20260920-194108-roll-460800,403,roll,3,3,True,True,1.22785213534371e-05,4.107941549591487e-06,4.402790636959253e-06,0.9999791979789734
115200_to_460800,ce_only,radar,20260920-194108-roll-460800,404,roll,3,3,True,True,4.199308386887424e-05,1.9180539311491884e-05,7.303316124307457e-06,0.9999315738677979
115200_to_460800,ce_only,radar,20260920-194108-roll-460800,405,roll,3,3,True,True,2.6712788894656114e-05,7.961025403346866e-06,4.588451247400371e-06,0.999960720539093
115200_to_460800,ce_only,radar,20260920-194108-roll-460800,406,roll,3,3,True,True,3.48771718563512e-05,1.4817111150478013e-05,6.960186510696076e-06,0.9999433755874634
115200_to_460800,ce_only,radar,20260920-194108-roll-460800,407,roll,3,3,True,True,8.632461685920134e-05,2.793933526845649e-05,1.1996938155789394e-05,0.999873697757721
115200_to_460800,ce_only,radar,20260920-194108-roll-460800,408,roll,3,3,True,True,2.1055155229987577e-05,7.201110292953672e-06,6.185576694406336e-06,0.999965488910675
115200_to_460800,ce_only,radar,20260920-194108-roll-460800,409,roll,3,3,True,True,0.00012070695811416954,7.937142800074071e-05,1.8430031559546478e-05,0.9997814297676086
115200_to_460800,ce_only,radar,20260920-194108-roll-460800,410,roll,3,3,True,True,0.0001249113556696102,9.784400026546791e-05,1.8971486497321166e-05,0.999758243560791
115200_to_460800,ce_only,radar,20260920-194108-roll-460800,411,roll,3,3,True,True,8.117905235849321e-05,4.6936260332586244e-05,1.701216933724936e-05,0.9998547434806824
115200_to_460800,ce_feat_1_kd,radar,20260920-184857-normal-460800,61,normal,0,0,True,True,0.9017031192779541,0.01160284411162138,0.05279073864221573,0.0339033380150795
115200_to_460800,ce_feat_1_kd,radar,20260920-184857-normal-460800,62,normal,0,0,True,True,0.9155629277229309,0.009844595566391945,0.046951498836278915,0.027640901505947113
115200_to_460800,ce_feat_1_kd,radar,20260920-184857-normal-460800,63,normal,0,0,True,True,0.8902693390846252,0.01440019253641367,0.05977407842874527,0.03555632755160332
115200_to_460800,ce_feat_1_kd,radar,20260920-184857-normal-460800,64,normal,0,0,True,True,0.8863094449043274,0.015326627530157566,0.057933226227760315,0.04043068364262581
115200_to_460800,ce_feat_1_kd,radar,20260920-184857-normal-460800,65,normal,0,0,True,True,0.8732734322547913,0.016004839912056923,0.06224757432937622,0.048474159091711044
115200_to_460800,ce_feat_1_kd,radar,20260920-184857-normal-460800,66,normal,0,0,True,True,0.882192850112915,0.014667111448943615,0.06123093515634537,0.04190896824002266
115200_to_460800,ce_feat_1_kd,radar,20260920-184857-normal-460800,67,normal,0,0,True,True,0.8953177332878113,0.012646535411477089,0.05471193417906761,0.03732381761074066
115200_to_460800,ce_feat_1_kd,radar,20260920-184857-normal-460800,68,normal,0,0,True,True,0.9086044430732727,0.011133192107081413,0.05024845898151398,0.030013861134648323
115200_to_460800,ce_feat_1_kd,radar,20260920-184857-normal-460800,69,normal,0,0,True,True,0.9035285711288452,0.012776176445186138,0.05147923529148102,0.03221607208251953
115200_to_460800,ce_feat_1_kd,radar,20260920-184857-normal-460800,70,normal,0,0,True,True,0.8714945316314697,0.01729452796280384,0.05983291566371918,0.05137811228632927
115200_to_460800,ce_feat_1_kd,radar,20260920-184857-normal-460800,71,normal,0,0,True,True,0.8982045650482178,0.012370327487587929,0.05365115404129028,0.03577396646142006
115200_to_460800,ce_feat_1_kd,radar,20260920-184857-normal-460800,72,normal,0,0,True,True,0.8894857168197632,0.01405208557844162,0.060955509543418884,0.035506729036569595
115200_to_460800,ce_feat_1_kd,radar,20260920-184857-normal-460800,73,normal,0,0,True,True,0.8894761800765991,0.013151927851140499,0.05666366592049599,0.04070816561579704
115200_to_460800,ce_feat_1_kd,radar,20260920-184857-normal-460800,74,normal,0,0,True,True,0.9105556011199951,0.010774034075438976,0.04857168346643448,0.03009851463139057
115200_to_460800,ce_feat_1_kd,radar,20260920-184857-normal-460800,75,normal,0,0,True,True,0.8852593898773193,0.014809412881731987,0.0603138692677021,0.03961735963821411
115200_to_460800,ce_feat_1_kd,radar,20260920-184857-normal-460800,76,normal,0,0,True,True,0.887235164642334,0.013598763383924961,0.05956147238612175,0.039604607969522476
115200_to_460800,ce_feat_1_kd,radar,20260920-184857-normal-460800,77,normal,0,0,True,True,0.8996925354003906,0.011436834931373596,0.05187296122312546,0.036997683346271515
115200_to_460800,ce_feat_1_kd,radar,20260920-184857-normal-460800,78,normal,0,0,True,True,0.8984029293060303,0.012504949234426022,0.053638964891433716,0.03545323386788368
115200_to_460800,ce_feat_1_kd,radar,20260920-184857-normal-460800,79,normal,0,0,True,True,0.8739686608314514,0.015210161916911602,0.06573934853076935,0.045081861317157745
115200_to_460800,ce_feat_1_kd,radar,20260920-184857-normal-460800,80,normal,0,0,True,True,0.8877484202384949,0.012976395897567272,0.05992000922560692,0.03935518115758896
115200_to_460800,ce_feat_1_kd,radar,20260920-184857-normal-460800,81,normal,0,0,True,True,0.9084743857383728,0.010659138672053814,0.04836427420377731,0.0325021892786026
115200_to_460800,ce_feat_1_kd,radar,20260920-184857-normal-460800,82,normal,0,0,True,True,0.8809399604797363,0.014420786872506142,0.06452179700136185,0.04011744633316994
115200_to_460800,ce_feat_1_kd,radar,20260920-184857-normal-460800,83,normal,0,0,True,True,0.8943778872489929,0.014807261526584625,0.054905857890844345,0.0359090119600296
115200_to_460800,ce_feat_1_kd,radar,20260920-184857-normal-460800,84,normal,0,0,True,True,0.8948596119880676,0.012080506421625614,0.05455198884010315,0.03850788623094559
115200_to_460800,ce_feat_1_kd,radar,20260920-184857-normal-460800,85,normal,0,0,True,True,0.8900722861289978,0.013367646373808384,0.05452340096235275,0.04203665629029274
115200_to_460800,ce_feat_1_kd,radar,20260920-184857-normal-460800,86,normal,0,0,True,True,0.8954680562019348,0.011611929163336754,0.05447131022810936,0.038448579609394073
115200_to_460800,ce_feat_1_kd,radar,20260920-184857-normal-460800,87,normal,0,0,True,True,0.8826817274093628,0.014153093099594116,0.05839640647172928,0.044768720865249634
115200_to_460800,ce_feat_1_kd,radar,20260920-184857-normal-460800,88,normal,0,0,True,True,0.8811103105545044,0.01475517824292183,0.060763679444789886,0.04337079077959061
115200_to_460800,ce_feat_1_kd,radar,20260920-184857-normal-460800,89,normal,0,0,True,True,0.8996194005012512,0.011129486374557018,0.05136415734887123,0.037886977195739746
115200_to_460800,ce_feat_1_kd,radar,20260920-184857-normal-460800,90,normal,0,0,True,True,0.9014996290206909,0.011806008405983448,0.051929015666246414,0.03476531058549881
115200_to_460800,ce_feat_1_kd,radar,20260920-184857-normal-460800,91,normal,0,0,True,True,0.8648073673248291,0.01605270430445671,0.0635434240102768,0.05559655651450157
115200_to_460800,ce_feat_1_kd,radar,20260920-184857-normal-460800,92,normal,0,0,True,True,0.9131343364715576,0.009731429629027843,0.04810772463679314,0.029026545584201813
115200_to_460800,ce_feat_1_kd,radar,20260920-184857-normal-460800,93,normal,0,0,True,True,0.9054461121559143,0.011019055731594563,0.05080846697092056,0.03272620216012001
115200_to_460800,ce_feat_1_kd,radar,20260920-184857-normal-460800,94,normal,0,0,True,True,0.9079181551933289,0.011080829426646233,0.04863375797867775,0.0323672816157341
115200_to_460800,ce_feat_1_kd,radar,20260920-184857-normal-460800,95,normal,0,0,True,True,0.902363657951355,0.011434809304773808,0.049548275768756866,0.03665321692824364
115200_to_460800,ce_feat_1_kd,radar,20260920-184857-normal-460800,96,normal,0,0,True,True,0.9089281558990479,0.010766645893454552,0.04936064034700394,0.03094448894262314
115200_to_460800,ce_feat_1_kd,radar,20260920-184857-normal-460800,97,normal,0,0,True,True,0.8709903359413147,0.01619436778128147,0.06640619784593582,0.04640916362404823
115200_to_460800,ce_feat_1_kd,radar,20260920-184857-normal-460800,98,normal,0,0,True,True,0.8734409213066101,0.01628846488893032,0.06360570341348648,0.04666481912136078
115200_to_460800,ce_feat_1_kd,radar,20260920-184857-normal-460800,99,normal,0,0,True,True,0.8936687111854553,0.013241320848464966,0.053884778171777725,0.039205268025398254
115200_to_460800,ce_feat_1_kd,radar,20260920-184857-normal-460800,100,normal,0,0,True,True,0.8775407075881958,0.014762540347874165,0.06013009324669838,0.04756668582558632
115200_to_460800,ce_feat_1_kd,radar,20260920-184857-normal-460800,101,normal,0,0,True,True,0.9038469195365906,0.011897051706910133,0.05225313454866409,0.03200284019112587
115200_to_460800,ce_feat_1_kd,radar,20260920-184857-normal-460800,102,normal,0,0,True,True,0.891038715839386,0.013882243074476719,0.05188897252082825,0.04319005087018013
115200_to_460800,ce_feat_1_kd,radar,20260920-184857-normal-460800,103,normal,0,0,True,True,0.8986836671829224,0.01335005834698677,0.05214683338999748,0.03581935167312622
115200_to_460800,ce_feat_1_kd,radar,20260920-184857-normal-460800,104,normal,0,0,True,True,0.8958601951599121,0.011980267241597176,0.0511050820350647,0.041054364293813705
115200_to_460800,ce_feat_1_kd,radar,20260920-184857-normal-460800,105,normal,0,0,True,True,0.9070902466773987,0.011650294996798038,0.04789789766073227,0.03336147218942642
115200_to_460800,ce_feat_1_kd,radar,20260920-184857-normal-460800,106,normal,0,0,True,True,0.9099302887916565,0.011466408148407936,0.047908104956150055,0.030695214867591858
115200_to_460800,ce_feat_1_kd,radar,20260920-184857-normal-460800,107,normal,0,0,True,True,0.9043205976486206,0.011963311582803726,0.04978251829743385,0.03393353521823883
115200_to_460800,ce_feat_1_kd,radar,20260920-184857-normal-460800,108,normal,0,0,True,True,0.8971899747848511,0.011863970197737217,0.05334242433309555,0.03760349377989769
115200_to_460800,ce_feat_1_kd,radar,20260920-190913-outBroken-460800,159,outBroken,2,2,True,False,0.060342937707901,0.053960129618644714,0.7985334992408752,0.08716345578432083
115200_to_460800,ce_feat_1_kd,radar,20260920-190913-outBroken-460800,160,outBroken,2,2,True,False,0.059368014335632324,0.05152382329106331,0.8118059635162354,0.0773022249341011
115200_to_460800,ce_feat_1_kd,radar,20260920-190913-outBroken-460800,161,outBroken,2,2,True,False,0.05418720841407776,0.04273601993918419,0.8315248489379883,0.07155195623636246
115200_to_460800,ce_feat_1_kd,radar,20260920-190913-outBroken-460800,162,outBroken,2,2,True,False,0.0645875334739685,0.18953032791614532,0.6066820621490479,0.13920007646083832
115200_to_460800,ce_feat_1_kd,radar,20260920-190913-outBroken-460800,163,outBroken,2,2,True,False,0.05446562543511391,0.03972993046045303,0.8382745385169983,0.06752990186214447
115200_to_460800,ce_feat_1_kd,radar,20260920-190913-outBroken-460800,164,outBroken,2,2,True,False,0.04916486144065857,0.03356221318244934,0.859394907951355,0.05787799879908562
115200_to_460800,ce_feat_1_kd,radar,20260920-190913-outBroken-460800,165,outBroken,2,2,True,False,0.055271510034799576,0.04119608551263809,0.8364691138267517,0.06706325709819794
115200_to_460800,ce_feat_1_kd,radar,20260920-190913-outBroken-460800,166,outBroken,2,2,True,False,0.053426872938871384,0.03998797759413719,0.8393394947052002,0.06724568456411362
115200_to_460800,ce_feat_1_kd,radar,20260920-190913-outBroken-460800,167,outBroken,2,2,True,False,0.052390750497579575,0.040013447403907776,0.8435894846916199,0.06400629878044128
115200_to_460800,ce_feat_1_kd,radar,20260920-190913-outBroken-460800,168,outBroken,2,2,True,False,0.05064021795988083,0.04008137807250023,0.8464215397834778,0.06285688281059265
115200_to_460800,ce_feat_1_kd,radar,20260920-190913-outBroken-460800,169,outBroken,2,2,True,False,0.052448779344558716,0.04072844982147217,0.8414187431335449,0.06540407985448837
115200_to_460800,ce_feat_1_kd,radar,20260920-190913-outBroken-460800,170,outBroken,2,2,True,False,0.051095232367515564,0.03812370076775551,0.8478952050209045,0.06288590282201767
115200_to_460800,ce_feat_1_kd,radar,20260920-190913-outBroken-460800,171,outBroken,2,2,True,False,0.04908331111073494,0.03465515002608299,0.8567767143249512,0.05948473513126373
115200_to_460800,ce_feat_1_kd,radar,20260920-190913-outBroken-460800,172,outBroken,2,2,True,False,0.06191602721810341,0.05209492892026901,0.7997264862060547,0.0862625390291214
115200_to_460800,ce_feat_1_kd,radar,20260920-190913-outBroken-460800,173,outBroken,2,2,True,False,0.06006043776869774,0.05601651221513748,0.8003379702568054,0.08358505368232727
115200_to_460800,ce_feat_1_kd,radar,20260920-190913-outBroken-460800,174,outBroken,2,2,True,False,0.05379124730825424,0.03759608790278435,0.842601478099823,0.06601116061210632
115200_to_460800,ce_feat_1_kd,radar,20260920-190913-outBroken-460800,175,outBroken,2,2,True,False,0.05257260799407959,0.04209260269999504,0.8388547897338867,0.06648001819849014
115200_to_460800,ce_feat_1_kd,radar,20260920-190913-outBroken-460800,176,outBroken,2,2,True,False,0.06039147078990936,0.0781823918223381,0.7705453038215637,0.09088076651096344
115200_to_460800,ce_feat_1_kd,radar,20260920-190913-outBroken-460800,177,outBroken,2,2,True,False,0.06267315149307251,0.06405455619096756,0.7848873734474182,0.08838490396738052
115200_to_460800,ce_feat_1_kd,radar,20260920-190913-outBroken-460800,178,outBroken,2,2,True,False,0.06500300765037537,0.08877400308847427,0.7441362142562866,0.10208681225776672
115200_to_460800,ce_feat_1_kd,radar,20260920-190913-outBroken-460800,179,outBroken,2,2,True,False,0.05074046924710274,0.04189448058605194,0.8419842720031738,0.0653807744383812
115200_to_460800,ce_feat_1_kd,radar,20260920-190913-outBroken-460800,180,outBroken,2,2,True,False,0.05704673007130623,0.057715706527233124,0.8077971935272217,0.07744041085243225
115200_to_460800,ce_feat_1_kd,radar,20260920-190913-outBroken-460800,181,outBroken,2,2,True,False,0.05290764570236206,0.0406644381582737,0.8409320712089539,0.06549582630395889
115200_to_460800,ce_feat_1_kd,radar,20260920-190913-outBroken-460800,182,outBroken,2,2,True,False,0.0505666583776474,0.03626832365989685,0.8519564867019653,0.06120848283171654
115200_to_460800,ce_feat_1_kd,radar,20260920-190913-outBroken-460800,183,outBroken,2,2,True,False,0.050592441111803055,0.04381722956895828,0.8413045406341553,0.06428578495979309
115200_to_460800,ce_feat_1_kd,radar,20260920-190913-outBroken-460800,184,outBroken,2,2,True,False,0.05205691233277321,0.045687153935432434,0.8345845937728882,0.06767133623361588
115200_to_460800,ce_feat_1_kd,radar,20260920-190913-outBroken-460800,185,outBroken,2,2,True,False,0.050291579216718674,0.03609899431467056,0.851571261882782,0.06203819066286087
115200_to_460800,ce_feat_1_kd,radar,20260920-190913-outBroken-460800,186,outBroken,2,2,True,False,0.05757679045200348,0.04953588545322418,0.8163976073265076,0.07648976147174835
115200_to_460800,ce_feat_1_kd,radar,20260920-190913-outBroken-460800,187,outBroken,2,2,True,False,0.05804338678717613,0.07376082241535187,0.7825502157211304,0.08564560115337372
115200_to_460800,ce_feat_1_kd,radar,20260920-190913-outBroken-460800,188,outBroken,2,2,True,False,0.06574618816375732,0.13537190854549408,0.6794350743293762,0.11944687366485596
115200_to_460800,ce_feat_1_kd,radar,20260920-190913-outBroken-460800,189,outBroken,2,2,True,False,0.05775336176156998,0.04604553058743477,0.8178147673606873,0.07838636636734009
115200_to_460800,ce_feat_1_kd,radar,20260920-190913-outBroken-460800,190,outBroken,2,2,True,False,0.05674639716744423,0.04652596637606621,0.823855459690094,0.07287215441465378
115200_to_460800,ce_feat_1_kd,radar,20260920-190913-outBroken-460800,191,outBroken,2,2,True,False,0.0525037944316864,0.06648769974708557,0.8040908575057983,0.07691764086484909
115200_to_460800,ce_feat_1_kd,radar,20260920-190913-outBroken-460800,192,outBroken,2,2,True,False,0.05072568729519844,0.0438934862613678,0.839899480342865,0.06548141688108444
115200_to_460800,ce_feat_1_kd,radar,20260920-190913-outBroken-460800,193,outBroken,2,2,True,False,0.05209514871239662,0.03816400095820427,0.8450688123703003,0.06467200815677643
115200_to_460800,ce_feat_1_kd,radar,20260920-190913-outBroken-460800,194,outBroken,2,2,True,False,0.05433446541428566,0.04323361814022064,0.8306211829185486,0.0718107596039772
115200_to_460800,ce_feat_1_kd,radar,20260920-190913-outBroken-460800,195,outBroken,2,2,True,False,0.05883091315627098,0.054574210196733475,0.8036267161369324,0.08296805620193481
115200_to_460800,ce_feat_1_kd,radar,20260920-190913-outBroken-460800,196,outBroken,2,2,True,False,0.05217732489109039,0.037496667355298996,0.846239447593689,0.06408660858869553
115200_to_460800,ce_feat_1_kd,radar,20260920-190913-outBroken-460800,197,outBroken,2,2,True,False,0.04981452599167824,0.038871120661497116,0.8480915427207947,0.06322278082370758
115200_to_460800,ce_feat_1_kd,radar,20260920-190913-outBroken-460800,198,outBroken,2,2,True,False,0.0494157075881958,0.039695266634225845,0.8497638702392578,0.061125148087739944
115200_to_460800,ce_feat_1_kd,radar,20260920-190913-outBroken-460800,199,outBroken,2,2,True,False,0.06957625597715378,0.07786893099546432,0.7414298057556152,0.11112504452466965
115200_to_460800,ce_feat_1_kd,radar,20260920-190913-outBroken-460800,200,outBroken,2,2,True,False,0.05965246260166168,0.04908900335431099,0.8077903985977173,0.08346809446811676
115200_to_460800,ce_feat_1_kd,radar,20260920-190913-outBroken-460800,201,outBroken,2,2,True,False,0.050711389631032944,0.03673166781663895,0.8492954969406128,0.0632614940404892
115200_to_460800,ce_feat_1_kd,radar,20260920-190913-outBroken-460800,202,outBroken,2,2,True,False,0.05342830345034599,0.03992808237671852,0.8400769829750061,0.06656655669212341
115200_to_460800,ce_feat_1_kd,radar,20260920-190913-outBroken-460800,203,outBroken,2,2,True,False,0.04876456409692764,0.0353376641869545,0.8564557433128357,0.05944198742508888
115200_to_460800,ce_feat_1_kd,radar,20260920-190913-outBroken-460800,204,outBroken,2,2,True,False,0.04727703705430031,0.03527146950364113,0.8593857884407043,0.05806569382548332
115200_to_460800,ce_feat_1_kd,radar,20260920-190913-outBroken-460800,205,outBroken,2,2,True,False,0.05119095742702484,0.035022106021642685,0.8523333668708801,0.061453547328710556
115200_to_460800,ce_feat_1_kd,radar,20260920-190913-outBroken-460800,206,outBroken,2,2,True,False,0.053143300116062164,0.03758879005908966,0.8445199728012085,0.0647478848695755
115200_to_460800,ce_feat_1_kd,radar,20260920-190913-outBroken-460800,207,outBroken,2,2,True,False,0.04831260070204735,0.033757325261831284,0.8603094220161438,0.05762064829468727
115200_to_460800,ce_feat_1_kd,radar,20260920-190913-outBroken-460800,208,outBroken,2,2,True,False,0.05249116197228432,0.03971824795007706,0.8413075804710388,0.0664830356836319
115200_to_460800,ce_feat_1_kd,radar,20260920-192610-inBroken-460800,259,inBroken,1,1,True,True,0.01935403048992157,0.8287225961685181,0.08781473338603973,0.06410858780145645
115200_to_460800,ce_feat_1_kd,radar,20260920-192610-inBroken-460800,260,inBroken,1,1,True,True,0.02046441100537777,0.8189311027526855,0.09431067854166031,0.06629367917776108
115200_to_460800,ce_feat_1_kd,radar,20260920-192610-inBroken-460800,261,inBroken,1,1,True,True,0.031686220318078995,0.7692367434501648,0.11326031386852264,0.08581659197807312
115200_to_460800,ce_feat_1_kd,radar,20260920-192610-inBroken-460800,262,inBroken,1,1,True,True,0.025908801704645157,0.7727805972099304,0.11171479523181915,0.08959587663412094
115200_to_460800,ce_feat_1_kd,radar,20260920-192610-inBroken-460800,263,inBroken,1,1,True,True,0.023364540189504623,0.8085399866104126,0.09614530205726624,0.07195020467042923
115200_to_460800,ce_feat_1_kd,radar,20260920-192610-inBroken-460800,264,inBroken,1,1,True,True,0.019098248332738876,0.8275681734085083,0.08776436001062393,0.06556908786296844
115200_to_460800,ce_feat_1_kd,radar,20260920-192610-inBroken-460800,265,inBroken,1,1,True,True,0.027520788833498955,0.774020254611969,0.11000995337963104,0.08844893425703049
115200_to_460800,ce_feat_1_kd,radar,20260920-192610-inBroken-460800,266,inBroken,1,1,True,True,0.013984001241624355,0.862554669380188,0.0741107314825058,0.04935067519545555
115200_to_460800,ce_feat_1_kd,radar,20260920-192610-inBroken-460800,267,inBroken,1,1,True,True,0.022826632484793663,0.8048205971717834,0.10079765319824219,0.07155513763427734
115200_to_460800,ce_feat_1_kd,radar,20260920-192610-inBroken-460800,268,inBroken,1,1,True,True,0.01586049422621727,0.843792736530304,0.0802144706249237,0.06013229489326477
115200_to_460800,ce_feat_1_kd,radar,20260920-192610-inBroken-460800,269,inBroken,1,1,True,True,0.020000603049993515,0.8227626085281372,0.09005525708198547,0.06718131899833679
115200_to_460800,ce_feat_1_kd,radar,20260920-192610-inBroken-460800,270,inBroken,1,1,True,True,0.04084303602576256,0.6680949330329895,0.13808095455169678,0.15298107266426086
115200_to_460800,ce_feat_1_kd,radar,20260920-192610-inBroken-460800,271,inBroken,1,1,True,True,0.017909139394760132,0.8299218416213989,0.08529248088598251,0.06687650829553604
115200_to_460800,ce_feat_1_kd,radar,20260920-192610-inBroken-460800,272,inBroken,1,1,True,True,0.022632498294115067,0.800373375415802,0.10000154376029968,0.07699260860681534
115200_to_460800,ce_feat_1_kd,radar,20260920-192610-inBroken-460800,273,inBroken,1,1,True,True,0.02441238984465599,0.8163956999778748,0.09662915766239166,0.06256268918514252
115200_to_460800,ce_feat_1_kd,radar,20260920-192610-inBroken-460800,274,inBroken,1,1,True,True,0.014874855056405067,0.857416570186615,0.07776792347431183,0.04994072765111923
115200_to_460800,ce_feat_1_kd,radar,20260920-192610-inBroken-460800,275,inBroken,1,1,True,True,0.01618160307407379,0.8448253273963928,0.08119311183691025,0.057800039649009705
115200_to_460800,ce_feat_1_kd,radar,20260920-192610-inBroken-460800,276,inBroken,1,1,True,True,0.018730830401182175,0.8282830715179443,0.08734916895627975,0.06563690304756165
115200_to_460800,ce_feat_1_kd,radar,20260920-192610-inBroken-460800,277,inBroken,1,1,True,True,0.021163972094655037,0.8255505561828613,0.09499458223581314,0.05829077586531639
115200_to_460800,ce_feat_1_kd,radar,20260920-192610-inBroken-460800,278,inBroken,1,1,True,True,0.017547212541103363,0.8373351097106934,0.08406919986009598,0.061048321425914764
115200_to_460800,ce_feat_1_kd,radar,20260920-192610-inBroken-460800,279,inBroken,1,1,True,True,0.023552123457193375,0.8162229657173157,0.09454148262739182,0.06568340957164764
115200_to_460800,ce_feat_1_kd,radar,20260920-192610-inBroken-460800,280,inBroken,1,1,True,True,0.014540060423314571,0.8501912355422974,0.0770290270447731,0.05823957920074463
115200_to_460800,ce_feat_1_kd,radar,20260920-192610-inBroken-460800,281,inBroken,1,1,True,True,0.02213211916387081,0.8198031783103943,0.09068933874368668,0.06737521290779114
115200_to_460800,ce_feat_1_kd,radar,20260920-192610-inBroken-460800,282,inBroken,1,1,True,True,0.017180195078253746,0.8416616916656494,0.08051405847072601,0.06064402684569359
115200_to_460800,ce_feat_1_kd,radar,20260920-192610-inBroken-460800,283,inBroken,1,1,True,True,0.020415734499692917,0.8250471949577332,0.09090845286846161,0.06362856179475784
115200_to_460800,ce_feat_1_kd,radar,20260920-192610-inBroken-460800,284,inBroken,1,1,True,True,0.01934926025569439,0.8288763761520386,0.08969858288764954,0.062075719237327576
115200_to_460800,ce_feat_1_kd,radar,20260920-192610-inBroken-460800,285,inBroken,1,1,True,True,0.023863349109888077,0.8052853941917419,0.09663981944322586,0.07421146333217621
115200_to_460800,ce_feat_1_kd,radar,20260920-192610-inBroken-460800,286,inBroken,1,1,True,True,0.020335808396339417,0.805376410484314,0.09387603402137756,0.08041166514158249
115200_to_460800,ce_feat_1_kd,radar,20260920-192610-inBroken-460800,287,inBroken,1,1,True,True,0.04101988673210144,0.7537163496017456,0.12082348763942719,0.08444032818078995
115200_to_460800,ce_feat_1_kd,radar,20260920-192610-inBroken-460800,288,inBroken,1,1,True,True,0.01783437468111515,0.8453325629234314,0.08140440285205841,0.055428534746170044
115200_to_460800,ce_feat_1_kd,radar,20260920-192610-inBroken-460800,289,inBroken,1,1,True,True,0.025411726906895638,0.7916783094406128,0.10020280629396439,0.08270709216594696
115200_to_460800,ce_feat_1_kd,radar,20260920-192610-inBroken-460800,290,inBroken,1,1,True,True,0.026658963412046432,0.7707234025001526,0.10759296268224716,0.09502462297677994
115200_to_460800,ce_feat_1_kd,radar,20260920-192610-inBroken-460800,291,inBroken,1,1,True,True,0.024909067898988724,0.7788307666778564,0.10074912011623383,0.09551089257001877
115200_to_460800,ce_feat_1_kd,radar,20260920-192610-inBroken-460800,292,inBroken,1,1,True,True,0.021574968472123146,0.8230919241905212,0.09186280518770218,0.06347030401229858
115200_to_460800,ce_feat_1_kd,radar,20260920-192610-inBroken-460800,293,inBroken,1,1,True,True,0.022217605262994766,0.7860807776451111,0.09723475575447083,0.0944666936993599
115200_to_460800,ce_feat_1_kd,radar,20260920-192610-inBroken-460800,294,inBroken,1,1,True,True,0.018048210069537163,0.8211898803710938,0.08644518256187439,0.07431660592556
115200_to_460800,ce_feat_1_kd,radar,20260920-192610-inBroken-460800,295,inBroken,1,1,True,True,0.03178040310740471,0.7667701840400696,0.11868218332529068,0.08276725560426712
115200_to_460800,ce_feat_1_kd,radar,20260920-192610-inBroken-460800,296,inBroken,1,1,True,True,0.018122294917702675,0.8276112079620361,0.08498305827379227,0.06928340345621109
115200_to_460800,ce_feat_1_kd,radar,20260920-192610-inBroken-460800,297,inBroken,1,1,True,True,0.024704676121473312,0.790284276008606,0.10467635095119476,0.08033464103937149
115200_to_460800,ce_feat_1_kd,radar,20260920-192610-inBroken-460800,298,inBroken,1,1,True,True,0.02906077913939953,0.7639166116714478,0.10960650444030762,0.09741609543561935
115200_to_460800,ce_feat_1_kd,radar,20260920-192610-inBroken-460800,299,inBroken,1,1,True,True,0.021603301167488098,0.8156910538673401,0.09248451888561249,0.07022108137607574
115200_to_460800,ce_feat_1_kd,radar,20260920-192610-inBroken-460800,300,inBroken,1,1,True,True,0.02396758832037449,0.8102350831031799,0.097068652510643,0.06872875243425369
115200_to_460800,ce_feat_1_kd,radar,20260920-192610-inBroken-460800,301,inBroken,1,1,True,True,0.02612948603928089,0.7741509675979614,0.10730863362550735,0.09241098165512085
115200_to_460800,ce_feat_1_kd,radar,20260920-192610-inBroken-460800,302,inBroken,1,1,True,True,0.02094504050910473,0.8042558431625366,0.09301865100860596,0.08178044110536575
115200_to_460800,ce_feat_1_kd,radar,20260920-192610-inBroken-460800,303,inBroken,1,1,True,True,0.02104063145816326,0.8042628765106201,0.0939190536737442,0.0807773694396019
115200_to_460800,ce_feat_1_kd,radar,20260920-192610-inBroken-460800,304,inBroken,1,1,True,True,0.025812754407525063,0.7901656627655029,0.10542339086532593,0.07859829068183899
115200_to_460800,ce_feat_1_kd,radar,20260920-192610-inBroken-460800,305,inBroken,1,1,True,True,0.02093673311173916,0.8179082274436951,0.09413570165634155,0.06701941043138504
115200_to_460800,ce_feat_1_kd,radar,20260920-192610-inBroken-460800,306,inBroken,1,1,True,True,0.02188960835337639,0.792865514755249,0.09452474862337112,0.09072014689445496
115200_to_460800,ce_feat_1_kd,radar,20260920-192610-inBroken-460800,307,inBroken,1,1,True,True,0.031015221029520035,0.7769368290901184,0.11000454425811768,0.08204331248998642
115200_to_460800,ce_feat_1_kd,radar,20260920-192610-inBroken-460800,308,inBroken,1,1,True,True,0.02164096012711525,0.8190765380859375,0.09440375864505768,0.06487873941659927
115200_to_460800,ce_feat_1_kd,radar,20260920-192610-inBroken-460800,309,inBroken,1,1,True,True,0.019518157467246056,0.8235105276107788,0.08969642966985703,0.0672748014330864
115200_to_460800,ce_feat_1_kd,radar,20260920-194108-roll-460800,361,roll,3,3,True,True,0.022353431209921837,0.03629377856850624,0.046199943870306015,0.8951528668403625
115200_to_460800,ce_feat_1_kd,radar,20260920-194108-roll-460800,362,roll,3,3,True,True,0.02034255862236023,0.03139492869377136,0.0433589369058609,0.9049035906791687
115200_to_460800,ce_feat_1_kd,radar,20260920-194108-roll-460800,363,roll,3,3,True,True,0.020375140011310577,0.03567729890346527,0.043086130172014236,0.900861382484436
115200_to_460800,ce_feat_1_kd,radar,20260920-194108-roll-460800,364,roll,3,3,True,True,0.018813632428646088,0.03445618972182274,0.04489242658019066,0.9018377661705017
115200_to_460800,ce_feat_1_kd,radar,20260920-194108-roll-460800,365,roll,3,3,True,True,0.0211691465228796,0.037243567407131195,0.048654042184352875,0.8929332494735718
115200_to_460800,ce_feat_1_kd,radar,20260920-194108-roll-460800,366,roll,3,3,True,True,0.02551097236573696,0.03641649708151817,0.051196008920669556,0.8868765830993652
115200_to_460800,ce_feat_1_kd,radar,20260920-194108-roll-460800,367,roll,3,3,True,True,0.02284722588956356,0.038030363619327545,0.04961395263671875,0.8895084261894226
115200_to_460800,ce_feat_1_kd,radar,20260920-194108-roll-460800,368,roll,3,3,True,True,0.020670123398303986,0.03929775953292847,0.04715537652373314,0.8928767442703247
115200_to_460800,ce_feat_1_kd,radar,20260920-194108-roll-460800,369,roll,3,3,True,True,0.021941324695944786,0.04451615363359451,0.05224510654807091,0.8812975287437439
115200_to_460800,ce_feat_1_kd,radar,20260920-194108-roll-460800,370,roll,3,3,True,True,0.023302743211388588,0.034858908504247665,0.048006076365709305,0.8938323855400085
115200_to_460800,ce_feat_1_kd,radar,20260920-194108-roll-460800,371,roll,3,3,True,True,0.024131152778863907,0.044190891087055206,0.05181240290403366,0.8798655867576599
115200_to_460800,ce_feat_1_kd,radar,20260920-194108-roll-460800,372,roll,3,3,True,True,0.020420728251338005,0.03792540729045868,0.04664132371544838,0.8950125575065613
115200_to_460800,ce_feat_1_kd,radar,20260920-194108-roll-460800,373,roll,3,3,True,True,0.02339182235300541,0.04840294271707535,0.056597866117954254,0.8716073036193848
115200_to_460800,ce_feat_1_kd,radar,20260920-194108-roll-460800,374,roll,3,3,True,True,0.021886713802814484,0.04149054363369942,0.04853581637144089,0.8880867958068848
115200_to_460800,ce_feat_1_kd,radar,20260920-194108-roll-460800,375,roll,3,3,True,True,0.01853758655488491,0.04148392751812935,0.04748452827334404,0.8924939632415771
115200_to_460800,ce_feat_1_kd,radar,20260920-194108-roll-460800,376,roll,3,3,True,True,0.024766860529780388,0.04691752791404724,0.06048860400915146,0.8678269982337952
115200_to_460800,ce_feat_1_kd,radar,20260920-194108-roll-460800,377,roll,3,3,True,True,0.03297633305191994,0.057621292769908905,0.07667088508605957,0.8327316045761108
115200_to_460800,ce_feat_1_kd,radar,20260920-194108-roll-460800,378,roll,3,3,True,True,0.01999473199248314,0.050791122019290924,0.054103314876556396,0.8751108050346375
115200_to_460800,ce_feat_1_kd,radar,20260920-194108-roll-460800,379,roll,3,3,True,True,0.018511369824409485,0.03708624094724655,0.04424910992383957,0.900153398513794
115200_to_460800,ce_feat_1_kd,radar,20260920-194108-roll-460800,380,roll,3,3,True,True,0.019486263394355774,0.03545049950480461,0.04614825174212456,0.8989149928092957
115200_to_460800,ce_feat_1_kd,radar,20260920-194108-roll-460800,381,roll,3,3,True,True,0.020794354379177094,0.04066174849867821,0.047244783490896225,0.8912990689277649
115200_to_460800,ce_feat_1_kd,radar,20260920-194108-roll-460800,382,roll,3,3,True,True,0.019820213317871094,0.039000868797302246,0.04680618643760681,0.8943727016448975
115200_to_460800,ce_feat_1_kd,radar,20260920-194108-roll-460800,383,roll,3,3,True,True,0.02185134030878544,0.04025101661682129,0.04802105203270912,0.889876663684845
115200_to_460800,ce_feat_1_kd,radar,20260920-194108-roll-460800,384,roll,3,3,True,True,0.02044321596622467,0.035487689077854156,0.046211838722229004,0.8978571891784668
115200_to_460800,ce_feat_1_kd,radar,20260920-194108-roll-460800,385,roll,3,3,True,True,0.021441956982016563,0.037676844745874405,0.04704371094703674,0.8938373923301697
115200_to_460800,ce_feat_1_kd,radar,20260920-194108-roll-460800,386,roll,3,3,True,True,0.021351255476474762,0.03259236365556717,0.04704110696911812,0.8990153670310974
115200_to_460800,ce_feat_1_kd,radar,20260920-194108-roll-460800,387,roll,3,3,True,True,0.021615585312247276,0.038662564009428024,0.049782298505306244,0.8899396657943726
115200_to_460800,ce_feat_1_kd,radar,20260920-194108-roll-460800,388,roll,3,3,True,True,0.021828951314091682,0.03716292232275009,0.048762641847133636,0.8922455310821533
115200_to_460800,ce_feat_1_kd,radar,20260920-194108-roll-460800,389,roll,3,3,True,True,0.018648352473974228,0.0389699824154377,0.045907407999038696,0.896474301815033
115200_to_460800,ce_feat_1_kd,radar,20260920-194108-roll-460800,390,roll,3,3,True,True,0.021383343264460564,0.03476114571094513,0.04360009357333183,0.9002555012702942
115200_to_460800,ce_feat_1_kd,radar,20260920-194108-roll-460800,391,roll,3,3,True,True,0.024499282240867615,0.03929292410612106,0.050328582525253296,0.8858791589736938
115200_to_460800,ce_feat_1_kd,radar,20260920-194108-roll-460800,392,roll,3,3,True,True,0.02916831150650978,0.044227682054042816,0.05838308483362198,0.8682209253311157
115200_to_460800,ce_feat_1_kd,radar,20260920-194108-roll-460800,393,roll,3,3,True,True,0.02131723240017891,0.03858016058802605,0.04784594103693962,0.8922565579414368
115200_to_460800,ce_feat_1_kd,radar,20260920-194108-roll-460800,394,roll,3,3,True,True,0.02023623138666153,0.041318826377391815,0.049568817019462585,0.8888760805130005
115200_to_460800,ce_feat_1_kd,radar,20260920-194108-roll-460800,395,roll,3,3,True,True,0.023929152637720108,0.04705708101391792,0.05559815838932991,0.8734156489372253
115200_to_460800,ce_feat_1_kd,radar,20260920-194108-roll-460800,396,roll,3,3,True,True,0.027235478162765503,0.044135402888059616,0.05624331906437874,0.8723857402801514
115200_to_460800,ce_feat_1_kd,radar,20260920-194108-roll-460800,397,roll,3,3,True,True,0.022282520309090614,0.03531176596879959,0.04748307168483734,0.89492267370224
115200_to_460800,ce_feat_1_kd,radar,20260920-194108-roll-460800,398,roll,3,3,True,True,0.02209770865738392,0.03766234219074249,0.0469452366232872,0.893294632434845
115200_to_460800,ce_feat_1_kd,radar,20260920-194108-roll-460800,399,roll,3,3,True,True,0.028273943811655045,0.05169452726840973,0.05890383571386337,0.8611277341842651
115200_to_460800,ce_feat_1_kd,radar,20260920-194108-roll-460800,400,roll,3,3,True,True,0.02279243990778923,0.04882015660405159,0.05058218166232109,0.8778052926063538
115200_to_460800,ce_feat_1_kd,radar,20260920-194108-roll-460800,401,roll,3,3,True,True,0.027261188253760338,0.05329448729753494,0.06125182658433914,0.858192503452301
115200_to_460800,ce_feat_1_kd,radar,20260920-194108-roll-460800,402,roll,3,3,True,True,0.024379011243581772,0.05544364079833031,0.05912397801876068,0.861053466796875
115200_to_460800,ce_feat_1_kd,radar,20260920-194108-roll-460800,403,roll,3,3,True,True,0.019829893484711647,0.03200604021549225,0.04384598881006241,0.90431809425354
115200_to_460800,ce_feat_1_kd,radar,20260920-194108-roll-460800,404,roll,3,3,True,True,0.02412383444607258,0.04536818340420723,0.051395442336797714,0.8791126012802124
115200_to_460800,ce_feat_1_kd,radar,20260920-194108-roll-460800,405,roll,3,3,True,True,0.022905409336090088,0.037405598908662796,0.047034215182065964,0.8926547169685364
115200_to_460800,ce_feat_1_kd,radar,20260920-194108-roll-460800,406,roll,3,3,True,True,0.02729247882962227,0.045656103640794754,0.05486002564430237,0.872191309928894
115200_to_460800,ce_feat_1_kd,radar,20260920-194108-roll-460800,407,roll,3,3,True,True,0.034654028713703156,0.05284584313631058,0.06383968144655228,0.8486604690551758
115200_to_460800,ce_feat_1_kd,radar,20260920-194108-roll-460800,408,roll,3,3,True,True,0.0203248281031847,0.03705407306551933,0.046201977878808975,0.896419107913971
115200_to_460800,ce_feat_1_kd,radar,20260920-194108-roll-460800,409,roll,3,3,True,True,0.03331073746085167,0.0652989074587822,0.06964349001646042,0.8317469358444214
115200_to_460800,ce_feat_1_kd,radar,20260920-194108-roll-460800,410,roll,3,3,True,True,0.033263836055994034,0.06401209533214569,0.06776932626962662,0.8349547386169434
115200_to_460800,ce_feat_1_kd,radar,20260920-194108-roll-460800,411,roll,3,3,True,True,0.03194386139512062,0.05983487144112587,0.06819590926170349,0.8400254249572754
460800_to_115200,shared_contact_head,contact,20260920-184058-normal-11520,0,normal,0,0,True,True,0.8887060284614563,0.002788042649626732,0.09273780882358551,0.01576819457113743
460800_to_115200,shared_contact_head,contact,20260920-184058-normal-11520,1,normal,0,0,True,True,0.9855114221572876,1.7582180589670315e-05,0.0033312183804810047,0.011139767244458199
460800_to_115200,shared_contact_head,contact,20260920-184058-normal-11520,2,normal,0,0,True,True,0.5159279108047485,0.020740963518619537,0.44275933504104614,0.02057182416319847
460800_to_115200,shared_contact_head,contact,20260920-184058-normal-11520,3,normal,0,0,True,True,0.7948139309883118,0.0159803107380867,0.17126713693141937,0.017938660457730293
460800_to_115200,shared_contact_head,contact,20260920-184058-normal-11520,4,normal,0,0,True,True,0.6423159837722778,0.029824160039424896,0.3122229278087616,0.015637019649147987
460800_to_115200,shared_contact_head,contact,20260920-184058-normal-11520,5,normal,0,0,True,True,0.6164389252662659,0.0185183547437191,0.3593389093875885,0.005703784991055727
460800_to_115200,shared_contact_head,contact,20260920-184058-normal-11520,6,normal,0,0,True,True,0.9481976628303528,0.000607570051215589,0.015847794711589813,0.035347092896699905
460800_to_115200,shared_contact_head,contact,20260920-190512-outBroken-115200,13,outBroken,2,1,False,True,0.22612963616847992,0.35554954409599304,0.3308910131454468,0.08742978423833847
460800_to_115200,shared_contact_head,contact,20260920-190512-outBroken-115200,14,outBroken,2,0,False,True,0.5020112991333008,0.02460157871246338,0.33581215143203735,0.13757503032684326
460800_to_115200,shared_contact_head,contact,20260920-190512-outBroken-115200,15,outBroken,2,2,True,True,0.39489302039146423,0.0074441879987716675,0.5592479705810547,0.03841488063335419
460800_to_115200,shared_contact_head,contact,20260920-190512-outBroken-115200,16,outBroken,2,2,True,True,0.014991036616265774,0.005252765491604805,0.9757872819900513,0.003968915436416864
460800_to_115200,shared_contact_head,contact,20260920-190512-outBroken-115200,17,outBroken,2,0,False,True,0.47328445315361023,0.008611875586211681,0.35928839445114136,0.15881533920764923
460800_to_115200,shared_contact_head,contact,20260920-190512-outBroken-115200,18,outBroken,2,2,True,True,0.10690542310476303,0.009210644289851189,0.7515967488288879,0.1322871595621109
460800_to_115200,shared_contact_head,contact,20260920-190512-outBroken-115200,19,outBroken,2,1,False,True,0.0908283144235611,0.4401645362377167,0.43365946412086487,0.03534767031669617
460800_to_115200,shared_contact_head,contact,20260920-190512-outBroken-115200,20,outBroken,2,2,True,True,0.10618625581264496,0.3745773732662201,0.47992441058158875,0.039311960339546204
460800_to_115200,shared_contact_head,contact,20260920-192216-inBroken-115200,31,inBroken,1,1,True,True,0.04281553253531456,0.5763346552848816,0.3501519560813904,0.03069779835641384
460800_to_115200,shared_contact_head,contact,20260920-192216-inBroken-115200,32,inBroken,1,1,True,True,0.025006430223584175,0.5668310523033142,0.4039241075515747,0.0042382595129311085
460800_to_115200,shared_contact_head,contact,20260920-192216-inBroken-115200,33,inBroken,1,1,True,True,0.07348421216011047,0.48914211988449097,0.41345012187957764,0.02392360381782055
460800_to_115200,shared_contact_head,contact,20260920-192216-inBroken-115200,34,inBroken,1,0,False,True,0.30562669038772583,0.28513261675834656,0.13642281293869019,0.2728178799152374
460800_to_115200,shared_contact_head,contact,20260920-192216-inBroken-115200,35,inBroken,1,1,True,True,0.0662548616528511,0.7540637254714966,0.13902966678142548,0.040651705116033554
460800_to_115200,shared_contact_head,contact,20260920-192216-inBroken-115200,36,inBroken,1,1,True,True,0.006924499291926622,0.6086063981056213,0.38155144453048706,0.002917481353506446
460800_to_115200,shared_contact_head,contact,20260920-192216-inBroken-115200,37,inBroken,1,1,True,True,0.023237308487296104,0.7780431509017944,0.18728715181350708,0.011432366445660591
460800_to_115200,shared_contact_head,contact,20260920-192216-inBroken-115200,38,inBroken,1,1,True,True,0.002768287668004632,0.8001418113708496,0.1955234706401825,0.0015663589583709836
460800_to_115200,shared_contact_head,contact,20260920-193718-roll-115200,46,roll,3,0,False,True,0.7659417390823364,0.0036503158044070005,0.21058468520641327,0.01982315629720688
460800_to_115200,shared_contact_head,contact,20260920-193718-roll-115200,47,roll,3,2,False,True,0.00399094820022583,0.41614118218421936,0.560627818107605,0.019240008667111397
460800_to_115200,shared_contact_head,contact,20260920-193718-roll-115200,48,roll,3,1,False,True,0.040100350975990295,0.419756680727005,0.20474164187908173,0.335401326417923
460800_to_115200,shared_contact_head,contact,20260920-193718-roll-115200,49,roll,3,3,True,True,0.17294587194919586,0.0013839659513905644,0.014240261167287827,0.8114299178123474
460800_to_115200,shared_contact_head,contact,20260920-193718-roll-115200,50,roll,3,2,False,True,0.023792961612343788,0.37596583366394043,0.5158984661102295,0.08434277027845383
460800_to_115200,shared_contact_head,contact,20260920-193718-roll-115200,51,roll,3,1,False,True,0.014693636447191238,0.6162490844726562,0.31705987453460693,0.05199737474322319
460800_to_115200,shared_contact_head,contact,20260920-193718-roll-115200,52,roll,3,3,True,True,0.14550164341926575,0.03977199271321297,0.05199785158038139,0.7627284526824951
460800_to_115200,shared_contact_head,contact,20260920-193718-roll-115200,53,roll,3,3,True,True,0.04751060903072357,0.03428427875041962,0.028231501579284668,0.8899735808372498
460800_to_115200,shared_contact_head,contact,20260920-193718-roll-115200,54,roll,3,3,True,True,0.04244488105177879,0.01046699844300747,0.012817486189305782,0.9342707395553589
460800_to_115200,embedding_only,radar,20260920-184058-normal-11520,0,normal,0,0,True,True,0.7925751805305481,0.03788705915212631,0.13778965175151825,0.031748123466968536
460800_to_115200,embedding_only,radar,20260920-184058-normal-11520,1,normal,0,0,True,True,0.6795744895935059,0.07249670475721359,0.12613646686077118,0.12179232388734818
460800_to_115200,embedding_only,radar,20260920-184058-normal-11520,2,normal,0,0,True,True,0.7757135033607483,0.043386828154325485,0.1472683846950531,0.03363126888871193
460800_to_115200,embedding_only,radar,20260920-184058-normal-11520,3,normal,0,0,True,True,0.7724621891975403,0.04469279199838638,0.14851321280002594,0.03433181717991829
460800_to_115200,embedding_only,radar,20260920-184058-normal-11520,4,normal,0,0,True,True,0.7632135152816772,0.051115281879901886,0.127073734998703,0.05859752371907234
460800_to_115200,embedding_only,radar,20260920-184058-normal-11520,5,normal,0,0,True,True,0.7554176449775696,0.04997008666396141,0.1586623340845108,0.0359499566257
460800_to_115200,embedding_only,radar,20260920-184058-normal-11520,6,normal,0,0,True,True,0.7657190561294556,0.0501551479101181,0.14881497621536255,0.035310741513967514
460800_to_115200,embedding_only,radar,20260920-184058-normal-11520,7,normal,0,0,True,True,0.7593533992767334,0.05025668069720268,0.15279269218444824,0.03759719058871269
460800_to_115200,embedding_only,radar,20260920-184058-normal-11520,8,normal,0,0,True,True,0.7273707985877991,0.06500133872032166,0.1396973431110382,0.06793063133955002
460800_to_115200,embedding_only,radar,20260920-184058-normal-11520,9,normal,0,0,True,True,0.7768380641937256,0.044229909777641296,0.14539173245429993,0.033540334552526474
460800_to_115200,embedding_only,radar,20260920-184058-normal-11520,10,normal,0,0,True,True,0.7695174217224121,0.05004409700632095,0.12536247074604034,0.05507607385516167
460800_to_115200,embedding_only,radar,20260920-184058-normal-11520,11,normal,0,0,True,True,0.6904733777046204,0.07863821089267731,0.16543857753276825,0.0654498040676117
460800_to_115200,embedding_only,radar,20260920-184058-normal-11520,12,normal,0,0,True,True,0.772614061832428,0.04672800377011299,0.14327092468738556,0.03738704323768616
460800_to_115200,embedding_only,radar,20260920-184058-normal-11520,13,normal,0,0,True,True,0.6253616213798523,0.09309159219264984,0.11080081760883331,0.1707460731267929
460800_to_115200,embedding_only,radar,20260920-184058-normal-11520,14,normal,0,0,True,True,0.7618374824523926,0.048594072461128235,0.15350563824176788,0.03606276214122772
460800_to_115200,embedding_only,radar,20260920-184058-normal-11520,15,normal,0,0,True,True,0.6569396257400513,0.08439620584249496,0.11190284043550491,0.1467612236738205
460800_to_115200,embedding_only,radar,20260920-184058-normal-11520,16,normal,0,0,True,True,0.7641919851303101,0.05170439928770065,0.13846668601036072,0.04563695564866066
460800_to_115200,embedding_only,radar,20260920-184058-normal-11520,17,normal,0,0,True,True,0.7682105302810669,0.04764236882328987,0.150915265083313,0.033231813460588455
460800_to_115200,embedding_only,radar,20260920-184058-normal-11520,18,normal,0,0,True,True,0.7459703087806702,0.05802144110202789,0.14228326082229614,0.05372491478919983
460800_to_115200,embedding_only,radar,20260920-184058-normal-11520,19,normal,0,0,True,True,0.7534882426261902,0.051201194524765015,0.1579151153564453,0.03739554435014725
460800_to_115200,embedding_only,radar,20260920-184058-normal-11520,20,normal,0,0,True,True,0.7622644901275635,0.04735929146409035,0.15736106038093567,0.033015113323926926
460800_to_115200,embedding_only,radar,20260920-184058-normal-11520,21,normal,0,0,True,True,0.7434037327766418,0.058181069791316986,0.13157963752746582,0.06683546304702759
460800_to_115200,embedding_only,radar,20260920-184058-normal-11520,22,normal,0,0,True,True,0.7851815223693848,0.0418696254491806,0.1410362720489502,0.031912531703710556
460800_to_115200,embedding_only,radar,20260920-184058-normal-11520,23,normal,0,0,True,True,0.7336829900741577,0.06080618500709534,0.13762535154819489,0.06788554787635803
460800_to_115200,embedding_only,radar,20260920-184058-normal-11520,24,normal,0,0,True,True,0.7501543164253235,0.05518709868192673,0.1468471884727478,0.04781149700284004
460800_to_115200,embedding_only,radar,20260920-184058-normal-11520,25,normal,0,0,True,True,0.7740077972412109,0.045070238411426544,0.14716103672981262,0.03376097232103348
460800_to_115200,embedding_only,radar,20260920-184058-normal-11520,26,normal,0,0,True,True,0.7608475685119629,0.05138503015041351,0.1479572355747223,0.0398101732134819
460800_to_115200,embedding_only,radar,20260920-184058-normal-11520,27,normal,0,0,True,True,0.7373691201210022,0.05756015330553055,0.1691608726978302,0.035909853875637054
460800_to_115200,embedding_only,radar,20260920-184058-normal-11520,28,normal,0,0,True,True,0.7800222635269165,0.043154507875442505,0.13971364498138428,0.03710969164967537
460800_to_115200,embedding_only,radar,20260920-184058-normal-11520,29,normal,0,0,True,True,0.7457950115203857,0.05807125195860863,0.13501662015914917,0.06111723929643631
460800_to_115200,embedding_only,radar,20260920-184058-normal-11520,30,normal,0,0,True,True,0.7740924954414368,0.04371919482946396,0.15132781863212585,0.030860474333167076
460800_to_115200,embedding_only,radar,20260920-184058-normal-11520,31,normal,0,0,True,True,0.7785473465919495,0.04303069785237312,0.14471468329429626,0.03370742127299309
460800_to_115200,embedding_only,radar,20260920-184058-normal-11520,32,normal,0,0,True,True,0.663194477558136,0.0825587660074234,0.11672274768352509,0.1375240832567215
460800_to_115200,embedding_only,radar,20260920-184058-normal-11520,33,normal,0,0,True,True,0.7690569162368774,0.04667432978749275,0.15144771337509155,0.032820943742990494
460800_to_115200,embedding_only,radar,20260920-184058-normal-11520,34,normal,0,0,True,True,0.7650099396705627,0.04820310324430466,0.15381580591201782,0.03297121450304985
460800_to_115200,embedding_only,radar,20260920-184058-normal-11520,35,normal,0,0,True,True,0.7623466849327087,0.051114704459905624,0.13162602484226227,0.05491270869970322
460800_to_115200,embedding_only,radar,20260920-184058-normal-11520,36,normal,0,0,True,True,0.7477250695228577,0.054202646017074585,0.16613158583641052,0.03194062411785126
460800_to_115200,embedding_only,radar,20260920-184058-normal-11520,37,normal,0,0,True,True,0.7473016381263733,0.05529789254069328,0.15057067573070526,0.046829793602228165
460800_to_115200,embedding_only,radar,20260920-184058-normal-11520,38,normal,0,0,True,True,0.7754155397415161,0.04463915154337883,0.14608679711818695,0.03385843709111214
460800_to_115200,embedding_only,radar,20260920-184058-normal-11520,39,normal,0,0,True,True,0.7285152077674866,0.06318630278110504,0.15833072364330292,0.04996770620346069
460800_to_115200,embedding_only,radar,20260920-184058-normal-11520,40,normal,0,0,True,True,0.7797024250030518,0.04065626114606857,0.15189985930919647,0.027741428464651108
460800_to_115200,embedding_only,radar,20260920-184058-normal-11520,41,normal,0,0,True,True,0.7651107311248779,0.04713469371199608,0.14884035289287567,0.03891411051154137
460800_to_115200,embedding_only,radar,20260920-184058-normal-11520,42,normal,0,0,True,True,0.7546246647834778,0.05222422257065773,0.14520560204982758,0.047945428639650345
460800_to_115200,embedding_only,radar,20260920-184058-normal-11520,43,normal,0,0,True,True,0.7686108946800232,0.045324914157390594,0.15252026915550232,0.033544015139341354
460800_to_115200,embedding_only,radar,20260920-184058-normal-11520,44,normal,0,0,True,True,0.7636248469352722,0.049016695469617844,0.15085150301456451,0.03650696948170662
460800_to_115200,embedding_only,radar,20260920-184058-normal-11520,45,normal,0,0,True,True,0.7767761945724487,0.039924707263708115,0.15559980273246765,0.02769939973950386
460800_to_115200,embedding_only,radar,20260920-184058-normal-11520,46,normal,0,0,True,True,0.7472081780433655,0.05774717405438423,0.15032896399497986,0.04471573606133461
460800_to_115200,embedding_only,radar,20260920-184058-normal-11520,47,normal,0,0,True,True,0.7662535309791565,0.047664567828178406,0.15022584795951843,0.03585592284798622
460800_to_115200,embedding_only,radar,20260920-184058-normal-11520,48,normal,0,0,True,True,0.7723119854927063,0.04185391217470169,0.15740162134170532,0.028432507067918777
460800_to_115200,embedding_only,radar,20260920-184058-normal-11520,49,normal,0,0,True,True,0.7639489769935608,0.04849180206656456,0.15206079185009003,0.035498350858688354
460800_to_115200,embedding_only,radar,20260920-184058-normal-11520,50,normal,0,0,True,True,0.7719876766204834,0.04364736005663872,0.15454056859016418,0.02982454001903534
460800_to_115200,embedding_only,radar,20260920-184058-normal-11520,51,normal,0,0,True,True,0.7713195085525513,0.04367666319012642,0.15365636348724365,0.03134740889072418
460800_to_115200,embedding_only,radar,20260920-184058-normal-11520,52,normal,0,0,True,True,0.755782961845398,0.050760917365550995,0.16288697719573975,0.030569059774279594
460800_to_115200,embedding_only,radar,20260920-184058-normal-11520,53,normal,0,0,True,True,0.6496052742004395,0.09767040610313416,0.21063707768917084,0.04208725690841675
460800_to_115200,embedding_only,radar,20260920-184058-normal-11520,54,normal,0,0,True,True,0.7802765369415283,0.0429377406835556,0.14503468573093414,0.03175099939107895
460800_to_115200,embedding_only,radar,20260920-184058-normal-11520,55,normal,0,0,True,True,0.7704674601554871,0.044616322964429855,0.15441519021987915,0.030500855296850204
460800_to_115200,embedding_only,radar,20260920-184058-normal-11520,56,normal,0,0,True,True,0.7613250017166138,0.05008835718035698,0.1509546935558319,0.037632014602422714
460800_to_115200,embedding_only,radar,20260920-184058-normal-11520,57,normal,0,0,True,True,0.7715700268745422,0.0480995737016201,0.13478641211986542,0.04554404690861702
460800_to_115200,embedding_only,radar,20260920-184058-normal-11520,58,normal,0,0,True,True,0.7708577513694763,0.04318150877952576,0.15881061553955078,0.027150187641382217
460800_to_115200,embedding_only,radar,20260920-184058-normal-11520,59,normal,0,0,True,True,0.7690245509147644,0.04663041606545448,0.14709176123142242,0.037253253161907196
460800_to_115200,embedding_only,radar,20260920-184058-normal-11520,60,normal,0,0,True,True,0.7762975096702576,0.04275885596871376,0.1513575315475464,0.029586011543869972
460800_to_115200,embedding_only,radar,20260920-190512-outBroken-115200,109,outBroken,2,2,True,False,0.09251312911510468,0.0343855656683445,0.8422922492027283,0.030809035524725914
460800_to_115200,embedding_only,radar,20260920-190512-outBroken-115200,110,outBroken,2,2,True,False,0.09859351813793182,0.03693697229027748,0.833121120929718,0.03134842589497566
460800_to_115200,embedding_only,radar,20260920-190512-outBroken-115200,111,outBroken,2,2,True,False,0.09511732310056686,0.03502294048666954,0.8391766548156738,0.030683157965540886
460800_to_115200,embedding_only,radar,20260920-190512-outBroken-115200,112,outBroken,2,2,True,False,0.08593729883432388,0.03290857747197151,0.8532334566116333,0.02792070247232914
460800_to_115200,embedding_only,radar,20260920-190512-outBroken-115200,113,outBroken,2,2,True,False,0.08575862646102905,0.032741330564022064,0.8539391756057739,0.027560820803046227
460800_to_115200,embedding_only,radar,20260920-190512-outBroken-115200,114,outBroken,2,2,True,False,0.0971909686923027,0.0383417122066021,0.8314282298088074,0.03303912281990051
460800_to_115200,embedding_only,radar,20260920-190512-outBroken-115200,115,outBroken,2,2,True,False,0.09028391540050507,0.03482881560921669,0.8456819653511047,0.029205353930592537
460800_to_115200,embedding_only,radar,20260920-190512-outBroken-115200,116,outBroken,2,2,True,False,0.09757774323225021,0.037866465747356415,0.8306660056114197,0.033889833837747574
460800_to_115200,embedding_only,radar,20260920-190512-outBroken-115200,117,outBroken,2,2,True,False,0.08732643723487854,0.0345330610871315,0.8496913313865662,0.028449110686779022
460800_to_115200,embedding_only,radar,20260920-190512-outBroken-115200,118,outBroken,2,2,True,False,0.0964578241109848,0.03727057948708534,0.8343587517738342,0.03191278874874115
460800_to_115200,embedding_only,radar,20260920-190512-outBroken-115200,119,outBroken,2,2,True,False,0.10716276615858078,0.04362337663769722,0.8160035014152527,0.033210333436727524
460800_to_115200,embedding_only,radar,20260920-190512-outBroken-115200,120,outBroken,2,2,True,False,0.1096634641289711,0.04439259693026543,0.8113476634025574,0.034596193581819534
460800_to_115200,embedding_only,radar,20260920-190512-outBroken-115200,121,outBroken,2,2,True,False,0.08461779356002808,0.033136606216430664,0.8538851141929626,0.028360489755868912
460800_to_115200,embedding_only,radar,20260920-190512-outBroken-115200,122,outBroken,2,2,True,False,0.09550544619560242,0.03692249581217766,0.8356504440307617,0.031921643763780594
460800_to_115200,embedding_only,radar,20260920-190512-outBroken-115200,123,outBroken,2,2,True,False,0.0879993885755539,0.0352395698428154,0.8479723930358887,0.0287887342274189
460800_to_115200,embedding_only,radar,20260920-190512-outBroken-115200,124,outBroken,2,2,True,False,0.09469462931156158,0.038516197353601456,0.8338163495063782,0.03297283127903938
460800_to_115200,embedding_only,radar,20260920-190512-outBroken-115200,125,outBroken,2,2,True,False,0.09112570434808731,0.03710868954658508,0.840657114982605,0.031108492985367775
460800_to_115200,embedding_only,radar,20260920-190512-outBroken-115200,126,outBroken,2,2,True,False,0.09731724113225937,0.03919975459575653,0.8285912871360779,0.03489162400364876
460800_to_115200,embedding_only,radar,20260920-190512-outBroken-115200,127,outBroken,2,2,True,False,0.09282006323337555,0.03954778611660004,0.8338972926139832,0.03373490273952484
460800_to_115200,embedding_only,radar,20260920-190512-outBroken-115200,128,outBroken,2,2,True,False,0.09155037999153137,0.03697013482451439,0.8386507630348206,0.0328286848962307
460800_to_115200,embedding_only,radar,20260920-190512-outBroken-115200,129,outBroken,2,2,True,False,0.0898282378911972,0.036090463399887085,0.8444426655769348,0.029638592153787613
460800_to_115200,embedding_only,radar,20260920-190512-outBroken-115200,130,outBroken,2,2,True,False,0.08812272548675537,0.034737858921289444,0.8481350541114807,0.029004275798797607
460800_to_115200,embedding_only,radar,20260920-190512-outBroken-115200,131,outBroken,2,2,True,False,0.10189502686262131,0.045663271099328995,0.8179812431335449,0.03446051478385925
460800_to_115200,embedding_only,radar,20260920-190512-outBroken-115200,132,outBroken,2,2,True,False,0.09593458473682404,0.03993283957242966,0.8322937488555908,0.0318387895822525
460800_to_115200,embedding_only,radar,20260920-190512-outBroken-115200,133,outBroken,2,2,True,False,0.09059587866067886,0.038203418254852295,0.83950275182724,0.03169799968600273
460800_to_115200,embedding_only,radar,20260920-190512-outBroken-115200,134,outBroken,2,2,True,False,0.09232620894908905,0.038045987486839294,0.8381595015525818,0.031468331813812256
460800_to_115200,embedding_only,radar,20260920-190512-outBroken-115200,135,outBroken,2,2,True,False,0.09256581217050552,0.03709777817130089,0.8391591906547546,0.031177163124084473
460800_to_115200,embedding_only,radar,20260920-190512-outBroken-115200,136,outBroken,2,2,True,False,0.08902952820062637,0.03528858721256256,0.8446264863014221,0.03105545975267887
460800_to_115200,embedding_only,radar,20260920-190512-outBroken-115200,137,outBroken,2,2,True,False,0.08745954930782318,0.035580843687057495,0.8480488061904907,0.028910856693983078
460800_to_115200,embedding_only,radar,20260920-190512-outBroken-115200,138,outBroken,2,2,True,False,0.08549556881189346,0.034331634640693665,0.8511384725570679,0.02903425134718418
460800_to_115200,embedding_only,radar,20260920-190512-outBroken-115200,139,outBroken,2,2,True,False,0.09274508059024811,0.03680841624736786,0.839582085609436,0.030864404514431953
460800_to_115200,embedding_only,radar,20260920-190512-outBroken-115200,140,outBroken,2,2,True,False,0.08357106149196625,0.033522091805934906,0.8548991680145264,0.028007706627249718
460800_to_115200,embedding_only,radar,20260920-190512-outBroken-115200,141,outBroken,2,2,True,False,0.09592889994382858,0.040034323930740356,0.8310989737510681,0.03293779119849205
460800_to_115200,embedding_only,radar,20260920-190512-outBroken-115200,142,outBroken,2,2,True,False,0.09423588961362839,0.0393352173268795,0.8319873213768005,0.03444157540798187
460800_to_115200,embedding_only,radar,20260920-190512-outBroken-115200,143,outBroken,2,2,True,False,0.10042057931423187,0.04208540916442871,0.8235188722610474,0.033975135535001755
460800_to_115200,embedding_only,radar,20260920-190512-outBroken-115200,144,outBroken,2,2,True,False,0.09705901145935059,0.0400240533053875,0.8281428813934326,0.03477398678660393
460800_to_115200,embedding_only,radar,20260920-190512-outBroken-115200,145,outBroken,2,2,True,False,0.09282650798559189,0.03857093304395676,0.8370624780654907,0.03154005482792854
460800_to_115200,embedding_only,radar,20260920-190512-outBroken-115200,146,outBroken,2,2,True,False,0.09510371834039688,0.03927785903215408,0.8317159414291382,0.033902544528245926
460800_to_115200,embedding_only,radar,20260920-190512-outBroken-115200,147,outBroken,2,2,True,False,0.09619515389204025,0.03898673877120018,0.8299093246459961,0.03490881994366646
460800_to_115200,embedding_only,radar,20260920-190512-outBroken-115200,148,outBroken,2,2,True,False,0.09217282384634018,0.03937487304210663,0.8354921936988831,0.03296010568737984
460800_to_115200,embedding_only,radar,20260920-190512-outBroken-115200,149,outBroken,2,2,True,False,0.09641097486019135,0.04220181331038475,0.8276377320289612,0.03374943509697914
460800_to_115200,embedding_only,radar,20260920-190512-outBroken-115200,150,outBroken,2,2,True,False,0.10252372920513153,0.04286809265613556,0.8201329112052917,0.034475281834602356
460800_to_115200,embedding_only,radar,20260920-190512-outBroken-115200,151,outBroken,2,2,True,False,0.10458418726921082,0.04514257237315178,0.8128790855407715,0.037394147366285324
460800_to_115200,embedding_only,radar,20260920-190512-outBroken-115200,152,outBroken,2,2,True,False,0.09120913594961166,0.03730170428752899,0.8382084369659424,0.033280808478593826
460800_to_115200,embedding_only,radar,20260920-190512-outBroken-115200,153,outBroken,2,2,True,False,0.08767446130514145,0.036561910063028336,0.8459713459014893,0.029792331159114838
460800_to_115200,embedding_only,radar,20260920-190512-outBroken-115200,154,outBroken,2,2,True,False,0.08888218551874161,0.03681126981973648,0.8438523411750793,0.030454197898507118
460800_to_115200,embedding_only,radar,20260920-190512-outBroken-115200,155,outBroken,2,2,True,False,0.10093633830547333,0.040364641696214676,0.8220264315605164,0.036672525107860565
460800_to_115200,embedding_only,radar,20260920-190512-outBroken-115200,156,outBroken,2,2,True,False,0.09243280440568924,0.038280386477708817,0.8380967974662781,0.031189952045679092
460800_to_115200,embedding_only,radar,20260920-190512-outBroken-115200,157,outBroken,2,2,True,False,0.08900364488363266,0.03611281141638756,0.8445258140563965,0.03035779297351837
460800_to_115200,embedding_only,radar,20260920-190512-outBroken-115200,158,outBroken,2,2,True,False,0.0810106098651886,0.03351393714547157,0.8584508299827576,0.02702467143535614
460800_to_115200,embedding_only,radar,20260920-192216-inBroken-115200,209,inBroken,1,1,True,True,0.11592737585306168,0.448985755443573,0.38011813163757324,0.05496874079108238
460800_to_115200,embedding_only,radar,20260920-192216-inBroken-115200,210,inBroken,1,1,True,True,0.1262449026107788,0.41418683528900146,0.3955296576023102,0.06403854489326477
460800_to_115200,embedding_only,radar,20260920-192216-inBroken-115200,211,inBroken,1,1,True,True,0.07391376793384552,0.6646687388420105,0.21967314183712006,0.04174446314573288
460800_to_115200,embedding_only,radar,20260920-192216-inBroken-115200,212,inBroken,1,1,True,True,0.10587716847658157,0.5403915047645569,0.30119356513023376,0.052537839859724045
460800_to_115200,embedding_only,radar,20260920-192216-inBroken-115200,213,inBroken,1,1,True,True,0.09293223917484283,0.5960686802864075,0.262909471988678,0.048089463263750076
460800_to_115200,embedding_only,radar,20260920-192216-inBroken-115200,214,inBroken,1,1,True,True,0.058838363736867905,0.7452765107154846,0.16111670434474945,0.034768443554639816
460800_to_115200,embedding_only,radar,20260920-192216-inBroken-115200,215,inBroken,1,1,True,True,0.08710869401693344,0.6347684264183044,0.2278861403465271,0.050236742943525314
460800_to_115200,embedding_only,radar,20260920-192216-inBroken-115200,216,inBroken,1,1,True,True,0.06299936771392822,0.7286241054534912,0.17079481482505798,0.037581756711006165
460800_to_115200,embedding_only,radar,20260920-192216-inBroken-115200,217,inBroken,1,1,True,True,0.05514301359653473,0.7537484765052795,0.15785273909568787,0.03325577452778816
460800_to_115200,embedding_only,radar,20260920-192216-inBroken-115200,218,inBroken,1,2,False,True,0.14234332740306854,0.39823466539382935,0.402267187833786,0.057154834270477295
460800_to_115200,embedding_only,radar,20260920-192216-inBroken-115200,219,inBroken,1,1,True,True,0.05507577583193779,0.7468172311782837,0.1666986346244812,0.031408362090587616
460800_to_115200,embedding_only,radar,20260920-192216-inBroken-115200,220,inBroken,1,1,True,True,0.09635788202285767,0.5775184035301208,0.2758461833000183,0.05027741193771362
460800_to_115200,embedding_only,radar,20260920-192216-inBroken-115200,221,inBroken,1,1,True,True,0.08975981175899506,0.6214905381202698,0.2370348572731018,0.051714736968278885
460800_to_115200,embedding_only,radar,20260920-192216-inBroken-115200,222,inBroken,1,1,True,True,0.10519237071275711,0.5594717860221863,0.28438639640808105,0.050949424505233765
460800_to_115200,embedding_only,radar,20260920-192216-inBroken-115200,223,inBroken,1,1,True,True,0.06053122878074646,0.7373705506324768,0.16687020659446716,0.03522799164056778
460800_to_115200,embedding_only,radar,20260920-192216-inBroken-115200,224,inBroken,1,1,True,True,0.10510802268981934,0.5722875595092773,0.25527888536453247,0.06732562929391861
460800_to_115200,embedding_only,radar,20260920-192216-inBroken-115200,225,inBroken,1,1,True,True,0.057632215321063995,0.7411260604858398,0.16680005192756653,0.03444163128733635
460800_to_115200,embedding_only,radar,20260920-192216-inBroken-115200,226,inBroken,1,1,True,True,0.10117219388484955,0.5356672406196594,0.3100181221961975,0.05314254015684128
460800_to_115200,embedding_only,radar,20260920-192216-inBroken-115200,227,inBroken,1,1,True,True,0.0769520029425621,0.6677986979484558,0.21584731340408325,0.0394020602107048
460800_to_115200,embedding_only,radar,20260920-192216-inBroken-115200,228,inBroken,1,1,True,True,0.06781335920095444,0.7058132290840149,0.1872566193342209,0.03911668807268143
460800_to_115200,embedding_only,radar,20260920-192216-inBroken-115200,229,inBroken,1,1,True,True,0.07674539089202881,0.6743201613426208,0.2072177231311798,0.04171662777662277
460800_to_115200,embedding_only,radar,20260920-192216-inBroken-115200,230,inBroken,1,1,True,True,0.0747457891702652,0.6795443892478943,0.20338542759418488,0.04232443496584892
460800_to_115200,embedding_only,radar,20260920-192216-inBroken-115200,231,inBroken,1,1,True,True,0.09407161176204681,0.6049312353134155,0.2485835701227188,0.052413612604141235
460800_to_115200,embedding_only,radar,20260920-192216-inBroken-115200,232,inBroken,1,1,True,True,0.09304475039243698,0.5948606729507446,0.2628207206726074,0.04927385598421097
460800_to_115200,embedding_only,radar,20260920-192216-inBroken-115200,233,inBroken,1,1,True,True,0.07887029647827148,0.6589341759681702,0.21639759838581085,0.045798055827617645
460800_to_115200,embedding_only,radar,20260920-192216-inBroken-115200,234,inBroken,1,1,True,True,0.07857389748096466,0.6551196575164795,0.22212542593479156,0.04418102651834488
460800_to_115200,embedding_only,radar,20260920-192216-inBroken-115200,235,inBroken,1,1,True,True,0.056334469467401505,0.7506767511367798,0.16239795088768005,0.030590808019042015
460800_to_115200,embedding_only,radar,20260920-192216-inBroken-115200,236,inBroken,1,1,True,True,0.04385867714881897,0.7919294834136963,0.1402599811553955,0.02395179308950901
460800_to_115200,embedding_only,radar,20260920-192216-inBroken-115200,237,inBroken,1,1,True,True,0.047672778367996216,0.7841084003448486,0.13946522772312164,0.02875341661274433
460800_to_115200,embedding_only,radar,20260920-192216-inBroken-115200,238,inBroken,1,1,True,True,0.07251472771167755,0.6973194479942322,0.19117355346679688,0.03899228945374489
460800_to_115200,embedding_only,radar,20260920-192216-inBroken-115200,239,inBroken,1,1,True,True,0.085187628865242,0.6391800045967102,0.22770234942436218,0.04793001711368561
460800_to_115200,embedding_only,radar,20260920-192216-inBroken-115200,240,inBroken,1,1,True,True,0.04505886137485504,0.7876415848731995,0.14160282909870148,0.025696612894535065
460800_to_115200,embedding_only,radar,20260920-192216-inBroken-115200,241,inBroken,1,1,True,True,0.06429584324359894,0.7236862778663635,0.17725998163223267,0.03475785255432129
460800_to_115200,embedding_only,radar,20260920-192216-inBroken-115200,242,inBroken,1,1,True,True,0.07690079510211945,0.6664699912071228,0.21100035309791565,0.04562874138355255
460800_to_115200,embedding_only,radar,20260920-192216-inBroken-115200,243,inBroken,1,1,True,True,0.06406515836715698,0.7175111174583435,0.1852138638496399,0.03320986032485962
460800_to_115200,embedding_only,radar,20260920-192216-inBroken-115200,244,inBroken,1,1,True,True,0.05705244839191437,0.7410300970077515,0.1673065423965454,0.03461099788546562
460800_to_115200,embedding_only,radar,20260920-192216-inBroken-115200,245,inBroken,1,1,True,True,0.05896671488881111,0.7342718839645386,0.17372334003448486,0.033038269728422165
460800_to_115200,embedding_only,radar,20260920-192216-inBroken-115200,246,inBroken,1,1,True,True,0.09546726942062378,0.5861629843711853,0.2740178108215332,0.044351767748594284
460800_to_115200,embedding_only,radar,20260920-192216-inBroken-115200,247,inBroken,1,2,False,True,0.15997302532196045,0.28265294432640076,0.4619171917438507,0.09545686841011047
460800_to_115200,embedding_only,radar,20260920-192216-inBroken-115200,248,inBroken,1,1,True,True,0.04453875869512558,0.7909741997718811,0.13792386651039124,0.02656322345137596
460800_to_115200,embedding_only,radar,20260920-192216-inBroken-115200,249,inBroken,1,1,True,True,0.05320963263511658,0.7563320398330688,0.159954234957695,0.03050403855741024
460800_to_115200,embedding_only,radar,20260920-192216-inBroken-115200,250,inBroken,1,1,True,True,0.04711158946156502,0.7890903949737549,0.1333463042974472,0.030451813712716103
460800_to_115200,embedding_only,radar,20260920-192216-inBroken-115200,251,inBroken,1,1,True,True,0.0884389877319336,0.6338663101196289,0.22606408596038818,0.05163060128688812
460800_to_115200,embedding_only,radar,20260920-192216-inBroken-115200,252,inBroken,1,1,True,True,0.10380659252405167,0.5654359459877014,0.27505239844322205,0.0557049997150898
460800_to_115200,embedding_only,radar,20260920-192216-inBroken-115200,253,inBroken,1,1,True,True,0.041241131722927094,0.8046570420265198,0.12845683097839355,0.02564503625035286
460800_to_115200,embedding_only,radar,20260920-192216-inBroken-115200,254,inBroken,1,1,True,True,0.050946835428476334,0.7683780193328857,0.1510007530450821,0.02967442385852337
460800_to_115200,embedding_only,radar,20260920-192216-inBroken-115200,255,inBroken,1,1,True,True,0.06712724268436432,0.7167990207672119,0.17588388919830322,0.04018981009721756
460800_to_115200,embedding_only,radar,20260920-192216-inBroken-115200,256,inBroken,1,1,True,True,0.058488428592681885,0.7246818542480469,0.1841868907213211,0.032642848789691925
460800_to_115200,embedding_only,radar,20260920-192216-inBroken-115200,257,inBroken,1,1,True,True,0.06207147613167763,0.7302345633506775,0.17011156678199768,0.0375823900103569
460800_to_115200,embedding_only,radar,20260920-192216-inBroken-115200,258,inBroken,1,1,True,True,0.08875817060470581,0.6269667148590088,0.23438090085983276,0.04989411681890488
460800_to_115200,embedding_only,radar,20260920-193718-roll-115200,310,roll,3,3,True,True,0.26002851128578186,0.08766841143369675,0.035079147666692734,0.6172239780426025
460800_to_115200,embedding_only,radar,20260920-193718-roll-115200,311,roll,3,3,True,True,0.34412968158721924,0.10159198939800262,0.05207918584346771,0.5021992325782776
460800_to_115200,embedding_only,radar,20260920-193718-roll-115200,312,roll,3,0,False,True,0.4497489631175995,0.1039746031165123,0.06938181817531586,0.37689468264579773
460800_to_115200,embedding_only,radar,20260920-193718-roll-115200,313,roll,3,3,True,True,0.24575605988502502,0.10233263671398163,0.04117416590452194,0.6107372045516968
460800_to_115200,embedding_only,radar,20260920-193718-roll-115200,314,roll,3,3,True,True,0.3131752908229828,0.08895231783390045,0.044977717101573944,0.5528947114944458
460800_to_115200,embedding_only,radar,20260920-193718-roll-115200,315,roll,3,0,False,True,0.6362714171409607,0.08781592547893524,0.11192189902067184,0.16399067640304565
460800_to_115200,embedding_only,radar,20260920-193718-roll-115200,316,roll,3,3,True,True,0.22710812091827393,0.0843757838010788,0.03331426903605461,0.65520179271698
460800_to_115200,embedding_only,radar,20260920-193718-roll-115200,317,roll,3,3,True,True,0.1296386420726776,0.06558264791965485,0.016290945932269096,0.7884877324104309
460800_to_115200,embedding_only,radar,20260920-193718-roll-115200,318,roll,3,3,True,True,0.08329891413450241,0.05597904324531555,0.011126011610031128,0.8495961427688599
460800_to_115200,embedding_only,radar,20260920-193718-roll-115200,319,roll,3,3,True,True,0.1737641841173172,0.0695388987660408,0.021051429212093353,0.7356455326080322
460800_to_115200,embedding_only,radar,20260920-193718-roll-115200,320,roll,3,3,True,True,0.07381756603717804,0.04557881876826286,0.009044604375958443,0.8715590238571167
460800_to_115200,embedding_only,radar,20260920-193718-roll-115200,321,roll,3,3,True,True,0.24733054637908936,0.08549413830041885,0.03222465142607689,0.6349506378173828
460800_to_115200,embedding_only,radar,20260920-193718-roll-115200,322,roll,3,3,True,True,0.36469486355781555,0.11860085278749466,0.07474450021982193,0.44195985794067383
460800_to_115200,embedding_only,radar,20260920-193718-roll-115200,323,roll,3,3,True,True,0.10710737854242325,0.07328147441148758,0.01576746068894863,0.8038436770439148
460800_to_115200,embedding_only,radar,20260920-193718-roll-115200,324,roll,3,3,True,True,0.12847912311553955,0.07037986814975739,0.020571652799844742,0.780569314956665
460800_to_115200,embedding_only,radar,20260920-193718-roll-115200,325,roll,3,3,True,True,0.1379820853471756,0.061801403760910034,0.0176363755017519,0.7825800180435181
460800_to_115200,embedding_only,radar,20260920-193718-roll-115200,326,roll,3,3,True,True,0.054985497146844864,0.04058001935482025,0.006628257222473621,0.8978061676025391
460800_to_115200,embedding_only,radar,20260920-193718-roll-115200,327,roll,3,3,True,True,0.11099229753017426,0.05686812102794647,0.01390100084245205,0.8182386755943298
460800_to_115200,embedding_only,radar,20260920-193718-roll-115200,328,roll,3,3,True,True,0.06376714259386063,0.044579632580280304,0.008005599491298199,0.883647620677948
460800_to_115200,embedding_only,radar,20260920-193718-roll-115200,329,roll,3,3,True,True,0.06554066389799118,0.0450298935174942,0.00806457456201315,0.8813648819923401
460800_to_115200,embedding_only,radar,20260920-193718-roll-115200,330,roll,3,3,True,True,0.056997545063495636,0.04175897315144539,0.007234447170048952,0.894008994102478
460800_to_115200,embedding_only,radar,20260920-193718-roll-115200,331,roll,3,3,True,True,0.051207784563302994,0.037196580320596695,0.005888352170586586,0.9057072997093201
460800_to_115200,embedding_only,radar,20260920-193718-roll-115200,332,roll,3,3,True,True,0.056547198444604874,0.04245396703481674,0.007022367790341377,0.8939764499664307
460800_to_115200,embedding_only,radar,20260920-193718-roll-115200,333,roll,3,3,True,True,0.0690493956208229,0.049989357590675354,0.008872119709849358,0.8720892071723938
460800_to_115200,embedding_only,radar,20260920-193718-roll-115200,334,roll,3,3,True,True,0.08986780047416687,0.06053967401385307,0.011515225283801556,0.8380773067474365
460800_to_115200,embedding_only,radar,20260920-193718-roll-115200,335,roll,3,3,True,True,0.05781662091612816,0.039372410625219345,0.006725778337568045,0.8960850834846497
460800_to_115200,embedding_only,radar,20260920-193718-roll-115200,336,roll,3,3,True,True,0.04838643968105316,0.04158235713839531,0.006302267778664827,0.9037289619445801
460800_to_115200,embedding_only,radar,20260920-193718-roll-115200,337,roll,3,3,True,True,0.09166079759597778,0.05833097919821739,0.012529297731816769,0.8374789953231812
460800_to_115200,embedding_only,radar,20260920-193718-roll-115200,338,roll,3,3,True,True,0.07713764160871506,0.05418683961033821,0.010343600064516068,0.8583319783210754
460800_to_115200,embedding_only,radar,20260920-193718-roll-115200,339,roll,3,3,True,True,0.057666365057229996,0.041974276304244995,0.006987628061324358,0.8933717608451843
460800_to_115200,embedding_only,radar,20260920-193718-roll-115200,340,roll,3,3,True,True,0.051935259252786636,0.037220146507024765,0.0061938646249473095,0.9046507477760315
460800_to_115200,embedding_only,radar,20260920-193718-roll-115200,341,roll,3,3,True,True,0.05029337480664253,0.035259049385786057,0.0058537255972623825,0.9085938930511475
460800_to_115200,embedding_only,radar,20260920-193718-roll-115200,342,roll,3,3,True,True,0.06598556041717529,0.04576145485043526,0.008162474259734154,0.8800904154777527
460800_to_115200,embedding_only,radar,20260920-193718-roll-115200,343,roll,3,3,True,True,0.061161935329437256,0.04846949502825737,0.008124486543238163,0.8822441697120667
460800_to_115200,embedding_only,radar,20260920-193718-roll-115200,344,roll,3,3,True,True,0.04947981238365173,0.04268895462155342,0.006433256436139345,0.9013980627059937
460800_to_115200,embedding_only,radar,20260920-193718-roll-115200,345,roll,3,3,True,True,0.04363452270627022,0.034620970487594604,0.005159366875886917,0.9165851473808289
460800_to_115200,embedding_only,radar,20260920-193718-roll-115200,346,roll,3,3,True,True,0.11032126843929291,0.07152307778596878,0.015808144584298134,0.8023476004600525
460800_to_115200,embedding_only,radar,20260920-193718-roll-115200,347,roll,3,3,True,True,0.11267510801553726,0.06078934296965599,0.014309519901871681,0.8122260570526123
460800_to_115200,embedding_only,radar,20260920-193718-roll-115200,348,roll,3,3,True,True,0.04313467815518379,0.03435860201716423,0.005064330529421568,0.9174423813819885
460800_to_115200,embedding_only,radar,20260920-193718-roll-115200,349,roll,3,3,True,True,0.054235052317380905,0.037952970713377,0.006171854678541422,0.9016401767730713
460800_to_115200,embedding_only,radar,20260920-193718-roll-115200,350,roll,3,3,True,True,0.07622518390417099,0.050544943660497665,0.009732712991535664,0.8634970784187317
460800_to_115200,embedding_only,radar,20260920-193718-roll-115200,351,roll,3,3,True,True,0.047697748988866806,0.03634937107563019,0.005479983985424042,0.9104729890823364
460800_to_115200,embedding_only,radar,20260920-193718-roll-115200,352,roll,3,3,True,True,0.04580455273389816,0.03592829778790474,0.005439657252281904,0.9128274321556091
460800_to_115200,embedding_only,radar,20260920-193718-roll-115200,353,roll,3,3,True,True,0.2598212659358978,0.09979157149791718,0.045303646475076675,0.595083475112915
460800_to_115200,embedding_only,radar,20260920-193718-roll-115200,354,roll,3,3,True,True,0.04723891615867615,0.03361386060714722,0.005122274160385132,0.9140249490737915
460800_to_115200,embedding_only,radar,20260920-193718-roll-115200,355,roll,3,3,True,True,0.05490957200527191,0.046591874212026596,0.007243788335472345,0.8912547826766968
460800_to_115200,embedding_only,radar,20260920-193718-roll-115200,356,roll,3,3,True,True,0.048384565860033035,0.03822508826851845,0.005858327727764845,0.9075319766998291
460800_to_115200,embedding_only,radar,20260920-193718-roll-115200,357,roll,3,3,True,True,0.057046446949243546,0.03830486163496971,0.006514973007142544,0.8981337547302246
460800_to_115200,embedding_only,radar,20260920-193718-roll-115200,358,roll,3,3,True,True,0.047267742455005646,0.03619938716292381,0.005538763478398323,0.9109940528869629
460800_to_115200,embedding_only,radar,20260920-193718-roll-115200,359,roll,3,3,True,True,0.049742117524147034,0.03792525827884674,0.006209620274603367,0.9061230421066284
460800_to_115200,embedding_only,radar,20260920-193718-roll-115200,360,roll,3,3,True,True,0.058938607573509216,0.04332124441862106,0.007352383341640234,0.890387773513794
460800_to_115200,ce_only,radar,20260920-184058-normal-11520,0,normal,0,0,True,True,0.9999566078186035,2.6608524876792217e-06,1.5771602193126455e-05,2.4840304831741378e-05
460800_to_115200,ce_only,radar,20260920-184058-normal-11520,1,normal,0,0,True,True,0.9962441921234131,6.921829481143504e-05,0.00011885478306794539,0.0035677985288202763
460800_to_115200,ce_only,radar,20260920-184058-normal-11520,2,normal,0,0,True,True,0.9999431371688843,3.447628159847227e-06,1.6774734831415117e-05,3.663312236312777e-05
460800_to_115200,ce_only,radar,20260920-184058-normal-11520,3,normal,0,0,True,True,0.9999375343322754,4.261919002601644e-06,2.0793340809177607e-05,3.755971556529403e-05
460800_to_115200,ce_only,radar,20260920-184058-normal-11520,4,normal,0,0,True,True,0.9996938705444336,1.0817824659170583e-05,3.0303683161037043e-05,0.0002651563554536551
460800_to_115200,ce_only,radar,20260920-184058-normal-11520,5,normal,0,0,True,True,0.9999055862426758,5.92011656408431e-06,2.5313214791822247e-05,6.315994687611237e-05
460800_to_115200,ce_only,radar,20260920-184058-normal-11520,6,normal,0,0,True,True,0.9999504089355469,2.899159198932466e-06,1.2804848665837198e-05,3.3877680834848434e-05
460800_to_115200,ce_only,radar,20260920-184058-normal-11520,7,normal,0,0,True,True,0.9999268054962158,4.56355019196053e-06,1.924719072121661e-05,4.924746826873161e-05
460800_to_115200,ce_only,radar,20260920-184058-normal-11520,8,normal,0,0,True,True,0.9993895292282104,1.2724969565169886e-05,3.225745604140684e-05,0.0005656306748278439
460800_to_115200,ce_only,radar,20260920-184058-normal-11520,9,normal,0,0,True,True,0.9999594688415527,2.191887915614643e-06,1.2214771231811028e-05,2.6177776817348786e-05
460800_to_115200,ce_only,radar,20260920-184058-normal-11520,10,normal,0,0,True,True,0.9998044371604919,7.512685897381743e-06,2.6111272745765746e-05,0.0001619549875613302
460800_to_115200,ce_only,radar,20260920-184058-normal-11520,11,normal,0,0,True,True,0.9976033568382263,9.135893196798861e-05,0.00016919082554522902,0.002136193448677659
460800_to_115200,ce_only,radar,20260920-184058-normal-11520,12,normal,0,0,True,True,0.9999105930328369,5.550952209887328e-06,2.0288001906010322e-05,6.333780038403347e-05
460800_to_115200,ce_only,radar,20260920-184058-normal-11520,13,normal,0,0,True,True,0.9709019064903259,0.00016070646233856678,0.00010929987183772027,0.02882816642522812
460800_to_115200,ce_only,radar,20260920-184058-normal-11520,14,normal,0,0,True,True,0.999920129776001,5.5660048019490205e-06,2.4273802409879863e-05,4.9924834456760436e-05
460800_to_115200,ce_only,radar,20260920-184058-normal-11520,15,normal,0,0,True,True,0.984714686870575,0.00010395910067018121,8.585993782617152e-05,0.015095417387783527
460800_to_115200,ce_only,radar,20260920-184058-normal-11520,16,normal,0,0,True,True,0.9998886585235596,4.767572136188392e-06,1.779811645974405e-05,8.879566303221509e-05
460800_to_115200,ce_only,radar,20260920-184058-normal-11520,17,normal,0,0,True,True,0.999956488609314,2.4528198991902173e-06,1.322048410656862e-05,2.77353246929124e-05
460800_to_115200,ce_only,radar,20260920-184058-normal-11520,18,normal,0,0,True,True,0.9998034834861755,6.58796807329054e-06,2.1812871636939235e-05,0.00016823908663354814
460800_to_115200,ce_only,radar,20260920-184058-normal-11520,19,normal,0,0,True,True,0.9999103546142578,6.214625045686262e-06,2.5703404389787465e-05,5.760871499660425e-05
460800_to_115200,ce_only,radar,20260920-184058-normal-11520,20,normal,0,0,True,True,0.9999536275863647,2.9120760700607207e-06,1.6433092241641134e-05,2.69747142738197e-05
460800_to_115200,ce_only,radar,20260920-184058-normal-11520,21,normal,0,0,True,True,0.9995244741439819,1.3992173080623616e-05,3.646349796326831e-05,0.0004249241028446704
460800_to_115200,ce_only,radar,20260920-184058-normal-11520,22,normal,0,0,True,True,0.9999582767486572,2.5096280751313316e-06,1.3125594705343246e-05,2.6004430765169673e-05
460800_to_115200,ce_only,radar,20260920-184058-normal-11520,23,normal,0,0,True,True,0.9992756247520447,1.8245606042910367e-05,4.913019802188501e-05,0.0006570868426933885
460800_to_115200,ce_only,radar,20260920-184058-normal-11520,24,normal,0,0,True,True,0.999834418296814,6.250502337934449e-06,2.1626841771649197e-05,0.0001378298329655081
460800_to_115200,ce_only,radar,20260920-184058-normal-11520,25,normal,0,0,True,True,0.9999417066574097,3.2334000934497453e-06,1.4782984180783387e-05,4.027061368105933e-05
460800_to_115200,ce_only,radar,20260920-184058-normal-11520,26,normal,0,0,True,True,0.9999275207519531,3.1216231946018524e-06,1.3409198800218292e-05,5.589698412222788e-05
460800_to_115200,ce_only,radar,20260920-184058-normal-11520,27,normal,0,0,True,True,0.9999078512191772,6.647810550930444e-06,2.996091643581167e-05,5.557663826039061e-05
460800_to_115200,ce_only,radar,20260920-184058-normal-11520,28,normal,0,0,True,True,0.9999268054962158,3.7125053040654166e-06,1.58380062202923e-05,5.362776937545277e-05
460800_to_115200,ce_only,radar,20260920-184058-normal-11520,29,normal,0,0,True,True,0.9996987581253052,8.039021849981509e-06,2.357094308536034e-05,0.0002698127937037498
460800_to_115200,ce_only,radar,20260920-184058-normal-11520,30,normal,0,0,True,True,0.9999550580978394,2.849509883162682e-06,1.7497644876129925e-05,2.451558248139918e-05
460800_to_115200,ce_only,radar,20260920-184058-normal-11520,31,normal,0,0,True,True,0.9999475479125977,3.1236222639563493e-06,1.657900065765716e-05,3.278985604993068e-05
460800_to_115200,ce_only,radar,20260920-184058-normal-11520,32,normal,0,0,True,True,0.9934077262878418,4.928953421767801e-05,6.359218241414055e-05,0.0064794328063726425
460800_to_115200,ce_only,radar,20260920-184058-normal-11520,33,normal,0,0,True,True,0.999957799911499,2.7698920348484535e-06,1.3665921869687736e-05,2.5680437829578295e-05
460800_to_115200,ce_only,radar,20260920-184058-normal-11520,34,normal,0,0,True,True,0.9999562501907349,2.575670578153222e-06,1.185599194286624e-05,2.9306653232197277e-05
460800_to_115200,ce_only,radar,20260920-184058-normal-11520,35,normal,0,0,True,True,0.999498724937439,1.5086437997524627e-05,3.458328501437791e-05,0.00045158673310652375
460800_to_115200,ce_only,radar,20260920-184058-normal-11520,36,normal,0,0,True,True,0.999947190284729,3.917799858754734e-06,1.864497062342707e-05,3.0231978598749265e-05
460800_to_115200,ce_only,radar,20260920-184058-normal-11520,37,normal,0,0,True,True,0.9998928308486938,5.241359303909121e-06,2.240179674117826e-05,7.943268428789452e-05
460800_to_115200,ce_only,radar,20260920-184058-normal-11520,38,normal,0,0,True,True,0.9999423027038574,3.3629937661316944e-06,1.624919786991086e-05,3.798583566094749e-05
460800_to_115200,ce_only,radar,20260920-184058-normal-11520,39,normal,0,0,True,True,0.999803364276886,9.052808309206739e-06,3.2320782338501886e-05,0.00015529952361248434
460800_to_115200,ce_only,radar,20260920-184058-normal-11520,40,normal,0,0,True,True,0.9999614953994751,2.4926766855060123e-06,1.5040153812151402e-05,2.0876817870885134e-05
460800_to_115200,ce_only,radar,20260920-184058-normal-11520,41,normal,0,0,True,True,0.9998799562454224,7.60108787289937e-06,3.357516470714472e-05,7.886337698437274e-05
460800_to_115200,ce_only,radar,20260920-184058-normal-11520,42,normal,0,0,True,True,0.9998143315315247,7.46011801311397e-06,2.5478566385572776e-05,0.00015274669567588717
460800_to_115200,ce_only,radar,20260920-184058-normal-11520,43,normal,0,0,True,True,0.9999487400054932,2.99604198517045e-06,1.5536879800492898e-05,3.2795313018141314e-05
460800_to_115200,ce_only,radar,20260920-184058-normal-11520,44,normal,0,0,True,True,0.999942421913147,3.0958331080910284e-06,1.534400144009851e-05,3.911728708771989e-05
460800_to_115200,ce_only,radar,20260920-184058-normal-11520,45,normal,0,0,True,True,0.9999593496322632,2.4828864297887776e-06,1.8447544789523818e-05,1.958838038262911e-05
460800_to_115200,ce_only,radar,20260920-184058-normal-11520,46,normal,0,0,True,True,0.9998587369918823,5.766220510849962e-06,2.1165473299333826e-05,0.0001144640045822598
460800_to_115200,ce_only,radar,20260920-184058-normal-11520,47,normal,0,0,True,True,0.999935507774353,3.4168931506428635e-06,1.5663756130379625e-05,4.535786501946859e-05
460800_to_115200,ce_only,radar,20260920-184058-normal-11520,48,normal,0,0,True,True,0.9999613761901855,2.407087777100969e-06,1.523808441561414e-05,2.091235546686221e-05
460800_to_115200,ce_only,radar,20260920-184058-normal-11520,49,normal,0,0,True,True,0.9999451637268066,2.715392156460439e-06,1.3444181604427285e-05,3.8589649193454534e-05
460800_to_115200,ce_only,radar,20260920-184058-normal-11520,50,normal,0,0,True,True,0.9999555349349976,3.053965201615938e-06,1.7245853086933494e-05,2.412496723991353e-05
460800_to_115200,ce_only,radar,20260920-184058-normal-11520,51,normal,0,0,True,True,0.9999568462371826,2.816285586959566e-06,1.7029980881488882e-05,2.3223103198688477e-05
460800_to_115200,ce_only,radar,20260920-184058-normal-11520,52,normal,0,0,True,True,0.9999102354049683,7.323784302570857e-06,3.132515848847106e-05,5.132060687174089e-05
460800_to_115200,ce_only,radar,20260920-184058-normal-11520,53,normal,0,0,True,True,0.9993040561676025,0.00012014460662612692,0.00018906997865997255,0.0003867697378154844
460800_to_115200,ce_only,radar,20260920-184058-normal-11520,54,normal,0,0,True,True,0.9999352693557739,3.966471012972761e-06,1.6903821233427152e-05,4.3860069126822054e-05
460800_to_115200,ce_only,radar,20260920-184058-normal-11520,55,normal,0,0,True,True,0.9999610185623169,2.413780748611316e-06,1.3014881005801726e-05,2.3399979909299873e-05
460800_to_115200,ce_only,radar,20260920-184058-normal-11520,56,normal,0,0,True,True,0.999951958656311,2.700406184885651e-06,1.3799079169984907e-05,3.14235694531817e-05
460800_to_115200,ce_only,radar,20260920-184058-normal-11520,57,normal,0,0,True,True,0.999860405921936,5.398373104981147e-06,1.9126404367852956e-05,0.00011504985013743863
460800_to_115200,ce_only,radar,20260920-184058-normal-11520,58,normal,0,0,True,True,0.999966025352478,2.155567699446692e-06,1.42601002153242e-05,1.7679683878668584e-05
460800_to_115200,ce_only,radar,20260920-184058-normal-11520,59,normal,0,0,True,True,0.9999290704727173,3.925254986825166e-06,1.8722605091170408e-05,4.8304318625014275e-05
460800_to_115200,ce_only,radar,20260920-184058-normal-11520,60,normal,0,0,True,True,0.9999603033065796,2.927555215137545e-06,1.660515226831194e-05,2.0095143554499373e-05
460800_to_115200,ce_only,radar,20260920-190512-outBroken-115200,109,outBroken,2,2,True,False,1.3583740837930236e-05,1.774042539182119e-05,0.9999639987945557,4.669230747822439e-06
460800_to_115200,ce_only,radar,20260920-190512-outBroken-115200,110,outBroken,2,2,True,False,4.349182563601062e-05,4.635279401554726e-05,0.9998956322669983,1.4495812138193287e-05
460800_to_115200,ce_only,radar,20260920-190512-outBroken-115200,111,outBroken,2,2,True,False,2.7231453714193776e-05,2.7986190616502427e-05,0.9999352693557739,9.534699529467616e-06
460800_to_115200,ce_only,radar,20260920-190512-outBroken-115200,112,outBroken,2,2,True,False,1.6391519238823093e-05,2.204227348556742e-05,0.9999557733535767,5.715144652640447e-06
460800_to_115200,ce_only,radar,20260920-190512-outBroken-115200,113,outBroken,2,2,True,False,1.2374131074466277e-05,1.9286268070572987e-05,0.9999641180038452,4.216229172016028e-06
460800_to_115200,ce_only,radar,20260920-190512-outBroken-115200,114,outBroken,2,2,True,False,3.0687333492096514e-05,4.012647332274355e-05,0.9999174475669861,1.1756044841604307e-05
460800_to_115200,ce_only,radar,20260920-190512-outBroken-115200,115,outBroken,2,2,True,False,1.6656811567372642e-05,2.2182886823429726e-05,0.9999553561210632,5.747294835600769e-06
460800_to_115200,ce_only,radar,20260920-190512-outBroken-115200,116,outBroken,2,2,True,False,2.114759809046518e-05,2.813392893585842e-05,0.9999427795410156,7.880755219957791e-06
460800_to_115200,ce_only,radar,20260920-190512-outBroken-115200,117,outBroken,2,2,True,False,1.5360421457444318e-05,2.4399168978561647e-05,0.9999547004699707,5.515775228559505e-06
460800_to_115200,ce_only,radar,20260920-190512-outBroken-115200,118,outBroken,2,2,True,False,1.8882083168136887e-05,2.448839040880557e-05,0.99994957447052,6.969887181185186e-06
460800_to_115200,ce_only,radar,20260920-190512-outBroken-115200,119,outBroken,2,2,True,False,0.00011162905866513029,0.00010681804997147992,0.9997447729110718,3.6773679312318563e-05
460800_to_115200,ce_only,radar,20260920-190512-outBroken-115200,120,outBroken,2,2,True,False,7.148911390686408e-05,7.617747905896977e-05,0.9998282790184021,2.3966516891960055e-05
460800_to_115200,ce_only,radar,20260920-190512-outBroken-115200,121,outBroken,2,2,True,False,1.4224037840904202e-05,2.2491849449579604e-05,0.999957799911499,5.505562967300648e-06
460800_to_115200,ce_only,radar,20260920-190512-outBroken-115200,122,outBroken,2,2,True,False,2.5456298317294568e-05,3.0838225939078256e-05,0.99993497133255,8.727823114895727e-06
460800_to_115200,ce_only,radar,20260920-190512-outBroken-115200,123,outBroken,2,2,True,False,2.3681865059188567e-05,3.1778290576767176e-05,0.9999362826347351,8.267053999588825e-06
460800_to_115200,ce_only,radar,20260920-190512-outBroken-115200,124,outBroken,2,2,True,False,2.2580079530598596e-05,3.4743163269013166e-05,0.9999343752861023,8.370007890334819e-06
460800_to_115200,ce_only,radar,20260920-190512-outBroken-115200,125,outBroken,2,2,True,False,2.5530183847877197e-05,4.0720744436839595e-05,0.9999244809150696,9.233972377842292e-06
460800_to_115200,ce_only,radar,20260920-190512-outBroken-115200,126,outBroken,2,2,True,False,1.969263939827215e-05,3.191367068211548e-05,0.9999408721923828,7.5377747634775005e-06
460800_to_115200,ce_only,radar,20260920-190512-outBroken-115200,127,outBroken,2,2,True,False,1.938298373715952e-05,3.564007056411356e-05,0.9999372363090515,7.740072760498151e-06
460800_to_115200,ce_only,radar,20260920-190512-outBroken-115200,128,outBroken,2,2,True,False,9.66001971391961e-06,1.596582842466887e-05,0.9999709129333496,3.5081191072094953e-06
460800_to_115200,ce_only,radar,20260920-190512-outBroken-115200,129,outBroken,2,2,True,False,1.8992250261362642e-05,3.1658055377192795e-05,0.9999427795410156,6.60340401736903e-06
460800_to_115200,ce_only,radar,20260920-190512-outBroken-115200,130,outBroken,2,2,True,False,1.2265766599739436e-05,2.213066727563273e-05,0.9999613761901855,4.24652716901619e-06
460800_to_115200,ce_only,radar,20260920-190512-outBroken-115200,131,outBroken,2,2,True,False,7.310014188988134e-05,0.00011935726797673851,0.9997814297676086,2.614468030515127e-05
460800_to_115200,ce_only,radar,20260920-190512-outBroken-115200,132,outBroken,2,2,True,False,3.827808177447878e-05,4.839991743210703e-05,0.9998999834060669,1.3313056115293875e-05
460800_to_115200,ce_only,radar,20260920-190512-outBroken-115200,133,outBroken,2,2,True,False,1.5555253412458114e-05,2.6421790607855655e-05,0.9999517798423767,6.193831723066978e-06
460800_to_115200,ce_only,radar,20260920-190512-outBroken-115200,134,outBroken,2,2,True,False,1.74029337358661e-05,2.917953497671988e-05,0.9999467134475708,6.6481538851803634e-06
460800_to_115200,ce_only,radar,20260920-190512-outBroken-115200,135,outBroken,2,2,True,False,1.872409848147072e-05,3.032321183127351e-05,0.9999439716339111,6.9188613451842684e-06
460800_to_115200,ce_only,radar,20260920-190512-outBroken-115200,136,outBroken,2,2,True,False,1.1768138392653782e-05,1.9291674107080325e-05,0.9999645352363586,4.421560333867092e-06
460800_to_115200,ce_only,radar,20260920-190512-outBroken-115200,137,outBroken,2,2,True,False,2.2278898541117087e-05,4.0486062061972916e-05,0.9999290108680725,8.194107067538425e-06
460800_to_115200,ce_only,radar,20260920-190512-outBroken-115200,138,outBroken,2,2,True,False,1.3080794815323316e-05,2.6376717869425192e-05,0.999955415725708,5.075161880085943e-06
460800_to_115200,ce_only,radar,20260920-190512-outBroken-115200,139,outBroken,2,2,True,False,2.3407799744745716e-05,3.076737993978895e-05,0.9999377727508545,7.99912231741473e-06
460800_to_115200,ce_only,radar,20260920-190512-outBroken-115200,140,outBroken,2,2,True,False,1.0280868991685566e-05,2.3797398171154782e-05,0.9999622106552124,3.713271325977985e-06
460800_to_115200,ce_only,radar,20260920-190512-outBroken-115200,141,outBroken,2,2,True,False,2.295014201081358e-05,3.51385424437467e-05,0.9999334812164307,8.479507414449472e-06
460800_to_115200,ce_only,radar,20260920-190512-outBroken-115200,142,outBroken,2,2,True,False,1.3260438208817504e-05,2.5844747142400593e-05,0.9999557733535767,5.082891675556311e-06
460800_to_115200,ce_only,radar,20260920-190512-outBroken-115200,143,outBroken,2,2,True,False,5.4924625146668404e-05,7.100141374394298e-05,0.9998555779457092,1.8578257368062623e-05
460800_to_115200,ce_only,radar,20260920-190512-outBroken-115200,144,outBroken,2,2,True,False,3.1254890927812085e-05,5.06759861309547e-05,0.999906063079834,1.2041271475027315e-05
460800_to_115200,ce_only,radar,20260920-190512-outBroken-115200,145,outBroken,2,2,True,False,2.771422623482067e-05,4.160512253292836e-05,0.9999207854270935,9.852051334746648e-06
460800_to_115200,ce_only,radar,20260920-190512-outBroken-115200,146,outBroken,2,2,True,False,2.591880547697656e-05,4.314742182032205e-05,0.9999204874038696,1.0363260116719175e-05
460800_to_115200,ce_only,radar,20260920-190512-outBroken-115200,147,outBroken,2,2,True,False,1.9180057279299945e-05,3.169761475874111e-05,0.9999415874481201,7.493903922295431e-06
460800_to_115200,ce_only,radar,20260920-190512-outBroken-115200,148,outBroken,2,2,True,False,2.0625308025046252e-05,4.026345777674578e-05,0.9999309182167053,8.216203241317999e-06
460800_to_115200,ce_only,radar,20260920-190512-outBroken-115200,149,outBroken,2,2,True,False,2.063908686977811e-05,4.1009890992427245e-05,0.9999309182167053,7.406814802379813e-06
460800_to_115200,ce_only,radar,20260920-190512-outBroken-115200,150,outBroken,2,2,True,False,5.1830935262842104e-05,6.925272464286536e-05,0.9998610615730286,1.7905767890624702e-05
460800_to_115200,ce_only,radar,20260920-190512-outBroken-115200,151,outBroken,2,2,True,False,4.692908623837866e-05,8.376078767469153e-05,0.999850332736969,1.8984019334311597e-05
460800_to_115200,ce_only,radar,20260920-190512-outBroken-115200,152,outBroken,2,2,True,False,1.516053634986747e-05,2.852189754776191e-05,0.9999502897262573,5.998608685331419e-06
460800_to_115200,ce_only,radar,20260920-190512-outBroken-115200,153,outBroken,2,2,True,False,1.1551552233868279e-05,2.6514755518292077e-05,0.9999575614929199,4.313178578740917e-06
460800_to_115200,ce_only,radar,20260920-190512-outBroken-115200,154,outBroken,2,2,True,False,1.9419121599639766e-05,4.701510988525115e-05,0.9999262690544128,7.299320259335218e-06
460800_to_115200,ce_only,radar,20260920-190512-outBroken-115200,155,outBroken,2,2,True,False,1.993034857150633e-05,3.6450142943067476e-05,0.9999356269836426,7.93658364273142e-06
460800_to_115200,ce_only,radar,20260920-190512-outBroken-115200,156,outBroken,2,2,True,False,2.1864441805519164e-05,3.6000055843032897e-05,0.9999343752861023,7.766707312839571e-06
460800_to_115200,ce_only,radar,20260920-190512-outBroken-115200,157,outBroken,2,2,True,False,1.7888529328047298e-05,3.02458993246546e-05,0.999945342540741,6.494188710348681e-06
460800_to_115200,ce_only,radar,20260920-190512-outBroken-115200,158,outBroken,2,2,True,False,1.1994420674454886e-05,3.172415017616004e-05,0.9999514818191528,4.771833573613549e-06
460800_to_115200,ce_only,radar,20260920-192216-inBroken-115200,209,inBroken,1,1,True,True,0.0006770762847736478,0.9284734129905701,0.06996393948793411,0.0008855163468979299
460800_to_115200,ce_only,radar,20260920-192216-inBroken-115200,210,inBroken,1,1,True,True,0.000987160368822515,0.8818754553794861,0.1153821051120758,0.0017552218632772565
460800_to_115200,ce_only,radar,20260920-192216-inBroken-115200,211,inBroken,1,1,True,True,7.750647637294605e-05,0.9982461333274841,0.0013952084118500352,0.00028109492268413305
460800_to_115200,ce_only,radar,20260920-192216-inBroken-115200,212,inBroken,1,1,True,True,0.0004956164048053324,0.9829154014587402,0.01577930897474289,0.000809599703643471
460800_to_115200,ce_only,radar,20260920-192216-inBroken-115200,213,inBroken,1,1,True,True,0.00026704042102210224,0.992854654788971,0.006311713717877865,0.0005666664219461381
460800_to_115200,ce_only,radar,20260920-192216-inBroken-115200,214,inBroken,1,1,True,True,4.44458237325307e-05,0.9993438124656677,0.00041635934030637145,0.00019539883942343295
460800_to_115200,ce_only,radar,20260920-192216-inBroken-115200,215,inBroken,1,1,True,True,0.00019216383225284517,0.9957873821258545,0.0034909257665276527,0.0005295894807204604
460800_to_115200,ce_only,radar,20260920-192216-inBroken-115200,216,inBroken,1,1,True,True,7.613244815729558e-05,0.9987854957580566,0.0008748389082029462,0.0002635753189679235
460800_to_115200,ce_only,radar,20260920-192216-inBroken-115200,217,inBroken,1,1,True,True,4.5062657591188326e-05,0.9993375539779663,0.00042591081000864506,0.0001913982559926808
460800_to_115200,ce_only,radar,20260920-192216-inBroken-115200,218,inBroken,1,1,True,True,0.002221353119239211,0.8685327768325806,0.12740159034729004,0.001844519516453147
460800_to_115200,ce_only,radar,20260920-192216-inBroken-115200,219,inBroken,1,1,True,True,3.5820088669424877e-05,0.9994997382164001,0.0003236075572203845,0.00014078902313485742
460800_to_115200,ce_only,radar,20260920-192216-inBroken-115200,220,inBroken,1,1,True,True,0.00047060256474651396,0.9790459275245667,0.019524414092302322,0.0009590974077582359
460800_to_115200,ce_only,radar,20260920-192216-inBroken-115200,221,inBroken,1,1,True,True,0.00018377034575678408,0.9958072900772095,0.0034438741859048605,0.0005650807870551944
460800_to_115200,ce_only,radar,20260920-192216-inBroken-115200,222,inBroken,1,1,True,True,0.00041379043250344694,0.9866771101951599,0.0120695224031806,0.0008396344492211938
460800_to_115200,ce_only,radar,20260920-192216-inBroken-115200,223,inBroken,1,1,True,True,6.362832937156782e-05,0.9991921782493591,0.000488891324494034,0.0002552824153099209
460800_to_115200,ce_only,radar,20260920-192216-inBroken-115200,224,inBroken,1,1,True,True,0.00022524056839756668,0.9940199255943298,0.004640395287424326,0.0011144645977765322
460800_to_115200,ce_only,radar,20260920-192216-inBroken-115200,225,inBroken,1,1,True,True,5.034205241827294e-05,0.9993086457252502,0.0004562606627587229,0.0001847610401455313
460800_to_115200,ce_only,radar,20260920-192216-inBroken-115200,226,inBroken,1,1,True,True,0.00024022211437113583,0.9890639781951904,0.01004436332732439,0.0006515225395560265
460800_to_115200,ce_only,radar,20260920-192216-inBroken-115200,227,inBroken,1,1,True,True,0.0002190677187172696,0.9969593286514282,0.0023250854574143887,0.0004965712432749569
460800_to_115200,ce_only,radar,20260920-192216-inBroken-115200,228,inBroken,1,1,True,True,0.00010271435166941956,0.9985421299934387,0.0010534754255786538,0.0003015845431946218
460800_to_115200,ce_only,radar,20260920-192216-inBroken-115200,229,inBroken,1,1,True,True,0.0001070951038855128,0.9980091452598572,0.0015028686029836535,0.0003808233013842255
460800_to_115200,ce_only,radar,20260920-192216-inBroken-115200,230,inBroken,1,1,True,True,0.00013712405052501708,0.9975154995918274,0.0019121484365314245,0.00043529114918783307
460800_to_115200,ce_only,radar,20260920-192216-inBroken-115200,231,inBroken,1,1,True,True,0.0002472461201250553,0.9950597882270813,0.0039733415469527245,0.0007196938386186957
460800_to_115200,ce_only,radar,20260920-192216-inBroken-115200,232,inBroken,1,1,True,True,0.0003188100818078965,0.9886687994003296,0.010269313119351864,0.0007431183476001024
460800_to_115200,ce_only,radar,20260920-192216-inBroken-115200,233,inBroken,1,1,True,True,0.0001310120860580355,0.9975436329841614,0.0019379111472517252,0.0003873858950100839
460800_to_115200,ce_only,radar,20260920-192216-inBroken-115200,234,inBroken,1,1,True,True,8.817273192107677e-05,0.9983257055282593,0.0012556512374430895,0.0003303037374280393
460800_to_115200,ce_only,radar,20260920-192216-inBroken-115200,235,inBroken,1,1,True,True,7.01530443620868e-05,0.9992507696151733,0.0004919511266052723,0.00018707840354181826
460800_to_115200,ce_only,radar,20260920-192216-inBroken-115200,236,inBroken,1,1,True,True,2.572487028373871e-05,0.9996395111083984,0.00022548111155629158,0.0001093043974833563
460800_to_115200,ce_only,radar,20260920-192216-inBroken-115200,237,inBroken,1,1,True,True,3.5800963814835995e-05,0.9995225071907043,0.0002939474070444703,0.0001478583290008828
460800_to_115200,ce_only,radar,20260920-192216-inBroken-115200,238,inBroken,1,1,True,True,0.0001394265127601102,0.9981679320335388,0.0013668759493157268,0.0003257588832639158
460800_to_115200,ce_only,radar,20260920-192216-inBroken-115200,239,inBroken,1,1,True,True,0.00017905952699948102,0.9971247315406799,0.002256282838061452,0.0004399557947181165
460800_to_115200,ce_only,radar,20260920-192216-inBroken-115200,240,inBroken,1,1,True,True,3.587305764085613e-05,0.9995457530021667,0.000277994986390695,0.0001404338690917939
460800_to_115200,ce_only,radar,20260920-192216-inBroken-115200,241,inBroken,1,1,True,True,9.356076043331996e-05,0.9989641904830933,0.0006945652421563864,0.000247621675953269
460800_to_115200,ce_only,radar,20260920-192216-inBroken-115200,242,inBroken,1,1,True,True,9.430556383449584e-05,0.9982040524482727,0.001325921155512333,0.0003757817030418664
460800_to_115200,ce_only,radar,20260920-192216-inBroken-115200,243,inBroken,1,1,True,True,0.0001068398923962377,0.9987327456474304,0.0009085030178539455,0.0002519340196158737
460800_to_115200,ce_only,radar,20260920-192216-inBroken-115200,244,inBroken,1,1,True,True,3.2557589292991906e-05,0.9994926452636719,0.00031382637098431587,0.00016095416503958404
460800_to_115200,ce_only,radar,20260920-192216-inBroken-115200,245,inBroken,1,1,True,True,5.597325798589736e-05,0.9991593360900879,0.0006049398216418922,0.0001797921722754836
460800_to_115200,ce_only,radar,20260920-192216-inBroken-115200,246,inBroken,1,1,True,True,0.00035236586700193584,0.9902471899986267,0.008779151365160942,0.0006213336018845439
460800_to_115200,ce_only,radar,20260920-192216-inBroken-115200,247,inBroken,1,1,True,True,0.002558530308306217,0.8524991273880005,0.13670730590820312,0.008234982378780842
460800_to_115200,ce_only,radar,20260920-192216-inBroken-115200,248,inBroken,1,1,True,True,2.3323596906266175e-05,0.999692976474762,0.00018218133482150733,0.0001016522292047739
460800_to_115200,ce_only,radar,20260920-192216-inBroken-115200,249,inBroken,1,1,True,True,4.2001931433333084e-05,0.999470591545105,0.00033295981120318174,0.00015440641436725855
460800_to_115200,ce_only,radar,20260920-192216-inBroken-115200,250,inBroken,1,1,True,True,2.4434424631181173e-05,0.9996933341026306,0.00013967521954327822,0.00014248759543988854
460800_to_115200,ce_only,radar,20260920-192216-inBroken-115200,251,inBroken,1,1,True,True,0.00014023009862285107,0.9976284503936768,0.0016692590434104204,0.0005621195887215436
460800_to_115200,ce_only,radar,20260920-192216-inBroken-115200,252,inBroken,1,1,True,True,0.00024827002198435366,0.9936388731002808,0.005371210165321827,0.0007416704320348799
460800_to_115200,ce_only,radar,20260920-192216-inBroken-115200,253,inBroken,1,1,True,True,1.8224232917418703e-05,0.999725341796875,0.0001491833245381713,0.00010726943582994863
460800_to_115200,ce_only,radar,20260920-192216-inBroken-115200,254,inBroken,1,1,True,True,3.2550688047194853e-05,0.999595046043396,0.00024725188268348575,0.00012513772526290268
460800_to_115200,ce_only,radar,20260920-192216-inBroken-115200,255,inBroken,1,1,True,True,5.3159077651798725e-05,0.9992848038673401,0.00042457107338123024,0.00023751187836751342
460800_to_115200,ce_only,radar,20260920-192216-inBroken-115200,256,inBroken,1,1,True,True,4.1864142986014485e-05,0.9992276430130005,0.0005643367185257375,0.0001661693095229566
460800_to_115200,ce_only,radar,20260920-192216-inBroken-115200,257,inBroken,1,1,True,True,3.873329842463136e-05,0.9994502067565918,0.00032481126254424453,0.00018635901506058872
460800_to_115200,ce_only,radar,20260920-192216-inBroken-115200,258,inBroken,1,1,True,True,0.00014572242798749357,0.9974701404571533,0.0019093563314527273,0.0004747923230752349
460800_to_115200,ce_only,radar,20260920-193718-roll-115200,310,roll,3,3,True,True,0.02418208308517933,0.0003123344504274428,2.3058852093527094e-05,0.9754824638366699
460800_to_115200,ce_only,radar,20260920-193718-roll-115200,311,roll,3,3,True,True,0.13068358600139618,0.0005333738517947495,7.780324085615575e-05,0.8687052726745605
460800_to_115200,ce_only,radar,20260920-193718-roll-115200,312,roll,3,0,False,True,0.5448777675628662,0.001052193227224052,0.00024138265871442854,0.45382869243621826
460800_to_115200,ce_only,radar,20260920-193718-roll-115200,313,roll,3,3,True,True,0.020014440640807152,0.0006120994803495705,6.900863081682473e-05,0.9793044924736023
460800_to_115200,ce_only,radar,20260920-193718-roll-115200,314,roll,3,3,True,True,0.10742779821157455,0.0006445227190852165,0.00011404979159124196,0.8918136358261108
460800_to_115200,ce_only,radar,20260920-193718-roll-115200,315,roll,3,0,False,True,0.9826858043670654,0.00014515162911266088,0.00014109777112025768,0.01702801324427128
460800_to_115200,ce_only,radar,20260920-193718-roll-115200,316,roll,3,3,True,True,0.01721959002315998,0.00034126435639336705,4.550733501673676e-05,0.982393741607666
460800_to_115200,ce_only,radar,20260920-193718-roll-115200,317,roll,3,3,True,True,0.002051275921985507,0.00030659596086479723,1.0969140930683352e-05,0.9976311326026917
460800_to_115200,ce_only,radar,20260920-193718-roll-115200,318,roll,3,3,True,True,6.538504385389388e-05,5.1687606173800305e-05,4.4308760038802575e-07,0.9998824000358582
460800_to_115200,ce_only,radar,20260920-193718-roll-115200,319,roll,3,3,True,True,0.0033938679844141006,0.00015209190314635634,6.306118848442566e-06,0.996447741985321
460800_to_115200,ce_only,radar,20260920-193718-roll-115200,320,roll,3,3,True,True,0.00010646974988048896,6.515759014291689e-05,8.187259936676128e-07,0.9998276233673096
460800_to_115200,ce_only,radar,20260920-193718-roll-115200,321,roll,3,3,True,True,0.02586243487894535,0.00027629901887848973,2.4709526769584045e-05,0.9738366603851318
460800_to_115200,ce_only,radar,20260920-193718-roll-115200,322,roll,3,3,True,True,0.4412641227245331,0.002618481870740652,0.0011937848757952452,0.5549236536026001
460800_to_115200,ce_only,radar,20260920-193718-roll-115200,323,roll,3,3,True,True,0.0006972951232455671,0.00034472410334274173,1.1349056876497343e-05,0.9989467263221741
460800_to_115200,ce_only,radar,20260920-193718-roll-115200,324,roll,3,3,True,True,0.0019272519275546074,0.000763842195738107,7.424973591696471e-05,0.9972347617149353
460800_to_115200,ce_only,radar,20260920-193718-roll-115200,325,roll,3,3,True,True,0.0024887053295969963,0.0002799908397719264,1.6019232134567574e-05,0.9972153902053833
460800_to_115200,ce_only,radar,20260920-193718-roll-115200,326,roll,3,3,True,True,1.9239954781369306e-05,3.680419104057364e-05,1.813332488609376e-07,0.9999437928199768
460800_to_115200,ce_only,radar,20260920-193718-roll-115200,327,roll,3,3,True,True,0.0006735800416208804,0.00015060445002745837,4.975151568942238e-06,0.9991709589958191
460800_to_115200,ce_only,radar,20260920-193718-roll-115200,328,roll,3,3,True,True,3.5403780202614143e-05,4.840578185394406e-05,3.86314724210024e-07,0.9999156594276428
460800_to_115200,ce_only,radar,20260920-193718-roll-115200,329,roll,3,3,True,True,3.868907151627354e-05,3.743492561625317e-05,2.9827407388438587e-07,0.9999235272407532
460800_to_115200,ce_only,radar,20260920-193718-roll-115200,330,roll,3,3,True,True,1.713998972263653e-05,3.611358624766581e-05,2.072127500696297e-07,0.999946653842926
460800_to_115200,ce_only,radar,20260920-193718-roll-115200,331,roll,3,3,True,True,1.531685484223999e-05,2.8711521736113355e-05,1.5165672095918126e-07,0.9999558329582214
460800_to_115200,ce_only,radar,20260920-193718-roll-115200,332,roll,3,3,True,True,1.777096804289613e-05,3.064747215830721e-05,1.6926226464875072e-07,0.9999514222145081
460800_to_115200,ce_only,radar,20260920-193718-roll-115200,333,roll,3,3,True,True,5.0469880079617724e-05,4.359150989330374e-05,4.0362027675655554e-07,0.9999054074287415
460800_to_115200,ce_only,radar,20260920-193718-roll-115200,334,roll,3,3,True,True,0.00011004467523889616,8.767758845351636e-05,6.595732884306926e-07,0.9998016953468323
460800_to_115200,ce_only,radar,20260920-193718-roll-115200,335,roll,3,3,True,True,2.7019521439797245e-05,3.055790875805542e-05,2.2846899128126097e-07,0.9999423623085022
460800_to_115200,ce_only,radar,20260920-193718-roll-115200,336,roll,3,3,True,True,7.793017175572459e-06,3.400959030841477e-05,1.1003127298181425e-07,0.9999580979347229
460800_to_115200,ce_only,radar,20260920-193718-roll-115200,337,roll,3,3,True,True,0.00015932662063278258,8.32930818432942e-05,1.1084712241427042e-06,0.9997563362121582
460800_to_115200,ce_only,radar,20260920-193718-roll-115200,338,roll,3,3,True,True,5.3845407819608226e-05,4.8736081225797534e-05,3.8780922295700293e-07,0.9998970627784729
460800_to_115200,ce_only,radar,20260920-193718-roll-115200,339,roll,3,3,True,True,2.3800292183295824e-05,3.385325908311643e-05,2.064725777017884e-07,0.9999422430992126
460800_to_115200,ce_only,radar,20260920-193718-roll-115200,340,roll,3,3,True,True,1.3983963981445413e-05,2.6227378839394078e-05,1.5462069313798565e-07,0.9999596476554871
460800_to_115200,ce_only,radar,20260920-193718-roll-115200,341,roll,3,3,True,True,2.1286496121319942e-05,3.842492151306942e-05,2.639100671331107e-07,0.9999399781227112
460800_to_115200,ce_only,radar,20260920-193718-roll-115200,342,roll,3,3,True,True,4.657531462726183e-05,4.764299592352472e-05,3.8682321701344335e-07,0.9999054074287415
460800_to_115200,ce_only,radar,20260920-193718-roll-115200,343,roll,3,3,True,True,2.0840256183873862e-05,5.3686457249568775e-05,2.2865367554913973e-07,0.9999251961708069
460800_to_115200,ce_only,radar,20260920-193718-roll-115200,344,roll,3,3,True,True,1.2337030966591556e-05,3.906749770976603e-05,1.3971640555610065e-07,0.9999484419822693
460800_to_115200,ce_only,radar,20260920-193718-roll-115200,345,roll,3,3,True,True,8.663101652928162e-06,2.630327253427822e-05,1.0713048226307365e-07,0.9999648332595825
460800_to_115200,ce_only,radar,20260920-193718-roll-115200,346,roll,3,3,True,True,0.00020146793394815177,9.502815373707563e-05,1.1344824315528967e-06,0.9997024536132812
460800_to_115200,ce_only,radar,20260920-193718-roll-115200,347,roll,3,3,True,True,0.0005600345320999622,0.00014168102643452585,3.2808654850668972e-06,0.9992948770523071
460800_to_115200,ce_only,radar,20260920-193718-roll-115200,348,roll,3,3,True,True,1.0396240213594865e-05,3.676321648526937e-05,1.5129084829368367e-07,0.9999527335166931
460800_to_115200,ce_only,radar,20260920-193718-roll-115200,349,roll,3,3,True,True,3.0398474336834624e-05,4.055105819134042e-05,3.023352519448963e-07,0.9999286532402039
460800_to_115200,ce_only,radar,20260920-193718-roll-115200,350,roll,3,3,True,True,0.00016286515165120363,0.00010033832222688943,1.2612118780452874e-06,0.9997355937957764
460800_to_115200,ce_only,radar,20260920-193718-roll-115200,351,roll,3,3,True,True,1.4841931260889396e-05,2.9608983822981827e-05,1.4672949077976227e-07,0.9999554753303528
460800_to_115200,ce_only,radar,20260920-193718-roll-115200,352,roll,3,3,True,True,1.0475721865077503e-05,2.8933713110745884e-05,1.2179430086689536e-07,0.9999604821205139
460800_to_115200,ce_only,radar,20260920-193718-roll-115200,353,roll,3,3,True,True,0.02727091871201992,0.0009314888156950474,0.00011432675091782585,0.9716832637786865
460800_to_115200,ce_only,radar,20260920-193718-roll-115200,354,roll,3,3,True,True,1.76782559719868e-05,2.8643244149861857e-05,1.7062353663277463e-07,0.99995356798172
460800_to_115200,ce_only,radar,20260920-193718-roll-115200,355,roll,3,3,True,True,1.8525570339988917e-05,6.217704503796995e-05,2.9806813017785316e-07,0.9999188780784607
460800_to_115200,ce_only,radar,20260920-193718-roll-115200,356,roll,3,3,True,True,1.0229950021312106e-05,2.2409911252907477e-05,1.0018572993431007e-07,0.9999672174453735
460800_to_115200,ce_only,radar,20260920-193718-roll-115200,357,roll,3,3,True,True,2.495615990483202e-05,3.796345117734745e-05,2.382663950584174e-07,0.9999368786811829
460800_to_115200,ce_only,radar,20260920-193718-roll-115200,358,roll,3,3,True,True,1.7704805941320956e-05,3.083073170273565e-05,1.75924384393511e-07,0.9999513030052185
460800_to_115200,ce_only,radar,20260920-193718-roll-115200,359,roll,3,3,True,True,1.3247396964288782e-05,3.2322997867595404e-05,1.9942515905313485e-07,0.9999542832374573
460800_to_115200,ce_only,radar,20260920-193718-roll-115200,360,roll,3,3,True,True,1.856669769040309e-05,2.975604911625851e-05,1.6274785252790025e-07,0.9999515414237976
460800_to_115200,ce_feat_1_kd,radar,20260920-184058-normal-11520,0,normal,0,0,True,True,0.8892433643341064,0.02652139775454998,0.06622035801410675,0.01801496185362339
460800_to_115200,ce_feat_1_kd,radar,20260920-184058-normal-11520,1,normal,0,0,True,True,0.7822273373603821,0.05367397889494896,0.07754959166049957,0.08654922991991043
460800_to_115200,ce_feat_1_kd,radar,20260920-184058-normal-11520,2,normal,0,0,True,True,0.8848294615745544,0.02787429466843605,0.06729097664356232,0.020005173981189728
460800_to_115200,ce_feat_1_kd,radar,20260920-184058-normal-11520,3,normal,0,0,True,True,0.8811677098274231,0.029252775013446808,0.06957000494003296,0.020009413361549377
460800_to_115200,ce_feat_1_kd,radar,20260920-184058-normal-11520,4,normal,0,0,True,True,0.8708663582801819,0.03237712383270264,0.06453254818916321,0.03222401812672615
460800_to_115200,ce_feat_1_kd,radar,20260920-184058-normal-11520,5,normal,0,0,True,True,0.8770843148231506,0.032400280237197876,0.06754734367132187,0.02296808920800686
460800_to_115200,ce_feat_1_kd,radar,20260920-184058-normal-11520,6,normal,0,0,True,True,0.8817799687385559,0.029984746128320694,0.06690190732479095,0.021333342418074608
460800_to_115200,ce_feat_1_kd,radar,20260920-184058-normal-11520,7,normal,0,0,True,True,0.8797369599342346,0.030240977182984352,0.06803786009550095,0.021984178572893143
460800_to_115200,ce_feat_1_kd,radar,20260920-184058-normal-11520,8,normal,0,0,True,True,0.853278398513794,0.03657504543662071,0.06288681924343109,0.047259870916604996
460800_to_115200,ce_feat_1_kd,radar,20260920-184058-normal-11520,9,normal,0,0,True,True,0.8911586999893188,0.026293236762285233,0.06391134858131409,0.018636714667081833
460800_to_115200,ce_feat_1_kd,radar,20260920-184058-normal-11520,10,normal,0,0,True,True,0.8669801950454712,0.03335661441087723,0.06696946918964386,0.032693710178136826
460800_to_115200,ce_feat_1_kd,radar,20260920-184058-normal-11520,11,normal,0,0,True,True,0.8088630437850952,0.05160271376371384,0.08245141804218292,0.05708286538720131
460800_to_115200,ce_feat_1_kd,radar,20260920-184058-normal-11520,12,normal,0,0,True,True,0.8771747350692749,0.030918531119823456,0.069350965321064,0.022555813193321228
460800_to_115200,ce_feat_1_kd,radar,20260920-184058-normal-11520,13,normal,0,0,True,True,0.6999937891960144,0.061106033623218536,0.0677676647901535,0.17113250494003296
460800_to_115200,ce_feat_1_kd,radar,20260920-184058-normal-11520,14,normal,0,0,True,True,0.8716358542442322,0.03261676803231239,0.07318133115768433,0.022565999999642372
460800_to_115200,ce_feat_1_kd,radar,20260920-184058-normal-11520,15,normal,0,0,True,True,0.7333669662475586,0.060139838606119156,0.06990435719490051,0.13658885657787323
460800_to_115200,ce_feat_1_kd,radar,20260920-184058-normal-11520,16,normal,0,0,True,True,0.8764020204544067,0.03128449618816376,0.06631378084421158,0.025999899953603745
460800_to_115200,ce_feat_1_kd,radar,20260920-184058-normal-11520,17,normal,0,0,True,True,0.8884312510490417,0.02728380635380745,0.06515565514564514,0.01912914775311947
460800_to_115200,ce_feat_1_kd,radar,20260920-184058-normal-11520,18,normal,0,0,True,True,0.8582676649093628,0.03629445284605026,0.07012253999710083,0.035315342247486115
460800_to_115200,ce_feat_1_kd,radar,20260920-184058-normal-11520,19,normal,0,0,True,True,0.8785949945449829,0.030832121148705482,0.06888582557439804,0.021687010303139687
460800_to_115200,ce_feat_1_kd,radar,20260920-184058-normal-11520,20,normal,0,0,True,True,0.8807390332221985,0.029546333476901054,0.07022757828235626,0.019487036392092705
460800_to_115200,ce_feat_1_kd,radar,20260920-184058-normal-11520,21,normal,0,0,True,True,0.8405617475509644,0.04110347852110863,0.07370202988386154,0.04463273659348488
460800_to_115200,ce_feat_1_kd,radar,20260920-184058-normal-11520,22,normal,0,0,True,True,0.8862311840057373,0.028137845918536186,0.06605083495378494,0.019579991698265076
460800_to_115200,ce_feat_1_kd,radar,20260920-184058-normal-11520,23,normal,0,0,True,True,0.8421652317047119,0.04028867185115814,0.07100247591733932,0.04654357209801674
460800_to_115200,ce_feat_1_kd,radar,20260920-184058-normal-11520,24,normal,0,0,True,True,0.873448371887207,0.032964032143354416,0.06456398963928223,0.029023656621575356
460800_to_115200,ce_feat_1_kd,radar,20260920-184058-normal-11520,25,normal,0,0,True,True,0.8856937289237976,0.028393428772687912,0.06568502634763718,0.020227814093232155
460800_to_115200,ce_feat_1_kd,radar,20260920-184058-normal-11520,26,normal,0,0,True,True,0.8850411772727966,0.028637664392590523,0.0638255700469017,0.022495487704873085
460800_to_115200,ce_feat_1_kd,radar,20260920-184058-normal-11520,27,normal,0,0,True,True,0.8718647360801697,0.03340005502104759,0.07196348160505295,0.02277185022830963
460800_to_115200,ce_feat_1_kd,radar,20260920-184058-normal-11520,28,normal,0,0,True,True,0.8829948902130127,0.02877059206366539,0.06676167994737625,0.021472720429301262
460800_to_115200,ce_feat_1_kd,radar,20260920-184058-normal-11520,29,normal,0,0,True,True,0.8603077530860901,0.0346989706158638,0.06531879305839539,0.03967449069023132
460800_to_115200,ce_feat_1_kd,radar,20260920-184058-normal-11520,30,normal,0,0,True,True,0.8800305724143982,0.02998889423906803,0.07021333277225494,0.019767306745052338
460800_to_115200,ce_feat_1_kd,radar,20260920-184058-normal-11520,31,normal,0,0,True,True,0.8817748427391052,0.029031183570623398,0.06896238029003143,0.02023152820765972
460800_to_115200,ce_feat_1_kd,radar,20260920-184058-normal-11520,32,normal,0,0,True,True,0.7625696063041687,0.05138915032148361,0.06883899122476578,0.11720229685306549
460800_to_115200,ce_feat_1_kd,radar,20260920-184058-normal-11520,33,normal,0,0,True,True,0.8826801180839539,0.030001528561115265,0.06754691153764725,0.019771303981542587
460800_to_115200,ce_feat_1_kd,radar,20260920-184058-normal-11520,34,normal,0,0,True,True,0.8854760527610779,0.028742367401719093,0.06655263155698776,0.01922902837395668
460800_to_115200,ce_feat_1_kd,radar,20260920-184058-normal-11520,35,normal,0,0,True,True,0.8609117865562439,0.034910064190626144,0.06644788384437561,0.03773025795817375
460800_to_115200,ce_feat_1_kd,radar,20260920-184058-normal-11520,36,normal,0,0,True,True,0.8751230239868164,0.03324051946401596,0.07045743614435196,0.02117900177836418
460800_to_115200,ce_feat_1_kd,radar,20260920-184058-normal-11520,37,normal,0,0,True,True,0.8699091672897339,0.033310215920209885,0.07037873566150665,0.02640184573829174
460800_to_115200,ce_feat_1_kd,radar,20260920-184058-normal-11520,38,normal,0,0,True,True,0.8814572095870972,0.029317785054445267,0.06842528283596039,0.02079961635172367
460800_to_115200,ce_feat_1_kd,radar,20260920-184058-normal-11520,39,normal,0,0,True,True,0.8593763709068298,0.03771332651376724,0.07122097909450531,0.03168938308954239
460800_to_115200,ce_feat_1_kd,radar,20260920-184058-normal-11520,40,normal,0,0,True,True,0.8834267854690552,0.029301220551133156,0.06859812140464783,0.018674083054065704
460800_to_115200,ce_feat_1_kd,radar,20260920-184058-normal-11520,41,normal,0,0,True,True,0.8678586483001709,0.032641321420669556,0.07444989681243896,0.025050142779946327
460800_to_115200,ce_feat_1_kd,radar,20260920-184058-normal-11520,42,normal,0,0,True,True,0.8678069114685059,0.03333678096532822,0.06953281909227371,0.029323536902666092
460800_to_115200,ce_feat_1_kd,radar,20260920-184058-normal-11520,43,normal,0,0,True,True,0.8863906860351562,0.02790951170027256,0.06635228544473648,0.019347690045833588
460800_to_115200,ce_feat_1_kd,radar,20260920-184058-normal-11520,44,normal,0,0,True,True,0.8728644847869873,0.032339490950107574,0.07154111564159393,0.02325483225286007
460800_to_115200,ce_feat_1_kd,radar,20260920-184058-normal-11520,45,normal,0,0,True,True,0.8831236362457275,0.02795650251209736,0.07135416567325592,0.01756555400788784
460800_to_115200,ce_feat_1_kd,radar,20260920-184058-normal-11520,46,normal,0,0,True,True,0.8685449957847595,0.034354742616415024,0.06868056207895279,0.02841988392174244
460800_to_115200,ce_feat_1_kd,radar,20260920-184058-normal-11520,47,normal,0,0,True,True,0.8820146918296814,0.029519882053136826,0.06727392971515656,0.021191595122218132
460800_to_115200,ce_feat_1_kd,radar,20260920-184058-normal-11520,48,normal,0,0,True,True,0.8873158097267151,0.027307691052556038,0.06806352734565735,0.017313119024038315
460800_to_115200,ce_feat_1_kd,radar,20260920-184058-normal-11520,49,normal,0,0,True,True,0.8859716057777405,0.028455518186092377,0.06502720713615417,0.020545635372400284
460800_to_115200,ce_feat_1_kd,radar,20260920-184058-normal-11520,50,normal,0,0,True,True,0.8883916735649109,0.027448853477835655,0.0662112832069397,0.017948245629668236
460800_to_115200,ce_feat_1_kd,radar,20260920-184058-normal-11520,51,normal,0,0,True,True,0.8794987201690674,0.029763011261820793,0.07140366733074188,0.019334524869918823
460800_to_115200,ce_feat_1_kd,radar,20260920-184058-normal-11520,52,normal,0,0,True,True,0.8731674551963806,0.03477012738585472,0.07000446319580078,0.022057948634028435
460800_to_115200,ce_feat_1_kd,radar,20260920-184058-normal-11520,53,normal,0,0,True,True,0.7951294183731079,0.06869395077228546,0.09955722838640213,0.03661942109465599
460800_to_115200,ce_feat_1_kd,radar,20260920-184058-normal-11520,54,normal,0,0,True,True,0.8881927132606506,0.027852144092321396,0.06439565867185593,0.019559506326913834
460800_to_115200,ce_feat_1_kd,radar,20260920-184058-normal-11520,55,normal,0,0,True,True,0.8893195390701294,0.027578959241509438,0.06540699303150177,0.017694441601634026
460800_to_115200,ce_feat_1_kd,radar,20260920-184058-normal-11520,56,normal,0,0,True,True,0.8815496563911438,0.029874568805098534,0.06739159673452377,0.02118399366736412
460800_to_115200,ce_feat_1_kd,radar,20260920-184058-normal-11520,57,normal,0,0,True,True,0.8700925707817078,0.033073652535676956,0.06715986132621765,0.02967383898794651
460800_to_115200,ce_feat_1_kd,radar,20260920-184058-normal-11520,58,normal,0,0,True,True,0.8885510563850403,0.026847727596759796,0.06765429675579071,0.01694689877331257
460800_to_115200,ce_feat_1_kd,radar,20260920-184058-normal-11520,59,normal,0,0,True,True,0.8801509737968445,0.02973780408501625,0.06812188029289246,0.021989483386278152
460800_to_115200,ce_feat_1_kd,radar,20260920-184058-normal-11520,60,normal,0,0,True,True,0.8843329548835754,0.028649339452385902,0.06894297897815704,0.018074961379170418
460800_to_115200,ce_feat_1_kd,radar,20260920-190512-outBroken-115200,109,outBroken,2,2,True,False,0.052987974137067795,0.024068867787718773,0.9033262133598328,0.019616948440670967
460800_to_115200,ce_feat_1_kd,radar,20260920-190512-outBroken-115200,110,outBroken,2,2,True,False,0.06250536441802979,0.029798515141010284,0.8840723633766174,0.023623745888471603
460800_to_115200,ce_feat_1_kd,radar,20260920-190512-outBroken-115200,111,outBroken,2,2,True,False,0.06107136607170105,0.028170151636004448,0.8874924182891846,0.023266073316335678
460800_to_115200,ce_feat_1_kd,radar,20260920-190512-outBroken-115200,112,outBroken,2,2,True,False,0.05337439849972725,0.02485833317041397,0.902061402797699,0.019705921411514282
460800_to_115200,ce_feat_1_kd,radar,20260920-190512-outBroken-115200,113,outBroken,2,2,True,False,0.0522894486784935,0.02454391121864319,0.9041147828102112,0.01905186101794243
460800_to_115200,ce_feat_1_kd,radar,20260920-190512-outBroken-115200,114,outBroken,2,2,True,False,0.058472029864788055,0.0284669678658247,0.8899983763694763,0.02306261658668518
460800_to_115200,ce_feat_1_kd,radar,20260920-190512-outBroken-115200,115,outBroken,2,2,True,False,0.057293567806482315,0.026217730715870857,0.8951545357704163,0.02133411541581154
460800_to_115200,ce_feat_1_kd,radar,20260920-190512-outBroken-115200,116,outBroken,2,2,True,False,0.055351562798023224,0.0259182658046484,0.8972660303115845,0.02146419882774353
460800_to_115200,ce_feat_1_kd,radar,20260920-190512-outBroken-115200,117,outBroken,2,2,True,False,0.052568044513463974,0.02511671371757984,0.9023166298866272,0.019998585805296898
460800_to_115200,ce_feat_1_kd,radar,20260920-190512-outBroken-115200,118,outBroken,2,2,True,False,0.05808204039931297,0.02778155356645584,0.8919552564620972,0.022181186825037003
460800_to_115200,ce_feat_1_kd,radar,20260920-190512-outBroken-115200,119,outBroken,2,2,True,False,0.07345448434352875,0.037135493010282516,0.8610769510269165,0.028333105146884918
460800_to_115200,ce_feat_1_kd,radar,20260920-190512-outBroken-115200,120,outBroken,2,2,True,False,0.07610830664634705,0.037807367742061615,0.8567822575569153,0.029302092269062996
460800_to_115200,ce_feat_1_kd,radar,20260920-190512-outBroken-115200,121,outBroken,2,2,True,False,0.05502132326364517,0.02510581910610199,0.8990976214408875,0.020775198936462402
460800_to_115200,ce_feat_1_kd,radar,20260920-190512-outBroken-115200,122,outBroken,2,2,True,False,0.055931784212589264,0.02673097513616085,0.8959996700286865,0.02133757621049881
460800_to_115200,ce_feat_1_kd,radar,20260920-190512-outBroken-115200,123,outBroken,2,2,True,False,0.05766284838318825,0.027682196348905563,0.8924068808555603,0.022248080000281334
460800_to_115200,ce_feat_1_kd,radar,20260920-190512-outBroken-115200,124,outBroken,2,2,True,False,0.056637056171894073,0.02779553458094597,0.8935285806655884,0.02203882299363613
460800_to_115200,ce_feat_1_kd,radar,20260920-190512-outBroken-115200,125,outBroken,2,2,True,False,0.057020753622055054,0.028228774666786194,0.8925745487213135,0.02217593416571617
460800_to_115200,ce_feat_1_kd,radar,20260920-190512-outBroken-115200,126,outBroken,2,2,True,False,0.05612054839730263,0.02595417946577072,0.8962227702140808,0.021702492609620094
460800_to_115200,ce_feat_1_kd,radar,20260920-190512-outBroken-115200,127,outBroken,2,2,True,False,0.05394424498081207,0.02688303403556347,0.8974687457084656,0.02170395851135254
460800_to_115200,ce_feat_1_kd,radar,20260920-190512-outBroken-115200,128,outBroken,2,2,True,False,0.049427732825279236,0.023146864026784897,0.9087368845939636,0.018688473850488663
460800_to_115200,ce_feat_1_kd,radar,20260920-190512-outBroken-115200,129,outBroken,2,2,True,False,0.054465726017951965,0.026492664590477943,0.8984894156455994,0.020552175119519234
460800_to_115200,ce_feat_1_kd,radar,20260920-190512-outBroken-115200,130,outBroken,2,2,True,False,0.05217418074607849,0.024365581572055817,0.9043182134628296,0.019142067059874535
460800_to_115200,ce_feat_1_kd,radar,20260920-190512-outBroken-115200,131,outBroken,2,2,True,False,0.06407133489847183,0.03648250922560692,0.8732545375823975,0.026191653683781624
460800_to_115200,ce_feat_1_kd,radar,20260920-190512-outBroken-115200,132,outBroken,2,2,True,False,0.06242109090089798,0.03128364309668541,0.8818533420562744,0.024441910907626152
460800_to_115200,ce_feat_1_kd,radar,20260920-190512-outBroken-115200,133,outBroken,2,2,True,False,0.056949637830257416,0.027749449014663696,0.8930400013923645,0.02226085774600506
460800_to_115200,ce_feat_1_kd,radar,20260920-190512-outBroken-115200,134,outBroken,2,2,True,False,0.058583129197359085,0.028816811740398407,0.8898707032203674,0.022729407995939255
460800_to_115200,ce_feat_1_kd,radar,20260920-190512-outBroken-115200,135,outBroken,2,2,True,False,0.05494289472699165,0.02675977721810341,0.8975311517715454,0.020766159519553185
460800_to_115200,ce_feat_1_kd,radar,20260920-190512-outBroken-115200,136,outBroken,2,2,True,False,0.05294879525899887,0.023314623162150383,0.9037677049636841,0.01996888965368271
460800_to_115200,ce_feat_1_kd,radar,20260920-190512-outBroken-115200,137,outBroken,2,2,True,False,0.05538884177803993,0.0272713303565979,0.8957493305206299,0.021590445190668106
460800_to_115200,ce_feat_1_kd,radar,20260920-190512-outBroken-115200,138,outBroken,2,2,True,False,0.05055762082338333,0.023812102153897285,0.9064708352088928,0.01915939524769783
460800_to_115200,ce_feat_1_kd,radar,20260920-190512-outBroken-115200,139,outBroken,2,2,True,False,0.05899782478809357,0.0281478613615036,0.8900700807571411,0.022784216329455376
460800_to_115200,ce_feat_1_kd,radar,20260920-190512-outBroken-115200,140,outBroken,2,2,True,False,0.04906848818063736,0.02276233397424221,0.9104164838790894,0.017752764746546745
460800_to_115200,ce_feat_1_kd,radar,20260920-190512-outBroken-115200,141,outBroken,2,2,True,False,0.06012498214840889,0.02994769997894764,0.8862913250923157,0.02363600954413414
460800_to_115200,ce_feat_1_kd,radar,20260920-190512-outBroken-115200,142,outBroken,2,2,True,False,0.05420234054327011,0.025543315336108208,0.8992426991462708,0.021011661738157272
460800_to_115200,ce_feat_1_kd,radar,20260920-190512-outBroken-115200,143,outBroken,2,2,True,False,0.0644238144159317,0.033763956278562546,0.8762984871864319,0.025513719767332077
460800_to_115200,ce_feat_1_kd,radar,20260920-190512-outBroken-115200,144,outBroken,2,2,True,False,0.05700097605586052,0.02830134704709053,0.891756534576416,0.022941064089536667
460800_to_115200,ce_feat_1_kd,radar,20260920-190512-outBroken-115200,145,outBroken,2,2,True,False,0.058973826467990875,0.029439693316817284,0.888611912727356,0.022974511608481407
460800_to_115200,ce_feat_1_kd,radar,20260920-190512-outBroken-115200,146,outBroken,2,2,True,False,0.0567668080329895,0.02788090705871582,0.8925989270210266,0.022753342986106873
460800_to_115200,ce_feat_1_kd,radar,20260920-190512-outBroken-115200,147,outBroken,2,2,True,False,0.055411212146282196,0.025655195116996765,0.8971660137176514,0.02176753059029579
460800_to_115200,ce_feat_1_kd,radar,20260920-190512-outBroken-115200,148,outBroken,2,2,True,False,0.055244702845811844,0.026684844866394997,0.8962914347648621,0.021779047325253487
460800_to_115200,ce_feat_1_kd,radar,20260920-190512-outBroken-115200,149,outBroken,2,2,True,False,0.053690388798713684,0.02727014198899269,0.898434042930603,0.02060539275407791
460800_to_115200,ce_feat_1_kd,radar,20260920-190512-outBroken-115200,150,outBroken,2,2,True,False,0.06290237605571747,0.03232204169034958,0.8797080516815186,0.025067515671253204
460800_to_115200,ce_feat_1_kd,radar,20260920-190512-outBroken-115200,151,outBroken,2,2,True,False,0.060147084295749664,0.03176243230700493,0.8830140233039856,0.02507656067609787
460800_to_115200,ce_feat_1_kd,radar,20260920-190512-outBroken-115200,152,outBroken,2,2,True,False,0.052684806287288666,0.024705741554498672,0.9017612934112549,0.020848160609602928
460800_to_115200,ce_feat_1_kd,radar,20260920-190512-outBroken-115200,153,outBroken,2,2,True,False,0.051000021398067474,0.02444007620215416,0.9053431749343872,0.019216740503907204
460800_to_115200,ce_feat_1_kd,radar,20260920-190512-outBroken-115200,154,outBroken,2,2,True,False,0.05444525554776192,0.025968831032514572,0.8988789319992065,0.02070700190961361
460800_to_115200,ce_feat_1_kd,radar,20260920-190512-outBroken-115200,155,outBroken,2,2,True,False,0.05994144827127457,0.02709365077316761,0.8900625705718994,0.02290235087275505
460800_to_115200,ce_feat_1_kd,radar,20260920-190512-outBroken-115200,156,outBroken,2,2,True,False,0.05713088437914848,0.028634166345000267,0.8922513127326965,0.021983647719025612
460800_to_115200,ce_feat_1_kd,radar,20260920-190512-outBroken-115200,157,outBroken,2,2,True,False,0.054460298269987106,0.02563600428402424,0.89873206615448,0.02117159776389599
460800_to_115200,ce_feat_1_kd,radar,20260920-190512-outBroken-115200,158,outBroken,2,2,True,False,0.05132465437054634,0.023613780736923218,0.9058921337127686,0.01916944608092308
460800_to_115200,ce_feat_1_kd,radar,20260920-192216-inBroken-115200,209,inBroken,1,1,True,True,0.08265174925327301,0.5721563696861267,0.3001801371574402,0.04501168802380562
460800_to_115200,ce_feat_1_kd,radar,20260920-192216-inBroken-115200,210,inBroken,1,1,True,True,0.0922473669052124,0.47884657979011536,0.37591293454170227,0.05299318581819534
460800_to_115200,ce_feat_1_kd,radar,20260920-192216-inBroken-115200,211,inBroken,1,1,True,True,0.05256105586886406,0.7692256569862366,0.14519135653972626,0.03302192687988281
460800_to_115200,ce_feat_1_kd,radar,20260920-192216-inBroken-115200,212,inBroken,1,1,True,True,0.07704298198223114,0.6658323407173157,0.2126014530658722,0.044523272663354874
460800_to_115200,ce_feat_1_kd,radar,20260920-192216-inBroken-115200,213,inBroken,1,1,True,True,0.06615778058767319,0.7245825529098511,0.16867846250534058,0.040581271052360535
460800_to_115200,ce_feat_1_kd,radar,20260920-192216-inBroken-115200,214,inBroken,1,1,True,True,0.04184501990675926,0.8360727429389954,0.09332840144634247,0.02875383384525776
460800_to_115200,ce_feat_1_kd,radar,20260920-192216-inBroken-115200,215,inBroken,1,1,True,True,0.05917030945420265,0.7576842904090881,0.14332713186740875,0.03981823846697807
460800_to_115200,ce_feat_1_kd,radar,20260920-192216-inBroken-115200,216,inBroken,1,1,True,True,0.04604177922010422,0.8187280297279358,0.10406392812728882,0.031166251748800278
460800_to_115200,ce_feat_1_kd,radar,20260920-192216-inBroken-115200,217,inBroken,1,1,True,True,0.037858184427022934,0.8474479913711548,0.08736144751310349,0.027332477271556854
460800_to_115200,ce_feat_1_kd,radar,20260920-192216-inBroken-115200,218,inBroken,1,1,True,True,0.11202625185251236,0.4951430857181549,0.3376772105693817,0.055153485387563705
460800_to_115200,ce_feat_1_kd,radar,20260920-192216-inBroken-115200,219,inBroken,1,1,True,True,0.036558084189891815,0.8548119068145752,0.08339469134807587,0.025235172361135483
460800_to_115200,ce_feat_1_kd,radar,20260920-192216-inBroken-115200,220,inBroken,1,1,True,True,0.07988538593053818,0.6407297253608704,0.2319086641073227,0.04747623950242996
460800_to_115200,ce_feat_1_kd,radar,20260920-192216-inBroken-115200,221,inBroken,1,1,True,True,0.06397437304258347,0.7180793881416321,0.174959197640419,0.042986903339624405
460800_to_115200,ce_feat_1_kd,radar,20260920-192216-inBroken-115200,222,inBroken,1,1,True,True,0.077756866812706,0.6735958456993103,0.203240305185318,0.0454070083796978
460800_to_115200,ce_feat_1_kd,radar,20260920-192216-inBroken-115200,223,inBroken,1,1,True,True,0.0411357507109642,0.8419318199157715,0.0873187705874443,0.02961374819278717
460800_to_115200,ce_feat_1_kd,radar,20260920-192216-inBroken-115200,224,inBroken,1,1,True,True,0.06981457769870758,0.6888514757156372,0.18774041533470154,0.053593460470438004
460800_to_115200,ce_feat_1_kd,radar,20260920-192216-inBroken-115200,225,inBroken,1,1,True,True,0.0443442277610302,0.8216893672943115,0.10408271849155426,0.02988359145820141
460800_to_115200,ce_feat_1_kd,radar,20260920-192216-inBroken-115200,226,inBroken,1,1,True,True,0.07023365795612335,0.6454901695251465,0.24046547710895538,0.0438106432557106
460800_to_115200,ce_feat_1_kd,radar,20260920-192216-inBroken-115200,227,inBroken,1,1,True,True,0.06281016767024994,0.7436280846595764,0.15503598749637604,0.03852584585547447
460800_to_115200,ce_feat_1_kd,radar,20260920-192216-inBroken-115200,228,inBroken,1,1,True,True,0.04850286990404129,0.8073345422744751,0.11204241961240768,0.032120127230882645
460800_to_115200,ce_feat_1_kd,radar,20260920-192216-inBroken-115200,229,inBroken,1,1,True,True,0.04799394682049751,0.8056814670562744,0.11331366747617722,0.033011019229888916
460800_to_115200,ce_feat_1_kd,radar,20260920-192216-inBroken-115200,230,inBroken,1,1,True,True,0.053463101387023926,0.7796216011047363,0.1307973712682724,0.036117833107709885
460800_to_115200,ce_feat_1_kd,radar,20260920-192216-inBroken-115200,231,inBroken,1,1,True,True,0.06780115514993668,0.7303149104118347,0.15746711194515228,0.04441669583320618
460800_to_115200,ce_feat_1_kd,radar,20260920-192216-inBroken-115200,232,inBroken,1,1,True,True,0.07713091373443604,0.655633270740509,0.22103652358055115,0.046199288219213486
460800_to_115200,ce_feat_1_kd,radar,20260920-192216-inBroken-115200,233,inBroken,1,1,True,True,0.052956655621528625,0.7792035937309265,0.13220998644828796,0.03562977910041809
460800_to_115200,ce_feat_1_kd,radar,20260920-192216-inBroken-115200,234,inBroken,1,1,True,True,0.05002458021044731,0.7871679067611694,0.12844620645046234,0.03436126187443733
460800_to_115200,ce_feat_1_kd,radar,20260920-192216-inBroken-115200,235,inBroken,1,1,True,True,0.04044130817055702,0.8512526154518127,0.08191351592540741,0.02639256790280342
460800_to_115200,ce_feat_1_kd,radar,20260920-192216-inBroken-115200,236,inBroken,1,1,True,True,0.03339147940278053,0.8660569787025452,0.07764574140310287,0.02290569245815277
460800_to_115200,ce_feat_1_kd,radar,20260920-192216-inBroken-115200,237,inBroken,1,1,True,True,0.03397650644183159,0.8670424222946167,0.07476860284805298,0.02421250380575657
460800_to_115200,ce_feat_1_kd,radar,20260920-192216-inBroken-115200,238,inBroken,1,1,True,True,0.04762904345989227,0.8233271837234497,0.09784679859876633,0.03119705058634281
460800_to_115200,ce_feat_1_kd,radar,20260920-192216-inBroken-115200,239,inBroken,1,1,True,True,0.05651998892426491,0.7730153799057007,0.13336840271949768,0.03709641471505165
460800_to_115200,ce_feat_1_kd,radar,20260920-192216-inBroken-115200,240,inBroken,1,1,True,True,0.03558412939310074,0.8604227304458618,0.07960297912359238,0.024390172213315964
460800_to_115200,ce_feat_1_kd,radar,20260920-192216-inBroken-115200,241,inBroken,1,1,True,True,0.04476863145828247,0.8315621614456177,0.09358178824186325,0.03008737415075302
460800_to_115200,ce_feat_1_kd,radar,20260920-192216-inBroken-115200,242,inBroken,1,1,True,True,0.05175089091062546,0.78654944896698,0.12457612156867981,0.037123631685972214
460800_to_115200,ce_feat_1_kd,radar,20260920-192216-inBroken-115200,243,inBroken,1,1,True,True,0.046430803835392,0.8275121450424194,0.09660644829273224,0.029450591653585434
460800_to_115200,ce_feat_1_kd,radar,20260920-192216-inBroken-115200,244,inBroken,1,1,True,True,0.03808484226465225,0.8447538614273071,0.08964014053344727,0.0275210440158844
460800_to_115200,ce_feat_1_kd,radar,20260920-192216-inBroken-115200,245,inBroken,1,1,True,True,0.04048050567507744,0.8400152325630188,0.0929902121424675,0.026514090597629547
460800_to_115200,ce_feat_1_kd,radar,20260920-192216-inBroken-115200,246,inBroken,1,1,True,True,0.06864657253026962,0.7162439227104187,0.17600160837173462,0.03910777345299721
460800_to_115200,ce_feat_1_kd,radar,20260920-192216-inBroken-115200,247,inBroken,1,1,True,True,0.10320203006267548,0.4608836770057678,0.3559386134147644,0.07997570931911469
460800_to_115200,ce_feat_1_kd,radar,20260920-192216-inBroken-115200,248,inBroken,1,1,True,True,0.03136686235666275,0.8758037686347961,0.07097217440605164,0.02185712940990925
460800_to_115200,ce_feat_1_kd,radar,20260920-192216-inBroken-115200,249,inBroken,1,1,True,True,0.03478553146123886,0.8649624586105347,0.07595115154981613,0.024300917983055115
460800_to_115200,ce_feat_1_kd,radar,20260920-192216-inBroken-115200,250,inBroken,1,1,True,True,0.029307393357157707,0.8839554786682129,0.06388837844133377,0.02284875325858593
460800_to_115200,ce_feat_1_kd,radar,20260920-192216-inBroken-115200,251,inBroken,1,1,True,True,0.06276822090148926,0.745853066444397,0.14950791001319885,0.04187079519033432
460800_to_115200,ce_feat_1_kd,radar,20260920-192216-inBroken-115200,252,inBroken,1,1,True,True,0.0691351667046547,0.7086300253868103,0.17582261562347412,0.046412143856287
460800_to_115200,ce_feat_1_kd,radar,20260920-192216-inBroken-115200,253,inBroken,1,1,True,True,0.03006998635828495,0.8783841133117676,0.06954656541347504,0.02199930138885975
460800_to_115200,ce_feat_1_kd,radar,20260920-192216-inBroken-115200,254,inBroken,1,1,True,True,0.033355627208948135,0.8685856461524963,0.07510755956172943,0.02295111119747162
460800_to_115200,ce_feat_1_kd,radar,20260920-192216-inBroken-115200,255,inBroken,1,1,True,True,0.041579023003578186,0.8340506553649902,0.0946928933262825,0.029677456244826317
460800_to_115200,ce_feat_1_kd,radar,20260920-192216-inBroken-115200,256,inBroken,1,1,True,True,0.04001612216234207,0.8311881422996521,0.10205697268247604,0.02673875354230404
460800_to_115200,ce_feat_1_kd,radar,20260920-192216-inBroken-115200,257,inBroken,1,1,True,True,0.037829603999853134,0.8496001362800598,0.08468663692474365,0.02788354828953743
460800_to_115200,ce_feat_1_kd,radar,20260920-192216-inBroken-115200,258,inBroken,1,1,True,True,0.05741896852850914,0.7735211253166199,0.1302156150341034,0.03884431719779968
460800_to_115200,ce_feat_1_kd,radar,20260920-193718-roll-115200,310,roll,3,3,True,True,0.17191241681575775,0.060041818767786026,0.0267065167427063,0.7413392663002014
460800_to_115200,ce_feat_1_kd,radar,20260920-193718-roll-115200,311,roll,3,3,True,True,0.22984959185123444,0.06473271548748016,0.03334183618426323,0.6720758676528931
460800_to_115200,ce_feat_1_kd,radar,20260920-193718-roll-115200,312,roll,3,3,True,True,0.4183030128479004,0.07951058447360992,0.056598763912916183,0.445587694644928
460800_to_115200,ce_feat_1_kd,radar,20260920-193718-roll-115200,313,roll,3,3,True,True,0.16481557488441467,0.05837884545326233,0.027595974504947662,0.7492096424102783
460800_to_115200,ce_feat_1_kd,radar,20260920-193718-roll-115200,314,roll,3,3,True,True,0.21148477494716644,0.06499440968036652,0.03568226844072342,0.6878384947776794
460800_to_115200,ce_feat_1_kd,radar,20260920-193718-roll-115200,315,roll,3,0,False,True,0.6862890124320984,0.06577412784099579,0.07461541146039963,0.17332136631011963
460800_to_115200,ce_feat_1_kd,radar,20260920-193718-roll-115200,316,roll,3,3,True,True,0.13049274682998657,0.05158346891403198,0.02226315625011921,0.7956606149673462
460800_to_115200,ce_feat_1_kd,radar,20260920-193718-roll-115200,317,roll,3,3,True,True,0.07281576097011566,0.05025315657258034,0.01464905310422182,0.8622819781303406
460800_to_115200,ce_feat_1_kd,radar,20260920-193718-roll-115200,318,roll,3,3,True,True,0.03683670237660408,0.032028377056121826,0.006473149172961712,0.9246618151664734
460800_to_115200,ce_feat_1_kd,radar,20260920-193718-roll-115200,319,roll,3,3,True,True,0.09511958807706833,0.0426824614405632,0.013753478415310383,0.848444402217865
460800_to_115200,ce_feat_1_kd,radar,20260920-193718-roll-115200,320,roll,3,3,True,True,0.03835475072264671,0.03179490566253662,0.0069769504480063915,0.9228734374046326
460800_to_115200,ce_feat_1_kd,radar,20260920-193718-roll-115200,321,roll,3,3,True,True,0.1573907434940338,0.05834528058767319,0.023368410766124725,0.7608955502510071
460800_to_115200,ce_feat_1_kd,radar,20260920-193718-roll-115200,322,roll,3,3,True,True,0.3509434163570404,0.09647268056869507,0.07436218112707138,0.478221595287323
460800_to_115200,ce_feat_1_kd,radar,20260920-193718-roll-115200,323,roll,3,3,True,True,0.069205142557621,0.04742938652634621,0.01359312329441309,0.8697723746299744
460800_to_115200,ce_feat_1_kd,radar,20260920-193718-roll-115200,324,roll,3,3,True,True,0.08045433461666107,0.05800536647439003,0.020354121923446655,0.8411862254142761
460800_to_115200,ce_feat_1_kd,radar,20260920-193718-roll-115200,325,roll,3,3,True,True,0.07461658120155334,0.048780862241983414,0.01581081561744213,0.8607916831970215
460800_to_115200,ce_feat_1_kd,radar,20260920-193718-roll-115200,326,roll,3,3,True,True,0.030161427333950996,0.02676057256758213,0.004916606470942497,0.9381614327430725
460800_to_115200,ce_feat_1_kd,radar,20260920-193718-roll-115200,327,roll,3,3,True,True,0.06147269159555435,0.040830742567777634,0.01108813751488924,0.8866084814071655
460800_to_115200,ce_feat_1_kd,radar,20260920-193718-roll-115200,328,roll,3,3,True,True,0.030434338375926018,0.031259141862392426,0.005835536401718855,0.932470977306366
460800_to_115200,ce_feat_1_kd,radar,20260920-193718-roll-115200,329,roll,3,3,True,True,0.03214510157704353,0.029580706730484962,0.005635377485305071,0.9326388835906982
460800_to_115200,ce_feat_1_kd,radar,20260920-193718-roll-115200,330,roll,3,3,True,True,0.028612200170755386,0.02751142717897892,0.005158758256584406,0.9387177228927612
460800_to_115200,ce_feat_1_kd,radar,20260920-193718-roll-115200,331,roll,3,3,True,True,0.027310073375701904,0.02637360244989395,0.004623755346983671,0.9416927099227905
460800_to_115200,ce_feat_1_kd,radar,20260920-193718-roll-115200,332,roll,3,3,True,True,0.02933157980442047,0.02724272944033146,0.0048127733170986176,0.9386128783226013
460800_to_115200,ce_feat_1_kd,radar,20260920-193718-roll-115200,333,roll,3,3,True,True,0.034122638404369354,0.03072345443069935,0.006108557805418968,0.9290454387664795
460800_to_115200,ce_feat_1_kd,radar,20260920-193718-roll-115200,334,roll,3,3,True,True,0.045086927711963654,0.03830758109688759,0.007877068594098091,0.9087284207344055
460800_to_115200,ce_feat_1_kd,radar,20260920-193718-roll-115200,335,roll,3,3,True,True,0.03133663535118103,0.027001027017831802,0.005060654599219561,0.9366016983985901
460800_to_115200,ce_feat_1_kd,radar,20260920-193718-roll-115200,336,roll,3,3,True,True,0.026533454656600952,0.02882288582623005,0.004713023081421852,0.9399306774139404
460800_to_115200,ce_feat_1_kd,radar,20260920-193718-roll-115200,337,roll,3,3,True,True,0.04115348309278488,0.03299514576792717,0.007359249982982874,0.9184920787811279
460800_to_115200,ce_feat_1_kd,radar,20260920-193718-roll-115200,338,roll,3,3,True,True,0.03748220577836037,0.03164120018482208,0.00656913174316287,0.9243075251579285
460800_to_115200,ce_feat_1_kd,radar,20260920-193718-roll-115200,339,roll,3,3,True,True,0.02882387861609459,0.027870293706655502,0.004927910398691893,0.938377857208252
460800_to_115200,ce_feat_1_kd,radar,20260920-193718-roll-115200,340,roll,3,3,True,True,0.028095724061131477,0.02662372775375843,0.004838641732931137,0.9404420256614685
460800_to_115200,ce_feat_1_kd,radar,20260920-193718-roll-115200,341,roll,3,3,True,True,0.02928382158279419,0.026541031897068024,0.00489680515602231,0.9392784833908081
460800_to_115200,ce_feat_1_kd,radar,20260920-193718-roll-115200,342,roll,3,3,True,True,0.035991452634334564,0.03093673102557659,0.005922767799347639,0.9271490573883057
460800_to_115200,ce_feat_1_kd,radar,20260920-193718-roll-115200,343,roll,3,3,True,True,0.03145377337932587,0.031619537621736526,0.0054486594162881374,0.9314780831336975
460800_to_115200,ce_feat_1_kd,radar,20260920-193718-roll-115200,344,roll,3,3,True,True,0.028087960556149483,0.029400277882814407,0.0048824031837284565,0.937629222869873
460800_to_115200,ce_feat_1_kd,radar,20260920-193718-roll-115200,345,roll,3,3,True,True,0.02419225499033928,0.02509261481463909,0.004188853316009045,0.9465262293815613
460800_to_115200,ce_feat_1_kd,radar,20260920-193718-roll-115200,346,roll,3,3,True,True,0.049117784947156906,0.036678094416856766,0.008331232704222202,0.9058730006217957
460800_to_115200,ce_feat_1_kd,radar,20260920-193718-roll-115200,347,roll,3,3,True,True,0.0513620488345623,0.03992394730448723,0.009710140526294708,0.8990038633346558
460800_to_115200,ce_feat_1_kd,radar,20260920-193718-roll-115200,348,roll,3,3,True,True,0.027608001604676247,0.026874080300331116,0.004748465958982706,0.9407693147659302
460800_to_115200,ce_feat_1_kd,radar,20260920-193718-roll-115200,349,roll,3,3,True,True,0.029623622074723244,0.027653858065605164,0.005003786645829678,0.9377186894416809
460800_to_115200,ce_feat_1_kd,radar,20260920-193718-roll-115200,350,roll,3,3,True,True,0.03934187442064285,0.03520331531763077,0.007378319278359413,0.9180765748023987
460800_to_115200,ce_feat_1_kd,radar,20260920-193718-roll-115200,351,roll,3,3,True,True,0.028145644813776016,0.025893017649650574,0.004541747272014618,0.9414196610450745
460800_to_115200,ce_feat_1_kd,radar,20260920-193718-roll-115200,352,roll,3,3,True,True,0.025243306532502174,0.02656129002571106,0.004441323224455118,0.9437541365623474
460800_to_115200,ce_feat_1_kd,radar,20260920-193718-roll-115200,353,roll,3,3,True,True,0.20496557652950287,0.07406666874885559,0.03917544707655907,0.6817923784255981
460800_to_115200,ce_feat_1_kd,radar,20260920-193718-roll-115200,354,roll,3,3,True,True,0.027066556736826897,0.024501511827111244,0.004361968953162432,0.9440699219703674
460800_to_115200,ce_feat_1_kd,radar,20260920-193718-roll-115200,355,roll,3,3,True,True,0.03378452733159065,0.032399725168943405,0.005883367732167244,0.9279323220252991
460800_to_115200,ce_feat_1_kd,radar,20260920-193718-roll-115200,356,roll,3,3,True,True,0.02617906779050827,0.025864023715257645,0.00442257197573781,0.943534255027771
460800_to_115200,ce_feat_1_kd,radar,20260920-193718-roll-115200,357,roll,3,3,True,True,0.02929597720503807,0.028214117512106895,0.005084766075015068,0.9374052286148071
460800_to_115200,ce_feat_1_kd,radar,20260920-193718-roll-115200,358,roll,3,3,True,True,0.02825000509619713,0.02612219750881195,0.004690925125032663,0.940936803817749
460800_to_115200,ce_feat_1_kd,radar,20260920-193718-roll-115200,359,roll,3,3,True,True,0.028968269005417824,0.02805163338780403,0.005183400120586157,0.9377967119216919
460800_to_115200,ce_feat_1_kd,radar,20260920-193718-roll-115200,360,roll,3,3,True,True,0.029994402080774307,0.026744157075881958,0.004836082458496094,0.9384254217147827
