global_row,axis,file,window_row,bag_id,state,label,baud,dc,ac_rms,peak_to_peak,minimum,maximum,pearson_kurtosis,crest_factor,zero_step_fraction,longest_constant_run,observed_boundary_fraction,observed_boundary_run,min_value_repeat_fraction,max_value_repeat_fraction,dominant_10_100_peak_hz,quarter_peak_span_hz,quarter_rms_cv,energy_0_5_fraction,energy_5_100_fraction,energy_100_800_fraction,energy_800_1800_fraction,energy_1800_2000_fraction
0,x,2026_9_20_18-41-41-normal-115200.npz,0,20260920-184058-normal-11520,normal,0,115200,-0.07696644501254195,0.34593478832184354,1.5525720119476318,-0.8815720081329346,0.6710000038146973,1.824899292689352,2.3258879716133682,0.00025006251562890725,2,0.0,0,0.00025,0.00025,33.0,0.0,0.025654861761698518,2.084889906576564e-06,0.0005293247388676696,0.9475208077153483,0.05101857672618741,0.0009292059296897839
0,y,2026_9_20_18-41-41-normal-115200.npz,0,20260920-184058-normal-11520,normal,0,115200,-0.050073054736247284,0.1593167394930404,1.2176819443702698,-0.6536759734153748,0.564005970954895,3.2930670998018794,3.8544538862971627,0.0005001250312578145,2,0.0,0,0.00025,0.00025,33.0,36.0,0.06411456162577377,1.5731417692089808e-05,0.007364169563738617,0.9205575680660247,0.06479665252930052,0.007265878423244249
0,z,2026_9_20_18-41-41-normal-115200.npz,0,20260920-184058-normal-11520,normal,0,115200,-0.9117842320320196,0.2790286945178838,1.840248053893447,-1.8097480535507202,0.030500000342726707,2.5654486163099546,3.3770155216575852,0.00025006251562890725,2,0.0,0,0.00025,0.00025,33.0,0.0,0.023527752337656804,8.205694965378035e-06,0.0026295171338802477,0.6856928390810222,0.2962845876232742,0.015384850466857749
1,x,2026_9_20_18-41-41-normal-115200.npz,1,20260920-184058-normal-11520,normal,0,115200,-0.07763660626084311,0.3487001959554593,1.8081009984016418,-1.0136979818344116,0.7944030165672302,1.8361024137706772,2.684430311284181,0.0,1,0.0,0,0.00025,0.00025,33.0,0.0,0.021864745263955942,2.2491213236287633e-06,0.0006292729905142192,0.9402006513124016,0.058253450657582764,0.000914375918177098
1,y,2026_9_20_18-41-41-normal-115200.npz,1,20260920-184058-normal-11520,normal,0,115200,-0.04995117687870516,0.16145895644322905,1.193953037261963,-0.6608740091323853,0.5330790281295776,3.378484817501883,3.7837655198055735,0.0,1,0.0,0,0.00025,0.00025,33.0,36.0,0.04465881401483661,2.8142129046460566e-05,0.006321148972268859,0.9121377736125287,0.0743487109414869,0.00716422434466928
1,z,2026_9_20_18-41-41-normal-115200.npz,1,20260920-184058-normal-11520,normal,0,115200,-0.9104941737111658,0.2793552830118104,1.7215420380234718,-1.8115780353546143,-0.09003599733114243,2.5342393785744273,3.225583751016275,0.0,1,0.0,0,0.00025,0.00025,33.0,0.0,0.0265390491074378,2.2700544430819234e-05,0.0017962048865003035,0.6893045631261273,0.2908479131742937,0.018028618268647326
2,x,2026_9_20_18-41-41-normal-115200.npz,2,20260920-184058-normal-11520,normal,0,115200,-0.07807133806898492,0.349578070619585,1.7273979783058167,-0.9433040022850037,0.784093976020813,1.8295920862205737,2.475077062707332,0.0,1,0.0,0,0.00025,0.00025,33.0,0.0,0.019147682306300498,3.0470609652124496e-06,0.0005653267754141077,0.9400415897644663,0.058519482077159984,0.0008705543219940386
2,y,2026_9_20_18-41-41-normal-115200.npz,2,20260920-184058-normal-11520,normal,0,115200,-0.0496359286965453,0.16500340977047878,1.1785200238227844,-0.6256160140037537,0.5529040098190308,3.234105811530257,3.6516817401150345,0.0005001250312578145,2,0.0,0,0.00025,0.00025,33.0,32.0,0.06166499870244528,4.383779186079564e-05,0.006540598644252144,0.9131170370892457,0.07325448789261767,0.007044038582023778
2,z,2026_9_20_18-41-41-normal-115200.npz,2,20260920-184058-normal-11520,normal,0,115200,-0.9096665868898853,0.28506743329633794,1.949316032230854,-1.859768033027649,0.08954799920320511,2.624646759685432,3.5051867361305025,0.0005001250312578145,2,0.0,0,0.00025,0.00025,33.0,0.0,0.02594426384072295,1.447368060941689e-05,0.0023938723149824355,0.6817843448512395,0.30148094438516965,0.014326364767999599
3,x,2026_9_20_18-41-41-normal-115200.npz,3,20260920-184058-normal-11520,normal,0,115200,-0.07734116789681139,0.3519148757275806,1.6266869902610779,-0.9259189963340759,0.700767993927002,1.8295241671074556,2.4113155963721,0.00025006251562890725,2,0.0,0,0.00025,0.00025,33.0,0.0,0.01621760759992382,1.8146450487466959e-06,0.0006619635766246916,0.9451618919745151,0.053380559893171656,0.0007937699106403954
3,y,2026_9_20_18-41-41-normal-115200.npz,3,20260920-184058-normal-11520,normal,0,115200,-0.04995174083882011,0.16325875779577645,1.1901099681854248,-0.6408659815788269,0.5492439866065979,3.2306332235993356,3.670221037666865,0.0,1,0.0,0,0.00025,0.00025,66.0,36.0,0.03984604825529185,2.6200562350979097e-05,0.007135232246804347,0.9167798263669015,0.06854605908137767,0.007512681742566629
3,z,2026_9_20_18-41-41-normal-115200.npz,3,20260920-184058-normal-11520,normal,0,115200,-0.9111019324308727,0.28549053340022057,1.8204839527606964,-1.8031599521636963,0.017324000597000122,2.6183732430592452,3.2520375438380666,0.0,1,0.0,0,0.00025,0.00025,33.0,0.0,0.032004838250297304,7.285866972214103e-06,0.0024457430108323157,0.6890169022602348,0.29553906190351514,0.0129910069584448
4,x,2026_9_20_18-41-41-normal-115200.npz,4,20260920-184058-normal-11520,normal,0,115200,-0.07731632591842208,0.3491210965074588,1.6928719878196716,-0.9616039991378784,0.7312679886817932,1.8210726488410045,2.532896699929344,0.0,1,0.0,0,0.00025,0.00025,33.0,0.0,0.018699075633310504,2.7389905634935235e-06,0.000676311103492508,0.9429394662325136,0.055569651923519384,0.0008118317499112989
4,y,2026_9_20_18-41-41-normal-115200.npz,4,20260920-184058-normal-11520,normal,0,115200,-0.04955993801855948,0.16128414615732137,1.1721760034561157,-0.6195160150527954,0.5526599884033203,3.2320473073540508,3.733906529377392,0.0,1,0.0,0,0.00025,0.00025,66.0,36.0,0.05307001470541634,9.229937539576946e-06,0.006162187326570268,0.9074730407159121,0.07722019809159332,0.009135343928383437
4,z,2026_9_20_18-41-41-normal-115200.npz,4,20260920-184058-normal-11520,normal,0,115200,-0.9096405857224017,0.2819445032300891,1.80962597951293,-1.780040979385376,0.02958500012755394,2.5364553690152536,3.331242762635003,0.0,1,0.0,0,0.00025,0.00025,33.0,0.0,0.010274727449608693,3.72397287272859e-05,0.0018822319642397562,0.6865314417012518,0.296810224872335,0.014738861733447267
5,x,2026_9_20_18-41-41-normal-115200.npz,5,20260920-184058-normal-11520,normal,0,115200,-0.07743480298185022,0.3482198206918512,1.71983402967453,-0.9279320240020752,0.7919020056724548,1.8367965450158117,2.496517306014019,0.0,1,0.0,0,0.00025,0.00025,33.0,0.0,0.03272357373886775,2.9368835777930336e-06,0.0006103277434436964,0.9441636504927077,0.05429354412210145,0.0009295407581691254
5,y,2026_9_20_18-41-41-normal-115200.npz,5,20260920-184058-normal-11520,normal,0,115200,-0.04956768494710559,0.16279686508349828,1.2589179873466492,-0.6986939907073975,0.5602239966392517,3.495947424088937,3.9873391015690376,0.00025006251562890725,2,0.0,0,0.00025,0.00025,66.0,36.0,0.07105689172369604,2.2785531686773475e-05,0.006383552925398649,0.907707269858993,0.07815883773615766,0.00772755394776376
5,z,2026_9_20_18-41-41-normal-115200.npz,5,20260920-184058-normal-11520,normal,0,115200,-0.9100096511784941,0.2790343569407015,1.8109069503843784,-1.8333549499511719,-0.022447999566793442,2.59295782602716,3.30907386780654,0.0,1,0.0,0,0.00025,0.00025,33.0,0.0,0.020229661168501008,2.413351538605844e-05,0.002081236954774772,0.6974075066918132,0.2807621622218299,0.019724960616196392
6,x,2026_9_20_18-41-41-normal-115200.npz,6,20260920-184058-normal-11520,normal,0,115200,-0.07708926857507321,0.35860611303963097,1.6679230332374573,-0.9445850253105164,0.7233380079269409,1.8008125642575679,2.419076879036841,0.0,1,0.0,0,0.00025,0.00025,33.0,0.0,0.024808307879176577,4.438420468539425e-06,0.0005933887799992906,0.9413655639567383,0.057202945746551125,0.0008336630962421631
6,y,2026_9_20_18-41-41-normal-115200.npz,6,20260920-184058-normal-11520,normal,0,115200,-0.04952426826074952,0.1708967933849659,1.251475989818573,-0.6858839988708496,0.5655919909477234,3.4106436466067014,3.723649332475315,0.0005001250312578145,2,0.0,0,0.00025,0.00025,33.0,36.0,0.04970450535577469,3.504380588814437e-05,0.008330470736230706,0.9042749452361157,0.07964982288717,0.007709717334594474
6,z,2026_9_20_18-41-41-normal-115200.npz,6,20260920-184058-normal-11520,normal,0,115200,-0.9111404230911284,0.28534535831213925,1.9211339503526688,-1.8486659526824951,0.07246799767017365,2.5490570996386306,3.447080501254669,0.0,1,0.0,0,0.00025,0.00025,33.0,0.0,0.030154774196616618,4.164551643035065e-05,0.0026859003189421437,0.6756305406922475,0.3065704594456092,0.015071454026770669
7,x,2026_9_20_18-48-45-normal-460800.npz,0,20260920-184857-normal-460800,normal,0,460800,-0.07740788707084721,0.37605056282508775,1.7627779841423035,-0.937936007976532,0.8248419761657715,1.7763162264177454,2.3992780557445457,0.0,1,0.0,0,0.00025,0.00025,33.0,0.0,0.012380546235708285,2.777060753743675e-06,0.0005617560260135848,0.9591487762406815,0.039630819598802935,0.0006558710737486451
7,y,2026_9_20_18-48-45-normal-460800.npz,0,20260920-184857-normal-460800,normal,0,460800,-0.05031464520841837,0.16578938892683232,1.2489140033721924,-0.6445260047912598,0.6043879985809326,3.1752802350965887,3.949002092518058,0.00025006251562890725,2,0.0,0,0.00025,0.00025,66.0,4.0,0.06428957887897405,1.5908976321737653e-05,0.00839867967312508,0.8971479176741726,0.0872233170983998,0.007214176577980437
7,z,2026_9_20_18-48-45-normal-460800.npz,0,20260920-184857-normal-460800,normal,0,460800,-0.90943680064613,0.28833874057452025,1.9965909719467163,-1.863793969154358,0.1327970027923584,2.513153339874321,3.61461592487301,0.0,1,0.0,0,0.00025,0.00025,33.0,20.0,0.019713232741707505,1.253195631958545e-05,0.002229091760663253,0.7268239927044788,0.2564175626220272,0.014516820956511994
8,x,2026_9_20_18-48-45-normal-460800.npz,1,20260920-184857-normal-460800,normal,0,460800,-0.0786080769005348,0.37956629924077323,1.6618229746818542,-0.9263460040092468,0.7354769706726074,1.7692388576676377,2.233438344775071,0.00025006251562890725,2,0.0,0,0.00025,0.00025,33.0,0.0,0.015632289664467093,9.628587429517178e-06,0.0005962003755962908,0.9520835084377306,0.046544159584278044,0.0007665030149647927
8,y,2026_9_20_18-48-45-normal-460800.npz,1,20260920-184857-normal-460800,normal,0,460800,-0.05089501457684673,0.16975179400061777,1.2115820050239563,-0.7030860185623169,0.5084959864616394,3.245704386817677,3.84202716575176,0.0,1,0.0,0,0.00025,0.00025,66.0,0.0,0.05519346940944559,3.659810857037568e-05,0.008624323706534986,0.8956814820692757,0.08822371279811358,0.0074338833175060974
8,z,2026_9_20_18-48-45-normal-460800.npz,1,20260920-184857-normal-460800,normal,0,460800,-0.9097744500626577,0.2882955229914215,1.8705650237388909,-1.8762990236282349,-0.005733999889343977,2.42920787039744,3.352547981101798,0.0,1,0.0,0,0.00025,0.00025,33.0,0.0,0.005653853840565964,4.1637869323596915e-05,0.0018193114002646629,0.7000216274784594,0.2826440144098742,0.015473408842077062
9,x,2026_9_20_18-48-45-normal-460800.npz,2,20260920-184857-normal-460800,normal,0,460800,-0.07816177036066074,0.37300214474488064,1.665848970413208,-0.8951749801635742,0.7706739902496338,1.7618767894999143,2.2756860049447334,0.00025006251562890725,2,0.0,0,0.00025,0.00025,33.0,0.0,0.018784201564807375,3.398081334252746e-06,0.0005948007380477173,0.9549357211425313,0.043777709861741766,0.0006883701763445041
9,y,2026_9_20_18-48-45-normal-460800.npz,2,20260920-184857-normal-460800,normal,0,460800,-0.04991710826900089,0.17022997322714772,1.2703860402107239,-0.7234600186347961,0.5469260215759277,3.256365893379967,3.956664608453224,0.0,1,0.0,0,0.00025,0.00025,66.0,4.0,0.042927177731093606,3.165467091865476e-05,0.010275275608131164,0.8875390943899636,0.09437707592971023,0.007776899401277393
9,z,2026_9_20_18-48-45-normal-460800.npz,2,20260920-184857-normal-460800,normal,0,460800,-0.908516036122106,0.28907225749896265,1.7061700336635113,-1.7422820329666138,-0.03611199930310249,2.4274334024431723,3.0179445248983607,0.0,1,0.0,0,0.00025,0.00025,33.0,0.0,0.005581888295830671,4.8587243561926474e-05,0.002146301724288995,0.6945026388985894,0.28812932177701395,0.015173150356545723
10,x,2026_9_20_18-48-45-normal-460800.npz,3,20260920-184857-normal-460800,normal,0,460800,-0.0779795634241309,0.3796350271910884,1.6507819890975952,-0.8901119828224182,0.760670006275177,1.752359632352672,2.2090942869641363,0.0,1,0.0,0,0.00025,0.00025,33.0,0.0,0.010970645875389729,4.176335705440725e-06,0.000618547661181401,0.9523795645918554,0.0462886013805515,0.0007091100307057831
10,y,2026_9_20_18-48-45-normal-460800.npz,3,20260920-184857-normal-460800,normal,0,460800,-0.050434998233627994,0.16714729018201782,1.1979179978370667,-0.6583120226860046,0.539605975151062,3.213980858285491,3.6367746302702177,0.00025006251562890725,2,0.0,0,0.00025,0.00025,66.0,0.0,0.04916891952912,3.882233132957546e-05,0.010358819855533354,0.894390551387982,0.08804180588565338,0.0071700005395005885
10,z,2026_9_20_18-48-45-normal-460800.npz,3,20260920-184857-normal-460800,normal,0,460800,-0.9101892955987714,0.28607648199235375,1.7985240537673235,-1.8240220546722412,-0.025498000904917717,2.414417663312765,3.194365201603307,0.0,1,0.0,0,0.00025,0.00025,33.0,0.0,0.007865485468562033,1.5949522263399038e-05,0.0019934981536803113,0.6906889524746989,0.2940702819681094,0.013231317881249286
11,x,2026_9_20_18-48-45-normal-460800.npz,4,20260920-184857-normal-460800,normal,0,460800,-0.07811521226359765,0.37844196190606666,1.762045979499817,-0.9918599724769592,0.7701860070228577,1.7591639829950916,2.4144911299243366,0.00025006251562890725,2,0.0,0,0.00025,0.00025,33.0,0.0,0.01648675125523253,4.678335299064056e-06,0.0006002833050558122,0.959768029413233,0.03885207271440582,0.000774936232005684
11,y,2026_9_20_18-48-45-normal-460800.npz,4,20260920-184857-normal-460800,normal,0,460800,-0.05055859946843702,0.16926782197587528,1.385554015636444,-0.7600600123405457,0.6254940032958984,3.288007497135482,4.191590608244664,0.0,1,0.0,0,0.00025,0.00025,66.0,0.0,0.04786964552445057,2.181342180722077e-05,0.011115085984023734,0.8913372252422291,0.09098129624148742,0.0065445791104509505
11,z,2026_9_20_18-48-45-normal-460800.npz,4,20260920-184857-normal-460800,normal,0,460800,-0.9095164049351588,0.2891108853361275,1.7658280096948147,-1.8140180110931396,-0.048190001398324966,2.476210197182587,3.128562956411637,0.0,1,0.0,0,0.00025,0.00025,33.0,0.0,0.014031077053145548,3.842241403879903e-05,0.002848907674293257,0.721071875676589,0.26369586320639504,0.012344931028684699
12,x,2026_9_20_18-48-45-normal-460800.npz,5,20260920-184857-normal-460800,normal,0,460800,-0.07737999456009129,0.3750242684855755,1.6710950136184692,-0.8606489896774292,0.81044602394104,1.7646719098968457,2.367382841879417,0.00025006251562890725,2,0.0,0,0.00025,0.00025,33.0,0.0,0.007796139441169159,2.281131492484232e-06,0.0006144064919714389,0.9551393086228592,0.04343656286880326,0.000807440884874066
12,y,2026_9_20_18-48-45-normal-460800.npz,5,20260920-184857-normal-460800,normal,0,460800,-0.049742007674649355,0.1645512064364958,1.1733960211277008,-0.6785640120506287,0.49483200907707214,3.270193847460551,3.821436609270055,0.0,1,0.0,0,0.00025,0.00025,66.0,0.0,0.0337677432109543,1.628111851440101e-05,0.008718558599363276,0.8970990915620061,0.08735855888414029,0.006807509835977228
12,z,2026_9_20_18-48-45-normal-460800.npz,5,20260920-184857-normal-460800,normal,0,460800,-0.9096057387115434,0.2898662259587533,1.7010460309684277,-1.732766032218933,-0.03172000125050545,2.4234966422058197,3.028589255465579,0.0,1,0.0,0,0.00025,0.00025,33.0,0.0,0.02341597307871503,1.2169063081808225e-05,0.0019198319828641248,0.7194704573089651,0.265664041207729,0.012933500437361087
13,x,2026_9_20_19-05-05-outBroken-115200.npz,0,20260920-190512-outBroken-115200,outBroken,2,115200,-0.0764347385026631,0.37981204109150846,1.7324609756469727,-0.9171350002288818,0.8153259754180908,1.8589705429118792,2.3479000596137003,0.0,1,0.0,0,0.00025,0.00025,33.0,0.0,0.015700420362624073,0.00010351597753395604,0.0016329444558079752,0.9612667332265017,0.03612392353312543,0.0008728828070319868
13,y,2026_9_20_19-05-05-outBroken-115200.npz,0,20260920-190512-outBroken-115200,outBroken,2,115200,-0.05007067595218541,0.1868842009163023,1.2950300574302673,-0.6481860280036926,0.6468440294265747,2.766387362570326,3.7291258542014436,0.0007501875468867217,2,0.0,0,0.00025,0.00025,66.0,36.0,0.036016565192947,0.0004952449001811097,0.023248678919150598,0.9234245198336216,0.046860015827357354,0.005971540519687788
13,z,2026_9_20_19-05-05-outBroken-115200.npz,0,20260920-190512-outBroken-115200,outBroken,2,115200,-0.9102303639840101,0.29627499993090856,1.929979044944048,-1.9077750444412231,0.022204000502824783,2.4351244679440938,3.3669552972402017,0.0,1,0.0,0,0.00025,0.00025,34.0,20.0,0.007526347802498921,0.0005476380590558941,0.008908844723214578,0.7767680419912714,0.1898875244881353,0.02388795073832517
14,x,2026_9_20_19-05-05-outBroken-115200.npz,1,20260920-190512-outBroken-115200,outBroken,2,115200,-0.07754644830181497,0.3798675013478875,1.80029296875,-0.9391559958457947,0.8611369729042053,1.8539347370430388,2.4710811477035572,0.0,1,0.0,0,0.00025,0.00025,33.0,8.0,0.013386501376118975,3.7443246356951285e-05,0.0015476957637090526,0.9580510602713317,0.039607765973691804,0.0007560347449105791
14,y,2026_9_20_19-05-05-outBroken-115200.npz,1,20260920-190512-outBroken-115200,outBroken,2,115200,-0.04904608913027914,0.21411688109886834,1.509872019290924,-0.7152860164642334,0.7945860028266907,3.1187878562698614,3.940054084607291,0.0,1,0.0,0,0.00025,0.00025,33.0,68.0,0.05763522314691426,0.00017292935828865644,0.014725034525737066,0.9404513765140221,0.03871473862519223,0.005935920976761772
14,z,2026_9_20_19-05-05-outBroken-115200.npz,1,20260920-190512-outBroken-115200,outBroken,2,115200,-0.909478799157776,0.2902075775906923,1.7426479645073414,-1.8019399642944336,-0.05929199978709221,2.4014117025979735,3.0752510756124414,0.0,1,0.0,0,0.00025,0.00025,33.0,0.0,0.016238132651017863,0.00021925817582870815,0.00891632823077886,0.7724703433673192,0.1901152882371616,0.02827878198891208
15,x,2026_9_20_19-05-05-outBroken-115200.npz,2,20260920-190512-outBroken-115200,outBroken,2,115200,-0.07615101253642934,0.3860551613164412,1.8412240147590637,-0.9595299959182739,0.8816940188407898,1.9269954681653154,2.481109249028001,0.0,1,0.0,0,0.00025,0.00025,33.0,4.0,0.01078407553937207,8.181832164308578e-05,0.0014059983382368913,0.9519796952810409,0.04560028387883397,0.0009322041802452442
15,y,2026_9_20_19-05-05-outBroken-115200.npz,2,20260920-190512-outBroken-115200,outBroken,2,115200,-0.04965340535296127,0.1832617318031339,1.2453150153160095,-0.657945990562439,0.5873690247535706,3.1119430185167403,3.4760253755041632,0.0,1,0.0,0,0.00025,0.00025,66.0,36.0,0.06925788906982576,0.000460857269124444,0.018527836417670557,0.9113942913275553,0.06050555317933771,0.009111461806311396
15,z,2026_9_20_19-05-05-outBroken-115200.npz,2,20260920-190512-outBroken-115200,outBroken,2,115200,-0.9095434740241035,0.29625578924775675,1.9204629885498434,-1.9169859886169434,0.003476999932900071,2.4542859749588075,3.4005833848881255,0.0,1,0.0,0,0.00025,0.00025,33.0,68.0,0.015449102651548202,0.0003605785415737525,0.006333738549030794,0.7426262485447754,0.213569114605432,0.03711031975918726
16,x,2026_9_20_19-05-05-outBroken-115200.npz,3,20260920-190512-outBroken-115200,outBroken,2,115200,-0.07577389492618386,0.3811229998058135,1.81877601146698,-0.9587979912757874,0.8599780201911926,1.8737329834208998,2.4552491337288824,0.0,1,0.0,0,0.00025,0.00025,33.0,68.0,0.01425713694578138,8.013346504053101e-05,0.001230149989895122,0.9509654251010793,0.046844748343568235,0.0008795431004171672
16,y,2026_9_20_19-05-05-outBroken-115200.npz,3,20260920-190512-outBroken-115200,outBroken,2,115200,-0.05155020019767107,0.18442881742309877,1.2857579588890076,-0.7359039783477783,0.5498539805412292,2.9461619167792206,3.710666194752683,0.0,1,0.0,0,0.00025,0.00025,66.0,36.0,0.04198272043762554,0.00019696593651256832,0.016338817419853952,0.9140733425036475,0.059921009182684136,0.009469864957302123
16,z,2026_9_20_19-05-05-outBroken-115200.npz,3,20260920-190512-outBroken-115200,outBroken,2,115200,-0.9124321130365133,0.2991279861818304,1.8686740547418594,-1.9986040592193604,-0.12993000447750092,2.4091519095877127,3.6311277993313458,0.00025006251562890725,2,0.00025,1,0.00025,0.00025,34.0,12.0,0.009758862064768357,0.0004048252034983183,0.006864581139450228,0.7584206818181166,0.1977789849127688,0.036530926926166905
17,x,2026_9_20_19-05-05-outBroken-115200.npz,4,20260920-190512-outBroken-115200,outBroken,2,115200,-0.07634024960052921,0.3794284360758317,1.9017359614372253,-1.085677981376648,0.8160579800605774,1.883807285001245,2.660153103481139,0.00025006251562890725,2,0.0,0,0.00025,0.00025,33.0,40.0,0.020991777523869954,8.776463486835122e-05,0.001854604559256556,0.9535926563087835,0.04353941351808189,0.0009255609790125742
17,y,2026_9_20_19-05-05-outBroken-115200.npz,4,20260920-190512-outBroken-115200,outBroken,2,115200,-0.047546983758220446,0.1887805038683944,1.2938100099563599,-0.7277910113334656,0.5660189986228943,2.7741135346416077,3.6033595293795138,0.00025006251562890725,2,0.0,0,0.00025,0.00025,33.0,36.0,0.027962553573681083,0.0001923012979812077,0.02050230677896827,0.9205928091930952,0.051342038074455545,0.00737054465550002
17,z,2026_9_20_19-05-05-outBroken-115200.npz,4,20260920-190512-outBroken-115200,outBroken,2,115200,-0.90836901054997,0.29473971406680066,1.8945379927754402,-1.8508009910583496,0.04373700171709061,2.4148965253579324,3.2303282076580713,0.0,1,0.0,0,0.00025,0.00025,33.0,84.0,0.017692697786238512,0.00020047750231852148,0.007468320861336059,0.7550546124805722,0.2078159872107326,0.029460601945039307
18,x,2026_9_20_19-05-05-outBroken-115200.npz,5,20260920-190512-outBroken-115200,outBroken,2,115200,-0.07712069866701494,0.3836601368948147,1.7236770391464233,-0.9301890134811401,0.7934880256652832,1.8976699521464502,2.2692186146276296,0.0,1,0.0,0,0.00025,0.00025,33.0,68.0,0.011602391123647351,3.6371628667462585e-05,0.0015204114721894641,0.956090698786984,0.04148805329101762,0.0008644648211413087
18,y,2026_9_20_19-05-05-outBroken-115200.npz,5,20260920-190512-outBroken-115200,outBroken,2,115200,-0.04971230073313927,0.18682121967267046,1.2121310234069824,-0.6832000017166138,0.5289310216903687,2.9136627723791366,3.390876593640747,0.00025006251562890725,2,0.0,0,0.00025,0.00025,66.0,32.0,0.02413598034288719,0.00022419236809442336,0.01677334090667336,0.9315705324880043,0.045398878743750044,0.006033055493476559
18,z,2026_9_20_19-05-05-outBroken-115200.npz,5,20260920-190512-outBroken-115200,outBroken,2,115200,-0.9109909720607102,0.2949502780042079,1.818470984697342,-1.883679986000061,-0.06520900130271912,2.4441200586908978,3.297806737193426,0.0,1,0.0,0,0.00025,0.00025,34.0,32.0,0.005550384696046232,0.00030676139221195753,0.006745310833661582,0.748322058121754,0.22022906933220482,0.024396800320165786
19,x,2026_9_20_19-05-05-outBroken-115200.npz,6,20260920-190512-outBroken-115200,outBroken,2,115200,-0.07530726032372331,0.3806868892764459,1.9299790263175964,-0.9409250020980835,0.9890540242195129,1.8898306102095885,2.7958968762129395,0.0,1,0.0,0,0.00025,0.00025,33.0,0.0,0.007222570140552919,4.408941284489464e-05,0.001674247786042393,0.9433973346020328,0.05397398067748164,0.0009103475215984303
19,y,2026_9_20_19-05-05-outBroken-115200.npz,6,20260920-190512-outBroken-115200,outBroken,2,115200,-0.05115488965623081,0.20425482577225787,1.3579819798469543,-0.7693319916725159,0.5886499881744385,3.066990905341542,3.51608388835349,0.0005001250312578145,2,0.0,0,0.00025,0.00025,66.0,32.0,0.06680716673549396,0.00013006876457045458,0.01477577677634687,0.9301707791750555,0.0475605674100635,0.007362807873963689
19,z,2026_9_20_19-05-05-outBroken-115200.npz,6,20260920-190512-outBroken-115200,outBroken,2,115200,-0.913496867807582,0.2990980684958897,1.7938880547881126,-1.840980052947998,-0.047091998159885406,2.4663810668085318,3.100933382166464,0.0,1,0.0,0,0.00025,0.00025,33.0,16.0,0.015306109124560291,8.777465848838699e-05,0.006335436626438976,0.724459182287239,0.23950856497656584,0.029609041451267887
20,x,2026_9_20_19-05-05-outBroken-115200.npz,7,20260920-190512-outBroken-115200,outBroken,2,115200,-0.07836637972726021,0.3820529371737148,1.8571450114250183,-0.9821609854698181,0.8749840259552002,1.923136223079397,2.4953358891440316,0.00025006251562890725,2,0.0,0,0.00025,0.00025,33.0,0.0,0.024455083113359335,3.979637268177714e-05,0.0014175140502055694,0.9325834867764172,0.06519765053679889,0.0007615522638949921
20,y,2026_9_20_19-05-05-outBroken-115200.npz,7,20260920-190512-outBroken-115200,outBroken,2,115200,-0.04944737770105712,0.2086800478068383,1.5422019958496094,-0.8503400087356567,0.6918619871139526,3.09629760533676,3.837897486854778,0.0,1,0.0,0,0.00025,0.00025,66.0,36.0,0.0445004801801306,0.000580002056078241,0.016538202407149313,0.9244482768128343,0.052042673529575666,0.006390845194362431
20,z,2026_9_20_19-05-05-outBroken-115200.npz,7,20260920-190512-outBroken-115200,outBroken,2,115200,-0.9098540246819612,0.30282079036353415,1.9977500308305025,-1.9846960306167603,0.013054000213742256,2.5656167526304174,3.549432668227499,0.00025006251562890725,2,0.0,0,0.00025,0.00025,33.0,48.0,0.03254327918964894,0.0009498867801855759,0.008777699701236897,0.7019881621314511,0.2595380933352414,0.028746158051884487
21,x,2026_9_20_19-09-18-outBroken-460800.npz,0,20260920-190913-outBroken-460800,outBroken,2,460800,-0.07638743284915109,0.38150673516290695,1.8285969495773315,-1.0201029777526855,0.808493971824646,1.949704039054014,2.4736536944768726,0.0,1,0.0,0,0.00025,0.00025,33.0,0.0,0.022080916013575085,9.083087962526418e-05,0.0013968279821348572,0.9492526091654093,0.048393216703403456,0.0008665152694254624
21,y,2026_9_20_19-09-18-outBroken-460800.npz,0,20260920-190913-outBroken-460800,outBroken,2,460800,-0.04999669801199343,0.19380512026404403,1.4023900032043457,-0.7260220050811768,0.676367998123169,2.989850719005222,3.747912826789862,0.00025006251562890725,2,0.0,0,0.00025,0.00025,33.0,68.0,0.04267162247195356,0.00111636939475707,0.018614326601460326,0.927794750211709,0.045998282004450816,0.00647627178762148
21,z,2026_9_20_19-09-18-outBroken-460800.npz,0,20260920-190913-outBroken-460800,outBroken,2,460800,-0.9099828873227817,0.2998771920496748,1.8577550537884235,-1.8155430555343628,0.042211998254060745,2.5370577766347107,3.1752827851579686,0.0,1,0.0,0,0.00025,0.00025,38.0,72.0,0.01624078007968971,0.0014179150223853293,0.009612551892395875,0.7499873857600273,0.21124840912317622,0.027733738202016512
22,x,2026_9_20_19-09-18-outBroken-460800.npz,1,20260920-190913-outBroken-460800,outBroken,2,460800,-0.07596345232939347,0.38325165417221285,1.7491750121116638,-0.9350690245628357,0.8141059875488281,1.9029815197138789,2.3224151290375694,0.0,1,0.0,0,0.00025,0.00025,33.0,4.0,0.020467111920415823,5.2487595298925545e-05,0.0014318544835634382,0.9543071728092302,0.043222646548356815,0.0009858385635503394
22,y,2026_9_20_19-09-18-outBroken-460800.npz,1,20260920-190913-outBroken-460800,outBroken,2,460800,-0.053611146216397176,0.18273103859921283,1.2306749820709229,-0.6584339737892151,0.5722410082817078,2.82772969252775,3.424990955536554,0.00025006251562890725,2,0.0,0,0.00025,0.00025,66.0,36.0,0.03436385005280598,0.00014077321052769179,0.01758549130932445,0.9292913217913801,0.04613922654416375,0.006843187144604462
22,z,2026_9_20_19-09-18-outBroken-460800.npz,1,20260920-190913-outBroken-460800,outBroken,2,460800,-0.9145324354618788,0.2952046290522043,1.6629210487008095,-1.7298990488052368,-0.06697800010442734,2.411636478080573,2.8710743394459746,0.00025006251562890725,2,0.0,0,0.00025,0.00025,33.0,16.0,0.013409425890897688,0.0003211421795468283,0.008090257591539543,0.7550029938742062,0.2059481709232959,0.030637435431410388
23,x,2026_9_20_19-09-18-outBroken-460800.npz,2,20260920-190913-outBroken-460800,outBroken,2,460800,-0.07847531036398141,0.38680411339468806,1.867514967918396,-0.9989359974861145,0.8685789704322815,1.9178456036115736,2.448407987403964,0.0005001250312578145,2,0.0,0,0.00025,0.00025,33.0,0.0,0.0074756656897513275,0.0002313493439240461,0.0014022198735574643,0.9504125776250139,0.04698298794562239,0.0009708652118807504
23,y,2026_9_20_19-09-18-outBroken-460800.npz,2,20260920-190913-outBroken-460800,outBroken,2,460800,-0.050337627093482294,0.2010507826368386,1.3756719827651978,-0.7413939833641052,0.6342779994010925,2.980963897597797,3.4372229105861756,0.0,1,0.0,0,0.00025,0.00025,33.0,36.0,0.048167032386159846,0.00021994433925738712,0.012701869756923417,0.9378564850950554,0.042150736564045194,0.007070964244718847
23,z,2026_9_20_19-09-18-outBroken-460800.npz,2,20260920-190913-outBroken-460800,outBroken,2,460800,-0.9085113997799344,0.2985517812373423,2.027152046561241,-1.9400440454483032,0.08710800111293793,2.548463205337674,3.4551213909801546,0.00025006251562890725,2,0.0,0,0.00025,0.00025,33.0,76.0,0.015650956629256002,0.00045132569039085205,0.005765551615087274,0.7418667722967139,0.21801135590168325,0.033904994496121395
24,x,2026_9_20_19-09-18-outBroken-460800.npz,3,20260920-190913-outBroken-460800,outBroken,2,460800,-0.07684089183644392,0.3820263983009207,1.9951269626617432,-0.9973499774932861,0.997776985168457,1.9536998622616035,2.8129414139554525,0.0005001250312578145,2,0.0,0,0.00025,0.00025,33.0,0.0,0.020369424120099774,5.89077192101016e-05,0.0014815068153321979,0.9526481958989764,0.044994404698541185,0.000816984867939855
24,y,2026_9_20_19-09-18-outBroken-460800.npz,3,20260920-190913-outBroken-460800,outBroken,2,460800,-0.0492525285682641,0.20381100409315406,1.480286955833435,-0.8059319853782654,0.6743549704551697,3.0718632923187403,3.71265261253584,0.0007501875468867217,2,0.0,0,0.00025,0.00025,33.0,36.0,0.07510424061304193,0.0006915006513000473,0.0230731478832164,0.9219207395504135,0.0481155447193637,0.006199067195706684
24,z,2026_9_20_19-09-18-outBroken-460800.npz,3,20260920-190913-outBroken-460800,outBroken,2,460800,-0.9086106768115424,0.30463530090315916,1.9579780027270317,-1.8892920017242432,0.06868600100278854,2.5487975114775643,3.219197913062776,0.00025006251562890725,2,0.0,0,0.00025,0.00025,33.0,52.0,0.023774795812956957,0.000383778344099228,0.009887638028130868,0.7584141690074353,0.20709403258620823,0.02422038203412637
25,x,2026_9_20_19-09-18-outBroken-460800.npz,4,20260920-190913-outBroken-460800,outBroken,2,460800,-0.07504531086538918,0.3797791249325887,1.964322030544281,-0.9924700260162354,0.9718520045280457,1.9810334829018932,2.75659520669879,0.00025006251562890725,2,0.0,0,0.00025,0.00025,33.0,56.0,0.020413137028471227,2.425545107458411e-05,0.0015471995400296022,0.951661263910072,0.045914031642092,0.0008532494567333882
25,y,2026_9_20_19-09-18-outBroken-460800.npz,4,20260920-190913-outBroken-460800,outBroken,2,460800,-0.05211865919164847,0.19285331004725742,1.2836840152740479,-0.6852740049362183,0.5984100103378296,2.830069154326157,3.3731786577584297,0.0,1,0.0,0,0.00025,0.00025,66.0,32.0,0.06993421417309037,0.0003286665135621746,0.020654802122866578,0.921529955542706,0.05032781346006905,0.007158762360794721
25,z,2026_9_20_19-09-18-outBroken-460800.npz,4,20260920-190913-outBroken-460800,outBroken,2,460800,-0.9121559674208983,0.2998797943747467,1.9811580032110214,-1.9008820056915283,0.0802759975194931,2.5992554230349074,3.3094325911808267,0.0,1,0.0,0,0.00025,0.00025,33.0,48.0,0.0034843794960572926,0.00018635582178201822,0.008200736596299578,0.7531573440121626,0.21011437309023748,0.028341190479519843
26,x,2026_9_20_19-09-18-outBroken-460800.npz,5,20260920-190913-outBroken-460800,outBroken,2,460800,-0.07576662052801111,0.38083457331120746,2.0058630108833313,-1.117946982383728,0.8879160284996033,1.9294101343107495,2.7365697205334243,0.00025006251562890725,2,0.0,0,0.00025,0.00025,33.0,44.0,0.009563894029212186,2.69770454874835e-05,0.0017490464913990198,0.9556962549244457,0.04174228519341482,0.0007854363452567416
26,y,2026_9_20_19-09-18-outBroken-460800.npz,5,20260920-190913-outBroken-460800,outBroken,2,460800,-0.052757405386597386,0.19326050105968523,1.532380998134613,-0.8569279909133911,0.6754530072212219,3.149167146513681,4.161070581507182,0.0007501875468867217,2,0.0,0,0.00025,0.00025,66.0,28.0,0.02121774195412766,0.0006625570700110349,0.01988877684054099,0.924141164941426,0.04870684719344536,0.006600653954577462
26,z,2026_9_20_19-09-18-outBroken-460800.npz,5,20260920-190913-outBroken-460800,outBroken,2,460800,-0.9127040210319683,0.29715002280033215,2.0143420584499836,-1.9986040592193604,0.015737999230623245,2.5116017415200824,3.654383156204753,0.0,1,0.00025,1,0.00025,0.00025,33.0,60.0,0.013558318621197411,0.000642773149296349,0.010341677906165556,0.7583224752522458,0.20355872152205418,0.02713435217023872
27,x,2026_9_20_19-09-18-outBroken-460800.npz,6,20260920-190913-outBroken-460800,outBroken,2,460800,-0.07935372599412222,0.3789883414070722,1.7987679839134216,-0.9690459966659546,0.829721987247467,1.935317994074418,2.3986904448470856,0.0,1,0.0,0,0.0005,0.00025,33.0,4.0,0.03265371034822562,5.1453082189154154e-05,0.001763311247467909,0.9562019665205432,0.04107984507347413,0.0009034240763261201
27,y,2026_9_20_19-09-18-outBroken-460800.npz,6,20260920-190913-outBroken-460800,outBroken,2,460800,-0.0492260086122551,0.19091552553738692,1.3323619961738586,-0.7452369928359985,0.5871250033378601,2.9864273914340727,3.645648944812735,0.0,1,0.0,0,0.00025,0.00025,66.0,36.0,0.06747173481597978,0.00011925964768127223,0.023883334870340223,0.9251453472720945,0.04486028325145315,0.005991774958431177
27,z,2026_9_20_19-09-18-outBroken-460800.npz,6,20260920-190913-outBroken-460800,outBroken,2,460800,-0.9058636642126366,0.29680700759804524,2.049904964864254,-1.9649319648742676,0.08497299998998642,2.5201967868520714,3.568205175586313,0.0,1,0.0,0,0.00025,0.00025,33.0,68.0,0.022990231201241697,0.00016067099587791745,0.010814639779657829,0.7572316433487125,0.20512121658028015,0.026671829295471027
28,x,2026_9_20_19-09-18-outBroken-460800.npz,7,20260920-190913-outBroken-460800,outBroken,2,460800,-0.07865498581208522,0.37956598140954734,1.7912039756774902,-0.9728279709815979,0.8183760046958923,1.919018373190917,2.36330713088877,0.0,1,0.0,0,0.00025,0.00025,33.0,12.0,0.011235542140199985,0.00011848096232789745,0.0020892626786667315,0.9529964581387115,0.044049186778969227,0.0007466114413229506
28,y,2026_9_20_19-09-18-outBroken-460800.npz,7,20260920-190913-outBroken-460800,outBroken,2,460800,-0.04989670385012869,0.19393153049973258,1.4346590042114258,-0.8099579811096191,0.6247010231018066,2.920916353447182,3.919224869215058,0.0,1,0.0,0,0.00025,0.00025,33.0,68.0,0.057947730531365454,7.303628674094758e-05,0.015715969972425383,0.9331137440480322,0.04436589992093244,0.006731349771869007
28,z,2026_9_20_19-09-18-outBroken-460800.npz,7,20260920-190913-outBroken-460800,outBroken,2,460800,-0.9064835765715689,0.29710385291129277,2.001288041472435,-1.8618420362472534,0.13944600522518158,2.488132494149898,3.520417428275617,0.00025006251562890725,2,0.0,0,0.00025,0.00025,33.0,84.0,0.013469512561853709,0.000279650759975639,0.010920297971622596,0.7565362275103986,0.20531686150302325,0.026946962254979227
29,x,2026_9_20_19-09-18-outBroken-460800.npz,8,20260920-190913-outBroken-460800,outBroken,2,460800,-0.07683340388990473,0.3805106193156121,1.8336599469184875,-1.006011962890625,0.8276479840278625,1.9301453892478702,2.4419254334397933,0.0005001250312578145,2,0.0,0,0.00025,0.00025,33.0,0.0,0.018901722000097695,5.075806125940326e-05,0.0019305290681240685,0.950548230985626,0.046487858162041866,0.0009826237229491432
29,y,2026_9_20_19-09-18-outBroken-460800.npz,8,20260920-190913-outBroken-460800,outBroken,2,460800,-0.04999497468955815,0.1954589189958648,1.4598519802093506,-0.7545700073242188,0.7052819728851318,2.9776621841303026,3.8641211741822277,0.00025006251562890725,2,0.0,0,0.00025,0.00025,33.0,36.0,0.04887705337443809,0.00033451175107090036,0.02177785574664673,0.9224841592198769,0.04853855940849111,0.0068649138739138
29,z,2026_9_20_19-09-18-outBroken-460800.npz,8,20260920-190913-outBroken-460800,outBroken,2,460800,-0.9097162561006844,0.3000776180477317,2.134146049618721,-1.9706660509109497,0.1634799987077713,2.5463025072175394,3.5763955398957754,0.0,1,0.0,0,0.00025,0.00025,33.0,68.0,0.024411271509768653,0.00018101138185476346,0.01147413254620264,0.7373176308272965,0.2267737954568929,0.02425342978775368
30,x,2026_9_20_19-09-18-outBroken-460800.npz,9,20260920-190913-outBroken-460800,outBroken,2,460800,-0.07791586417437066,0.38114928041406576,1.8736760020256042,-0.9677039980888367,0.9059720039367676,1.9218190011951044,2.5813714433417814,0.0,1,0.0,0,0.00025,0.00025,33.0,0.0,0.034238586686007155,1.552489398932301e-05,0.0019165741547239943,0.9575094415607605,0.039777197714152016,0.0007812616763747927
30,y,2026_9_20_19-09-18-outBroken-460800.npz,9,20260920-190913-outBroken-460800,outBroken,2,460800,-0.0517577224279521,0.1927783131944691,1.5027350187301636,-0.7177259922027588,0.7850090265274048,3.047099238504179,4.340564740346344,0.00025006251562890725,2,0.0,0,0.00025,0.00025,66.0,64.0,0.03611173067530297,0.00025810929466481524,0.01730118557005717,0.9254938555870789,0.050145232149654204,0.0068016173985433895
30,z,2026_9_20_19-09-18-outBroken-460800.npz,9,20260920-190913-outBroken-460800,outBroken,2,460800,-0.9111360918637366,0.2954188779061865,1.9839030280709267,-1.9011260271072388,0.0827770009636879,2.4836075435851517,3.3644197008393366,0.00025006251562890725,2,0.0,0,0.00025,0.00025,21.0,64.0,0.024793072478211307,0.00036086141259999483,0.008759544406205909,0.7528928406865708,0.21316140824145882,0.024825345253165716
31,x,2026_9_20_19-22-20-inBroken-115200.npz,0,20260920-192216-inBroken-115200,inBroken,1,115200,-0.0761511797765852,0.3860497157097783,1.6898219585418701,-0.8873059749603271,0.802515983581543,1.866344048579128,2.2760466530654986,0.0,1,0.0,0,0.00025,0.00025,33.0,0.0,0.014028104564455334,9.190157737887829e-06,0.0005563288270744534,0.9249351527378645,0.0737501278618927,0.0007492004154283816
31,y,2026_9_20_19-22-20-inBroken-115200.npz,0,20260920-192216-inBroken-115200,inBroken,1,115200,-0.050125941794074605,0.17694037570714402,0.9753899872303009,-0.4928799867630005,0.4825100004673004,2.422726508470685,3.01025664793968,0.0,1,0.0,0,0.00025,0.00025,33.0,0.0,0.01057130850470755,1.0838996288275026e-05,0.003601781104733951,0.8882044763914282,0.10342690571647013,0.00475599779107986
31,z,2026_9_20_19-22-20-inBroken-115200.npz,0,20260920-192216-inBroken-115200,inBroken,1,115200,-0.911094840399921,0.33889158888672205,1.6562719643115997,-1.8073079586029053,-0.15103599429130554,2.248984475765009,2.6445422300007353,0.00025006251562890725,2,0.0,0,0.00025,0.00025,33.0,0.0,0.008709515978832686,5.655230660846617e-05,0.001336141113984475,0.7537237131607595,0.2344683070541414,0.010415286364505984
32,x,2026_9_20_19-22-20-inBroken-115200.npz,1,20260920-192216-inBroken-115200,inBroken,1,115200,-0.07635322700272082,0.38726322921316525,1.6126569509506226,-0.875715970993042,0.7369409799575806,1.8361798885542475,2.1001069701679103,0.0,1,0.0,0,0.00025,0.00025,33.0,0.0,0.011976069851410082,4.98197927840071e-06,0.000649131230956327,0.9241087633306518,0.07465754910126741,0.0005795743578469183
32,y,2026_9_20_19-22-20-inBroken-115200.npz,1,20260920-192216-inBroken-115200,inBroken,1,115200,-0.050351535192807204,0.1719599249720753,0.9470860362052917,-0.5082520246505737,0.438834011554718,2.2766787778140145,2.8447648301019233,0.0,1,0.0,0,0.00025,0.00025,33.0,0.0,0.0061616225989535285,8.768294347528981e-06,0.003940197279810139,0.8891588863821865,0.10180645114188486,0.00508569690177215
32,z,2026_9_20_19-22-20-inBroken-115200.npz,1,20260920-192216-inBroken-115200,inBroken,1,115200,-0.9100132497437299,0.3397324974848994,1.6699970364570618,-1.7803460359573364,-0.11034899950027466,2.218250907402082,2.5618178792339155,0.0,1,0.0,0,0.00025,0.00025,33.0,0.0,0.015186842195480731,1.2223051916598782e-05,0.0014408087751183376,0.7353708494128744,0.2535692425542955,0.009606876205795938
33,x,2026_9_20_19-22-20-inBroken-115200.npz,2,20260920-192216-inBroken-115200,inBroken,1,115200,-0.07669220434047748,0.3922328971465467,1.6455360054969788,-0.8736420273780823,0.7718939781188965,1.850110892997274,2.1634752939713873,0.00025006251562890725,2,0.0,0,0.00025,0.00025,33.0,0.0,0.008356987716697474,4.919634710817051e-06,0.0005519763384334012,0.9231485864717153,0.07562063092486253,0.0006738866302756329
33,y,2026_9_20_19-22-20-inBroken-115200.npz,2,20260920-192216-inBroken-115200,inBroken,1,115200,-0.0512335339045967,0.18179260567795436,1.016687035560608,-0.5095940232276917,0.5070930123329163,2.442604027929449,3.0712280301795585,0.00025006251562890725,2,0.0,0,0.00025,0.00025,33.0,0.0,0.006625981000748256,9.785443207791863e-06,0.0029026926127839188,0.8987953218960343,0.0932575807318893,0.005034619316084344
33,z,2026_9_20_19-22-20-inBroken-115200.npz,2,20260920-192216-inBroken-115200,inBroken,1,115200,-0.9091616753377021,0.3417625725204039,1.666275978088379,-1.7974259853363037,-0.1311500072479248,2.2120439568892616,2.5990684218224938,0.00025006251562890725,2,0.0,0,0.00025,0.00025,33.0,0.0,0.007197660776128667,1.7503584070751072e-05,0.001514483844181483,0.7410522751484204,0.24648663202217785,0.010929105401149115
34,x,2026_9_20_19-22-20-inBroken-115200.npz,3,20260920-192216-inBroken-115200,inBroken,1,115200,-0.07700856561842374,0.3979711692569478,1.7020220160484314,-0.9071919918060303,0.7948300242424011,1.8322766901610124,2.190707913562269,0.0,1,0.0,0,0.00025,0.00025,33.0,0.0,0.012060479255527948,8.819330516929238e-06,0.0006453383391115902,0.9232788420339848,0.07538271285536444,0.0006842874410238086
34,y,2026_9_20_19-22-20-inBroken-115200.npz,3,20260920-192216-inBroken-115200,inBroken,1,115200,-0.05097672413825057,0.17757038628308974,0.9225029945373535,-0.494282990694046,0.4282200038433075,2.317241432648685,2.698629754725,0.0,1,0.0,0,0.00025,0.00025,33.0,0.0,0.01332516464956948,1.401653638554702e-05,0.0037830552297224342,0.8872934814054401,0.10401592440951793,0.004893522418934155
34,z,2026_9_20_19-22-20-inBroken-115200.npz,3,20260920-192216-inBroken-115200,inBroken,1,115200,-0.90985222575441,0.3485354289878801,1.7706470340490341,-1.896185040473938,-0.12553800642490387,2.2099538304349435,2.829935589571947,0.0,1,0.0,0,0.00025,0.00025,33.0,0.0,0.010869575942991873,5.406241785344429e-06,0.0011301113725037957,0.7414419996749865,0.247302779476164,0.010119703234560778
35,x,2026_9_20_19-22-20-inBroken-115200.npz,4,20260920-192216-inBroken-115200,inBroken,1,115200,-0.07687209307710872,0.40296315286074574,1.6886019706726074,-0.9106079936027527,0.7779939770698547,1.8133557785647472,2.121449725807522,0.00025006251562890725,2,0.0,0,0.00025,0.00025,33.0,0.0,0.008016491677891974,2.3451890939387214e-06,0.0005446042288662583,0.9277286762913788,0.07115907324467914,0.0005653010459822848
35,y,2026_9_20_19-22-20-inBroken-115200.npz,4,20260920-192216-inBroken-115200,inBroken,1,115200,-0.05097207283676835,0.17869922297258925,0.9983259737491608,-0.5091059803962708,0.48921999335289,2.271750165954093,3.022912227617904,0.0007501875468867217,2,0.0,0,0.00025,0.00025,33.0,0.0,0.00848772349332661,8.16037221413342e-06,0.0034204012968435163,0.8887850127803845,0.1025275719918359,0.005258853558720087
35,z,2026_9_20_19-22-20-inBroken-115200.npz,4,20260920-192216-inBroken-115200,inBroken,1,115200,-0.9106245763041079,0.3527816034286116,1.7979140132665634,-1.8065760135650635,-0.008662000298500061,2.2038532629128693,2.5567165839704216,0.0,1,0.0,0,0.00025,0.00025,33.0,0.0,0.0045887918727065225,3.954150720851294e-06,0.0012299480063021448,0.7456871547118951,0.243324609779604,0.009754333351476583
36,x,2026_9_20_19-22-20-inBroken-115200.npz,5,20260920-192216-inBroken-115200,inBroken,1,115200,-0.07622386147407814,0.40430803814422306,1.7139779925346375,-0.9302499890327454,0.7837280035018921,1.8289787255753633,2.1269719714778756,0.0,1,0.0,0,0.00025,0.00025,33.0,0.0,0.020268625486057845,1.6246950863543425e-06,0.0005296726820158278,0.9324549168231605,0.06644559992776483,0.0005681858719717699
36,y,2026_9_20_19-22-20-inBroken-115200.npz,5,20260920-192216-inBroken-115200,inBroken,1,115200,-0.05023292048642179,0.17766161653266985,0.9688629806041718,-0.4946489930152893,0.47421398758888245,2.268956981857817,2.9519426779439706,0.00025006251562890725,2,0.0,0,0.00025,0.00025,33.0,0.0,0.02748123124046963,1.4539258279786966e-05,0.0034897422135855053,0.8888564277562491,0.10252965894490451,0.0051096318269820635
36,z,2026_9_20_19-22-20-inBroken-115200.npz,5,20260920-192216-inBroken-115200,inBroken,1,115200,-0.9105902335979045,0.3488748477818035,1.6971420049667358,-1.8167020082473755,-0.11956000328063965,2.2021305700553135,2.5972401863036563,0.00025006251562890725,2,0.0,0,0.00025,0.00025,33.0,0.0,0.01863434342833373,2.7980434690304835e-05,0.0013070412442000602,0.7674184522204038,0.21909984263385085,0.012146683466855341
37,x,2026_9_20_19-22-20-inBroken-115200.npz,6,20260920-192216-inBroken-115200,inBroken,1,115200,-0.0759816763458075,0.4088500142854545,1.7122700214385986,-0.9473299980163574,0.7649400234222412,1.8022618313508305,2.1312175399905557,0.0,1,0.0,0,0.00025,0.00025,33.0,0.0,0.02070000065233638,7.532257815324692e-06,0.0004715930789527388,0.934343826766644,0.06455358326970848,0.0006234646268780879
37,y,2026_9_20_19-22-20-inBroken-115200.npz,6,20260920-192216-inBroken-115200,inBroken,1,115200,-0.05057127229199978,0.1791457931576119,0.9745360016822815,-0.4912939965724945,0.483242005109787,2.2354870015858714,2.979770096706315,0.0,1,0.0,0,0.00025,0.00025,33.0,0.0,0.026994516577829277,9.396814173502613e-06,0.0033255979052538133,0.8939189691930837,0.097529753892547,0.0052162821949427104
37,z,2026_9_20_19-22-20-inBroken-115200.npz,6,20260920-192216-inBroken-115200,inBroken,1,115200,-0.9104092158675193,0.3529919749315542,1.7052550166845322,-1.8357340097427368,-0.13047899305820465,2.166782319076325,2.6213762906497795,0.0,1,0.0,0,0.00025,0.00025,33.0,0.0,0.015541779364032612,2.3710943024373174e-05,0.0011872114874306003,0.7698845625596447,0.2180067506075694,0.01089776440233029
38,x,2026_9_20_19-22-20-inBroken-115200.npz,7,20260920-192216-inBroken-115200,inBroken,1,115200,-0.07634891129622702,0.41167735746760536,1.7314850091934204,-0.9410470128059387,0.7904379963874817,1.8009526298602938,2.105500562420209,0.0,1,0.0,0,0.00025,0.00025,33.0,0.0,0.01063575585523024,4.223272115613167e-06,0.000561955173528994,0.9385067901699984,0.06030101420278207,0.0006260171815737004
38,y,2026_9_20_19-22-20-inBroken-115200.npz,7,20260920-192216-inBroken-115200,inBroken,1,115200,-0.050521053980861326,0.1798754812357218,0.9567849934101105,-0.5116069912910461,0.44517800211906433,2.2185000789937193,2.755790020377073,0.0005001250312578145,2,0.0,0,0.00025,0.00025,33.0,0.0,0.012393756111885047,1.7286411975223257e-05,0.0035401091378825965,0.8961636136147133,0.09541726814380481,0.004861722691624435
38,z,2026_9_20_19-22-20-inBroken-115200.npz,7,20260920-192216-inBroken-115200,inBroken,1,115200,-0.9094667053073645,0.35219687211163864,1.7159299701452255,-1.83256196975708,-0.11663199961185455,2.17726593474831,2.6209638345598787,0.0,1,0.0,0,0.00025,0.00025,33.0,0.0,0.0080636220297846,1.1588110723124166e-05,0.001186334491149872,0.7762451000921521,0.2124624754866788,0.010094501819295937
39,x,2026_9_20_19-26-17-inBroken-460800.npz,0,20260920-192610-inBroken-460800,inBroken,1,460800,-0.07673039037699346,0.435320937683194,1.7669259905815125,-0.9351300001144409,0.8317959904670715,1.7427896283895432,2.087026610020875,0.0,1,0.0,0,0.00025,0.00025,33.0,0.0,0.00665787410614927,4.531690435224011e-06,0.00047971176514281636,0.9432768069086521,0.05564361888917485,0.0005953307465936771
39,y,2026_9_20_19-26-17-inBroken-460800.npz,0,20260920-192610-inBroken-460800,inBroken,1,460800,-0.05035565253492678,0.18835163593924514,0.9892370104789734,-0.526308000087738,0.46292901039123535,2.1247047808472073,2.7251404553328524,0.0005001250312578145,2,0.0,0,0.00025,0.00025,33.0,0.0,0.0069131299428145596,7.83293134439576e-06,0.0032175060331558693,0.9069891657201306,0.08441674588572932,0.005368749429641033
39,z,2026_9_20_19-26-17-inBroken-460800.npz,0,20260920-192610-inBroken-460800,inBroken,1,460800,-0.9099958807583899,0.3726390411650384,1.7563120275735855,-1.827072024345398,-0.07075999677181244,2.1132487711252796,2.461030762423102,0.0005001250312578145,2,0.0,0,0.00025,0.00025,33.0,0.0,0.007713176950903506,1.091982040228866e-05,0.001307982501781182,0.7823672602661121,0.20642758243782666,0.009886254973878834
40,x,2026_9_20_19-26-17-inBroken-460800.npz,1,20260920-192610-inBroken-460800,inBroken,1,460800,-0.0755769106495427,0.434780690731242,1.7511879801750183,-0.9552599787712097,0.7959280014038086,1.7481794008829745,2.023279982011528,0.0,1,0.0,0,0.00025,0.00025,33.0,0.0,0.012831080286132607,4.969119748845346e-06,0.0005268580653302026,0.9407361358120854,0.05800031850508027,0.000731718497753956
40,y,2026_9_20_19-26-17-inBroken-460800.npz,1,20260920-192610-inBroken-460800,inBroken,1,460800,-0.050551767355471386,0.188101026195472,0.9609939754009247,-0.5015419721603394,0.4594520032405853,2.1336514547635588,2.71132901776978,0.00025006251562890725,2,0.0,0,0.00025,0.00025,33.0,0.0,0.016444030292896372,2.4117520968024304e-05,0.003271017015515305,0.9039917838980515,0.08731777425926245,0.005395307306202149
40,z,2026_9_20_19-26-17-inBroken-460800.npz,1,20260920-192610-inBroken-460800,inBroken,1,460800,-0.9122660711929202,0.3722632329031043,1.6579190343618393,-1.8088940382003784,-0.15097500383853912,2.102164956211331,2.4085858815953487,0.0,1,0.0,0,0.00025,0.00025,33.0,0.0,0.0031479735102418606,2.0821599667588453e-05,0.0010209928477779929,0.7785197161634337,0.20982621478802127,0.010612254601099925
41,x,2026_9_20_19-26-17-inBroken-460800.npz,2,20260920-192610-inBroken-460800,inBroken,1,460800,-0.07550551010965137,0.4356857202164531,1.8260350227355957,-0.9703879952430725,0.8556470274925232,1.7531896051519145,2.137211513702052,0.00025006251562890725,2,0.0,0,0.00025,0.00025,33.0,0.0,0.007923306213563687,3.4058771409042123e-06,0.0005182074414424577,0.9445486351215405,0.054331422561525,0.0005983289983507314
41,y,2026_9_20_19-26-17-inBroken-460800.npz,2,20260920-192610-inBroken-460800,inBroken,1,460800,-0.04996240080520511,0.18752256492294866,0.9437919855117798,-0.5059340000152588,0.437857985496521,2.161645823134669,2.6013956587153504,0.0,1,0.0,0,0.00025,0.00025,33.0,0.0,0.012983334944376118,4.1274367960511105e-06,0.0031731956019199806,0.9053486756486346,0.08636170743150615,0.005112293881144736
41,z,2026_9_20_19-26-17-inBroken-460800.npz,2,20260920-192610-inBroken-460800,inBroken,1,460800,-0.9115667980760336,0.3712590217685626,1.8079789578914642,-1.902040958404541,-0.09406200051307678,2.152051228765849,2.6678790339159875,0.00025006251562890725,2,0.0,0,0.00025,0.00025,33.0,0.0,0.008081837862228203,1.2119021418221474e-05,0.0011832808870830683,0.7843475115227412,0.20506968967289235,0.009387398895864886
42,x,2026_9_20_19-26-17-inBroken-460800.npz,3,20260920-192610-inBroken-460800,inBroken,1,460800,-0.07644489511486609,0.4451771561514404,1.7916309833526611,-0.935617983341217,0.8560130000114441,1.7160844391932755,2.094577141350682,0.0,1,0.0,0,0.00025,0.00025,33.0,0.0,0.008831526586430638,6.031269571836067e-06,0.0005249644011785119,0.9468080556470455,0.05207857746031733,0.0005823712218863793
42,y,2026_9_20_19-26-17-inBroken-460800.npz,3,20260920-192610-inBroken-460800,inBroken,1,460800,-0.05040150917973369,0.18861455742202343,0.979416012763977,-0.516182005405426,0.463234007358551,2.063111814534962,2.7232018756061853,0.0,1,0.0,0,0.00025,0.00025,33.0,0.0,0.007083868468005137,3.440904750007058e-05,0.0028934029077286646,0.9106081314279072,0.08070505206855717,0.005759004548307016
42,z,2026_9_20_19-26-17-inBroken-460800.npz,3,20260920-192610-inBroken-460800,inBroken,1,460800,-0.9109217382762581,0.3782000655948071,1.7130019441246986,-1.81865394115448,-0.10565199702978134,2.0597105914803704,2.400137613542195,0.0,1,0.0,0,0.00025,0.00025,33.0,0.0,0.00958762558811077,2.7914987215770148e-05,0.0009870452826254504,0.7898346899060587,0.1991315277649169,0.010018822059182881
43,x,2026_9_20_19-26-17-inBroken-460800.npz,4,20260920-192610-inBroken-460800,inBroken,1,460800,-0.0764177955124178,0.44728288174509867,1.8276820182800293,-0.9528200030326843,0.874862015247345,1.7152762453132768,2.126796820500468,0.00025006251562890725,2,0.0,0,0.00025,0.00025,33.0,0.0,0.008418837822026848,3.2440473487538775e-06,0.00044677778638079586,0.9480759861118069,0.05086818821054394,0.000605803843919411
43,y,2026_9_20_19-26-17-inBroken-460800.npz,4,20260920-192610-inBroken-460800,inBroken,1,460800,-0.05052263999218121,0.18922255854570097,1.025837004184723,-0.544730007648468,0.4811069965362549,2.05273666520651,2.8095468141555493,0.00025006251562890725,2,0.0,0,0.00025,0.00025,33.0,0.0,0.011962757075937738,3.1473365481917666e-07,0.0032481225270397126,0.910975480568801,0.08008980785293879,0.00568627431756693
43,z,2026_9_20_19-26-17-inBroken-460800.npz,4,20260920-192610-inBroken-460800,inBroken,1,460800,-0.9098179278112948,0.38031122260790234,1.733864039182663,-1.835368037223816,-0.10150399804115295,2.0679691777500917,2.4336649943321698,0.0,1,0.0,0,0.00025,0.00025,33.0,0.0,0.0056222655929018305,2.3002264460946815e-05,0.0011779480186976216,0.7887578904964547,0.19976764502468922,0.010273514195697131
44,x,2026_9_20_19-26-17-inBroken-460800.npz,5,20260920-192610-inBroken-460800,inBroken,1,460800,-0.07664477658912074,0.4482086024597161,1.7979750037193298,-0.9587370157241821,0.8392379879951477,1.710048157038369,2.043429687779332,0.0,1,0.0,0,0.00025,0.00025,33.0,0.0,0.00847172044344762,4.8458018641436104e-06,0.0004946059687689947,0.947719548751091,0.051148683942800116,0.0006323155354755827
44,y,2026_9_20_19-26-17-inBroken-460800.npz,5,20260920-192610-inBroken-460800,inBroken,1,460800,-0.05047777449712157,0.19151362272652908,0.9925919771194458,-0.5471699833869934,0.4454219937324524,2.053826828036982,2.593508502521103,0.0007501875468867217,2,0.0,0,0.00025,0.00025,33.0,0.0,0.0035427397897569374,1.0596592741882043e-05,0.0028401032897982523,0.9121684269462619,0.07979827242419771,0.005182600747000353
44,z,2026_9_20_19-26-17-inBroken-460800.npz,5,20260920-192610-inBroken-460800,inBroken,1,460800,-0.9105346925910562,0.38256534762834293,1.7721719518303871,-1.8418339490890503,-0.06966199725866318,2.0809889128436785,2.434353404644319,0.0,1,0.0,0,0.00025,0.00025,33.0,0.0,0.009174678585001603,1.7616977842102932e-05,0.0011442935213170388,0.7970314112133208,0.1939870855641453,0.00781959272337441
45,x,2026_9_20_19-26-17-inBroken-460800.npz,6,20260920-192610-inBroken-460800,inBroken,1,460800,-0.07683026240533218,0.4515846626139299,1.8499469757080078,-1.0035719871520996,0.8463749885559082,1.710180476024385,2.052199291673155,0.0,1,0.0,0,0.00025,0.00025,33.0,0.0,0.004384294011740357,2.2399887294917037e-06,0.0004953946609473407,0.9484252434671189,0.05049270831684367,0.0005844135663611498
45,y,2026_9_20_19-26-17-inBroken-460800.npz,6,20260920-192610-inBroken-460800,inBroken,1,460800,-0.05054752821684815,0.19070201785077534,0.9194529950618744,-0.47714200615882874,0.44231098890304565,2.031012909937665,2.5844431153610365,0.0,1,0.0,0,0.00025,0.00025,33.0,0.0,0.005485179894342124,3.1679397587833926e-06,0.003228126008085994,0.912490564188923,0.07946395848622834,0.004814183377003899
45,z,2026_9_20_19-26-17-inBroken-460800.npz,6,20260920-192610-inBroken-460800,inBroken,1,460800,-0.909975521394983,0.3830352624209311,1.7732700034976006,-1.885571002960205,-0.11230099946260452,2.077578207250486,2.5470121873351323,0.0005001250312578145,2,0.0,0,0.00025,0.00025,33.0,0.0,0.00377503462788459,3.895132632419604e-05,0.001391883839511606,0.7945653399518755,0.19575045594875062,0.00825336893353811
46,x,2026_9_20_19-37-24-roll-115200.npz,0,20260920-193718-roll-115200,roll,3,115200,-0.07522957680677064,0.5316871566798586,3.9972081184387207,-1.9986040592193604,1.9986040592193604,2.193878938377525,3.900477207266519,0.0,1,0.0005,1,0.00025,0.00025,33.0,0.0,0.02419209495517624,4.0888156339072085e-05,0.0007490652781589153,0.8443072288722969,0.1473456432433119,0.0075571744498930905
46,y,2026_9_20_19-37-24-roll-115200.npz,0,20260920-193718-roll-115200,roll,3,115200,-0.052136272993986495,0.2869101108378829,2.6891850233078003,-1.2777060270309448,1.4114789962768555,3.4241485492361527,5.101302512471755,0.0,1,0.0,0,0.00025,0.00025,66.0,4.0,0.0461213727041458,0.00019448765742695415,0.012041938622447252,0.8167922427324108,0.1345310212802673,0.03644030970744725
46,z,2026_9_20_19-37-24-roll-115200.npz,0,20260920-193718-roll-115200,roll,3,115200,-0.9097514077686938,0.48205952174919475,3.9972081184387207,-1.9986040592193604,1.9986040592193604,3.9117968015148143,6.033187471196159,0.001250312578144536,2,0.01025,4,0.0095,0.00075,33.0,36.0,0.021547906107641065,0.00043595367492818115,0.007664069647080231,0.6088301073871433,0.36105926663614857,0.02201060265469852
47,x,2026_9_20_19-37-24-roll-115200.npz,1,20260920-193718-roll-115200,roll,3,115200,-0.07685656876605935,0.5151451573331083,2.109745979309082,-1.1886459589004517,0.9211000204086304,1.6843022254821323,2.1582060401966974,0.0,1,0.0,0,0.00025,0.00025,33.0,0.0,0.01752866299080508,2.007026853660105e-06,0.000424539564102547,0.9694414946438316,0.029758543835536572,0.00037341492967644214
47,y,2026_9_20_19-37-24-roll-115200.npz,1,20260920-193718-roll-115200,roll,3,115200,-0.05045026339002652,0.25035969663393043,1.548484981060028,-0.839847981929779,0.708636999130249,2.357097203608764,3.153054302082774,0.0005001250312578145,2,0.0,0,0.00025,0.00025,66.0,0.0,0.04774789273322712,1.613368712004059e-05,0.008188915585309452,0.9679941215373017,0.021132458694381892,0.0026683704958858764
47,z,2026_9_20_19-37-24-roll-115200.npz,1,20260920-193718-roll-115200,roll,3,115200,-0.9096518090654863,0.43215319526681545,2.1490300595760345,-1.9986040592193604,0.1504260003566742,2.0100762978047992,2.519829222786481,0.0,1,0.00025,1,0.00025,0.00025,33.0,0.0,0.023873483411918434,1.4576481671097917e-05,0.0008927892664893274,0.8341386861752005,0.16143222155823755,0.003521726518402606
48,x,2026_9_20_19-37-24-roll-115200.npz,2,20260920-193718-roll-115200,roll,3,115200,-0.07664991632959572,0.5246662911778164,2.1431739926338196,-1.1454579830169678,0.9977160096168518,1.7004728069948987,2.0477128872423225,0.00025006251562890725,2,0.0,0,0.00025,0.00025,33.0,0.0,0.017299582632857847,4.908948074353417e-06,0.0004519207108212079,0.956132327730098,0.04299076718001535,0.00042007543099206274
48,y,2026_9_20_19-37-24-roll-115200.npz,2,20260920-193718-roll-115200,roll,3,115200,-0.05083049181656679,0.24956086459121932,1.5384199619293213,-0.84027498960495,0.6981449723243713,2.3205756707075054,3.1633345199436347,0.0,1,0.0,0,0.00025,0.00025,66.0,0.0,0.05083555909327177,1.521739822736266e-05,0.009131733268417246,0.957686599447662,0.029780890908465737,0.0033855589772281316
48,z,2026_9_20_19-37-24-roll-115200.npz,2,20260920-193718-roll-115200,roll,3,115200,-0.9113751970763551,0.444655616719892,2.1894120573997498,-1.9986040592193604,0.1908079981803894,2.0941818151646223,2.478734449341405,0.0,1,0.00025,1,0.00025,0.00025,33.0,0.0,0.018437375124562144,1.5219967276536001e-05,0.00108332603001247,0.7889180282364364,0.2072432162006369,0.0027402095656361668
49,x,2026_9_20_19-37-24-roll-115200.npz,3,20260920-193718-roll-115200,roll,3,115200,-0.07656306736089755,0.5205466330653986,2.0700350403785706,-1.1087360382080078,0.9612990021705627,1.7099003208239294,1.9937926856229784,0.0,1,0.0,0,0.00025,0.00025,33.0,0.0,0.017909379419070736,4.808811652967814e-06,0.00046113047639213274,0.9551945413262724,0.04377199204937433,0.0005675273363066251
49,y,2026_9_20_19-37-24-roll-115200.npz,3,20260920-193718-roll-115200,roll,3,115200,-0.05058995344612049,0.25156240652947626,1.55171799659729,-0.8746179938316345,0.6771000027656555,2.3844115546002045,3.275640632293603,0.00025006251562890725,2,0.0,0,0.00025,0.00025,66.0,0.0,0.04732131978348348,6.305111821206268e-06,0.007257521958557017,0.9636122209814457,0.025484013952859808,0.003639937995315072
49,z,2026_9_20_19-37-24-roll-115200.npz,3,20260920-193718-roll-115200,roll,3,115200,-0.9118390860078507,0.4420129859240013,2.17794406414032,-1.9986040592193604,0.17934000492095947,2.119123950765095,2.468658445967977,0.0,1,0.0005,1,0.0005,0.00025,33.0,0.0,0.02925995694320047,1.4238071344093827e-05,0.0010142488651785904,0.784557100451316,0.21032881499717654,0.004085597614984373
50,x,2026_9_20_19-37-24-roll-115200.npz,4,20260920-193718-roll-115200,roll,3,115200,-0.07600266047602054,0.5218537211676173,2.169648051261902,-1.154425024986267,1.0152230262756348,1.7100562634717464,2.0910566361586946,0.0,1,0.0,0,0.00025,0.00025,33.0,0.0,0.004100232506889188,4.230638412653956e-06,0.0004889682061608745,0.964629977281841,0.03446899642802406,0.00040782744556150846
50,y,2026_9_20_19-37-24-roll-115200.npz,4,20260920-193718-roll-115200,roll,3,115200,-0.049900500937947075,0.2529506134009969,1.481324017047882,-0.8316130042076111,0.649711012840271,2.4187163710294715,3.0903759937930366,0.00025006251562890725,2,0.0,0,0.00025,0.00025,66.0,0.0,0.043606200744155804,3.609189388202604e-06,0.00898605243326209,0.964084004208058,0.023881557022660625,0.003044777146631331
50,z,2026_9_20_19-37-24-roll-115200.npz,4,20260920-193718-roll-115200,roll,3,115200,-0.9127987544883508,0.4397830788594723,2.1602540612220764,-1.9986040592193604,0.16165000200271606,2.083464596015951,2.4689565309036507,0.00025006251562890725,2,0.0005,1,0.0005,0.00025,33.0,0.0,0.020614496648896617,2.738694180609961e-05,0.001005282725117486,0.8162546153648772,0.17937449425818314,0.003338220710016669
51,x,2026_9_20_19-37-24-roll-115200.npz,5,20260920-193718-roll-115200,roll,3,115200,-0.076292623794463,0.530900707635441,2.2108839750289917,-1.142835021018982,1.0680489540100098,1.7469391641195522,2.155471939190312,0.0,1,0.0,0,0.00025,0.00025,33.0,0.0,0.027876310134616524,2.8353042762591053e-06,0.0004108960807609932,0.9513949952313024,0.04774642554962621,0.0004448478340318049
51,y,2026_9_20_19-37-24-roll-115200.npz,5,20260920-193718-roll-115200,roll,3,115200,-0.04907828181510558,0.2600472272842328,1.5110309720039368,-0.8727269768714905,0.6383039951324463,2.4418562950142304,3.1673042764502664,0.0,1,0.0,0,0.00025,0.00025,66.0,0.0,0.0393613764056645,1.3864324062762986e-05,0.006991255164809686,0.9695047361213909,0.020430084191439688,0.003060060198296434
51,z,2026_9_20_19-37-24-roll-115200.npz,5,20260920-193718-roll-115200,roll,3,115200,-0.912534562729008,0.4473752305106585,2.12011606246233,-1.9986040592193604,0.12151200324296951,2.139808833233447,2.4276478052900994,0.0,1,0.001,1,0.001,0.00025,33.0,36.0,0.0379169583841587,1.2683780531097175e-05,0.0008536753150744471,0.7550181293269419,0.24127046542740851,0.002845046150043467
52,x,2026_9_20_19-37-24-roll-115200.npz,6,20260920-193718-roll-115200,roll,3,115200,-0.07644791489985073,0.5262319352104338,2.1271309852600098,-1.1043440103530884,1.0227869749069214,1.7133357529664863,2.0888790973265454,0.0,1,0.0,0,0.00025,0.00025,33.0,0.0,0.002752619856103026,1.7150600335355593e-06,0.0004334130874025308,0.9667390727095919,0.032451266324403684,0.0003745328185691359
52,y,2026_9_20_19-37-24-roll-115200.npz,6,20260920-193718-roll-115200,roll,3,115200,-0.04980296204338083,0.2534370684431386,1.4161150455474854,-0.805383026599884,0.6107320189476013,2.3142268520818785,2.9813320884668686,0.0,1,0.0,0,0.00025,0.00025,66.0,0.0,0.024145837786002242,6.161467344129054e-06,0.007247944943861449,0.9718312504966723,0.018490904578817382,0.002423738513303943
52,z,2026_9_20_19-37-24-roll-115200.npz,6,20260920-193718-roll-115200,roll,3,115200,-0.9124906271595974,0.4389316131080075,2.155069053173065,-1.9986040592193604,0.15646499395370483,2.058628099228069,2.474447954133812,0.00025006251562890725,2,0.00025,1,0.00025,0.00025,33.0,0.0,0.013112440294492638,7.99667438840854e-06,0.0010944562271863745,0.83290381780043,0.16302860475162909,0.0029651245463660153
53,x,2026_9_20_19-37-24-roll-115200.npz,7,20260920-193718-roll-115200,roll,3,115200,-0.07642964502022369,0.5242514313801071,2.1212140321731567,-1.099586009979248,1.0216280221939087,1.7302745844610488,2.094524881550564,0.0,1,0.0,0,0.00025,0.00025,33.0,0.0,0.013727108843628627,3.0622140526473884e-06,0.0004728961614357727,0.9457775630039648,0.05337830220106852,0.00036817641947788353
53,y,2026_9_20_19-37-24-roll-115200.npz,7,20260920-193718-roll-115200,roll,3,115200,-0.05018688079150161,0.2501108032844716,1.4270339608192444,-0.8071519732475281,0.6198819875717163,2.3311286402765607,3.026518976851503,0.0,1,0.0,0,0.00025,0.00025,66.0,0.0,0.022434769678781382,1.9010168701333996e-05,0.007313533158402015,0.9675597090551733,0.022319057976075123,0.002788689641648166
53,z,2026_9_20_19-37-24-roll-115200.npz,7,20260920-193718-roll-115200,roll,3,115200,-0.9124247321940493,0.443758611468325,2.2080170661211014,-1.9986040592193604,0.20941300690174103,2.1381219148935147,2.528035986465281,0.0,1,0.0005,1,0.0005,0.00025,33.0,0.0,0.03149325458492609,7.806504437358605e-06,0.0008234504341201657,0.7309436042019128,0.2650914149448508,0.0031337239146776454
54,x,2026_9_20_19-37-24-roll-115200.npz,8,20260920-193718-roll-115200,roll,3,115200,-0.07627093848149526,0.5299281303499188,2.0603359937667847,-1.104099988937378,0.9562360048294067,1.7064588007519677,1.948390515953783,0.00025006251562890725,2,0.0,0,0.00025,0.00025,33.0,0.0,0.013940924852170963,5.155275284791143e-06,0.0004248793185986926,0.954533779322164,0.04462041482732416,0.0004157712566270556
54,y,2026_9_20_19-37-24-roll-115200.npz,8,20260920-193718-roll-115200,roll,3,115200,-0.05010968530265381,0.24403316904009886,1.334009051322937,-0.7635980248451233,0.5704110264778137,2.295124565792185,2.9237350903935155,0.0,1,0.0,0,0.00025,0.00025,66.0,0.0,0.010744446285565317,1.221550939400626e-05,0.007570829091916411,0.9645891416541421,0.02462804952826497,0.003199764216281669
54,z,2026_9_20_19-37-24-roll-115200.npz,8,20260920-193718-roll-115200,roll,3,115200,-0.9114885656089755,0.44706306538862844,2.1063299477100372,-1.9620039463043213,0.14432600140571594,2.0980660332336454,2.3616680704698343,0.0,1,0.0,0,0.00025,0.00025,33.0,0.0,0.02205575805264255,1.4972558455074244e-05,0.0010048440608285678,0.7698908292139086,0.22622925774599387,0.0028600964208144813
55,x,2026_9_20_19-41-02-roll-460800.npz,0,20260920-194108-roll-460800,roll,3,460800,-0.07500599641050212,0.5339500798169394,2.177821934223175,-1.2115819454193115,0.9662399888038635,1.6603919509476288,2.1286183708381046,0.0,1,0.0,0,0.00025,0.00025,33.0,0.0,0.028729403469025413,3.2864468539332868e-06,0.00048112799698299483,0.9737717733736824,0.02535697414335833,0.0003868380391217575
55,y,2026_9_20_19-41-02-roll-460800.npz,0,20260920-194108-roll-460800,roll,3,460800,-0.04993075711157871,0.2705915295224258,1.5772770047187805,-0.8712019920349121,0.7060750126838684,2.2138521048988355,3.0350958744821646,0.0,1,0.0,0,0.00025,0.00025,66.0,0.0,0.026804406391545677,7.108751701153386e-06,0.005670596994453048,0.9738397931042458,0.017385067008062843,0.003097434141538082
55,z,2026_9_20_19-41-02-roll-460800.npz,0,20260920-194108-roll-460800,roll,3,460800,-0.9107401260333136,0.43528123308991257,2.0008610114455223,-1.9722520112991333,0.028609000146389008,1.9636891096010518,2.438680569181699,0.0,1,0.0,0,0.00025,0.00025,33.0,0.0,0.024929943226672344,8.439236785282298e-06,0.001203287152030896,0.860818020168456,0.1341694130156171,0.003800840427113104
56,x,2026_9_20_19-41-02-roll-460800.npz,1,20260920-194108-roll-460800,roll,3,460800,-0.07538839024712797,0.5332064478888903,2.074488043785095,-1.1539980173110962,0.920490026473999,1.64343848065599,2.0228743131942193,0.0,1,0.0,0,0.00025,0.00025,33.0,0.0,0.034281853637371046,1.1377144694896678e-06,0.0004503423200452766,0.9752310370991705,0.023897811683531202,0.0004196711827834364
56,y,2026_9_20_19-41-02-roll-460800.npz,1,20260920-194108-roll-460800,roll,3,460800,-0.05029408821865218,0.26398630654692296,1.3994619846343994,-0.7599380016326904,0.639523983001709,2.227057166836155,2.688184560390827,0.00025006251562890725,2,0.0,0,0.00025,0.00025,66.0,0.0,0.04203066833915965,1.2576350838839532e-05,0.006228816347552534,0.9743596731809541,0.01645224664733278,0.0029466874733226475
56,z,2026_9_20_19-41-02-roll-460800.npz,1,20260920-194108-roll-460800,roll,3,460800,-0.9127986471503973,0.43183571480332555,2.01970998942852,-1.926501989364624,0.09320800006389618,1.8898817059192508,2.347428217408803,0.0,1,0.0,0,0.00025,0.00025,33.0,0.0,0.03282671752295881,8.189689612717468e-06,0.0010944213852784757,0.8668253444751606,0.12878989905978439,0.0032821453901639044
57,x,2026_9_20_19-41-02-roll-460800.npz,2,20260920-194108-roll-460800,roll,3,460800,-0.07591950188053306,0.5274713463142883,2.0377050042152405,-1.0915340185165405,0.9461709856987,1.6418025102735054,1.9377175551261718,0.00025006251562890725,2,0.0,0,0.00025,0.00025,33.0,0.0,0.03090285425970042,5.28378208661209e-06,0.0004655226569242565,0.9786731089780677,0.02054488969502378,0.000311194887896364
57,y,2026_9_20_19-41-02-roll-460800.npz,2,20260920-194108-roll-460800,roll,3,460800,-0.0497934917145758,0.26672201130181256,1.479921042919159,-0.8107510209083557,0.6691700220108032,2.2222412213707274,2.852998616348574,0.0,1,0.0,0,0.00025,0.00025,66.0,0.0,0.04610961082825968,4.518277374206027e-06,0.005892802616376744,0.9712591586133829,0.020568581284945056,0.002274939207920821
57,z,2026_9_20_19-41-02-roll-460800.npz,2,20260920-194108-roll-460800,roll,3,460800,-0.9115744833520147,0.42538356144364503,1.9604790583252907,-1.9663350582122803,-0.0058559998869895935,1.8576913014321554,2.4795517985713245,0.0,1,0.0,0,0.00025,0.00025,33.0,0.0,0.027847960581239218,1.9219254667118462e-05,0.001031961772258668,0.8901420373986156,0.10543070782608778,0.0033760737483714146
58,x,2026_9_20_19-54-31-keep-115200.npz,0,20260920-195424-keep-115200,keep,-1,115200,-0.07528903660684591,0.5314734213105482,2.1783100366592407,-1.093546986579895,1.0847630500793457,1.6835688992497904,2.182709501870565,0.00025006251562890725,2,0.0,0,0.00025,0.00025,33.0,0.0,0.0322257821980892,1.6454616106533057e-06,0.0005008907288693755,0.964627558360275,0.03446502176602972,0.00040488368321668964
58,y,2026_9_20_19-54-31-keep-115200.npz,0,20260920-195424-keep-115200,keep,-1,115200,-0.049945839351566976,0.2976501021028914,1.8004760146141052,-0.8599780201911926,0.9404979944229126,2.5610387745826855,3.327544075332129,0.0,1,0.0,0,0.00025,0.00025,66.0,0.0,0.02649636878571506,7.478685151065095e-06,0.023274788069388076,0.9569855200586509,0.017728580338081924,0.0020036328487276723
58,z,2026_9_20_19-54-31-keep-115200.npz,0,20260920-195424-keep-115200,keep,-1,115200,-0.9128222696625744,0.44540948391388796,2.173552066087723,-1.9986040592193604,0.17494800686836243,1.9656599459932478,2.4421803212911333,0.0,1,0.001,1,0.001,0.00025,66.0,0.0,0.04070700421452752,1.1861321482384588e-05,0.0015414214709851576,0.8332196968906762,0.16197006407853135,0.00325695623832369
59,x,2026_9_20_19-54-31-keep-115200.npz,1,20260920-195424-keep-115200,keep,-1,115200,-0.07650639813562157,0.5668659800164885,2.2454100847244263,-1.231834053993225,1.0135760307312012,1.6394487249132892,2.0380966517412076,0.00025006251562890725,2,0.0,0,0.00025,0.00025,33.0,0.0,0.020264188371152566,3.408897852823038e-06,0.00031758219099649207,0.9752460987138131,0.024042272574279117,0.00039063762305874516
59,y,2026_9_20_19-54-31-keep-115200.npz,1,20260920-195424-keep-115200,keep,-1,115200,-0.0507459760386846,0.3028320886752223,1.8511059880256653,-0.9946659803390503,0.856440007686615,2.7523201560321464,3.116974850418476,0.00025006251562890725,2,0.0,0,0.00025,0.00025,66.0,0.0,0.038007210047340825,1.3944545164787544e-05,0.021340858878510283,0.9584495514598429,0.018106865263149297,0.0020887798533335126
59,z,2026_9_20_19-54-31-keep-115200.npz,1,20260920-195424-keep-115200,keep,-1,115200,-0.912611408192257,0.46722065460681805,2.145736053586006,-1.9986040592193604,0.1471319943666458,1.9755772322629137,2.3243678127650473,0.00025006251562890725,2,0.0015,1,0.0015,0.00025,66.0,4.0,0.016726085348875177,8.346951510591494e-06,0.001416953371853959,0.8721894005013898,0.12403012903843459,0.0023551701368108597
60,x,2026_9_20_19-54-31-keep-115200.npz,2,20260920-195424-keep-115200,keep,-1,115200,-0.07557678894780111,0.5795885180449906,2.6137280464172363,-1.4103200435638428,1.2034080028533936,1.725978703265036,2.302915280513601,0.0,1,0.0,0,0.00025,0.00025,33.0,0.0,0.01962798842035779,4.935348889671815e-07,0.0003073024037448449,0.9711938290004566,0.0281814897275653,0.00031688533334490527
60,y,2026_9_20_19-54-31-keep-115200.npz,2,20260920-195424-keep-115200,keep,-1,115200,-0.049545008177752606,0.32537453168550023,1.8296340703964233,-1.022726058959961,0.8069080114364624,2.6433313080461325,2.990956439463625,0.00025006251562890725,2,0.0,0,0.00025,0.00025,66.0,0.0,0.011103194233214701,6.76411144307937e-06,0.020940175548554603,0.9596969024041214,0.017294537540089524,0.0020616203957923795
60,z,2026_9_20_19-54-31-keep-115200.npz,2,20260920-195424-keep-115200,keep,-1,115200,-0.9107251814954798,0.47748021837985055,2.0991930589079857,-1.9986040592193604,0.10058899968862534,1.982148688469457,2.2783747595139925,0.00025006251562890725,2,0.0015,1,0.0015,0.00025,66.0,4.0,0.020186611776554734,1.6802998374341355e-05,0.0012933273125718685,0.850780694457145,0.14488470195792033,0.0030244732739869796
61,x,2026_9_20_19-54-31-keep-115200.npz,3,20260920-195424-keep-115200,keep,-1,115200,-0.07659519863990136,0.579582944148515,2.510698914527893,-1.355968952178955,1.154729962348938,1.7327089423792952,2.2074040764236518,0.0,1,0.0,0,0.00025,0.00025,33.0,0.0,0.011175588335704626,3.0241110115493146e-06,0.0003422121610965621,0.9500550136472065,0.04922933500185715,0.00037041507882733124
61,y,2026_9_20_19-54-31-keep-115200.npz,3,20260920-195424-keep-115200,keep,-1,115200,-0.05003248967468971,0.3043086429819633,1.8936840295791626,-0.9652640223503113,0.9284200072288513,2.6057615352881824,3.215329302893099,0.0,1,0.0,0,0.00025,0.00025,66.0,0.0,0.03475982955033833,2.207268738988748e-06,0.025145725485497015,0.9545532325534832,0.018351645971642853,0.0019471887206383535
61,z,2026_9_20_19-54-31-keep-115200.npz,3,20260920-195424-keep-115200,keep,-1,115200,-0.9122458497725893,0.4796785699487285,2.304214060306549,-1.9986040592193604,0.3056100010871887,2.1655676038863776,2.5388998532703915,0.0,1,0.00375,1,0.00375,0.00025,66.0,0.0,0.029168052746944235,6.646342679634777e-06,0.0015439076127560533,0.7703702943470895,0.22548630560483726,0.002592846092636961
62,x,2026_9_20_19-54-31-keep-115200.npz,4,20260920-195424-keep-115200,keep,-1,115200,-0.0758254091970739,0.594416498971414,2.4959371089935303,-1.2519030570983887,1.2440340518951416,1.7541806935918827,2.22042871181422,0.00025006251562890725,2,0.0,0,0.00025,0.00025,33.0,0.0,0.0157712651735486,4.827128494159566e-07,0.00036892116801296164,0.9580064238582686,0.04123239875252565,0.00039177350834505387
62,y,2026_9_20_19-54-31-keep-115200.npz,4,20260920-195424-keep-115200,keep,-1,115200,-0.04958621370309265,0.28335494748771584,1.5426290035247803,-0.8920639753341675,0.6505650281906128,2.423976857296637,2.9732241102569716,0.0005001250312578145,2,0.0,0,0.00025,0.00025,66.0,0.0,0.03342286793647266,1.4867497131633995e-05,0.031409705746474934,0.933009690489377,0.03281761813300012,0.002748118134016467
62,z,2026_9_20_19-54-31-keep-115200.npz,4,20260920-195424-keep-115200,keep,-1,115200,-0.9102781120155705,0.4914677615635976,2.2742630541324615,-1.9986040592193604,0.2756589949131012,1.9558535310566383,2.4130516784165654,0.00025006251562890725,2,0.0055,2,0.0055,0.00025,66.0,4.0,0.01642076986490625,9.101467667284296e-06,0.001274700112846927,0.8540983635246294,0.14124010638363937,0.003377728511218138
63,x,2026_9_20_19-54-31-keep-115200.npz,5,20260920-195424-keep-115200,keep,-1,115200,-0.07482415515958564,0.6049481680378209,2.3770480155944824,-1.2711180448532104,1.105929970741272,1.6697445036939271,1.97751469117406,0.0,1,0.0,0,0.00025,0.00025,33.0,0.0,0.014932316362169535,2.8054658966183396e-06,0.0004207043201213535,0.9618642169380729,0.037329537411398335,0.00038273586450947533
63,y,2026_9_20_19-54-31-keep-115200.npz,5,20260920-195424-keep-115200,keep,-1,115200,-0.04978603427333292,0.3041674162436897,2.241994023323059,-1.191696047782898,1.0502979755401611,3.12510327884769,3.7542154502002982,0.00025006251562890725,2,0.0,0,0.00025,0.00025,66.0,0.0,0.06314804361403777,3.902736793816193e-06,0.029544135579706657,0.9395490780587386,0.028502584214141497,0.0024002994106188734
63,z,2026_9_20_19-54-31-keep-115200.npz,5,20260920-195424-keep-115200,keep,-1,115200,-0.9111431533867727,0.48888353152400676,2.196061059832573,-1.9986040592193604,0.19745700061321259,2.015927315712732,2.2676160731864354,0.00025006251562890725,2,0.00575,1,0.00575,0.00025,66.0,0.0,0.01855075980624167,1.2804653485871201e-05,0.001368792624998437,0.853647251583755,0.14209866198298046,0.002872489154780216
64,x,2026_9_20_19-54-31-keep-115200.npz,6,20260920-195424-keep-115200,keep,-1,115200,-0.07576111555862007,0.5502818308995989,2.264503002166748,-1.1857789754867554,1.0787240266799927,1.698239898847799,2.0979888439188774,0.0,1,0.0,0,0.00025,0.00025,33.0,36.0,0.010198736934694563,4.082540460342621e-06,0.0005213694878757935,0.9682361285012877,0.030776707474237355,0.0004617119961395418
64,y,2026_9_20_19-54-31-keep-115200.npz,6,20260920-195424-keep-115200,keep,-1,115200,-0.049679436954203994,0.3151722534634024,2.0421579480171204,-1.2683119773864746,0.7738459706306458,2.6854060097231516,3.8665603556176547,0.00025006251562890725,2,0.0,0,0.00025,0.00025,66.0,0.0,0.061991316119538474,9.023765330996595e-06,0.021572329991614833,0.9577684424463594,0.01865388748691561,0.0019963163097787475
64,z,2026_9_20_19-54-31-keep-115200.npz,6,20260920-195424-keep-115200,keep,-1,115200,-0.9133239944909001,0.4584154041789233,2.177090063691139,-1.9986040592193604,0.17848600447177887,1.9656148918813385,2.3817044301079733,0.0,1,0.0015,1,0.0015,0.00025,66.0,0.0,0.009321143353018979,1.123786230106598e-05,0.0016846501974940814,0.8705067489548625,0.12364915010642762,0.004148212878916384
65,x,2026_9_20_19-54-31-keep-115200.npz,7,20260920-195424-keep-115200,keep,-1,115200,-0.0759601884157164,0.5728791686987775,2.3007980585098267,-1.25245201587677,1.0483460426330566,1.7171133811027457,2.0536474212063003,0.0,1,0.0,0,0.00025,0.00025,33.0,0.0,0.0148951133350129,1.0906973496805086e-06,0.0004776051510173711,0.968739708980061,0.03055697924370087,0.0002246159278705637
65,y,2026_9_20_19-54-31-keep-115200.npz,7,20260920-195424-keep-115200,keep,-1,115200,-0.05023882211634191,0.2698078404806022,1.5778260231018066,-0.8292340040206909,0.7485920190811157,2.637165933087939,2.9607399094648974,0.00025006251562890725,2,0.0,0,0.00025,0.00025,66.0,0.0,0.016678390749309487,6.700232665804951e-06,0.031099221002780557,0.9439927986892801,0.022463031768745152,0.0024382483065275695
65,z,2026_9_20_19-54-31-keep-115200.npz,7,20260920-195424-keep-115200,keep,-1,115200,-0.9120179996496881,0.46611421118887436,2.2130190581083298,-1.9986040592193604,0.21441499888896942,1.9810855075536922,2.4166459024400244,0.0,1,0.0005,1,0.0005,0.00025,99.0,0.0,0.008697118906275659,3.912296726446687e-06,0.0017322552282876022,0.8375657125152792,0.15791876129101315,0.00277935866869359
66,x,2026_9_20_19-58-01-keep-460800.npz,0,20260920-195753-keep-460800,keep,-1,460800,-0.07482314904220402,0.5849169700193582,2.4412200450897217,-1.2955180406570435,1.1457020044326782,1.6664266718846816,2.0869541391053157,0.0,1,0.0,0,0.00025,0.00025,33.0,0.0,0.011781545365686437,2.029801640753242e-06,0.00027449341836106926,0.9758451720800878,0.023561327062623417,0.0003169776372881893
66,y,2026_9_20_19-58-01-keep-460800.npz,0,20260920-195753-keep-460800,keep,-1,460800,-0.04906506038201042,0.3266482825516969,1.8131030201911926,-1.00381600856781,0.8092870116233826,2.453989649424731,2.9228714773196343,0.0,1,0.0,0,0.00025,0.00025,66.0,0.0,0.016368066692746115,1.178764635725495e-05,0.019562296146025383,0.961996514519579,0.0166584282841693,0.0017709734038699923
66,z,2026_9_20_19-58-01-keep-460800.npz,0,20260920-195753-keep-460800,keep,-1,460800,-0.913201445325336,0.4774618511646204,2.1949020624160767,-1.9986040592193604,0.1962980031967163,1.8992369143439338,2.3237447050811952,0.0,1,0.0005,1,0.0005,0.00025,66.0,4.0,0.010211506582169882,4.388887915903233e-06,0.0013312281185376426,0.8767539519411461,0.11906802922796168,0.0028424018244388467
67,x,2026_9_20_19-58-01-keep-460800.npz,1,20260920-195753-keep-460800,keep,-1,460800,-0.07539487140398705,0.5638567906995161,2.3675930500030518,-1.2710570096969604,1.0965360403060913,1.7206701020570605,2.120506763445457,0.0,1,0.0,0,0.00025,0.00025,33.0,0.0,0.014990834349587078,1.7812231295601382e-06,0.0003061845495168477,0.956521729708592,0.0428322125809082,0.00033809193785387697
67,y,2026_9_20_19-58-01-keep-460800.npz,1,20260920-195753-keep-460800,keep,-1,460800,-0.04966693183174357,0.31162604427907853,2.035692036151886,-1.0555440187454224,0.9801480174064636,2.9907390514944607,3.3046498139159075,0.00025006251562890725,2,0.0,0,0.00025,0.00025,66.0,0.0,0.02010069757331338,3.510903732563273e-06,0.02195376006562576,0.9516812735251947,0.024393538724498506,0.001967916780946868
67,z,2026_9_20_19-58-01-keep-460800.npz,1,20260920-195753-keep-460800,keep,-1,460800,-0.9138888543290086,0.49148967760907897,2.308362066745758,-1.9986040592193604,0.3097580075263977,2.136281375291694,2.489669503961933,0.0007501875468867217,2,0.00725,2,0.00725,0.00025,66.0,4.0,0.03135287640821954,1.921087454290245e-05,0.0012580201256157104,0.7789648317197497,0.21679669742078406,0.002961239859307193
68,x,2026_9_20_19-58-01-keep-460800.npz,2,20260920-195753-keep-460800,keep,-1,460800,-0.07614404300187017,0.5960542908835778,2.5593769550323486,-1.3388890027999878,1.2204879522323608,1.6981892616376653,2.1753588810041657,0.0,1,0.0,0,0.00025,0.00025,33.0,0.0,0.01856481955595416,3.628989039706555e-06,0.0003143152151195253,0.9600692841594299,0.039257574773745564,0.000355196862662922
68,y,2026_9_20_19-58-01-keep-460800.npz,2,20260920-195753-keep-460800,keep,-1,460800,-0.0493470784050296,0.3132856408905727,1.9865259528160095,-1.042855978012085,0.9436699748039246,3.0062948244435437,3.1712557804526935,0.0,1,0.0,0,0.00025,0.00025,66.0,0.0,0.04568051488136677,6.2297148641408315e-06,0.02158161145520207,0.9584027586038562,0.018280788924654737,0.0017286113014243344
68,z,2026_9_20_19-58-01-keep-460800.npz,2,20260920-195753-keep-460800,keep,-1,460800,-0.9118661702575628,0.4839318164344,2.3001880645751953,-1.9986040592193604,0.30158400535583496,2.07556322199956,2.5074817038360373,0.0005001250312578145,2,0.00625,2,0.00625,0.00025,66.0,4.0,0.024753228044592672,7.163215207770718e-06,0.0013692012903236941,0.8329846593286427,0.16282761655149894,0.0028113596143275413
69,x,2026_9_20_19-58-01-keep-460800.npz,3,20260920-195753-keep-460800,keep,-1,460800,-0.07497673188702902,0.5614364694768289,2.3288580179214478,-1.277340054512024,1.0515179634094238,1.687719049212705,2.1415839333440694,0.0,1,0.0,0,0.00025,0.00025,33.0,0.0,0.009027866008688847,1.450122508825964e-06,0.0003490015456847966,0.9712260450733743,0.0281019563626788,0.00032154689575358364
69,y,2026_9_20_19-58-01-keep-460800.npz,3,20260920-195753-keep-460800,keep,-1,460800,-0.04963769787718775,0.27320384453077506,1.6793299913406372,-0.8709579706192017,0.8083720207214355,2.600382301157524,3.1405477476799297,0.0,1,0.0,0,0.00025,0.00025,66.0,0.0,0.039563991792090844,7.053630271640703e-06,0.03071734353831052,0.9481573243668544,0.019260596235941636,0.001857682228622577
69,z,2026_9_20_19-58-01-keep-460800.npz,3,20260920-195753-keep-460800,keep,-1,460800,-0.9154931392276194,0.4525288144236224,2.2906720638275146,-1.9986040592193604,0.2920680046081543,2.029847878973007,2.668473487978488,0.0,1,0.00025,1,0.00025,0.00025,66.0,0.0,0.02785676959102298,1.0764525288946205e-05,0.0016214470133841354,0.8666474707153348,0.12886595238859264,0.002854365357399402
70,x,2026_9_20_19-58-01-keep-460800.npz,4,20260920-195753-keep-460800,keep,-1,460800,-0.07471504181239289,0.5636750367815275,2.3701549768447876,-1.2751439809799194,1.0950109958648682,1.7196824746370276,2.1296471563149884,0.0,1,0.0,0,0.00025,0.00025,33.0,0.0,0.009617600031186162,1.3639647808884369e-06,0.00043211929622388154,0.9530854406890832,0.04568644673973987,0.0007946293101748511
70,y,2026_9_20_19-58-01-keep-460800.npz,4,20260920-195753-keep-460800,keep,-1,460800,-0.049493387086957226,0.2731265048553832,1.6727420091629028,-0.9485499858856201,0.7241920232772827,2.6600947605100616,3.2917222708748137,0.0,1,0.0,0,0.00025,0.00025,66.0,0.0,0.02288951066158545,1.0941145655682601e-05,0.03315071516486022,0.9331265165639925,0.03013984405893291,0.0035719830665593296
70,z,2026_9_20_19-58-01-keep-460800.npz,4,20260920-195753-keep-460800,keep,-1,460800,-0.9137671142930048,0.47775303788666273,2.264869064092636,-1.9986040592193604,0.26626500487327576,2.1103112598408242,2.4699625655676507,0.0,1,0.00375,1,0.00375,0.00025,66.0,4.0,0.030979665850568272,8.549147074855738e-06,0.0019188015600684319,0.7994744172970197,0.19401516232855975,0.004583069667277363
71,x,2026_9_20_19-58-01-keep-460800.npz,5,20260920-195753-keep-460800,keep,-1,460800,-0.07448647479387001,0.5813591640428613,2.342216968536377,-1.2029809951782227,1.1392359733581543,1.6922337432929855,2.0877325467988004,0.0,1,0.0,0,0.00025,0.00025,33.0,0.0,0.014138279033801339,3.0882852393423488e-06,0.0004804843063363435,0.9654690013770234,0.033502601298104985,0.0005448247332961668
71,y,2026_9_20_19-58-01-keep-460800.npz,5,20260920-195753-keep-460800,keep,-1,460800,-0.049389488903747406,0.31614691077861223,2.1432350277900696,-1.2439730167388916,0.899262011051178,2.8899338045931593,3.7785709336621465,0.0,1,0.0,0,0.00025,0.00025,66.0,0.0,0.019518559480325957,1.9122835456735278e-05,0.019044698436711815,0.958050658622567,0.019824178938574882,0.0030613411666892748
71,z,2026_9_20_19-58-01-keep-460800.npz,5,20260920-195753-keep-460800,keep,-1,460800,-0.913183634133893,0.48254667729772044,2.267004072666168,-1.9986040592193604,0.26840001344680786,2.052878492492939,2.448641143272634,0.0,1,0.00275,1,0.00275,0.00025,66.0,4.0,0.003579509153112579,8.384349480470631e-06,0.001460069037811825,0.8401917213491007,0.15433989033597986,0.003999934927628188
72,x,2026_9_20_19-58-01-keep-460800.npz,6,20260920-195753-keep-460800,keep,-1,460800,-0.07581732770515373,0.5943550210279862,2.6338579654693604,-1.2763639688491821,1.3574939966201782,1.6990878654673982,2.4115407014587027,0.0,1,0.0,0,0.00025,0.00025,33.0,0.0,0.011378339453297012,3.6063235631329487e-06,0.00041492023240342256,0.9684790717221096,0.03068041514921399,0.0004219865727099733
72,y,2026_9_20_19-58-01-keep-460800.npz,6,20260920-195753-keep-460800,keep,-1,460800,-0.04990869026468135,0.3443352771735473,2.069973945617676,-1.1212409734725952,0.9487329721450806,2.7141385112121403,3.111305620504156,0.0,1,0.0,0,0.00025,0.00025,66.0,0.0,0.048359998448617915,5.872312742401712e-06,0.015450250619117152,0.965099830399049,0.017040060721926285,0.0024039859471642454
72,z,2026_9_20_19-58-01-keep-460800.npz,6,20260920-195753-keep-460800,keep,-1,460800,-0.9124936015974963,0.4745365874026206,2.1330480575561523,-1.9986040592193604,0.134443998336792,1.8943942199104657,2.2887812793670923,0.00025006251562890725,2,0.002,1,0.002,0.00025,66.0,4.0,0.014301594445786202,2.374018686921851e-05,0.0016230739745583794,0.8681191591931271,0.1258327845006707,0.004401242144774898
73,x,2026_9_20_19-58-01-keep-460800.npz,7,20260920-195753-keep-460800,keep,-1,460800,-0.07637018492014613,0.5847451220339095,2.3067150115966797,-1.28923499584198,1.0174800157546997,1.670055462989152,2.0741768767615296,0.0,1,0.0,0,0.00025,0.00025,33.0,0.0,0.008152880995670476,2.2079021842798397e-06,0.000472806035646318,0.9683661858019855,0.03075875181467152,0.0004000484455134058
73,y,2026_9_20_19-58-01-keep-460800.npz,7,20260920-195753-keep-460800,keep,-1,460800,-0.04978931318910327,0.31646203819171975,2.0241629481315613,-1.099524974822998,0.9246379733085632,2.481944850682768,3.3170982138399223,0.0,1,0.0,0,0.00025,0.00025,66.0,0.0,0.017065576017552434,2.00357585162104e-05,0.0225024986330198,0.9573956758460064,0.017840522159434373,0.0022412676030216425
73,z,2026_9_20_19-58-01-keep-460800.npz,7,20260920-195753-keep-460800,keep,-1,460800,-0.9121199766678619,0.47747372182880327,2.1093190610408783,-1.9986040592193604,0.11071500182151794,1.9875646776907718,2.2754845615169876,0.0,1,0.00225,1,0.00225,0.00025,66.0,0.0,0.01639041761550832,1.9110102319220074e-05,0.001664468302380885,0.8367631800296298,0.15811037977904807,0.0034428617866224826
74,x,2026_9_20_19-58-01-keep-460800.npz,8,20260920-195753-keep-460800,keep,-1,460800,-0.07616716195543995,0.557872283557679,2.3927249908447266,-1.1455190181732178,1.2472059726715088,1.6733476197679782,2.372179392364675,0.00025006251562890725,2,0.0,0,0.00025,0.00025,33.0,0.0,0.021274397446960133,3.0937368935086077e-06,0.0005059588531873016,0.9700391860364918,0.02904196708449993,0.0004097942889282587
74,y,2026_9_20_19-58-01-keep-460800.npz,8,20260920-195753-keep-460800,keep,-1,460800,-0.05056489776412491,0.2922090870345334,2.0159279704093933,-1.1675399541854858,0.8483880162239075,2.7863244502523417,3.822519921460746,0.0,1,0.0,0,0.00025,0.00025,66.0,0.0,0.06591329235216561,1.5659176794709718e-05,0.026998451965867785,0.9507665684683393,0.019764768493002828,0.002454551895996035
74,z,2026_9_20_19-58-01-keep-460800.npz,8,20260920-195753-keep-460800,keep,-1,460800,-0.9112831030168455,0.4551916066167695,2.0968140587210655,-1.9986040592193604,0.09820999950170517,2.0179626965357085,2.3887104691672,0.0,1,0.0015,1,0.0015,0.00025,66.0,4.0,0.021219683533307453,7.613029350023033e-06,0.0019872621060291373,0.8597646233023162,0.13527350556661435,0.0029669959956913966
75,x,2026_9_20_19-58-01-keep-460800.npz,9,20260920-195753-keep-460800,keep,-1,460800,-0.07547049652255373,0.5429305465921062,2.2771910429000854,-1.1440550088882446,1.1331360340118408,1.6798006533679744,2.2260794462949947,0.0,1,0.0,0,0.00025,0.00025,33.0,0.0,0.026746580088107347,6.488241365522549e-06,0.0005429045053014445,0.9752014737921975,0.02382031608632745,0.0004288173748092794
75,y,2026_9_20_19-58-01-keep-460800.npz,9,20260920-195753-keep-460800,keep,-1,460800,-0.04969686782313511,0.31600996756415917,2.0315439701080322,-1.1226439476013184,0.9089000225067139,2.7664768705948823,3.3952950536610653,0.0,1,0.0,0,0.00025,0.00025,66.0,0.0,0.11724865084752838,1.1254795431906708e-05,0.024043586894784464,0.9537683188519877,0.019776695169066136,0.00240014428872997
75,z,2026_9_20_19-58-01-keep-460800.npz,9,20260920-195753-keep-460800,keep,-1,460800,-0.9118857973420527,0.43900064699506064,2.0886400565505028,-1.9986040592193604,0.09003599733114243,1.9058125956190608,2.475436583786025,0.0,1,0.0005,1,0.0005,0.00025,66.0,32.0,0.026741621922519134,2.690250918835112e-05,0.002289198168829772,0.8866228524088395,0.10751688565029142,0.003544161262851645
76,x,2026_9_20_20-17-49-bigNormal-115200.npz,0,20260920-201757-bigNormal-115200,bigNormal,-1,115200,-0.09977931666385847,0.6671156094312372,3.9972081184387207,-1.9986040592193604,1.9986040592193604,3.628371596317756,3.1454568686711406,0.0005001250312578145,2,0.014,3,0.0085,0.0055,100.0,0.0,0.16211284327835285,0.0002796517229213592,0.018856590552990153,0.21549492660561012,0.75631094277986,0.009057888338618052
76,y,2026_9_20_20-17-49-bigNormal-115200.npz,0,20260920-201757-bigNormal-115200,bigNormal,-1,115200,-0.04987285256566247,0.5167651470798351,3.9972081184387207,-1.9986040592193604,1.9986040592193604,4.425463143423669,3.9640384483370616,0.0005001250312578145,2,0.0045,3,0.00225,0.00225,100.0,80.0,0.1601031661023092,0.00020097916093530732,0.01159593488430479,0.24757577497921077,0.7006901399550832,0.03993717102046481
76,z,2026_9_20_20-17-49-bigNormal-115200.npz,0,20260920-201757-bigNormal-115200,bigNormal,-1,115200,-0.785550674295111,1.0137672249018252,3.9972081184387207,-1.9986040592193604,1.9986040592193604,2.9520816498862903,2.7463451817394207,0.009752438109527382,2,0.1955,16,0.17625,0.01925,98.0,80.0,0.09868382220123689,0.008983634053552217,0.01902658183553047,0.08942249278112198,0.8122489928969654,0.07031829843283073
77,x,2026_9_20_20-17-49-bigNormal-115200.npz,1,20260920-201757-bigNormal-115200,bigNormal,-1,115200,-0.10578182285040384,0.6786576686871382,3.9972081184387207,-1.9986040592193604,1.9986040592193604,3.556622953446637,3.1008061636446165,0.00025006251562890725,2,0.01425,2,0.005,0.00925,100.0,0.0,0.08182231466375062,0.0004096679566854562,0.021841394791496768,0.2210465673572621,0.74724021220948,0.009462157685075169
77,y,2026_9_20_20-17-49-bigNormal-115200.npz,1,20260920-201757-bigNormal-115200,bigNormal,-1,115200,-0.0555770239950507,0.5289055661615887,3.9972081184387207,-1.9986040592193604,1.9986040592193604,4.15085711603198,3.8838333620161367,0.0005001250312578145,2,0.00525,3,0.00375,0.0015,100.0,12.0,0.08063702165802149,0.0005721490721520624,0.009808833053408498,0.2205777555793234,0.7400082093044847,0.029033052990631678
77,z,2026_9_20_20-17-49-bigNormal-115200.npz,1,20260920-201757-bigNormal-115200,bigNormal,-1,115200,-0.7816962362014456,1.0277694293344937,3.9972081184387207,-1.9986040592193604,1.9986040592193604,2.86456681872972,2.705179017847534,0.011252813203300824,2,0.19825,13,0.17825,0.02,97.0,48.0,0.043347614229409234,0.005871484743794233,0.024471205965766248,0.09748817586289182,0.814782916567598,0.057386216859949477
78,x,2026_9_20_20-17-49-bigNormal-115200.npz,2,20260920-201757-bigNormal-115200,bigNormal,-1,115200,-0.10251774390152422,0.5706651739727836,3.9972081184387207,-1.9986040592193604,1.9986040592193604,3.193973338223633,3.681881949258554,0.0,1,0.00125,1,0.00025,0.001,100.0,0.0,0.02607918970135112,0.00015296782250765522,0.016182227680582948,0.23092539636923118,0.7434476190139782,0.009291789113701442
78,y,2026_9_20_20-17-49-bigNormal-115200.npz,2,20260920-201757-bigNormal-115200,bigNormal,-1,115200,-0.04956648045423208,0.46622540939027607,3.781756043434143,-1.9986040592193604,1.7831519842147827,3.2757318842166336,4.180461938601879,0.0,1,0.00025,1,0.00025,0.00025,100.0,52.0,0.06304369216616841,0.00013194872423038687,0.0038050765646680407,0.2758572487628035,0.683041702309443,0.03716402363885543
78,z,2026_9_20_20-17-49-bigNormal-115200.npz,2,20260920-201757-bigNormal-115200,bigNormal,-1,115200,-0.816722207245999,0.9365925638610373,3.9972081184387207,-1.9986040592193604,1.9986040592193604,2.653942842896266,3.0059242141101077,0.005251312828207052,2,0.16,5,0.156,0.004,31.0,72.0,0.02357000807136785,0.00045891347744367387,0.013274548292349966,0.08970565401019423,0.817983292797871,0.07857759142214125
79,x,2026_9_20_20-17-49-bigNormal-115200.npz,3,20260920-201757-bigNormal-115200,bigNormal,-1,115200,-0.1021171568252612,0.5958519090542785,3.9972081184387207,-1.9986040592193604,1.9986040592193604,3.482488447337696,3.5255760435152994,0.00025006251562890725,2,0.00425,2,0.003,0.00125,100.0,0.0,0.020558598484585102,0.0004183196458671153,0.016731974910946204,0.2542395217116737,0.7204658077726275,0.008144375958884228
79,y,2026_9_20_20-17-49-bigNormal-115200.npz,3,20260920-201757-bigNormal-115200,bigNormal,-1,115200,-0.05202834885811899,0.4803181487938297,3.9524340629577637,-1.9986040592193604,1.9538300037384033,3.3307940834896708,4.176103604732851,0.0,1,0.0005,1,0.0005,0.00025,100.0,80.0,0.040322813828440586,0.00017663489780711763,0.007299679744347974,0.2782698282615103,0.6701701446411531,0.04408371245518201
79,z,2026_9_20_20-17-49-bigNormal-115200.npz,3,20260920-201757-bigNormal-115200,bigNormal,-1,115200,-0.8145716678847094,0.9668507255609519,3.9972081184387207,-1.9986040592193604,1.9986040592193604,2.735294366831429,2.9096277767924397,0.008252063015753939,3,0.17125,7,0.1635,0.00775,100.0,88.0,0.01129324681436635,0.0014583249000668108,0.012633603037465052,0.07992697672465264,0.8361315193527529,0.0698495759850619
80,x,2026_9_20_20-17-49-bigNormal-115200.npz,4,20260920-201757-bigNormal-115200,bigNormal,-1,115200,-0.10594725517975166,0.6598479694709252,3.9972081184387207,-1.9986040592193604,1.9986040592193604,3.4360012227660395,3.1894487999812577,0.0005001250312578145,2,0.0125,4,0.0065,0.006,100.0,0.0,0.07387477878694054,0.00015642117102680075,0.016238537643694873,0.2322212516613085,0.7434176858298929,0.00796610369407798
80,y,2026_9_20_20-17-49-bigNormal-115200.npz,4,20260920-201757-bigNormal-115200,bigNormal,-1,115200,-0.055366451730253174,0.5189194046364043,3.9972081184387207,-1.9986040592193604,1.9986040592193604,4.122692598896294,3.9581686338917823,0.0005001250312578145,2,0.004,3,0.003,0.001,100.0,36.0,0.08996403192564707,0.00039352511608431326,0.008335059669017136,0.25042463317246927,0.701005379645038,0.03984140239739129
80,z,2026_9_20_20-17-49-bigNormal-115200.npz,4,20260920-201757-bigNormal-115200,bigNormal,-1,115200,-0.79121865741082,1.008543914962378,3.9972081184387207,-1.9986040592193604,1.9986040592193604,2.8112511231112958,2.7661886361529926,0.010752688172043012,4,0.19625,10,0.18,0.01625,50.0,64.0,0.05958645166556554,0.0014736075993044947,0.012794704053379034,0.09489634371570699,0.8186814967514613,0.07215384788014802
81,x,2026_9_20_20-17-49-bigNormal-115200.npz,5,20260920-201757-bigNormal-115200,bigNormal,-1,115200,-0.1016849869118887,0.5920711216214065,3.9972081184387207,-1.9986040592193604,1.9986040592193604,3.410712622841479,3.54735937868332,0.0,1,0.0045,1,0.0025,0.002,100.0,0.0,0.04208407144619214,0.0001451871848824299,0.011712192876207127,0.19843795865980984,0.7813392804638485,0.008365380815251542
81,y,2026_9_20_20-17-49-bigNormal-115200.npz,5,20260920-201757-bigNormal-115200,bigNormal,-1,115200,-0.053985244002135,0.4796952050546922,3.9972081184387207,-1.9986040592193604,1.9986040592193604,3.32143421268163,4.278944799932845,0.00025006251562890725,2,0.00125,1,0.0005,0.00075,100.0,76.0,0.044901687066348804,0.0002161005052285848,0.004166166853965147,0.26172500963419537,0.6939020542104147,0.039990668796196546
81,z,2026_9_20_20-17-49-bigNormal-115200.npz,5,20260920-201757-bigNormal-115200,bigNormal,-1,115200,-0.8106239005577518,0.9763795297083298,3.9972081184387207,-1.9986040592193604,1.9986040592193604,2.7871211570786265,2.8771885053922652,0.008252063015753939,2,0.173,5,0.16625,0.00675,15.0,88.0,0.028863600942597628,0.0007259972955760395,0.01724082627777582,0.09826701739594487,0.8023262614100118,0.08143989762069169
82,x,2026_9_20_20-17-49-bigNormal-115200.npz,6,20260920-201757-bigNormal-115200,bigNormal,-1,115200,-0.10439332582452335,0.7007425597545379,3.9972081184387207,-1.9986040592193604,1.9986040592193604,3.5385734332270484,3.001098414488396,0.0007501875468867217,2,0.02025,5,0.0115,0.00875,100.0,0.0,0.12050106850023315,0.00023305013724821556,0.01627355511164686,0.20088176458262272,0.7718882280861452,0.01072340208233765
82,y,2026_9_20_20-17-49-bigNormal-115200.npz,6,20260920-201757-bigNormal-115200,bigNormal,-1,115200,-0.05266154433466727,0.5669837022872783,3.9972081184387207,-1.9986040592193604,1.9986040592193604,4.3303419027846,3.6178563780210666,0.0005001250312578145,2,0.0105,5,0.0055,0.005,100.0,0.0,0.14317680051045675,0.00037329253599210216,0.006171337040483556,0.26870159137861377,0.6967253900609381,0.028028388983973297
82,z,2026_9_20_20-17-49-bigNormal-115200.npz,6,20260920-201757-bigNormal-115200,bigNormal,-1,115200,-0.7667377110455418,1.0875066925730212,3.9972081184387207,-1.9986040592193604,1.9986040592193604,2.726695251429427,2.54282735835138,0.016504126031507877,4,0.225,9,0.19975,0.02525,18.0,44.0,0.09037227466750786,0.00637853938313212,0.015385914962531631,0.08270609885436614,0.8436159693598141,0.05191347744015671
83,x,2026_9_20_20-17-49-bigNormal-115200.npz,7,20260920-201757-bigNormal-115200,bigNormal,-1,115200,-0.10374639045121148,0.6170423467577024,3.9972081184387207,-1.9986040592193604,1.9986040592193604,3.1183738765989197,3.407141277608478,0.0,1,0.00275,1,0.00175,0.001,100.0,0.0,0.031824734993611395,0.00019933157043738122,0.01884739112608866,0.20181285274663038,0.7729866032404751,0.006153821316366865
83,y,2026_9_20_20-17-49-bigNormal-115200.npz,7,20260920-201757-bigNormal-115200,bigNormal,-1,115200,-0.04851249183662003,0.47937922421021123,3.9972081184387207,-1.9986040592193604,1.9986040592193604,3.638999568793359,4.270348917245327,0.0,1,0.00075,1,0.0005,0.00025,100.0,24.0,0.02277683524211939,0.000292402011358483,0.006301097422445139,0.23348228975882782,0.7189912214537948,0.0409329893535747
83,z,2026_9_20_20-17-49-bigNormal-115200.npz,7,20260920-201757-bigNormal-115200,bigNormal,-1,115200,-0.807242487770738,0.9706276290794384,3.9972081184387207,-1.9986040592193604,1.9986040592193604,2.6830688745771325,2.890754871310655,0.009502375593898474,2,0.17925,7,0.17025,0.009,39.0,80.0,0.006861693842762957,0.0012469148450042484,0.014588735477712358,0.08281005565908522,0.8293762785677569,0.07197801545044341
84,x,2026_9_20_20-21-22-bigNormal-460800.npz,0,20260920-202115-bigNormal-460800,bigNormal,-1,460800,-0.10720818602823419,0.6667709682035995,3.9972081184387207,-1.9986040592193604,1.9986040592193604,3.5436806420597287,3.1582242564055094,0.00025006251562890725,2,0.013,3,0.0065,0.0065,100.0,0.0,0.08978896136752736,0.0001387438193146294,0.01487716451918389,0.21752042055205686,0.7609317538774758,0.006531917231968692
84,y,2026_9_20_20-21-22-bigNormal-460800.npz,0,20260920-202115-bigNormal-460800,bigNormal,-1,460800,-0.05909850801614812,0.5262072378417942,3.9972081184387207,-1.9986040592193604,1.9986040592193604,4.390715707458339,3.9104413988584525,0.0005001250312578145,2,0.007,3,0.00425,0.00275,11.0,88.0,0.08534399039923822,0.0007799179092217919,0.008610443880496196,0.24446825125523836,0.719583391087616,0.026557995867428
84,z,2026_9_20_20-21-22-bigNormal-460800.npz,0,20260920-202115-bigNormal-460800,bigNormal,-1,460800,-0.7801742716964217,1.0232346149589722,3.9972081184387207,-1.9986040592193604,1.9986040592193604,2.7576464910754726,2.715680539235081,0.013753438359589898,2,0.19675,8,0.18225,0.0145,17.0,28.0,0.047147533799392405,0.002264948442777473,0.027273530731786243,0.08073150132527487,0.8407401463788838,0.04898987312127866
85,x,2026_9_20_20-21-22-bigNormal-460800.npz,1,20260920-202115-bigNormal-460800,bigNormal,-1,460800,-0.0991457703509368,0.6637662938878471,3.9972081184387207,-1.9986040592193604,1.9986040592193604,3.9218550976328834,3.1603741390410858,0.0015003750937734434,2,0.02,10,0.01,0.01,100.0,0.0,0.16161349000086703,0.0001602169509566665,0.016797064620287183,0.21548068534124462,0.7584776953055515,0.009084337781960654
85,y,2026_9_20_20-21-22-bigNormal-460800.npz,1,20260920-202115-bigNormal-460800,bigNormal,-1,460800,-0.04691801276174374,0.5433355233606795,3.9972081184387207,-1.9986040592193604,1.9986040592193604,5.110993210684423,3.7647493749883836,0.0005001250312578145,2,0.01,3,0.0055,0.0045,100.0,84.0,0.19013505537515757,0.00030115648479608534,0.009985566730053434,0.2243748346517903,0.7404359330351109,0.02490250909824869
85,z,2026_9_20_20-21-22-bigNormal-460800.npz,1,20260920-202115-bigNormal-460800,bigNormal,-1,460800,-0.782016120554239,1.0197640575982068,3.9972081184387207,-1.9986040592193604,1.9986040592193604,2.943140626411584,2.7267289517171633,0.014003500875218804,5,0.1985,8,0.177,0.0215,27.0,76.0,0.11600200262669856,0.003997112498795208,0.023518082524636465,0.10401861498352014,0.8246256547272731,0.04384053526577354
86,x,2026_9_20_20-21-22-bigNormal-460800.npz,2,20260920-202115-bigNormal-460800,bigNormal,-1,460800,-0.09697290447779233,0.56856872931649,3.9972081184387207,-1.9986040592193604,1.9986040592193604,3.5259155869508003,3.685705624747195,0.0,1,0.00475,2,0.00225,0.0025,100.0,0.0,0.10344355623759816,0.000215828402925078,0.012838149663761893,0.19615184424493534,0.7814972595595756,0.009296918128802028
86,y,2026_9_20_20-21-22-bigNormal-460800.npz,2,20260920-202115-bigNormal-460800,bigNormal,-1,460800,-0.04846454582066508,0.44300637331327375,3.9972081184387207,-1.9986040592193604,1.9986040592193604,4.20052088732876,4.620855880085573,0.0,1,0.00175,1,0.00075,0.001,100.0,88.0,0.08136949923456642,0.0003195436646055909,0.00684999182125926,0.22505535818629463,0.742657804910056,0.025117301417785388
86,z,2026_9_20_20-21-22-bigNormal-460800.npz,2,20260920-202115-bigNormal-460800,bigNormal,-1,460800,-0.8224782890210045,0.9305954603248452,3.9972081184387207,-1.9986040592193604,1.9986040592193604,2.9213632815190818,3.0314808834932454,0.008002000500125032,2,0.15775,5,0.14825,0.0095,36.0,40.0,0.0886795245940399,0.002513416174919433,0.02135117257950066,0.08788169464458233,0.8369120066618883,0.05134170993910907
87,x,2026_9_20_20-21-22-bigNormal-460800.npz,3,20260920-202115-bigNormal-460800,bigNormal,-1,460800,-0.09882096107356483,0.5958177144611974,3.9972081184387207,-1.9986040592193604,1.9986040592193604,3.223725815635686,3.5202461581553393,0.0,1,0.00325,1,0.00125,0.002,100.0,0.0,0.04571625477213765,0.00011118949523345739,0.00981491411231914,0.19252547490178645,0.7913793267442372,0.006169094746424477
87,y,2026_9_20_20-21-22-bigNormal-460800.npz,3,20260920-202115-bigNormal-460800,bigNormal,-1,460800,-0.04711629337049089,0.47187656833405245,3.9972081184387207,-1.9986040592193604,1.9986040592193604,4.120941783974919,4.335287000607409,0.0,1,0.002,2,0.00075,0.00125,100.0,72.0,0.05241356854466978,3.68383355023967e-05,0.006917680866910396,0.21580727808277492,0.74880230326688,0.02843589944793103
87,z,2026_9_20_20-21-22-bigNormal-460800.npz,3,20260920-202115-bigNormal-460800,bigNormal,-1,460800,-0.8026062890274334,0.969870121886628,3.9972081184387207,-1.9986040592193604,1.9986040592193604,2.78217048427778,2.888232439615496,0.00900225056264066,4,0.169,9,0.1595,0.0095,30.0,52.0,0.03606051399096077,0.002328141410549265,0.02149113264200313,0.08605424157344112,0.844761562755923,0.04536492161808453
