file_id,condition_id,label,dataset,bearing_code,channel,rpm,load
20,2,1,CWRU,6205-2RS JEM SKF,0,29,0HP
21,2,1,CWRU,6205-2RS JEM SKF,0,29,0HP
22,2,1,CWRU,6205-2RS JEM SKF,0,29,0HP
23,2,1,CWRU,6205-2RS JEM SKF,0,29,0HP
24,2,1,CWRU,6205-2RS JEM SKF,0,29,0HP
25,2,1,CWRU,6205-2RS JEM SKF,0,29,0HP
26,2,1,CWRU,6205-2RS JEM SKF,0,29,0HP
27,2,1,CWRU,6205-2RS JEM SKF,0,29,0HP
28,2,1,CWRU,6205-2RS JEM SKF,0,29,0HP
29,2,1,CWRU,6205-2RS JEM SKF,0,29,0HP
30,2,1,CWRU,6205-2RS JEM SKF,0,29,0HP
31,2,1,CWRU,6205-2RS JEM SKF,0,29,0HP
32,2,1,CWRU,6205-2RS JEM SKF,0,29,0HP
33,2,1,CWRU,6205-2RS JEM SKF,0,29,0HP
34,2,1,CWRU,6205-2RS JEM SKF,0,29,0HP
35,2,4,CWRU,6205-2RS JEM SKF,0,29,0HP
36,2,4,CWRU,6205-2RS JEM SKF,0,29,0HP
37,2,4,CWRU,6205-2RS JEM SKF,0,29,0HP
38,2,4,CWRU,6205-2RS JEM SKF,0,29,0HP
39,2,4,CWRU,6205-2RS JEM SKF,0,29,0HP
40,2,4,CWRU,6205-2RS JEM SKF,0,29,0HP
41,2,4,CWRU,6205-2RS JEM SKF,0,29,0HP
42,2,4,CWRU,6205-2RS JEM SKF,0,29,0HP
43,2,4,CWRU,6205-2RS JEM SKF,0,29,0HP
44,2,4,CWRU,6205-2RS JEM SKF,0,29,0HP
45,2,4,CWRU,6205-2RS JEM SKF,0,29,0HP
46,2,4,CWRU,6205-2RS JEM SKF,0,29,0HP
47,2,4,CWRU,6205-2RS JEM SKF,0,29,0HP
48,2,4,CWRU,6205-2RS JEM SKF,0,29,0HP
49,2,4,CWRU,6205-2RS JEM SKF,0,29,0HP
50,2,7,CWRU,6205-2RS JEM SKF,0,29,0HP
51,2,7,CWRU,6205-2RS JEM SKF,0,29,0HP
52,2,7,CWRU,6205-2RS JEM SKF,0,29,0HP
53,2,7,CWRU,6205-2RS JEM SKF,0,29,0HP
54,2,7,CWRU,6205-2RS JEM SKF,0,29,0HP
55,2,7,CWRU,6205-2RS JEM SKF,0,29,0HP
56,2,7,CWRU,6205-2RS JEM SKF,0,29,0HP
57,2,7,CWRU,6205-2RS JEM SKF,0,29,0HP
58,2,7,CWRU,6205-2RS JEM SKF,0,29,0HP
59,2,7,CWRU,6205-2RS JEM SKF,0,29,0HP
60,2,7,CWRU,6205-2RS JEM SKF,0,29,0HP
61,2,7,CWRU,6205-2RS JEM SKF,0,29,0HP
62,2,7,CWRU,6205-2RS JEM SKF,0,29,0HP
63,2,7,CWRU,6205-2RS JEM SKF,0,29,0HP
64,2,7,CWRU,6205-2RS JEM SKF,0,29,0HP
65,2,7,CWRU,6205-2RS JEM SKF,0,29,0HP
66,2,7,CWRU,6205-2RS JEM SKF,0,29,0HP
67,2,7,CWRU,6205-2RS JEM SKF,0,29,0HP
68,2,7,CWRU,6205-2RS JEM SKF,0,29,0HP
69,2,7,CWRU,6205-2RS JEM SKF,0,29,0HP
70,2,7,CWRU,6205-2RS JEM SKF,0,29,0HP
71,2,7,CWRU,6205-2RS JEM SKF,0,29,0HP
72,2,7,CWRU,6205-2RS JEM SKF,0,29,0HP
73,2,7,CWRU,6205-2RS JEM SKF,0,29,0HP
74,2,7,CWRU,6205-2RS JEM SKF,0,29,0HP
75,2,7,CWRU,6205-2RS JEM SKF,0,29,0HP
76,2,7,CWRU,6205-2RS JEM SKF,0,29,0HP
77,2,7,CWRU,6205-2RS JEM SKF,0,29,0HP
78,2,7,CWRU,6205-2RS JEM SKF,0,29,0HP
79,2,7,CWRU,6205-2RS JEM SKF,0,29,0HP
80,2,7,CWRU,6205-2RS JEM SKF,0,29,0HP
81,2,7,CWRU,6205-2RS JEM SKF,0,29,0HP
82,2,7,CWRU,6205-2RS JEM SKF,0,29,0HP
83,2,7,CWRU,6205-2RS JEM SKF,0,29,0HP
84,2,7,CWRU,6205-2RS JEM SKF,0,29,0HP
85,2,7,CWRU,6205-2RS JEM SKF,0,29,0HP
86,2,7,CWRU,6205-2RS JEM SKF,0,29,0HP
87,2,7,CWRU,6205-2RS JEM SKF,0,29,0HP
88,2,7,CWRU,6205-2RS JEM SKF,0,29,0HP
89,2,2,CWRU,6205-2RS JEM SKF,0,29,0HP
90,2,2,CWRU,6205-2RS JEM SKF,0,29,0HP
91,2,2,CWRU,6205-2RS JEM SKF,0,29,0HP
92,2,2,CWRU,6205-2RS JEM SKF,0,29,0HP
93,2,2,CWRU,6205-2RS JEM SKF,0,29,0HP
94,2,2,CWRU,6205-2RS JEM SKF,0,29,0HP
95,2,2,CWRU,6205-2RS JEM SKF,0,29,0HP
96,2,2,CWRU,6205-2RS JEM SKF,0,29,0HP
97,2,2,CWRU,6205-2RS JEM SKF,0,29,0HP
98,2,2,CWRU,6205-2RS JEM SKF,0,29,0HP
99,2,2,CWRU,6205-2RS JEM SKF,0,29,0HP
100,2,5,CWRU,6205-2RS JEM SKF,0,29,0HP
101,2,5,CWRU,6205-2RS JEM SKF,0,29,0HP
102,2,5,CWRU,6205-2RS JEM SKF,0,29,0HP
103,2,5,CWRU,6205-2RS JEM SKF,0,29,0HP
104,2,5,CWRU,6205-2RS JEM SKF,0,29,0HP
105,2,5,CWRU,6205-2RS JEM SKF,0,29,0HP
106,2,5,CWRU,6205-2RS JEM SKF,0,29,0HP
107,2,5,CWRU,6205-2RS JEM SKF,0,29,0HP
108,2,5,CWRU,6205-2RS JEM SKF,0,29,0HP
109,2,5,CWRU,6205-2RS JEM SKF,0,29,0HP
110,2,5,CWRU,6205-2RS JEM SKF,0,29,0HP
111,2,5,CWRU,6205-2RS JEM SKF,0,29,0HP
112,2,5,CWRU,6205-2RS JEM SKF,0,29,0HP
113,2,5,CWRU,6205-2RS JEM SKF,0,29,0HP
114,2,5,CWRU,6205-2RS JEM SKF,0,29,0HP
115,2,8,CWRU,6205-2RS JEM SKF,0,29,0HP
116,2,8,CWRU,6205-2RS JEM SKF,0,29,0HP
117,2,8,CWRU,6205-2RS JEM SKF,0,29,0HP
118,2,8,CWRU,6205-2RS JEM SKF,0,29,0HP
119,2,8,CWRU,6205-2RS JEM SKF,0,29,0HP
120,2,8,CWRU,6205-2RS JEM SKF,0,29,0HP
121,2,8,CWRU,6205-2RS JEM SKF,0,29,0HP
122,2,8,CWRU,6205-2RS JEM SKF,0,29,0HP
123,2,8,CWRU,6205-2RS JEM SKF,0,29,0HP
124,2,8,CWRU,6205-2RS JEM SKF,0,29,0HP
125,2,8,CWRU,6205-2RS JEM SKF,0,29,0HP
126,2,8,CWRU,6205-2RS JEM SKF,0,29,0HP
127,2,8,CWRU,6205-2RS JEM SKF,0,29,0HP
128,2,8,CWRU,6205-2RS JEM SKF,0,29,0HP
129,2,8,CWRU,6205-2RS JEM SKF,0,29,0HP
130,2,3,CWRU,6205-2RS JEM SKF,0,29,0HP
131,2,3,CWRU,6205-2RS JEM SKF,0,29,0HP
132,2,3,CWRU,6205-2RS JEM SKF,0,29,0HP
133,2,3,CWRU,6205-2RS JEM SKF,0,29,0HP
134,2,3,CWRU,6205-2RS JEM SKF,0,29,0HP
135,2,3,CWRU,6205-2RS JEM SKF,0,29,0HP
136,2,3,CWRU,6205-2RS JEM SKF,0,29,0HP
137,2,3,CWRU,6205-2RS JEM SKF,0,29,0HP
138,2,3,CWRU,6205-2RS JEM SKF,0,29,0HP
139,2,3,CWRU,6205-2RS JEM SKF,0,29,0HP
140,2,3,CWRU,6205-2RS JEM SKF,0,29,0HP
141,2,3,CWRU,6205-2RS JEM SKF,0,29,0HP
142,2,3,CWRU,6205-2RS JEM SKF,0,29,0HP
143,2,3,CWRU,6205-2RS JEM SKF,0,29,0HP
144,2,3,CWRU,6205-2RS JEM SKF,0,29,0HP
145,2,6,CWRU,6205-2RS JEM SKF,0,29,0HP
146,2,6,CWRU,6205-2RS JEM SKF,0,29,0HP
147,2,6,CWRU,6205-2RS JEM SKF,0,29,0HP
148,2,6,CWRU,6205-2RS JEM SKF,0,29,0HP
149,2,6,CWRU,6205-2RS JEM SKF,0,29,0HP
150,2,6,CWRU,6205-2RS JEM SKF,0,29,0HP
151,2,6,CWRU,6205-2RS JEM SKF,0,29,0HP
152,2,6,CWRU,6205-2RS JEM SKF,0,29,0HP
153,2,6,CWRU,6205-2RS JEM SKF,0,29,0HP
154,2,6,CWRU,6205-2RS JEM SKF,0,29,0HP
155,2,6,CWRU,6205-2RS JEM SKF,0,29,0HP
156,2,6,CWRU,6205-2RS JEM SKF,0,29,0HP
157,2,6,CWRU,6205-2RS JEM SKF,0,29,0HP
158,2,6,CWRU,6205-2RS JEM SKF,0,29,0HP
159,2,6,CWRU,6205-2RS JEM SKF,0,29,0HP
160,2,9,CWRU,6205-2RS JEM SKF,0,29,0HP
161,2,9,CWRU,6205-2RS JEM SKF,0,29,0HP
162,2,9,CWRU,6205-2RS JEM SKF,0,29,0HP
163,2,9,CWRU,6205-2RS JEM SKF,0,29,0HP
164,2,9,CWRU,6205-2RS JEM SKF,0,29,0HP
165,2,9,CWRU,6205-2RS JEM SKF,0,29,0HP
166,2,9,CWRU,6205-2RS JEM SKF,0,29,0HP
167,2,9,CWRU,6205-2RS JEM SKF,0,29,0HP
168,2,9,CWRU,6205-2RS JEM SKF,0,29,0HP
169,2,9,CWRU,6205-2RS JEM SKF,0,29,0HP
170,2,9,CWRU,6205-2RS JEM SKF,0,29,0HP
171,2,9,CWRU,6205-2RS JEM SKF,0,29,0HP
172,2,9,CWRU,6205-2RS JEM SKF,0,29,0HP
173,2,9,CWRU,6205-2RS JEM SKF,0,29,0HP
174,2,9,CWRU,6205-2RS JEM SKF,0,29,0HP
175,2,9,CWRU,6205-2RS JEM SKF,0,29,0HP
176,2,9,CWRU,6205-2RS JEM SKF,0,29,0HP
177,2,9,CWRU,6205-2RS JEM SKF,0,29,0HP
178,2,9,CWRU,6205-2RS JEM SKF,0,29,0HP
179,2,9,CWRU,6205-2RS JEM SKF,0,29,0HP
180,2,9,CWRU,6205-2RS JEM SKF,0,29,0HP
181,2,9,CWRU,6205-2RS JEM SKF,0,29,0HP
182,2,9,CWRU,6205-2RS JEM SKF,0,29,0HP
183,2,9,CWRU,6205-2RS JEM SKF,0,29,0HP
184,2,9,CWRU,6205-2RS JEM SKF,0,29,0HP
185,2,9,CWRU,6205-2RS JEM SKF,0,29,0HP
186,2,9,CWRU,6205-2RS JEM SKF,0,29,0HP
187,2,9,CWRU,6205-2RS JEM SKF,0,29,0HP
188,2,9,CWRU,6205-2RS JEM SKF,0,29,0HP
189,2,9,CWRU,6205-2RS JEM SKF,0,29,0HP
190,2,9,CWRU,6205-2RS JEM SKF,0,29,0HP
191,2,9,CWRU,6205-2RS JEM SKF,0,29,0HP
192,2,9,CWRU,6205-2RS JEM SKF,0,29,0HP
193,2,9,CWRU,6205-2RS JEM SKF,0,29,0HP
194,2,9,CWRU,6205-2RS JEM SKF,0,29,0HP
195,2,9,CWRU,6205-2RS JEM SKF,0,29,0HP
196,2,9,CWRU,6205-2RS JEM SKF,0,29,0HP
197,2,9,CWRU,6205-2RS JEM SKF,0,29,0HP
198,2,9,CWRU,6205-2RS JEM SKF,0,29,0HP
199,3,1,CWRU,6205-2RS JEM SKF,1,29,0HP
200,3,1,CWRU,6205-2RS JEM SKF,1,29,0HP
201,3,1,CWRU,6205-2RS JEM SKF,1,29,0HP
202,3,1,CWRU,6205-2RS JEM SKF,1,29,0HP
203,3,1,CWRU,6205-2RS JEM SKF,1,29,0HP
204,3,1,CWRU,6205-2RS JEM SKF,1,29,0HP
205,3,1,CWRU,6205-2RS JEM SKF,1,29,0HP
206,3,1,CWRU,6205-2RS JEM SKF,1,29,0HP
207,3,1,CWRU,6205-2RS JEM SKF,1,29,0HP
208,3,1,CWRU,6205-2RS JEM SKF,1,29,0HP
209,3,1,CWRU,6205-2RS JEM SKF,1,29,0HP
210,3,1,CWRU,6205-2RS JEM SKF,1,29,0HP
211,3,1,CWRU,6205-2RS JEM SKF,1,29,0HP
212,3,1,CWRU,6205-2RS JEM SKF,1,29,0HP
213,3,1,CWRU,6205-2RS JEM SKF,1,29,0HP
214,3,4,CWRU,6205-2RS JEM SKF,1,29,0HP
215,3,4,CWRU,6205-2RS JEM SKF,1,29,0HP
216,3,4,CWRU,6205-2RS JEM SKF,1,29,0HP
217,3,4,CWRU,6205-2RS JEM SKF,1,29,0HP
218,3,4,CWRU,6205-2RS JEM SKF,1,29,0HP
219,3,4,CWRU,6205-2RS JEM SKF,1,29,0HP
220,3,4,CWRU,6205-2RS JEM SKF,1,29,0HP
221,3,4,CWRU,6205-2RS JEM SKF,1,29,0HP
222,3,4,CWRU,6205-2RS JEM SKF,1,29,0HP
223,3,4,CWRU,6205-2RS JEM SKF,1,29,0HP
224,3,4,CWRU,6205-2RS JEM SKF,1,29,0HP
225,3,4,CWRU,6205-2RS JEM SKF,1,29,0HP
226,3,4,CWRU,6205-2RS JEM SKF,1,29,0HP
227,3,4,CWRU,6205-2RS JEM SKF,1,29,0HP
228,3,4,CWRU,6205-2RS JEM SKF,1,29,0HP
229,3,7,CWRU,6205-2RS JEM SKF,1,29,0HP
230,3,7,CWRU,6205-2RS JEM SKF,1,29,0HP
231,3,7,CWRU,6205-2RS JEM SKF,1,29,0HP
232,3,7,CWRU,6205-2RS JEM SKF,1,29,0HP
233,3,7,CWRU,6205-2RS JEM SKF,1,29,0HP
234,3,7,CWRU,6205-2RS JEM SKF,1,29,0HP
235,3,7,CWRU,6205-2RS JEM SKF,1,29,0HP
236,3,7,CWRU,6205-2RS JEM SKF,1,29,0HP
237,3,7,CWRU,6205-2RS JEM SKF,1,29,0HP
238,3,7,CWRU,6205-2RS JEM SKF,1,29,0HP
239,3,7,CWRU,6205-2RS JEM SKF,1,29,0HP
240,3,7,CWRU,6205-2RS JEM SKF,1,29,0HP
241,3,7,CWRU,6205-2RS JEM SKF,1,29,0HP
242,3,7,CWRU,6205-2RS JEM SKF,1,29,0HP
243,3,7,CWRU,6205-2RS JEM SKF,1,29,0HP
244,3,7,CWRU,6205-2RS JEM SKF,1,29,0HP
245,3,7,CWRU,6205-2RS JEM SKF,1,29,0HP
246,3,7,CWRU,6205-2RS JEM SKF,1,29,0HP
247,3,7,CWRU,6205-2RS JEM SKF,1,29,0HP
248,3,7,CWRU,6205-2RS JEM SKF,1,29,0HP
249,3,7,CWRU,6205-2RS JEM SKF,1,29,0HP
250,3,7,CWRU,6205-2RS JEM SKF,1,29,0HP
251,3,7,CWRU,6205-2RS JEM SKF,1,29,0HP
252,3,7,CWRU,6205-2RS JEM SKF,1,29,0HP
253,3,7,CWRU,6205-2RS JEM SKF,1,29,0HP
254,3,7,CWRU,6205-2RS JEM SKF,1,29,0HP
255,3,7,CWRU,6205-2RS JEM SKF,1,29,0HP
256,3,7,CWRU,6205-2RS JEM SKF,1,29,0HP
257,3,7,CWRU,6205-2RS JEM SKF,1,29,0HP
258,3,7,CWRU,6205-2RS JEM SKF,1,29,0HP
259,3,7,CWRU,6205-2RS JEM SKF,1,29,0HP
260,3,7,CWRU,6205-2RS JEM SKF,1,29,0HP
261,3,7,CWRU,6205-2RS JEM SKF,1,29,0HP
262,3,7,CWRU,6205-2RS JEM SKF,1,29,0HP
263,3,7,CWRU,6205-2RS JEM SKF,1,29,0HP
264,3,7,CWRU,6205-2RS JEM SKF,1,29,0HP
265,3,7,CWRU,6205-2RS JEM SKF,1,29,0HP
266,3,7,CWRU,6205-2RS JEM SKF,1,29,0HP
267,3,7,CWRU,6205-2RS JEM SKF,1,29,0HP
268,3,2,CWRU,6205-2RS JEM SKF,1,29,0HP
269,3,2,CWRU,6205-2RS JEM SKF,1,29,0HP
270,3,2,CWRU,6205-2RS JEM SKF,1,29,0HP
271,3,2,CWRU,6205-2RS JEM SKF,1,29,0HP
272,3,2,CWRU,6205-2RS JEM SKF,1,29,0HP
273,3,2,CWRU,6205-2RS JEM SKF,1,29,0HP
274,3,2,CWRU,6205-2RS JEM SKF,1,29,0HP
275,3,2,CWRU,6205-2RS JEM SKF,1,29,0HP
276,3,2,CWRU,6205-2RS JEM SKF,1,29,0HP
277,3,2,CWRU,6205-2RS JEM SKF,1,29,0HP
278,3,2,CWRU,6205-2RS JEM SKF,1,29,0HP
279,3,5,CWRU,6205-2RS JEM SKF,1,29,0HP
280,3,5,CWRU,6205-2RS JEM SKF,1,29,0HP
281,3,5,CWRU,6205-2RS JEM SKF,1,29,0HP
282,3,5,CWRU,6205-2RS JEM SKF,1,29,0HP
283,3,5,CWRU,6205-2RS JEM SKF,1,29,0HP
284,3,5,CWRU,6205-2RS JEM SKF,1,29,0HP
285,3,5,CWRU,6205-2RS JEM SKF,1,29,0HP
286,3,5,CWRU,6205-2RS JEM SKF,1,29,0HP
287,3,5,CWRU,6205-2RS JEM SKF,1,29,0HP
288,3,5,CWRU,6205-2RS JEM SKF,1,29,0HP
289,3,5,CWRU,6205-2RS JEM SKF,1,29,0HP
290,3,5,CWRU,6205-2RS JEM SKF,1,29,0HP
291,3,5,CWRU,6205-2RS JEM SKF,1,29,0HP
292,3,5,CWRU,6205-2RS JEM SKF,1,29,0HP
293,3,5,CWRU,6205-2RS JEM SKF,1,29,0HP
294,3,8,CWRU,6205-2RS JEM SKF,1,29,0HP
295,3,8,CWRU,6205-2RS JEM SKF,1,29,0HP
296,3,8,CWRU,6205-2RS JEM SKF,1,29,0HP
297,3,8,CWRU,6205-2RS JEM SKF,1,29,0HP
298,3,8,CWRU,6205-2RS JEM SKF,1,29,0HP
299,3,8,CWRU,6205-2RS JEM SKF,1,29,0HP
300,3,8,CWRU,6205-2RS JEM SKF,1,29,0HP
301,3,8,CWRU,6205-2RS JEM SKF,1,29,0HP
302,3,8,CWRU,6205-2RS JEM SKF,1,29,0HP
303,3,8,CWRU,6205-2RS JEM SKF,1,29,0HP
304,3,8,CWRU,6205-2RS JEM SKF,1,29,0HP
305,3,8,CWRU,6205-2RS JEM SKF,1,29,0HP
306,3,8,CWRU,6205-2RS JEM SKF,1,29,0HP
307,3,8,CWRU,6205-2RS JEM SKF,1,29,0HP
308,3,8,CWRU,6205-2RS JEM SKF,1,29,0HP
309,3,3,CWRU,6205-2RS JEM SKF,1,29,0HP
310,3,3,CWRU,6205-2RS JEM SKF,1,29,0HP
311,3,3,CWRU,6205-2RS JEM SKF,1,29,0HP
312,3,3,CWRU,6205-2RS JEM SKF,1,29,0HP
313,3,3,CWRU,6205-2RS JEM SKF,1,29,0HP
314,3,3,CWRU,6205-2RS JEM SKF,1,29,0HP
315,3,3,CWRU,6205-2RS JEM SKF,1,29,0HP
316,3,3,CWRU,6205-2RS JEM SKF,1,29,0HP
317,3,3,CWRU,6205-2RS JEM SKF,1,29,0HP
318,3,3,CWRU,6205-2RS JEM SKF,1,29,0HP
319,3,3,CWRU,6205-2RS JEM SKF,1,29,0HP
320,3,3,CWRU,6205-2RS JEM SKF,1,29,0HP
321,3,3,CWRU,6205-2RS JEM SKF,1,29,0HP
322,3,3,CWRU,6205-2RS JEM SKF,1,29,0HP
323,3,3,CWRU,6205-2RS JEM SKF,1,29,0HP
324,3,6,CWRU,6205-2RS JEM SKF,1,29,0HP
325,3,6,CWRU,6205-2RS JEM SKF,1,29,0HP
326,3,6,CWRU,6205-2RS JEM SKF,1,29,0HP
327,3,6,CWRU,6205-2RS JEM SKF,1,29,0HP
328,3,6,CWRU,6205-2RS JEM SKF,1,29,0HP
329,3,6,CWRU,6205-2RS JEM SKF,1,29,0HP
330,3,6,CWRU,6205-2RS JEM SKF,1,29,0HP
331,3,6,CWRU,6205-2RS JEM SKF,1,29,0HP
332,3,6,CWRU,6205-2RS JEM SKF,1,29,0HP
333,3,6,CWRU,6205-2RS JEM SKF,1,29,0HP
334,3,6,CWRU,6205-2RS JEM SKF,1,29,0HP
335,3,6,CWRU,6205-2RS JEM SKF,1,29,0HP
336,3,6,CWRU,6205-2RS JEM SKF,1,29,0HP
337,3,6,CWRU,6205-2RS JEM SKF,1,29,0HP
338,3,6,CWRU,6205-2RS JEM SKF,1,29,0HP
339,3,9,CWRU,6205-2RS JEM SKF,1,29,0HP
340,3,9,CWRU,6205-2RS JEM SKF,1,29,0HP
341,3,9,CWRU,6205-2RS JEM SKF,1,29,0HP
342,3,9,CWRU,6205-2RS JEM SKF,1,29,0HP
343,3,9,CWRU,6205-2RS JEM SKF,1,29,0HP
344,3,9,CWRU,6205-2RS JEM SKF,1,29,0HP
345,3,9,CWRU,6205-2RS JEM SKF,1,29,0HP
346,3,9,CWRU,6205-2RS JEM SKF,1,29,0HP
347,3,9,CWRU,6205-2RS JEM SKF,1,29,0HP
348,3,9,CWRU,6205-2RS JEM SKF,1,29,0HP
349,3,9,CWRU,6205-2RS JEM SKF,1,29,0HP
350,3,9,CWRU,6205-2RS JEM SKF,1,29,0HP
351,3,9,CWRU,6205-2RS JEM SKF,1,29,0HP
352,3,9,CWRU,6205-2RS JEM SKF,1,29,0HP
353,3,9,CWRU,6205-2RS JEM SKF,1,29,0HP
354,3,9,CWRU,6205-2RS JEM SKF,1,29,0HP
355,3,9,CWRU,6205-2RS JEM SKF,1,29,0HP
356,3,9,CWRU,6205-2RS JEM SKF,1,29,0HP
357,3,9,CWRU,6205-2RS JEM SKF,1,29,0HP
358,3,9,CWRU,6205-2RS JEM SKF,1,29,0HP
359,3,9,CWRU,6205-2RS JEM SKF,1,29,0HP
360,3,9,CWRU,6205-2RS JEM SKF,1,29,0HP
361,3,9,CWRU,6205-2RS JEM SKF,1,29,0HP
362,3,9,CWRU,6205-2RS JEM SKF,1,29,0HP
363,3,9,CWRU,6205-2RS JEM SKF,1,29,0HP
364,3,9,CWRU,6205-2RS JEM SKF,1,29,0HP
365,3,9,CWRU,6205-2RS JEM SKF,1,29,0HP
366,3,9,CWRU,6205-2RS JEM SKF,1,29,0HP
367,3,9,CWRU,6205-2RS JEM SKF,1,29,0HP
368,3,9,CWRU,6205-2RS JEM SKF,1,29,0HP
369,3,9,CWRU,6205-2RS JEM SKF,1,29,0HP
370,3,9,CWRU,6205-2RS JEM SKF,1,29,0HP
371,3,9,CWRU,6205-2RS JEM SKF,1,29,0HP
372,3,9,CWRU,6205-2RS JEM SKF,1,29,0HP
373,3,9,CWRU,6205-2RS JEM SKF,1,29,0HP
374,3,9,CWRU,6205-2RS JEM SKF,1,29,0HP
375,3,9,CWRU,6205-2RS JEM SKF,1,29,0HP
376,3,9,CWRU,6205-2RS JEM SKF,1,29,0HP
377,3,9,CWRU,6205-2RS JEM SKF,1,29,0HP
378,4,1,CWRU,6205-2RS JEM SKF,2,29,0HP
379,4,1,CWRU,6205-2RS JEM SKF,2,29,0HP
380,4,1,CWRU,6205-2RS JEM SKF,2,29,0HP
381,4,1,CWRU,6205-2RS JEM SKF,2,29,0HP
382,4,1,CWRU,6205-2RS JEM SKF,2,29,0HP
383,4,1,CWRU,6205-2RS JEM SKF,2,29,0HP
384,4,1,CWRU,6205-2RS JEM SKF,2,29,0HP
385,4,1,CWRU,6205-2RS JEM SKF,2,29,0HP
386,4,1,CWRU,6205-2RS JEM SKF,2,29,0HP
387,4,1,CWRU,6205-2RS JEM SKF,2,29,0HP
388,4,4,CWRU,6205-2RS JEM SKF,2,29,0HP
389,4,4,CWRU,6205-2RS JEM SKF,2,29,0HP
390,4,4,CWRU,6205-2RS JEM SKF,2,29,0HP
391,4,4,CWRU,6205-2RS JEM SKF,2,29,0HP
392,4,4,CWRU,6205-2RS JEM SKF,2,29,0HP
393,4,4,CWRU,6205-2RS JEM SKF,2,29,0HP
394,4,4,CWRU,6205-2RS JEM SKF,2,29,0HP
395,4,4,CWRU,6205-2RS JEM SKF,2,29,0HP
396,4,4,CWRU,6205-2RS JEM SKF,2,29,0HP
397,4,4,CWRU,6205-2RS JEM SKF,2,29,0HP
398,4,7,CWRU,6205-2RS JEM SKF,2,29,0HP
399,4,7,CWRU,6205-2RS JEM SKF,2,29,0HP
400,4,7,CWRU,6205-2RS JEM SKF,2,29,0HP
401,4,7,CWRU,6205-2RS JEM SKF,2,29,0HP
402,4,7,CWRU,6205-2RS JEM SKF,2,29,0HP
403,4,7,CWRU,6205-2RS JEM SKF,2,29,0HP
404,4,7,CWRU,6205-2RS JEM SKF,2,29,0HP
405,4,7,CWRU,6205-2RS JEM SKF,2,29,0HP
406,4,7,CWRU,6205-2RS JEM SKF,2,29,0HP
407,4,7,CWRU,6205-2RS JEM SKF,2,29,0HP
408,4,7,CWRU,6205-2RS JEM SKF,2,29,0HP
409,4,7,CWRU,6205-2RS JEM SKF,2,29,0HP
410,4,7,CWRU,6205-2RS JEM SKF,2,29,0HP
411,4,7,CWRU,6205-2RS JEM SKF,2,29,0HP
412,4,7,CWRU,6205-2RS JEM SKF,2,29,0HP
413,4,7,CWRU,6205-2RS JEM SKF,2,29,0HP
414,4,7,CWRU,6205-2RS JEM SKF,2,29,0HP
415,4,7,CWRU,6205-2RS JEM SKF,2,29,0HP
416,4,7,CWRU,6205-2RS JEM SKF,2,29,0HP
417,4,7,CWRU,6205-2RS JEM SKF,2,29,0HP
418,4,7,CWRU,6205-2RS JEM SKF,2,29,0HP
419,4,7,CWRU,6205-2RS JEM SKF,2,29,0HP
420,4,7,CWRU,6205-2RS JEM SKF,2,29,0HP
421,4,7,CWRU,6205-2RS JEM SKF,2,29,0HP
422,4,7,CWRU,6205-2RS JEM SKF,2,29,0HP
423,4,7,CWRU,6205-2RS JEM SKF,2,29,0HP
424,4,7,CWRU,6205-2RS JEM SKF,2,29,0HP
425,4,7,CWRU,6205-2RS JEM SKF,2,29,0HP
426,4,7,CWRU,6205-2RS JEM SKF,2,29,0HP
427,4,7,CWRU,6205-2RS JEM SKF,2,29,0HP
428,4,2,CWRU,6205-2RS JEM SKF,2,29,0HP
429,4,2,CWRU,6205-2RS JEM SKF,2,29,0HP
430,4,2,CWRU,6205-2RS JEM SKF,2,29,0HP
431,4,2,CWRU,6205-2RS JEM SKF,2,29,0HP
432,4,2,CWRU,6205-2RS JEM SKF,2,29,0HP
433,4,2,CWRU,6205-2RS JEM SKF,2,29,0HP
434,4,2,CWRU,6205-2RS JEM SKF,2,29,0HP
435,4,2,CWRU,6205-2RS JEM SKF,2,29,0HP
436,4,2,CWRU,6205-2RS JEM SKF,2,29,0HP
437,4,2,CWRU,6205-2RS JEM SKF,2,29,0HP
438,4,5,CWRU,6205-2RS JEM SKF,2,29,0HP
439,4,5,CWRU,6205-2RS JEM SKF,2,29,0HP
440,4,5,CWRU,6205-2RS JEM SKF,2,29,0HP
441,4,5,CWRU,6205-2RS JEM SKF,2,29,0HP
442,4,5,CWRU,6205-2RS JEM SKF,2,29,0HP
443,4,5,CWRU,6205-2RS JEM SKF,2,29,0HP
444,4,5,CWRU,6205-2RS JEM SKF,2,29,0HP
445,4,5,CWRU,6205-2RS JEM SKF,2,29,0HP
446,4,5,CWRU,6205-2RS JEM SKF,2,29,0HP
447,4,5,CWRU,6205-2RS JEM SKF,2,29,0HP
448,4,8,CWRU,6205-2RS JEM SKF,2,29,0HP
449,4,8,CWRU,6205-2RS JEM SKF,2,29,0HP
450,4,8,CWRU,6205-2RS JEM SKF,2,29,0HP
451,4,8,CWRU,6205-2RS JEM SKF,2,29,0HP
452,4,8,CWRU,6205-2RS JEM SKF,2,29,0HP
453,4,8,CWRU,6205-2RS JEM SKF,2,29,0HP
454,4,8,CWRU,6205-2RS JEM SKF,2,29,0HP
455,4,8,CWRU,6205-2RS JEM SKF,2,29,0HP
456,4,8,CWRU,6205-2RS JEM SKF,2,29,0HP
457,4,8,CWRU,6205-2RS JEM SKF,2,29,0HP
458,4,3,CWRU,6205-2RS JEM SKF,2,29,0HP
459,4,3,CWRU,6205-2RS JEM SKF,2,29,0HP
460,4,3,CWRU,6205-2RS JEM SKF,2,29,0HP
461,4,3,CWRU,6205-2RS JEM SKF,2,29,0HP
462,4,3,CWRU,6205-2RS JEM SKF,2,29,0HP
463,4,3,CWRU,6205-2RS JEM SKF,2,29,0HP
464,4,3,CWRU,6205-2RS JEM SKF,2,29,0HP
465,4,3,CWRU,6205-2RS JEM SKF,2,29,0HP
466,4,3,CWRU,6205-2RS JEM SKF,2,29,0HP
467,4,3,CWRU,6205-2RS JEM SKF,2,29,0HP
468,4,6,CWRU,6205-2RS JEM SKF,2,29,0HP
469,4,6,CWRU,6205-2RS JEM SKF,2,29,0HP
470,4,6,CWRU,6205-2RS JEM SKF,2,29,0HP
471,4,6,CWRU,6205-2RS JEM SKF,2,29,0HP
472,4,6,CWRU,6205-2RS JEM SKF,2,29,0HP
473,4,6,CWRU,6205-2RS JEM SKF,2,29,0HP
474,4,6,CWRU,6205-2RS JEM SKF,2,29,0HP
475,4,6,CWRU,6205-2RS JEM SKF,2,29,0HP
476,4,6,CWRU,6205-2RS JEM SKF,2,29,0HP
477,4,6,CWRU,6205-2RS JEM SKF,2,29,0HP
478,4,9,CWRU,6205-2RS JEM SKF,2,29,0HP
479,4,9,CWRU,6205-2RS JEM SKF,2,29,0HP
480,4,9,CWRU,6205-2RS JEM SKF,2,29,0HP
481,4,9,CWRU,6205-2RS JEM SKF,2,29,0HP
482,4,9,CWRU,6205-2RS JEM SKF,2,29,0HP
483,4,9,CWRU,6205-2RS JEM SKF,2,29,0HP
484,4,9,CWRU,6205-2RS JEM SKF,2,29,0HP
485,4,9,CWRU,6205-2RS JEM SKF,2,29,0HP
486,4,9,CWRU,6205-2RS JEM SKF,2,29,0HP
487,4,9,CWRU,6205-2RS JEM SKF,2,29,0HP
488,4,9,CWRU,6205-2RS JEM SKF,2,29,0HP
489,4,9,CWRU,6205-2RS JEM SKF,2,29,0HP
490,4,9,CWRU,6205-2RS JEM SKF,2,29,0HP
491,4,9,CWRU,6205-2RS JEM SKF,2,29,0HP
492,4,9,CWRU,6205-2RS JEM SKF,2,29,0HP
493,4,9,CWRU,6205-2RS JEM SKF,2,29,0HP
494,4,9,CWRU,6205-2RS JEM SKF,2,29,0HP
495,4,9,CWRU,6205-2RS JEM SKF,2,29,0HP
496,4,9,CWRU,6205-2RS JEM SKF,2,29,0HP
497,4,9,CWRU,6205-2RS JEM SKF,2,29,0HP
498,4,9,CWRU,6205-2RS JEM SKF,2,29,0HP
499,4,9,CWRU,6205-2RS JEM SKF,2,29,0HP
500,4,9,CWRU,6205-2RS JEM SKF,2,29,0HP
501,4,9,CWRU,6205-2RS JEM SKF,2,29,0HP
502,4,9,CWRU,6205-2RS JEM SKF,2,29,0HP
503,4,9,CWRU,6205-2RS JEM SKF,2,29,0HP
504,4,9,CWRU,6205-2RS JEM SKF,2,29,0HP
505,4,9,CWRU,6205-2RS JEM SKF,2,29,0HP
506,4,9,CWRU,6205-2RS JEM SKF,2,29,0HP
507,4,9,CWRU,6205-2RS JEM SKF,2,29,0HP
508,5,1,CWRU,6205-2RS JEM SKF,0,29,1HP
509,5,1,CWRU,6205-2RS JEM SKF,0,29,1HP
510,5,1,CWRU,6205-2RS JEM SKF,0,29,1HP
511,5,1,CWRU,6205-2RS JEM SKF,0,29,1HP
512,5,1,CWRU,6205-2RS JEM SKF,0,29,1HP
513,5,1,CWRU,6205-2RS JEM SKF,0,29,1HP
514,5,1,CWRU,6205-2RS JEM SKF,0,29,1HP
515,5,1,CWRU,6205-2RS JEM SKF,0,29,1HP
516,5,1,CWRU,6205-2RS JEM SKF,0,29,1HP
517,5,1,CWRU,6205-2RS JEM SKF,0,29,1HP
518,5,1,CWRU,6205-2RS JEM SKF,0,29,1HP
519,5,1,CWRU,6205-2RS JEM SKF,0,29,1HP
520,5,1,CWRU,6205-2RS JEM SKF,0,29,1HP
521,5,1,CWRU,6205-2RS JEM SKF,0,29,1HP
522,5,1,CWRU,6205-2RS JEM SKF,0,29,1HP
523,5,1,CWRU,6205-2RS JEM SKF,0,29,1HP
524,5,1,CWRU,6205-2RS JEM SKF,0,29,1HP
525,5,1,CWRU,6205-2RS JEM SKF,0,29,1HP
526,5,1,CWRU,6205-2RS JEM SKF,0,29,1HP
527,5,1,CWRU,6205-2RS JEM SKF,0,29,1HP
528,5,4,CWRU,6205-2RS JEM SKF,0,29,1HP
529,5,4,CWRU,6205-2RS JEM SKF,0,29,1HP
530,5,4,CWRU,6205-2RS JEM SKF,0,29,1HP
531,5,4,CWRU,6205-2RS JEM SKF,0,29,1HP
532,5,4,CWRU,6205-2RS JEM SKF,0,29,1HP
533,5,4,CWRU,6205-2RS JEM SKF,0,29,1HP
534,5,4,CWRU,6205-2RS JEM SKF,0,29,1HP
535,5,4,CWRU,6205-2RS JEM SKF,0,29,1HP
536,5,4,CWRU,6205-2RS JEM SKF,0,29,1HP
537,5,4,CWRU,6205-2RS JEM SKF,0,29,1HP
538,5,4,CWRU,6205-2RS JEM SKF,0,29,1HP
539,5,4,CWRU,6205-2RS JEM SKF,0,29,1HP
540,5,4,CWRU,6205-2RS JEM SKF,0,29,1HP
541,5,4,CWRU,6205-2RS JEM SKF,0,29,1HP
542,5,4,CWRU,6205-2RS JEM SKF,0,29,1HP
543,5,4,CWRU,6205-2RS JEM SKF,0,29,1HP
544,5,4,CWRU,6205-2RS JEM SKF,0,29,1HP
545,5,4,CWRU,6205-2RS JEM SKF,0,29,1HP
546,5,4,CWRU,6205-2RS JEM SKF,0,29,1HP
547,5,4,CWRU,6205-2RS JEM SKF,0,29,1HP
548,5,7,CWRU,6205-2RS JEM SKF,0,29,1HP
549,5,7,CWRU,6205-2RS JEM SKF,0,29,1HP
550,5,7,CWRU,6205-2RS JEM SKF,0,29,1HP
551,5,7,CWRU,6205-2RS JEM SKF,0,29,1HP
552,5,7,CWRU,6205-2RS JEM SKF,0,29,1HP
553,5,7,CWRU,6205-2RS JEM SKF,0,29,1HP
554,5,7,CWRU,6205-2RS JEM SKF,0,29,1HP
555,5,7,CWRU,6205-2RS JEM SKF,0,29,1HP
556,5,7,CWRU,6205-2RS JEM SKF,0,29,1HP
557,5,7,CWRU,6205-2RS JEM SKF,0,29,1HP
558,5,7,CWRU,6205-2RS JEM SKF,0,29,1HP
559,5,7,CWRU,6205-2RS JEM SKF,0,29,1HP
560,5,7,CWRU,6205-2RS JEM SKF,0,29,1HP
561,5,7,CWRU,6205-2RS JEM SKF,0,29,1HP
562,5,7,CWRU,6205-2RS JEM SKF,0,29,1HP
563,5,7,CWRU,6205-2RS JEM SKF,0,29,1HP
564,5,7,CWRU,6205-2RS JEM SKF,0,29,1HP
565,5,7,CWRU,6205-2RS JEM SKF,0,29,1HP
566,5,7,CWRU,6205-2RS JEM SKF,0,29,1HP
567,5,7,CWRU,6205-2RS JEM SKF,0,29,1HP
568,5,7,CWRU,6205-2RS JEM SKF,0,29,1HP
569,5,7,CWRU,6205-2RS JEM SKF,0,29,1HP
570,5,7,CWRU,6205-2RS JEM SKF,0,29,1HP
571,5,7,CWRU,6205-2RS JEM SKF,0,29,1HP
572,5,7,CWRU,6205-2RS JEM SKF,0,29,1HP
573,5,7,CWRU,6205-2RS JEM SKF,0,29,1HP
574,5,7,CWRU,6205-2RS JEM SKF,0,29,1HP
575,5,7,CWRU,6205-2RS JEM SKF,0,29,1HP
576,5,7,CWRU,6205-2RS JEM SKF,0,29,1HP
577,5,7,CWRU,6205-2RS JEM SKF,0,29,1HP
578,5,7,CWRU,6205-2RS JEM SKF,0,29,1HP
579,5,7,CWRU,6205-2RS JEM SKF,0,29,1HP
580,5,7,CWRU,6205-2RS JEM SKF,0,29,1HP
581,5,7,CWRU,6205-2RS JEM SKF,0,29,1HP
582,5,7,CWRU,6205-2RS JEM SKF,0,29,1HP
583,5,7,CWRU,6205-2RS JEM SKF,0,29,1HP
584,5,7,CWRU,6205-2RS JEM SKF,0,29,1HP
585,5,7,CWRU,6205-2RS JEM SKF,0,29,1HP
586,5,7,CWRU,6205-2RS JEM SKF,0,29,1HP
587,5,7,CWRU,6205-2RS JEM SKF,0,29,1HP
588,5,7,CWRU,6205-2RS JEM SKF,0,29,1HP
589,5,7,CWRU,6205-2RS JEM SKF,0,29,1HP
590,5,7,CWRU,6205-2RS JEM SKF,0,29,1HP
591,5,7,CWRU,6205-2RS JEM SKF,0,29,1HP
592,5,7,CWRU,6205-2RS JEM SKF,0,29,1HP
593,5,7,CWRU,6205-2RS JEM SKF,0,29,1HP
594,5,7,CWRU,6205-2RS JEM SKF,0,29,1HP
595,5,7,CWRU,6205-2RS JEM SKF,0,29,1HP
596,5,7,CWRU,6205-2RS JEM SKF,0,29,1HP
597,5,7,CWRU,6205-2RS JEM SKF,0,29,1HP
598,5,7,CWRU,6205-2RS JEM SKF,0,29,1HP
599,5,7,CWRU,6205-2RS JEM SKF,0,29,1HP
600,5,7,CWRU,6205-2RS JEM SKF,0,29,1HP
601,5,7,CWRU,6205-2RS JEM SKF,0,29,1HP
602,5,7,CWRU,6205-2RS JEM SKF,0,29,1HP
603,5,7,CWRU,6205-2RS JEM SKF,0,29,1HP
604,5,7,CWRU,6205-2RS JEM SKF,0,29,1HP
605,5,7,CWRU,6205-2RS JEM SKF,0,29,1HP
606,5,7,CWRU,6205-2RS JEM SKF,0,29,1HP
607,5,7,CWRU,6205-2RS JEM SKF,0,29,1HP
608,5,2,CWRU,6205-2RS JEM SKF,0,29,1HP
609,5,2,CWRU,6205-2RS JEM SKF,0,29,1HP
610,5,2,CWRU,6205-2RS JEM SKF,0,29,1HP
611,5,2,CWRU,6205-2RS JEM SKF,0,29,1HP
612,5,2,CWRU,6205-2RS JEM SKF,0,29,1HP
613,5,2,CWRU,6205-2RS JEM SKF,0,29,1HP
614,5,2,CWRU,6205-2RS JEM SKF,0,29,1HP
615,5,2,CWRU,6205-2RS JEM SKF,0,29,1HP
616,5,2,CWRU,6205-2RS JEM SKF,0,29,1HP
617,5,2,CWRU,6205-2RS JEM SKF,0,29,1HP
618,5,2,CWRU,6205-2RS JEM SKF,0,29,1HP
619,5,2,CWRU,6205-2RS JEM SKF,0,29,1HP
620,5,2,CWRU,6205-2RS JEM SKF,0,29,1HP
621,5,2,CWRU,6205-2RS JEM SKF,0,29,1HP
622,5,2,CWRU,6205-2RS JEM SKF,0,29,1HP
623,5,2,CWRU,6205-2RS JEM SKF,0,29,1HP
624,5,2,CWRU,6205-2RS JEM SKF,0,29,1HP
625,5,5,CWRU,6205-2RS JEM SKF,0,29,1HP
626,5,5,CWRU,6205-2RS JEM SKF,0,29,1HP
627,5,5,CWRU,6205-2RS JEM SKF,0,29,1HP
628,5,5,CWRU,6205-2RS JEM SKF,0,29,1HP
629,5,5,CWRU,6205-2RS JEM SKF,0,29,1HP
630,5,5,CWRU,6205-2RS JEM SKF,0,29,1HP
631,5,5,CWRU,6205-2RS JEM SKF,0,29,1HP
632,5,5,CWRU,6205-2RS JEM SKF,0,29,1HP
633,5,5,CWRU,6205-2RS JEM SKF,0,29,1HP
634,5,5,CWRU,6205-2RS JEM SKF,0,29,1HP
635,5,5,CWRU,6205-2RS JEM SKF,0,29,1HP
636,5,5,CWRU,6205-2RS JEM SKF,0,29,1HP
637,5,5,CWRU,6205-2RS JEM SKF,0,29,1HP
638,5,5,CWRU,6205-2RS JEM SKF,0,29,1HP
639,5,5,CWRU,6205-2RS JEM SKF,0,29,1HP
640,5,5,CWRU,6205-2RS JEM SKF,0,29,1HP
641,5,5,CWRU,6205-2RS JEM SKF,0,29,1HP
642,5,5,CWRU,6205-2RS JEM SKF,0,29,1HP
643,5,5,CWRU,6205-2RS JEM SKF,0,29,1HP
644,5,5,CWRU,6205-2RS JEM SKF,0,29,1HP
645,5,8,CWRU,6205-2RS JEM SKF,0,29,1HP
646,5,8,CWRU,6205-2RS JEM SKF,0,29,1HP
647,5,8,CWRU,6205-2RS JEM SKF,0,29,1HP
648,5,8,CWRU,6205-2RS JEM SKF,0,29,1HP
649,5,8,CWRU,6205-2RS JEM SKF,0,29,1HP
650,5,8,CWRU,6205-2RS JEM SKF,0,29,1HP
651,5,8,CWRU,6205-2RS JEM SKF,0,29,1HP
652,5,8,CWRU,6205-2RS JEM SKF,0,29,1HP
653,5,8,CWRU,6205-2RS JEM SKF,0,29,1HP
654,5,8,CWRU,6205-2RS JEM SKF,0,29,1HP
655,5,8,CWRU,6205-2RS JEM SKF,0,29,1HP
656,5,8,CWRU,6205-2RS JEM SKF,0,29,1HP
657,5,8,CWRU,6205-2RS JEM SKF,0,29,1HP
658,5,8,CWRU,6205-2RS JEM SKF,0,29,1HP
659,5,8,CWRU,6205-2RS JEM SKF,0,29,1HP
660,5,8,CWRU,6205-2RS JEM SKF,0,29,1HP
661,5,8,CWRU,6205-2RS JEM SKF,0,29,1HP
662,5,8,CWRU,6205-2RS JEM SKF,0,29,1HP
663,5,8,CWRU,6205-2RS JEM SKF,0,29,1HP
664,5,8,CWRU,6205-2RS JEM SKF,0,29,1HP
665,5,3,CWRU,6205-2RS JEM SKF,0,29,1HP
666,5,3,CWRU,6205-2RS JEM SKF,0,29,1HP
667,5,3,CWRU,6205-2RS JEM SKF,0,29,1HP
668,5,3,CWRU,6205-2RS JEM SKF,0,29,1HP
669,5,3,CWRU,6205-2RS JEM SKF,0,29,1HP
670,5,3,CWRU,6205-2RS JEM SKF,0,29,1HP
671,5,3,CWRU,6205-2RS JEM SKF,0,29,1HP
672,5,3,CWRU,6205-2RS JEM SKF,0,29,1HP
673,5,3,CWRU,6205-2RS JEM SKF,0,29,1HP
674,5,3,CWRU,6205-2RS JEM SKF,0,29,1HP
675,5,3,CWRU,6205-2RS JEM SKF,0,29,1HP
676,5,3,CWRU,6205-2RS JEM SKF,0,29,1HP
677,5,3,CWRU,6205-2RS JEM SKF,0,29,1HP
678,5,3,CWRU,6205-2RS JEM SKF,0,29,1HP
679,5,3,CWRU,6205-2RS JEM SKF,0,29,1HP
680,5,3,CWRU,6205-2RS JEM SKF,0,29,1HP
681,5,3,CWRU,6205-2RS JEM SKF,0,29,1HP
682,5,3,CWRU,6205-2RS JEM SKF,0,29,1HP
683,5,3,CWRU,6205-2RS JEM SKF,0,29,1HP
684,5,3,CWRU,6205-2RS JEM SKF,0,29,1HP
685,5,6,CWRU,6205-2RS JEM SKF,0,29,1HP
686,5,6,CWRU,6205-2RS JEM SKF,0,29,1HP
687,5,6,CWRU,6205-2RS JEM SKF,0,29,1HP
688,5,6,CWRU,6205-2RS JEM SKF,0,29,1HP
689,5,6,CWRU,6205-2RS JEM SKF,0,29,1HP
690,5,6,CWRU,6205-2RS JEM SKF,0,29,1HP
691,5,6,CWRU,6205-2RS JEM SKF,0,29,1HP
692,5,6,CWRU,6205-2RS JEM SKF,0,29,1HP
693,5,6,CWRU,6205-2RS JEM SKF,0,29,1HP
694,5,6,CWRU,6205-2RS JEM SKF,0,29,1HP
695,5,6,CWRU,6205-2RS JEM SKF,0,29,1HP
696,5,6,CWRU,6205-2RS JEM SKF,0,29,1HP
697,5,6,CWRU,6205-2RS JEM SKF,0,29,1HP
698,5,6,CWRU,6205-2RS JEM SKF,0,29,1HP
699,5,6,CWRU,6205-2RS JEM SKF,0,29,1HP
700,5,6,CWRU,6205-2RS JEM SKF,0,29,1HP
701,5,6,CWRU,6205-2RS JEM SKF,0,29,1HP
702,5,6,CWRU,6205-2RS JEM SKF,0,29,1HP
703,5,6,CWRU,6205-2RS JEM SKF,0,29,1HP
704,5,6,CWRU,6205-2RS JEM SKF,0,29,1HP
705,5,9,CWRU,6205-2RS JEM SKF,0,29,1HP
706,5,9,CWRU,6205-2RS JEM SKF,0,29,1HP
707,5,9,CWRU,6205-2RS JEM SKF,0,29,1HP
708,5,9,CWRU,6205-2RS JEM SKF,0,29,1HP
709,5,9,CWRU,6205-2RS JEM SKF,0,29,1HP
710,5,9,CWRU,6205-2RS JEM SKF,0,29,1HP
711,5,9,CWRU,6205-2RS JEM SKF,0,29,1HP
712,5,9,CWRU,6205-2RS JEM SKF,0,29,1HP
713,5,9,CWRU,6205-2RS JEM SKF,0,29,1HP
714,5,9,CWRU,6205-2RS JEM SKF,0,29,1HP
715,5,9,CWRU,6205-2RS JEM SKF,0,29,1HP
716,5,9,CWRU,6205-2RS JEM SKF,0,29,1HP
717,5,9,CWRU,6205-2RS JEM SKF,0,29,1HP
718,5,9,CWRU,6205-2RS JEM SKF,0,29,1HP
719,5,9,CWRU,6205-2RS JEM SKF,0,29,1HP
720,5,9,CWRU,6205-2RS JEM SKF,0,29,1HP
721,5,9,CWRU,6205-2RS JEM SKF,0,29,1HP
722,5,9,CWRU,6205-2RS JEM SKF,0,29,1HP
723,5,9,CWRU,6205-2RS JEM SKF,0,29,1HP
724,5,9,CWRU,6205-2RS JEM SKF,0,29,1HP
725,5,9,CWRU,6205-2RS JEM SKF,0,29,1HP
726,5,9,CWRU,6205-2RS JEM SKF,0,29,1HP
727,5,9,CWRU,6205-2RS JEM SKF,0,29,1HP
728,5,9,CWRU,6205-2RS JEM SKF,0,29,1HP
729,5,9,CWRU,6205-2RS JEM SKF,0,29,1HP
730,5,9,CWRU,6205-2RS JEM SKF,0,29,1HP
731,5,9,CWRU,6205-2RS JEM SKF,0,29,1HP
732,5,9,CWRU,6205-2RS JEM SKF,0,29,1HP
733,5,9,CWRU,6205-2RS JEM SKF,0,29,1HP
734,5,9,CWRU,6205-2RS JEM SKF,0,29,1HP
735,5,9,CWRU,6205-2RS JEM SKF,0,29,1HP
736,5,9,CWRU,6205-2RS JEM SKF,0,29,1HP
737,5,9,CWRU,6205-2RS JEM SKF,0,29,1HP
738,5,9,CWRU,6205-2RS JEM SKF,0,29,1HP
739,5,9,CWRU,6205-2RS JEM SKF,0,29,1HP
740,5,9,CWRU,6205-2RS JEM SKF,0,29,1HP
741,5,9,CWRU,6205-2RS JEM SKF,0,29,1HP
742,5,9,CWRU,6205-2RS JEM SKF,0,29,1HP
743,5,9,CWRU,6205-2RS JEM SKF,0,29,1HP
744,5,9,CWRU,6205-2RS JEM SKF,0,29,1HP
745,5,9,CWRU,6205-2RS JEM SKF,0,29,1HP
746,5,9,CWRU,6205-2RS JEM SKF,0,29,1HP
747,5,9,CWRU,6205-2RS JEM SKF,0,29,1HP
748,5,9,CWRU,6205-2RS JEM SKF,0,29,1HP
749,5,9,CWRU,6205-2RS JEM SKF,0,29,1HP
750,5,9,CWRU,6205-2RS JEM SKF,0,29,1HP
751,5,9,CWRU,6205-2RS JEM SKF,0,29,1HP
752,5,9,CWRU,6205-2RS JEM SKF,0,29,1HP
753,5,9,CWRU,6205-2RS JEM SKF,0,29,1HP
754,5,9,CWRU,6205-2RS JEM SKF,0,29,1HP
755,5,9,CWRU,6205-2RS JEM SKF,0,29,1HP
756,5,9,CWRU,6205-2RS JEM SKF,0,29,1HP
757,5,9,CWRU,6205-2RS JEM SKF,0,29,1HP
758,5,9,CWRU,6205-2RS JEM SKF,0,29,1HP
759,5,9,CWRU,6205-2RS JEM SKF,0,29,1HP
760,5,9,CWRU,6205-2RS JEM SKF,0,29,1HP
761,5,9,CWRU,6205-2RS JEM SKF,0,29,1HP
762,5,9,CWRU,6205-2RS JEM SKF,0,29,1HP
763,5,9,CWRU,6205-2RS JEM SKF,0,29,1HP
764,5,9,CWRU,6205-2RS JEM SKF,0,29,1HP
765,6,1,CWRU,6205-2RS JEM SKF,1,29,1HP
766,6,1,CWRU,6205-2RS JEM SKF,1,29,1HP
767,6,1,CWRU,6205-2RS JEM SKF,1,29,1HP
768,6,1,CWRU,6205-2RS JEM SKF,1,29,1HP
769,6,1,CWRU,6205-2RS JEM SKF,1,29,1HP
770,6,1,CWRU,6205-2RS JEM SKF,1,29,1HP
771,6,1,CWRU,6205-2RS JEM SKF,1,29,1HP
772,6,1,CWRU,6205-2RS JEM SKF,1,29,1HP
773,6,1,CWRU,6205-2RS JEM SKF,1,29,1HP
774,6,1,CWRU,6205-2RS JEM SKF,1,29,1HP
775,6,1,CWRU,6205-2RS JEM SKF,1,29,1HP
776,6,1,CWRU,6205-2RS JEM SKF,1,29,1HP
777,6,1,CWRU,6205-2RS JEM SKF,1,29,1HP
778,6,1,CWRU,6205-2RS JEM SKF,1,29,1HP
779,6,1,CWRU,6205-2RS JEM SKF,1,29,1HP
780,6,1,CWRU,6205-2RS JEM SKF,1,29,1HP
781,6,1,CWRU,6205-2RS JEM SKF,1,29,1HP
782,6,1,CWRU,6205-2RS JEM SKF,1,29,1HP
783,6,1,CWRU,6205-2RS JEM SKF,1,29,1HP
784,6,1,CWRU,6205-2RS JEM SKF,1,29,1HP
785,6,4,CWRU,6205-2RS JEM SKF,1,29,1HP
786,6,4,CWRU,6205-2RS JEM SKF,1,29,1HP
787,6,4,CWRU,6205-2RS JEM SKF,1,29,1HP
788,6,4,CWRU,6205-2RS JEM SKF,1,29,1HP
789,6,4,CWRU,6205-2RS JEM SKF,1,29,1HP
790,6,4,CWRU,6205-2RS JEM SKF,1,29,1HP
791,6,4,CWRU,6205-2RS JEM SKF,1,29,1HP
792,6,4,CWRU,6205-2RS JEM SKF,1,29,1HP
793,6,4,CWRU,6205-2RS JEM SKF,1,29,1HP
794,6,4,CWRU,6205-2RS JEM SKF,1,29,1HP
795,6,4,CWRU,6205-2RS JEM SKF,1,29,1HP
796,6,4,CWRU,6205-2RS JEM SKF,1,29,1HP
797,6,4,CWRU,6205-2RS JEM SKF,1,29,1HP
798,6,4,CWRU,6205-2RS JEM SKF,1,29,1HP
799,6,4,CWRU,6205-2RS JEM SKF,1,29,1HP
800,6,4,CWRU,6205-2RS JEM SKF,1,29,1HP
801,6,4,CWRU,6205-2RS JEM SKF,1,29,1HP
802,6,4,CWRU,6205-2RS JEM SKF,1,29,1HP
803,6,4,CWRU,6205-2RS JEM SKF,1,29,1HP
804,6,4,CWRU,6205-2RS JEM SKF,1,29,1HP
805,6,7,CWRU,6205-2RS JEM SKF,1,29,1HP
806,6,7,CWRU,6205-2RS JEM SKF,1,29,1HP
807,6,7,CWRU,6205-2RS JEM SKF,1,29,1HP
808,6,7,CWRU,6205-2RS JEM SKF,1,29,1HP
809,6,7,CWRU,6205-2RS JEM SKF,1,29,1HP
810,6,7,CWRU,6205-2RS JEM SKF,1,29,1HP
811,6,7,CWRU,6205-2RS JEM SKF,1,29,1HP
812,6,7,CWRU,6205-2RS JEM SKF,1,29,1HP
813,6,7,CWRU,6205-2RS JEM SKF,1,29,1HP
814,6,7,CWRU,6205-2RS JEM SKF,1,29,1HP
815,6,7,CWRU,6205-2RS JEM SKF,1,29,1HP
816,6,7,CWRU,6205-2RS JEM SKF,1,29,1HP
817,6,7,CWRU,6205-2RS JEM SKF,1,29,1HP
818,6,7,CWRU,6205-2RS JEM SKF,1,29,1HP
819,6,7,CWRU,6205-2RS JEM SKF,1,29,1HP
820,6,7,CWRU,6205-2RS JEM SKF,1,29,1HP
821,6,7,CWRU,6205-2RS JEM SKF,1,29,1HP
822,6,7,CWRU,6205-2RS JEM SKF,1,29,1HP
823,6,7,CWRU,6205-2RS JEM SKF,1,29,1HP
824,6,7,CWRU,6205-2RS JEM SKF,1,29,1HP
825,6,7,CWRU,6205-2RS JEM SKF,1,29,1HP
826,6,7,CWRU,6205-2RS JEM SKF,1,29,1HP
827,6,7,CWRU,6205-2RS JEM SKF,1,29,1HP
828,6,7,CWRU,6205-2RS JEM SKF,1,29,1HP
829,6,7,CWRU,6205-2RS JEM SKF,1,29,1HP
830,6,7,CWRU,6205-2RS JEM SKF,1,29,1HP
831,6,7,CWRU,6205-2RS JEM SKF,1,29,1HP
832,6,7,CWRU,6205-2RS JEM SKF,1,29,1HP
833,6,7,CWRU,6205-2RS JEM SKF,1,29,1HP
834,6,7,CWRU,6205-2RS JEM SKF,1,29,1HP
835,6,7,CWRU,6205-2RS JEM SKF,1,29,1HP
836,6,7,CWRU,6205-2RS JEM SKF,1,29,1HP
837,6,7,CWRU,6205-2RS JEM SKF,1,29,1HP
838,6,7,CWRU,6205-2RS JEM SKF,1,29,1HP
839,6,7,CWRU,6205-2RS JEM SKF,1,29,1HP
840,6,7,CWRU,6205-2RS JEM SKF,1,29,1HP
841,6,7,CWRU,6205-2RS JEM SKF,1,29,1HP
842,6,7,CWRU,6205-2RS JEM SKF,1,29,1HP
843,6,7,CWRU,6205-2RS JEM SKF,1,29,1HP
844,6,7,CWRU,6205-2RS JEM SKF,1,29,1HP
845,6,7,CWRU,6205-2RS JEM SKF,1,29,1HP
846,6,7,CWRU,6205-2RS JEM SKF,1,29,1HP
847,6,7,CWRU,6205-2RS JEM SKF,1,29,1HP
848,6,7,CWRU,6205-2RS JEM SKF,1,29,1HP
849,6,7,CWRU,6205-2RS JEM SKF,1,29,1HP
850,6,7,CWRU,6205-2RS JEM SKF,1,29,1HP
851,6,7,CWRU,6205-2RS JEM SKF,1,29,1HP
852,6,7,CWRU,6205-2RS JEM SKF,1,29,1HP
853,6,7,CWRU,6205-2RS JEM SKF,1,29,1HP
854,6,7,CWRU,6205-2RS JEM SKF,1,29,1HP
855,6,7,CWRU,6205-2RS JEM SKF,1,29,1HP
856,6,7,CWRU,6205-2RS JEM SKF,1,29,1HP
857,6,7,CWRU,6205-2RS JEM SKF,1,29,1HP
858,6,7,CWRU,6205-2RS JEM SKF,1,29,1HP
859,6,7,CWRU,6205-2RS JEM SKF,1,29,1HP
860,6,7,CWRU,6205-2RS JEM SKF,1,29,1HP
861,6,7,CWRU,6205-2RS JEM SKF,1,29,1HP
862,6,7,CWRU,6205-2RS JEM SKF,1,29,1HP
863,6,7,CWRU,6205-2RS JEM SKF,1,29,1HP
864,6,7,CWRU,6205-2RS JEM SKF,1,29,1HP
865,6,2,CWRU,6205-2RS JEM SKF,1,29,1HP
866,6,2,CWRU,6205-2RS JEM SKF,1,29,1HP
867,6,2,CWRU,6205-2RS JEM SKF,1,29,1HP
868,6,2,CWRU,6205-2RS JEM SKF,1,29,1HP
869,6,2,CWRU,6205-2RS JEM SKF,1,29,1HP
870,6,2,CWRU,6205-2RS JEM SKF,1,29,1HP
871,6,2,CWRU,6205-2RS JEM SKF,1,29,1HP
872,6,2,CWRU,6205-2RS JEM SKF,1,29,1HP
873,6,2,CWRU,6205-2RS JEM SKF,1,29,1HP
874,6,2,CWRU,6205-2RS JEM SKF,1,29,1HP
875,6,2,CWRU,6205-2RS JEM SKF,1,29,1HP
876,6,2,CWRU,6205-2RS JEM SKF,1,29,1HP
877,6,2,CWRU,6205-2RS JEM SKF,1,29,1HP
878,6,2,CWRU,6205-2RS JEM SKF,1,29,1HP
879,6,2,CWRU,6205-2RS JEM SKF,1,29,1HP
880,6,2,CWRU,6205-2RS JEM SKF,1,29,1HP
881,6,2,CWRU,6205-2RS JEM SKF,1,29,1HP
882,6,5,CWRU,6205-2RS JEM SKF,1,29,1HP
883,6,5,CWRU,6205-2RS JEM SKF,1,29,1HP
884,6,5,CWRU,6205-2RS JEM SKF,1,29,1HP
885,6,5,CWRU,6205-2RS JEM SKF,1,29,1HP
886,6,5,CWRU,6205-2RS JEM SKF,1,29,1HP
887,6,5,CWRU,6205-2RS JEM SKF,1,29,1HP
888,6,5,CWRU,6205-2RS JEM SKF,1,29,1HP
889,6,5,CWRU,6205-2RS JEM SKF,1,29,1HP
890,6,5,CWRU,6205-2RS JEM SKF,1,29,1HP
891,6,5,CWRU,6205-2RS JEM SKF,1,29,1HP
892,6,5,CWRU,6205-2RS JEM SKF,1,29,1HP
893,6,5,CWRU,6205-2RS JEM SKF,1,29,1HP
894,6,5,CWRU,6205-2RS JEM SKF,1,29,1HP
895,6,5,CWRU,6205-2RS JEM SKF,1,29,1HP
896,6,5,CWRU,6205-2RS JEM SKF,1,29,1HP
897,6,5,CWRU,6205-2RS JEM SKF,1,29,1HP
898,6,5,CWRU,6205-2RS JEM SKF,1,29,1HP
899,6,5,CWRU,6205-2RS JEM SKF,1,29,1HP
900,6,5,CWRU,6205-2RS JEM SKF,1,29,1HP
901,6,5,CWRU,6205-2RS JEM SKF,1,29,1HP
902,6,8,CWRU,6205-2RS JEM SKF,1,29,1HP
903,6,8,CWRU,6205-2RS JEM SKF,1,29,1HP
904,6,8,CWRU,6205-2RS JEM SKF,1,29,1HP
905,6,8,CWRU,6205-2RS JEM SKF,1,29,1HP
906,6,8,CWRU,6205-2RS JEM SKF,1,29,1HP
907,6,8,CWRU,6205-2RS JEM SKF,1,29,1HP
908,6,8,CWRU,6205-2RS JEM SKF,1,29,1HP
909,6,8,CWRU,6205-2RS JEM SKF,1,29,1HP
910,6,8,CWRU,6205-2RS JEM SKF,1,29,1HP
911,6,8,CWRU,6205-2RS JEM SKF,1,29,1HP
912,6,8,CWRU,6205-2RS JEM SKF,1,29,1HP
913,6,8,CWRU,6205-2RS JEM SKF,1,29,1HP
914,6,8,CWRU,6205-2RS JEM SKF,1,29,1HP
915,6,8,CWRU,6205-2RS JEM SKF,1,29,1HP
916,6,8,CWRU,6205-2RS JEM SKF,1,29,1HP
917,6,8,CWRU,6205-2RS JEM SKF,1,29,1HP
918,6,8,CWRU,6205-2RS JEM SKF,1,29,1HP
919,6,8,CWRU,6205-2RS JEM SKF,1,29,1HP
920,6,8,CWRU,6205-2RS JEM SKF,1,29,1HP
921,6,8,CWRU,6205-2RS JEM SKF,1,29,1HP
922,6,3,CWRU,6205-2RS JEM SKF,1,29,1HP
923,6,3,CWRU,6205-2RS JEM SKF,1,29,1HP
924,6,3,CWRU,6205-2RS JEM SKF,1,29,1HP
925,6,3,CWRU,6205-2RS JEM SKF,1,29,1HP
926,6,3,CWRU,6205-2RS JEM SKF,1,29,1HP
927,6,3,CWRU,6205-2RS JEM SKF,1,29,1HP
928,6,3,CWRU,6205-2RS JEM SKF,1,29,1HP
929,6,3,CWRU,6205-2RS JEM SKF,1,29,1HP
930,6,3,CWRU,6205-2RS JEM SKF,1,29,1HP
931,6,3,CWRU,6205-2RS JEM SKF,1,29,1HP
932,6,3,CWRU,6205-2RS JEM SKF,1,29,1HP
933,6,3,CWRU,6205-2RS JEM SKF,1,29,1HP
934,6,3,CWRU,6205-2RS JEM SKF,1,29,1HP
935,6,3,CWRU,6205-2RS JEM SKF,1,29,1HP
936,6,3,CWRU,6205-2RS JEM SKF,1,29,1HP
937,6,3,CWRU,6205-2RS JEM SKF,1,29,1HP
938,6,3,CWRU,6205-2RS JEM SKF,1,29,1HP
939,6,3,CWRU,6205-2RS JEM SKF,1,29,1HP
940,6,3,CWRU,6205-2RS JEM SKF,1,29,1HP
941,6,3,CWRU,6205-2RS JEM SKF,1,29,1HP
942,6,6,CWRU,6205-2RS JEM SKF,1,29,1HP
943,6,6,CWRU,6205-2RS JEM SKF,1,29,1HP
944,6,6,CWRU,6205-2RS JEM SKF,1,29,1HP
945,6,6,CWRU,6205-2RS JEM SKF,1,29,1HP
946,6,6,CWRU,6205-2RS JEM SKF,1,29,1HP
947,6,6,CWRU,6205-2RS JEM SKF,1,29,1HP
948,6,6,CWRU,6205-2RS JEM SKF,1,29,1HP
949,6,6,CWRU,6205-2RS JEM SKF,1,29,1HP
950,6,6,CWRU,6205-2RS JEM SKF,1,29,1HP
951,6,6,CWRU,6205-2RS JEM SKF,1,29,1HP
952,6,6,CWRU,6205-2RS JEM SKF,1,29,1HP
953,6,6,CWRU,6205-2RS JEM SKF,1,29,1HP
954,6,6,CWRU,6205-2RS JEM SKF,1,29,1HP
955,6,6,CWRU,6205-2RS JEM SKF,1,29,1HP
956,6,6,CWRU,6205-2RS JEM SKF,1,29,1HP
957,6,6,CWRU,6205-2RS JEM SKF,1,29,1HP
958,6,6,CWRU,6205-2RS JEM SKF,1,29,1HP
959,6,6,CWRU,6205-2RS JEM SKF,1,29,1HP
960,6,6,CWRU,6205-2RS JEM SKF,1,29,1HP
961,6,6,CWRU,6205-2RS JEM SKF,1,29,1HP
962,6,9,CWRU,6205-2RS JEM SKF,1,29,1HP
963,6,9,CWRU,6205-2RS JEM SKF,1,29,1HP
964,6,9,CWRU,6205-2RS JEM SKF,1,29,1HP
965,6,9,CWRU,6205-2RS JEM SKF,1,29,1HP
966,6,9,CWRU,6205-2RS JEM SKF,1,29,1HP
967,6,9,CWRU,6205-2RS JEM SKF,1,29,1HP
968,6,9,CWRU,6205-2RS JEM SKF,1,29,1HP
969,6,9,CWRU,6205-2RS JEM SKF,1,29,1HP
970,6,9,CWRU,6205-2RS JEM SKF,1,29,1HP
971,6,9,CWRU,6205-2RS JEM SKF,1,29,1HP
972,6,9,CWRU,6205-2RS JEM SKF,1,29,1HP
973,6,9,CWRU,6205-2RS JEM SKF,1,29,1HP
974,6,9,CWRU,6205-2RS JEM SKF,1,29,1HP
975,6,9,CWRU,6205-2RS JEM SKF,1,29,1HP
976,6,9,CWRU,6205-2RS JEM SKF,1,29,1HP
977,6,9,CWRU,6205-2RS JEM SKF,1,29,1HP
978,6,9,CWRU,6205-2RS JEM SKF,1,29,1HP
979,6,9,CWRU,6205-2RS JEM SKF,1,29,1HP
980,6,9,CWRU,6205-2RS JEM SKF,1,29,1HP
981,6,9,CWRU,6205-2RS JEM SKF,1,29,1HP
982,6,9,CWRU,6205-2RS JEM SKF,1,29,1HP
983,6,9,CWRU,6205-2RS JEM SKF,1,29,1HP
984,6,9,CWRU,6205-2RS JEM SKF,1,29,1HP
985,6,9,CWRU,6205-2RS JEM SKF,1,29,1HP
986,6,9,CWRU,6205-2RS JEM SKF,1,29,1HP
987,6,9,CWRU,6205-2RS JEM SKF,1,29,1HP
988,6,9,CWRU,6205-2RS JEM SKF,1,29,1HP
989,6,9,CWRU,6205-2RS JEM SKF,1,29,1HP
990,6,9,CWRU,6205-2RS JEM SKF,1,29,1HP
991,6,9,CWRU,6205-2RS JEM SKF,1,29,1HP
992,6,9,CWRU,6205-2RS JEM SKF,1,29,1HP
993,6,9,CWRU,6205-2RS JEM SKF,1,29,1HP
994,6,9,CWRU,6205-2RS JEM SKF,1,29,1HP
995,6,9,CWRU,6205-2RS JEM SKF,1,29,1HP
996,6,9,CWRU,6205-2RS JEM SKF,1,29,1HP
997,6,9,CWRU,6205-2RS JEM SKF,1,29,1HP
998,6,9,CWRU,6205-2RS JEM SKF,1,29,1HP
999,6,9,CWRU,6205-2RS JEM SKF,1,29,1HP
1000,6,9,CWRU,6205-2RS JEM SKF,1,29,1HP
1001,6,9,CWRU,6205-2RS JEM SKF,1,29,1HP
1002,6,9,CWRU,6205-2RS JEM SKF,1,29,1HP
1003,6,9,CWRU,6205-2RS JEM SKF,1,29,1HP
1004,6,9,CWRU,6205-2RS JEM SKF,1,29,1HP
1005,6,9,CWRU,6205-2RS JEM SKF,1,29,1HP
1006,6,9,CWRU,6205-2RS JEM SKF,1,29,1HP
1007,6,9,CWRU,6205-2RS JEM SKF,1,29,1HP
1008,6,9,CWRU,6205-2RS JEM SKF,1,29,1HP
1009,6,9,CWRU,6205-2RS JEM SKF,1,29,1HP
1010,6,9,CWRU,6205-2RS JEM SKF,1,29,1HP
1011,6,9,CWRU,6205-2RS JEM SKF,1,29,1HP
1012,6,9,CWRU,6205-2RS JEM SKF,1,29,1HP
1013,6,9,CWRU,6205-2RS JEM SKF,1,29,1HP
1014,6,9,CWRU,6205-2RS JEM SKF,1,29,1HP
1015,6,9,CWRU,6205-2RS JEM SKF,1,29,1HP
1016,6,9,CWRU,6205-2RS JEM SKF,1,29,1HP
1017,6,9,CWRU,6205-2RS JEM SKF,1,29,1HP
1018,6,9,CWRU,6205-2RS JEM SKF,1,29,1HP
1019,6,9,CWRU,6205-2RS JEM SKF,1,29,1HP
1020,6,9,CWRU,6205-2RS JEM SKF,1,29,1HP
1021,6,9,CWRU,6205-2RS JEM SKF,1,29,1HP
1022,7,1,CWRU,6205-2RS JEM SKF,2,29,1HP
1023,7,1,CWRU,6205-2RS JEM SKF,2,29,1HP
1024,7,1,CWRU,6205-2RS JEM SKF,2,29,1HP
1025,7,1,CWRU,6205-2RS JEM SKF,2,29,1HP
1026,7,1,CWRU,6205-2RS JEM SKF,2,29,1HP
1027,7,1,CWRU,6205-2RS JEM SKF,2,29,1HP
1028,7,1,CWRU,6205-2RS JEM SKF,2,29,1HP
1029,7,1,CWRU,6205-2RS JEM SKF,2,29,1HP
1030,7,1,CWRU,6205-2RS JEM SKF,2,29,1HP
1031,7,1,CWRU,6205-2RS JEM SKF,2,29,1HP
1032,7,4,CWRU,6205-2RS JEM SKF,2,29,1HP
1033,7,4,CWRU,6205-2RS JEM SKF,2,29,1HP
1034,7,4,CWRU,6205-2RS JEM SKF,2,29,1HP
1035,7,4,CWRU,6205-2RS JEM SKF,2,29,1HP
1036,7,4,CWRU,6205-2RS JEM SKF,2,29,1HP
1037,7,4,CWRU,6205-2RS JEM SKF,2,29,1HP
1038,7,4,CWRU,6205-2RS JEM SKF,2,29,1HP
1039,7,4,CWRU,6205-2RS JEM SKF,2,29,1HP
1040,7,4,CWRU,6205-2RS JEM SKF,2,29,1HP
1041,7,4,CWRU,6205-2RS JEM SKF,2,29,1HP
1042,7,7,CWRU,6205-2RS JEM SKF,2,29,1HP
1043,7,7,CWRU,6205-2RS JEM SKF,2,29,1HP
1044,7,7,CWRU,6205-2RS JEM SKF,2,29,1HP
1045,7,7,CWRU,6205-2RS JEM SKF,2,29,1HP
1046,7,7,CWRU,6205-2RS JEM SKF,2,29,1HP
1047,7,7,CWRU,6205-2RS JEM SKF,2,29,1HP
1048,7,7,CWRU,6205-2RS JEM SKF,2,29,1HP
1049,7,7,CWRU,6205-2RS JEM SKF,2,29,1HP
1050,7,7,CWRU,6205-2RS JEM SKF,2,29,1HP
1051,7,7,CWRU,6205-2RS JEM SKF,2,29,1HP
1052,7,7,CWRU,6205-2RS JEM SKF,2,29,1HP
1053,7,7,CWRU,6205-2RS JEM SKF,2,29,1HP
1054,7,7,CWRU,6205-2RS JEM SKF,2,29,1HP
1055,7,7,CWRU,6205-2RS JEM SKF,2,29,1HP
1056,7,7,CWRU,6205-2RS JEM SKF,2,29,1HP
1057,7,7,CWRU,6205-2RS JEM SKF,2,29,1HP
1058,7,7,CWRU,6205-2RS JEM SKF,2,29,1HP
1059,7,7,CWRU,6205-2RS JEM SKF,2,29,1HP
1060,7,7,CWRU,6205-2RS JEM SKF,2,29,1HP
1061,7,7,CWRU,6205-2RS JEM SKF,2,29,1HP
1062,7,7,CWRU,6205-2RS JEM SKF,2,29,1HP
1063,7,7,CWRU,6205-2RS JEM SKF,2,29,1HP
1064,7,7,CWRU,6205-2RS JEM SKF,2,29,1HP
1065,7,7,CWRU,6205-2RS JEM SKF,2,29,1HP
1066,7,7,CWRU,6205-2RS JEM SKF,2,29,1HP
1067,7,7,CWRU,6205-2RS JEM SKF,2,29,1HP
1068,7,7,CWRU,6205-2RS JEM SKF,2,29,1HP
1069,7,7,CWRU,6205-2RS JEM SKF,2,29,1HP
1070,7,7,CWRU,6205-2RS JEM SKF,2,29,1HP
1071,7,7,CWRU,6205-2RS JEM SKF,2,29,1HP
1072,7,2,CWRU,6205-2RS JEM SKF,2,29,1HP
1073,7,2,CWRU,6205-2RS JEM SKF,2,29,1HP
1074,7,2,CWRU,6205-2RS JEM SKF,2,29,1HP
1075,7,2,CWRU,6205-2RS JEM SKF,2,29,1HP
1076,7,2,CWRU,6205-2RS JEM SKF,2,29,1HP
1077,7,2,CWRU,6205-2RS JEM SKF,2,29,1HP
1078,7,2,CWRU,6205-2RS JEM SKF,2,29,1HP
1079,7,2,CWRU,6205-2RS JEM SKF,2,29,1HP
1080,7,2,CWRU,6205-2RS JEM SKF,2,29,1HP
1081,7,2,CWRU,6205-2RS JEM SKF,2,29,1HP
1082,7,5,CWRU,6205-2RS JEM SKF,2,29,1HP
1083,7,5,CWRU,6205-2RS JEM SKF,2,29,1HP
1084,7,5,CWRU,6205-2RS JEM SKF,2,29,1HP
1085,7,5,CWRU,6205-2RS JEM SKF,2,29,1HP
1086,7,5,CWRU,6205-2RS JEM SKF,2,29,1HP
1087,7,5,CWRU,6205-2RS JEM SKF,2,29,1HP
1088,7,5,CWRU,6205-2RS JEM SKF,2,29,1HP
1089,7,5,CWRU,6205-2RS JEM SKF,2,29,1HP
1090,7,5,CWRU,6205-2RS JEM SKF,2,29,1HP
1091,7,5,CWRU,6205-2RS JEM SKF,2,29,1HP
1092,7,8,CWRU,6205-2RS JEM SKF,2,29,1HP
1093,7,8,CWRU,6205-2RS JEM SKF,2,29,1HP
1094,7,8,CWRU,6205-2RS JEM SKF,2,29,1HP
1095,7,8,CWRU,6205-2RS JEM SKF,2,29,1HP
1096,7,8,CWRU,6205-2RS JEM SKF,2,29,1HP
1097,7,8,CWRU,6205-2RS JEM SKF,2,29,1HP
1098,7,8,CWRU,6205-2RS JEM SKF,2,29,1HP
1099,7,8,CWRU,6205-2RS JEM SKF,2,29,1HP
1100,7,8,CWRU,6205-2RS JEM SKF,2,29,1HP
1101,7,8,CWRU,6205-2RS JEM SKF,2,29,1HP
1102,7,3,CWRU,6205-2RS JEM SKF,2,29,1HP
1103,7,3,CWRU,6205-2RS JEM SKF,2,29,1HP
1104,7,3,CWRU,6205-2RS JEM SKF,2,29,1HP
1105,7,3,CWRU,6205-2RS JEM SKF,2,29,1HP
1106,7,3,CWRU,6205-2RS JEM SKF,2,29,1HP
1107,7,3,CWRU,6205-2RS JEM SKF,2,29,1HP
1108,7,3,CWRU,6205-2RS JEM SKF,2,29,1HP
1109,7,3,CWRU,6205-2RS JEM SKF,2,29,1HP
1110,7,3,CWRU,6205-2RS JEM SKF,2,29,1HP
1111,7,3,CWRU,6205-2RS JEM SKF,2,29,1HP
1112,7,6,CWRU,6205-2RS JEM SKF,2,29,1HP
1113,7,6,CWRU,6205-2RS JEM SKF,2,29,1HP
1114,7,6,CWRU,6205-2RS JEM SKF,2,29,1HP
1115,7,6,CWRU,6205-2RS JEM SKF,2,29,1HP
1116,7,6,CWRU,6205-2RS JEM SKF,2,29,1HP
1117,7,6,CWRU,6205-2RS JEM SKF,2,29,1HP
1118,7,6,CWRU,6205-2RS JEM SKF,2,29,1HP
1119,7,6,CWRU,6205-2RS JEM SKF,2,29,1HP
1120,7,6,CWRU,6205-2RS JEM SKF,2,29,1HP
1121,7,6,CWRU,6205-2RS JEM SKF,2,29,1HP
1122,7,9,CWRU,6205-2RS JEM SKF,2,29,1HP
1123,7,9,CWRU,6205-2RS JEM SKF,2,29,1HP
1124,7,9,CWRU,6205-2RS JEM SKF,2,29,1HP
1125,7,9,CWRU,6205-2RS JEM SKF,2,29,1HP
1126,7,9,CWRU,6205-2RS JEM SKF,2,29,1HP
1127,7,9,CWRU,6205-2RS JEM SKF,2,29,1HP
1128,7,9,CWRU,6205-2RS JEM SKF,2,29,1HP
1129,7,9,CWRU,6205-2RS JEM SKF,2,29,1HP
1130,7,9,CWRU,6205-2RS JEM SKF,2,29,1HP
1131,7,9,CWRU,6205-2RS JEM SKF,2,29,1HP
1132,7,9,CWRU,6205-2RS JEM SKF,2,29,1HP
1133,7,9,CWRU,6205-2RS JEM SKF,2,29,1HP
1134,7,9,CWRU,6205-2RS JEM SKF,2,29,1HP
1135,7,9,CWRU,6205-2RS JEM SKF,2,29,1HP
1136,7,9,CWRU,6205-2RS JEM SKF,2,29,1HP
1137,7,9,CWRU,6205-2RS JEM SKF,2,29,1HP
1138,7,9,CWRU,6205-2RS JEM SKF,2,29,1HP
1139,7,9,CWRU,6205-2RS JEM SKF,2,29,1HP
1140,7,9,CWRU,6205-2RS JEM SKF,2,29,1HP
1141,7,9,CWRU,6205-2RS JEM SKF,2,29,1HP
1142,7,9,CWRU,6205-2RS JEM SKF,2,29,1HP
1143,7,9,CWRU,6205-2RS JEM SKF,2,29,1HP
1144,7,9,CWRU,6205-2RS JEM SKF,2,29,1HP
1145,7,9,CWRU,6205-2RS JEM SKF,2,29,1HP
1146,7,9,CWRU,6205-2RS JEM SKF,2,29,1HP
1147,7,9,CWRU,6205-2RS JEM SKF,2,29,1HP
1148,7,9,CWRU,6205-2RS JEM SKF,2,29,1HP
1149,7,9,CWRU,6205-2RS JEM SKF,2,29,1HP
1150,7,9,CWRU,6205-2RS JEM SKF,2,29,1HP
1151,7,9,CWRU,6205-2RS JEM SKF,2,29,1HP
1152,8,1,CWRU,6205-2RS JEM SKF,0,29,2HP
1153,8,1,CWRU,6205-2RS JEM SKF,0,29,2HP
1154,8,1,CWRU,6205-2RS JEM SKF,0,29,2HP
1155,8,1,CWRU,6205-2RS JEM SKF,0,29,2HP
1156,8,1,CWRU,6205-2RS JEM SKF,0,29,2HP
1157,8,1,CWRU,6205-2RS JEM SKF,0,29,2HP
1158,8,1,CWRU,6205-2RS JEM SKF,0,29,2HP
1159,8,1,CWRU,6205-2RS JEM SKF,0,29,2HP
1160,8,1,CWRU,6205-2RS JEM SKF,0,29,2HP
1161,8,1,CWRU,6205-2RS JEM SKF,0,29,2HP
1162,8,1,CWRU,6205-2RS JEM SKF,0,29,2HP
1163,8,1,CWRU,6205-2RS JEM SKF,0,29,2HP
1164,8,1,CWRU,6205-2RS JEM SKF,0,29,2HP
1165,8,1,CWRU,6205-2RS JEM SKF,0,29,2HP
1166,8,1,CWRU,6205-2RS JEM SKF,0,29,2HP
1167,8,1,CWRU,6205-2RS JEM SKF,0,29,2HP
1168,8,1,CWRU,6205-2RS JEM SKF,0,29,2HP
1169,8,1,CWRU,6205-2RS JEM SKF,0,29,2HP
1170,8,1,CWRU,6205-2RS JEM SKF,0,29,2HP
1171,8,1,CWRU,6205-2RS JEM SKF,0,29,2HP
1172,8,4,CWRU,6205-2RS JEM SKF,0,29,2HP
1173,8,4,CWRU,6205-2RS JEM SKF,0,29,2HP
1174,8,4,CWRU,6205-2RS JEM SKF,0,29,2HP
1175,8,4,CWRU,6205-2RS JEM SKF,0,29,2HP
1176,8,4,CWRU,6205-2RS JEM SKF,0,29,2HP
1177,8,4,CWRU,6205-2RS JEM SKF,0,29,2HP
1178,8,4,CWRU,6205-2RS JEM SKF,0,29,2HP
1179,8,4,CWRU,6205-2RS JEM SKF,0,29,2HP
1180,8,4,CWRU,6205-2RS JEM SKF,0,29,2HP
1181,8,4,CWRU,6205-2RS JEM SKF,0,29,2HP
1182,8,4,CWRU,6205-2RS JEM SKF,0,29,2HP
1183,8,4,CWRU,6205-2RS JEM SKF,0,29,2HP
1184,8,4,CWRU,6205-2RS JEM SKF,0,29,2HP
1185,8,4,CWRU,6205-2RS JEM SKF,0,29,2HP
1186,8,4,CWRU,6205-2RS JEM SKF,0,29,2HP
1187,8,4,CWRU,6205-2RS JEM SKF,0,29,2HP
1188,8,4,CWRU,6205-2RS JEM SKF,0,29,2HP
1189,8,4,CWRU,6205-2RS JEM SKF,0,29,2HP
1190,8,4,CWRU,6205-2RS JEM SKF,0,29,2HP
1191,8,4,CWRU,6205-2RS JEM SKF,0,29,2HP
1192,8,7,CWRU,6205-2RS JEM SKF,0,29,2HP
1193,8,7,CWRU,6205-2RS JEM SKF,0,29,2HP
1194,8,7,CWRU,6205-2RS JEM SKF,0,29,2HP
1195,8,7,CWRU,6205-2RS JEM SKF,0,29,2HP
1196,8,7,CWRU,6205-2RS JEM SKF,0,29,2HP
1197,8,7,CWRU,6205-2RS JEM SKF,0,29,2HP
1198,8,7,CWRU,6205-2RS JEM SKF,0,29,2HP
1199,8,7,CWRU,6205-2RS JEM SKF,0,29,2HP
1200,8,7,CWRU,6205-2RS JEM SKF,0,29,2HP
1201,8,7,CWRU,6205-2RS JEM SKF,0,29,2HP
1202,8,7,CWRU,6205-2RS JEM SKF,0,29,2HP
1203,8,7,CWRU,6205-2RS JEM SKF,0,29,2HP
1204,8,7,CWRU,6205-2RS JEM SKF,0,29,2HP
1205,8,7,CWRU,6205-2RS JEM SKF,0,29,2HP
1206,8,7,CWRU,6205-2RS JEM SKF,0,29,2HP
1207,8,7,CWRU,6205-2RS JEM SKF,0,29,2HP
1208,8,7,CWRU,6205-2RS JEM SKF,0,29,2HP
1209,8,7,CWRU,6205-2RS JEM SKF,0,29,2HP
1210,8,7,CWRU,6205-2RS JEM SKF,0,29,2HP
1211,8,7,CWRU,6205-2RS JEM SKF,0,29,2HP
1212,8,7,CWRU,6205-2RS JEM SKF,0,29,2HP
1213,8,7,CWRU,6205-2RS JEM SKF,0,29,2HP
1214,8,7,CWRU,6205-2RS JEM SKF,0,29,2HP
1215,8,7,CWRU,6205-2RS JEM SKF,0,29,2HP
1216,8,7,CWRU,6205-2RS JEM SKF,0,29,2HP
1217,8,7,CWRU,6205-2RS JEM SKF,0,29,2HP
1218,8,7,CWRU,6205-2RS JEM SKF,0,29,2HP
1219,8,7,CWRU,6205-2RS JEM SKF,0,29,2HP
1220,8,7,CWRU,6205-2RS JEM SKF,0,29,2HP
1221,8,7,CWRU,6205-2RS JEM SKF,0,29,2HP
1222,8,7,CWRU,6205-2RS JEM SKF,0,29,2HP
1223,8,7,CWRU,6205-2RS JEM SKF,0,29,2HP
1224,8,7,CWRU,6205-2RS JEM SKF,0,29,2HP
1225,8,7,CWRU,6205-2RS JEM SKF,0,29,2HP
1226,8,7,CWRU,6205-2RS JEM SKF,0,29,2HP
1227,8,7,CWRU,6205-2RS JEM SKF,0,29,2HP
1228,8,7,CWRU,6205-2RS JEM SKF,0,29,2HP
1229,8,7,CWRU,6205-2RS JEM SKF,0,29,2HP
1230,8,7,CWRU,6205-2RS JEM SKF,0,29,2HP
1231,8,7,CWRU,6205-2RS JEM SKF,0,29,2HP
1232,8,7,CWRU,6205-2RS JEM SKF,0,29,2HP
1233,8,7,CWRU,6205-2RS JEM SKF,0,29,2HP
1234,8,7,CWRU,6205-2RS JEM SKF,0,29,2HP
1235,8,7,CWRU,6205-2RS JEM SKF,0,29,2HP
1236,8,7,CWRU,6205-2RS JEM SKF,0,29,2HP
1237,8,7,CWRU,6205-2RS JEM SKF,0,29,2HP
1238,8,7,CWRU,6205-2RS JEM SKF,0,29,2HP
1239,8,7,CWRU,6205-2RS JEM SKF,0,29,2HP
1240,8,7,CWRU,6205-2RS JEM SKF,0,29,2HP
1241,8,7,CWRU,6205-2RS JEM SKF,0,29,2HP
1242,8,7,CWRU,6205-2RS JEM SKF,0,29,2HP
1243,8,7,CWRU,6205-2RS JEM SKF,0,29,2HP
1244,8,7,CWRU,6205-2RS JEM SKF,0,29,2HP
1245,8,7,CWRU,6205-2RS JEM SKF,0,29,2HP
1246,8,7,CWRU,6205-2RS JEM SKF,0,29,2HP
1247,8,7,CWRU,6205-2RS JEM SKF,0,29,2HP
1248,8,7,CWRU,6205-2RS JEM SKF,0,29,2HP
1249,8,7,CWRU,6205-2RS JEM SKF,0,29,2HP
1250,8,7,CWRU,6205-2RS JEM SKF,0,29,2HP
1251,8,7,CWRU,6205-2RS JEM SKF,0,29,2HP
1252,8,2,CWRU,6205-2RS JEM SKF,0,29,2HP
1253,8,2,CWRU,6205-2RS JEM SKF,0,29,2HP
1254,8,2,CWRU,6205-2RS JEM SKF,0,29,2HP
1255,8,2,CWRU,6205-2RS JEM SKF,0,29,2HP
1256,8,2,CWRU,6205-2RS JEM SKF,0,29,2HP
1257,8,2,CWRU,6205-2RS JEM SKF,0,29,2HP
1258,8,2,CWRU,6205-2RS JEM SKF,0,29,2HP
1259,8,2,CWRU,6205-2RS JEM SKF,0,29,2HP
1260,8,2,CWRU,6205-2RS JEM SKF,0,29,2HP
1261,8,2,CWRU,6205-2RS JEM SKF,0,29,2HP
1262,8,2,CWRU,6205-2RS JEM SKF,0,29,2HP
1263,8,2,CWRU,6205-2RS JEM SKF,0,29,2HP
1264,8,2,CWRU,6205-2RS JEM SKF,0,29,2HP
1265,8,2,CWRU,6205-2RS JEM SKF,0,29,2HP
1266,8,2,CWRU,6205-2RS JEM SKF,0,29,2HP
1267,8,2,CWRU,6205-2RS JEM SKF,0,29,2HP
1268,8,2,CWRU,6205-2RS JEM SKF,0,29,2HP
1269,8,2,CWRU,6205-2RS JEM SKF,0,29,2HP
1270,8,2,CWRU,6205-2RS JEM SKF,0,29,2HP
1271,8,2,CWRU,6205-2RS JEM SKF,0,29,2HP
1272,8,5,CWRU,6205-2RS JEM SKF,0,29,2HP
1273,8,5,CWRU,6205-2RS JEM SKF,0,29,2HP
1274,8,5,CWRU,6205-2RS JEM SKF,0,29,2HP
1275,8,5,CWRU,6205-2RS JEM SKF,0,29,2HP
1276,8,5,CWRU,6205-2RS JEM SKF,0,29,2HP
1277,8,5,CWRU,6205-2RS JEM SKF,0,29,2HP
1278,8,5,CWRU,6205-2RS JEM SKF,0,29,2HP
1279,8,5,CWRU,6205-2RS JEM SKF,0,29,2HP
1280,8,5,CWRU,6205-2RS JEM SKF,0,29,2HP
1281,8,5,CWRU,6205-2RS JEM SKF,0,29,2HP
1282,8,5,CWRU,6205-2RS JEM SKF,0,29,2HP
1283,8,5,CWRU,6205-2RS JEM SKF,0,29,2HP
1284,8,5,CWRU,6205-2RS JEM SKF,0,29,2HP
1285,8,5,CWRU,6205-2RS JEM SKF,0,29,2HP
1286,8,5,CWRU,6205-2RS JEM SKF,0,29,2HP
1287,8,5,CWRU,6205-2RS JEM SKF,0,29,2HP
1288,8,5,CWRU,6205-2RS JEM SKF,0,29,2HP
1289,8,5,CWRU,6205-2RS JEM SKF,0,29,2HP
1290,8,5,CWRU,6205-2RS JEM SKF,0,29,2HP
1291,8,5,CWRU,6205-2RS JEM SKF,0,29,2HP
1292,8,8,CWRU,6205-2RS JEM SKF,0,29,2HP
1293,8,8,CWRU,6205-2RS JEM SKF,0,29,2HP
1294,8,8,CWRU,6205-2RS JEM SKF,0,29,2HP
1295,8,8,CWRU,6205-2RS JEM SKF,0,29,2HP
1296,8,8,CWRU,6205-2RS JEM SKF,0,29,2HP
1297,8,8,CWRU,6205-2RS JEM SKF,0,29,2HP
1298,8,8,CWRU,6205-2RS JEM SKF,0,29,2HP
1299,8,8,CWRU,6205-2RS JEM SKF,0,29,2HP
1300,8,8,CWRU,6205-2RS JEM SKF,0,29,2HP
1301,8,8,CWRU,6205-2RS JEM SKF,0,29,2HP
1302,8,8,CWRU,6205-2RS JEM SKF,0,29,2HP
1303,8,8,CWRU,6205-2RS JEM SKF,0,29,2HP
1304,8,8,CWRU,6205-2RS JEM SKF,0,29,2HP
1305,8,8,CWRU,6205-2RS JEM SKF,0,29,2HP
1306,8,8,CWRU,6205-2RS JEM SKF,0,29,2HP
1307,8,8,CWRU,6205-2RS JEM SKF,0,29,2HP
1308,8,8,CWRU,6205-2RS JEM SKF,0,29,2HP
1309,8,8,CWRU,6205-2RS JEM SKF,0,29,2HP
1310,8,8,CWRU,6205-2RS JEM SKF,0,29,2HP
1311,8,8,CWRU,6205-2RS JEM SKF,0,29,2HP
1312,8,3,CWRU,6205-2RS JEM SKF,0,29,2HP
1313,8,3,CWRU,6205-2RS JEM SKF,0,29,2HP
1314,8,3,CWRU,6205-2RS JEM SKF,0,29,2HP
1315,8,3,CWRU,6205-2RS JEM SKF,0,29,2HP
1316,8,3,CWRU,6205-2RS JEM SKF,0,29,2HP
1317,8,3,CWRU,6205-2RS JEM SKF,0,29,2HP
1318,8,3,CWRU,6205-2RS JEM SKF,0,29,2HP
1319,8,3,CWRU,6205-2RS JEM SKF,0,29,2HP
1320,8,3,CWRU,6205-2RS JEM SKF,0,29,2HP
1321,8,3,CWRU,6205-2RS JEM SKF,0,29,2HP
1322,8,3,CWRU,6205-2RS JEM SKF,0,29,2HP
1323,8,3,CWRU,6205-2RS JEM SKF,0,29,2HP
1324,8,3,CWRU,6205-2RS JEM SKF,0,29,2HP
1325,8,3,CWRU,6205-2RS JEM SKF,0,29,2HP
1326,8,3,CWRU,6205-2RS JEM SKF,0,29,2HP
1327,8,3,CWRU,6205-2RS JEM SKF,0,29,2HP
1328,8,3,CWRU,6205-2RS JEM SKF,0,29,2HP
1329,8,3,CWRU,6205-2RS JEM SKF,0,29,2HP
1330,8,3,CWRU,6205-2RS JEM SKF,0,29,2HP
1331,8,3,CWRU,6205-2RS JEM SKF,0,29,2HP
1332,8,6,CWRU,6205-2RS JEM SKF,0,29,2HP
1333,8,6,CWRU,6205-2RS JEM SKF,0,29,2HP
1334,8,6,CWRU,6205-2RS JEM SKF,0,29,2HP
1335,8,6,CWRU,6205-2RS JEM SKF,0,29,2HP
1336,8,6,CWRU,6205-2RS JEM SKF,0,29,2HP
1337,8,6,CWRU,6205-2RS JEM SKF,0,29,2HP
1338,8,6,CWRU,6205-2RS JEM SKF,0,29,2HP
1339,8,6,CWRU,6205-2RS JEM SKF,0,29,2HP
1340,8,6,CWRU,6205-2RS JEM SKF,0,29,2HP
1341,8,6,CWRU,6205-2RS JEM SKF,0,29,2HP
1342,8,6,CWRU,6205-2RS JEM SKF,0,29,2HP
1343,8,6,CWRU,6205-2RS JEM SKF,0,29,2HP
1344,8,6,CWRU,6205-2RS JEM SKF,0,29,2HP
1345,8,6,CWRU,6205-2RS JEM SKF,0,29,2HP
1346,8,6,CWRU,6205-2RS JEM SKF,0,29,2HP
1347,8,6,CWRU,6205-2RS JEM SKF,0,29,2HP
1348,8,6,CWRU,6205-2RS JEM SKF,0,29,2HP
1349,8,6,CWRU,6205-2RS JEM SKF,0,29,2HP
1350,8,6,CWRU,6205-2RS JEM SKF,0,29,2HP
1351,8,6,CWRU,6205-2RS JEM SKF,0,29,2HP
1352,8,9,CWRU,6205-2RS JEM SKF,0,29,2HP
1353,8,9,CWRU,6205-2RS JEM SKF,0,29,2HP
1354,8,9,CWRU,6205-2RS JEM SKF,0,29,2HP
1355,8,9,CWRU,6205-2RS JEM SKF,0,29,2HP
1356,8,9,CWRU,6205-2RS JEM SKF,0,29,2HP
1357,8,9,CWRU,6205-2RS JEM SKF,0,29,2HP
1358,8,9,CWRU,6205-2RS JEM SKF,0,29,2HP
1359,8,9,CWRU,6205-2RS JEM SKF,0,29,2HP
1360,8,9,CWRU,6205-2RS JEM SKF,0,29,2HP
1361,8,9,CWRU,6205-2RS JEM SKF,0,29,2HP
1362,8,9,CWRU,6205-2RS JEM SKF,0,29,2HP
1363,8,9,CWRU,6205-2RS JEM SKF,0,29,2HP
1364,8,9,CWRU,6205-2RS JEM SKF,0,29,2HP
1365,8,9,CWRU,6205-2RS JEM SKF,0,29,2HP
1366,8,9,CWRU,6205-2RS JEM SKF,0,29,2HP
1367,8,9,CWRU,6205-2RS JEM SKF,0,29,2HP
1368,8,9,CWRU,6205-2RS JEM SKF,0,29,2HP
1369,8,9,CWRU,6205-2RS JEM SKF,0,29,2HP
1370,8,9,CWRU,6205-2RS JEM SKF,0,29,2HP
1371,8,9,CWRU,6205-2RS JEM SKF,0,29,2HP
1372,8,9,CWRU,6205-2RS JEM SKF,0,29,2HP
1373,8,9,CWRU,6205-2RS JEM SKF,0,29,2HP
1374,8,9,CWRU,6205-2RS JEM SKF,0,29,2HP
1375,8,9,CWRU,6205-2RS JEM SKF,0,29,2HP
1376,8,9,CWRU,6205-2RS JEM SKF,0,29,2HP
1377,8,9,CWRU,6205-2RS JEM SKF,0,29,2HP
1378,8,9,CWRU,6205-2RS JEM SKF,0,29,2HP
1379,8,9,CWRU,6205-2RS JEM SKF,0,29,2HP
1380,8,9,CWRU,6205-2RS JEM SKF,0,29,2HP
1381,8,9,CWRU,6205-2RS JEM SKF,0,29,2HP
1382,8,9,CWRU,6205-2RS JEM SKF,0,29,2HP
1383,8,9,CWRU,6205-2RS JEM SKF,0,29,2HP
1384,8,9,CWRU,6205-2RS JEM SKF,0,29,2HP
1385,8,9,CWRU,6205-2RS JEM SKF,0,29,2HP
1386,8,9,CWRU,6205-2RS JEM SKF,0,29,2HP
1387,8,9,CWRU,6205-2RS JEM SKF,0,29,2HP
1388,8,9,CWRU,6205-2RS JEM SKF,0,29,2HP
1389,8,9,CWRU,6205-2RS JEM SKF,0,29,2HP
1390,8,9,CWRU,6205-2RS JEM SKF,0,29,2HP
1391,8,9,CWRU,6205-2RS JEM SKF,0,29,2HP
1392,8,9,CWRU,6205-2RS JEM SKF,0,29,2HP
1393,8,9,CWRU,6205-2RS JEM SKF,0,29,2HP
1394,8,9,CWRU,6205-2RS JEM SKF,0,29,2HP
1395,8,9,CWRU,6205-2RS JEM SKF,0,29,2HP
1396,8,9,CWRU,6205-2RS JEM SKF,0,29,2HP
1397,8,9,CWRU,6205-2RS JEM SKF,0,29,2HP
1398,8,9,CWRU,6205-2RS JEM SKF,0,29,2HP
1399,8,9,CWRU,6205-2RS JEM SKF,0,29,2HP
1400,8,9,CWRU,6205-2RS JEM SKF,0,29,2HP
1401,8,9,CWRU,6205-2RS JEM SKF,0,29,2HP
1402,8,9,CWRU,6205-2RS JEM SKF,0,29,2HP
1403,8,9,CWRU,6205-2RS JEM SKF,0,29,2HP
1404,8,9,CWRU,6205-2RS JEM SKF,0,29,2HP
1405,8,9,CWRU,6205-2RS JEM SKF,0,29,2HP
1406,8,9,CWRU,6205-2RS JEM SKF,0,29,2HP
1407,8,9,CWRU,6205-2RS JEM SKF,0,29,2HP
1408,8,9,CWRU,6205-2RS JEM SKF,0,29,2HP
1409,8,9,CWRU,6205-2RS JEM SKF,0,29,2HP
1410,8,9,CWRU,6205-2RS JEM SKF,0,29,2HP
1411,8,9,CWRU,6205-2RS JEM SKF,0,29,2HP
1412,9,1,CWRU,6205-2RS JEM SKF,1,29,2HP
1413,9,1,CWRU,6205-2RS JEM SKF,1,29,2HP
1414,9,1,CWRU,6205-2RS JEM SKF,1,29,2HP
1415,9,1,CWRU,6205-2RS JEM SKF,1,29,2HP
1416,9,1,CWRU,6205-2RS JEM SKF,1,29,2HP
1417,9,1,CWRU,6205-2RS JEM SKF,1,29,2HP
1418,9,1,CWRU,6205-2RS JEM SKF,1,29,2HP
1419,9,1,CWRU,6205-2RS JEM SKF,1,29,2HP
1420,9,1,CWRU,6205-2RS JEM SKF,1,29,2HP
1421,9,1,CWRU,6205-2RS JEM SKF,1,29,2HP
1422,9,1,CWRU,6205-2RS JEM SKF,1,29,2HP
1423,9,1,CWRU,6205-2RS JEM SKF,1,29,2HP
1424,9,1,CWRU,6205-2RS JEM SKF,1,29,2HP
1425,9,1,CWRU,6205-2RS JEM SKF,1,29,2HP
1426,9,1,CWRU,6205-2RS JEM SKF,1,29,2HP
1427,9,1,CWRU,6205-2RS JEM SKF,1,29,2HP
1428,9,1,CWRU,6205-2RS JEM SKF,1,29,2HP
1429,9,1,CWRU,6205-2RS JEM SKF,1,29,2HP
1430,9,1,CWRU,6205-2RS JEM SKF,1,29,2HP
1431,9,1,CWRU,6205-2RS JEM SKF,1,29,2HP
1432,9,4,CWRU,6205-2RS JEM SKF,1,29,2HP
1433,9,4,CWRU,6205-2RS JEM SKF,1,29,2HP
1434,9,4,CWRU,6205-2RS JEM SKF,1,29,2HP
1435,9,4,CWRU,6205-2RS JEM SKF,1,29,2HP
1436,9,4,CWRU,6205-2RS JEM SKF,1,29,2HP
1437,9,4,CWRU,6205-2RS JEM SKF,1,29,2HP
1438,9,4,CWRU,6205-2RS JEM SKF,1,29,2HP
1439,9,4,CWRU,6205-2RS JEM SKF,1,29,2HP
1440,9,4,CWRU,6205-2RS JEM SKF,1,29,2HP
1441,9,4,CWRU,6205-2RS JEM SKF,1,29,2HP
1442,9,4,CWRU,6205-2RS JEM SKF,1,29,2HP
1443,9,4,CWRU,6205-2RS JEM SKF,1,29,2HP
1444,9,4,CWRU,6205-2RS JEM SKF,1,29,2HP
1445,9,4,CWRU,6205-2RS JEM SKF,1,29,2HP
1446,9,4,CWRU,6205-2RS JEM SKF,1,29,2HP
1447,9,4,CWRU,6205-2RS JEM SKF,1,29,2HP
1448,9,4,CWRU,6205-2RS JEM SKF,1,29,2HP
1449,9,4,CWRU,6205-2RS JEM SKF,1,29,2HP
1450,9,4,CWRU,6205-2RS JEM SKF,1,29,2HP
1451,9,4,CWRU,6205-2RS JEM SKF,1,29,2HP
1452,9,7,CWRU,6205-2RS JEM SKF,1,29,2HP
1453,9,7,CWRU,6205-2RS JEM SKF,1,29,2HP
1454,9,7,CWRU,6205-2RS JEM SKF,1,29,2HP
1455,9,7,CWRU,6205-2RS JEM SKF,1,29,2HP
1456,9,7,CWRU,6205-2RS JEM SKF,1,29,2HP
1457,9,7,CWRU,6205-2RS JEM SKF,1,29,2HP
1458,9,7,CWRU,6205-2RS JEM SKF,1,29,2HP
1459,9,7,CWRU,6205-2RS JEM SKF,1,29,2HP
1460,9,7,CWRU,6205-2RS JEM SKF,1,29,2HP
1461,9,7,CWRU,6205-2RS JEM SKF,1,29,2HP
1462,9,7,CWRU,6205-2RS JEM SKF,1,29,2HP
1463,9,7,CWRU,6205-2RS JEM SKF,1,29,2HP
1464,9,7,CWRU,6205-2RS JEM SKF,1,29,2HP
1465,9,7,CWRU,6205-2RS JEM SKF,1,29,2HP
1466,9,7,CWRU,6205-2RS JEM SKF,1,29,2HP
1467,9,7,CWRU,6205-2RS JEM SKF,1,29,2HP
1468,9,7,CWRU,6205-2RS JEM SKF,1,29,2HP
1469,9,7,CWRU,6205-2RS JEM SKF,1,29,2HP
1470,9,7,CWRU,6205-2RS JEM SKF,1,29,2HP
1471,9,7,CWRU,6205-2RS JEM SKF,1,29,2HP
1472,9,7,CWRU,6205-2RS JEM SKF,1,29,2HP
1473,9,7,CWRU,6205-2RS JEM SKF,1,29,2HP
1474,9,7,CWRU,6205-2RS JEM SKF,1,29,2HP
1475,9,7,CWRU,6205-2RS JEM SKF,1,29,2HP
1476,9,7,CWRU,6205-2RS JEM SKF,1,29,2HP
1477,9,7,CWRU,6205-2RS JEM SKF,1,29,2HP
1478,9,7,CWRU,6205-2RS JEM SKF,1,29,2HP
1479,9,7,CWRU,6205-2RS JEM SKF,1,29,2HP
1480,9,7,CWRU,6205-2RS JEM SKF,1,29,2HP
1481,9,7,CWRU,6205-2RS JEM SKF,1,29,2HP
1482,9,7,CWRU,6205-2RS JEM SKF,1,29,2HP
1483,9,7,CWRU,6205-2RS JEM SKF,1,29,2HP
1484,9,7,CWRU,6205-2RS JEM SKF,1,29,2HP
1485,9,7,CWRU,6205-2RS JEM SKF,1,29,2HP
1486,9,7,CWRU,6205-2RS JEM SKF,1,29,2HP
1487,9,7,CWRU,6205-2RS JEM SKF,1,29,2HP
1488,9,7,CWRU,6205-2RS JEM SKF,1,29,2HP
1489,9,7,CWRU,6205-2RS JEM SKF,1,29,2HP
1490,9,7,CWRU,6205-2RS JEM SKF,1,29,2HP
1491,9,7,CWRU,6205-2RS JEM SKF,1,29,2HP
1492,9,7,CWRU,6205-2RS JEM SKF,1,29,2HP
1493,9,7,CWRU,6205-2RS JEM SKF,1,29,2HP
1494,9,7,CWRU,6205-2RS JEM SKF,1,29,2HP
1495,9,7,CWRU,6205-2RS JEM SKF,1,29,2HP
1496,9,7,CWRU,6205-2RS JEM SKF,1,29,2HP
1497,9,7,CWRU,6205-2RS JEM SKF,1,29,2HP
1498,9,7,CWRU,6205-2RS JEM SKF,1,29,2HP
1499,9,7,CWRU,6205-2RS JEM SKF,1,29,2HP
1500,9,7,CWRU,6205-2RS JEM SKF,1,29,2HP
1501,9,7,CWRU,6205-2RS JEM SKF,1,29,2HP
1502,9,7,CWRU,6205-2RS JEM SKF,1,29,2HP
1503,9,7,CWRU,6205-2RS JEM SKF,1,29,2HP
1504,9,7,CWRU,6205-2RS JEM SKF,1,29,2HP
1505,9,7,CWRU,6205-2RS JEM SKF,1,29,2HP
1506,9,7,CWRU,6205-2RS JEM SKF,1,29,2HP
1507,9,7,CWRU,6205-2RS JEM SKF,1,29,2HP
1508,9,7,CWRU,6205-2RS JEM SKF,1,29,2HP
1509,9,7,CWRU,6205-2RS JEM SKF,1,29,2HP
1510,9,7,CWRU,6205-2RS JEM SKF,1,29,2HP
1511,9,7,CWRU,6205-2RS JEM SKF,1,29,2HP
1512,9,2,CWRU,6205-2RS JEM SKF,1,29,2HP
1513,9,2,CWRU,6205-2RS JEM SKF,1,29,2HP
1514,9,2,CWRU,6205-2RS JEM SKF,1,29,2HP
1515,9,2,CWRU,6205-2RS JEM SKF,1,29,2HP
1516,9,2,CWRU,6205-2RS JEM SKF,1,29,2HP
1517,9,2,CWRU,6205-2RS JEM SKF,1,29,2HP
1518,9,2,CWRU,6205-2RS JEM SKF,1,29,2HP
1519,9,2,CWRU,6205-2RS JEM SKF,1,29,2HP
1520,9,2,CWRU,6205-2RS JEM SKF,1,29,2HP
1521,9,2,CWRU,6205-2RS JEM SKF,1,29,2HP
1522,9,2,CWRU,6205-2RS JEM SKF,1,29,2HP
1523,9,2,CWRU,6205-2RS JEM SKF,1,29,2HP
1524,9,2,CWRU,6205-2RS JEM SKF,1,29,2HP
1525,9,2,CWRU,6205-2RS JEM SKF,1,29,2HP
1526,9,2,CWRU,6205-2RS JEM SKF,1,29,2HP
1527,9,2,CWRU,6205-2RS JEM SKF,1,29,2HP
1528,9,2,CWRU,6205-2RS JEM SKF,1,29,2HP
1529,9,2,CWRU,6205-2RS JEM SKF,1,29,2HP
1530,9,2,CWRU,6205-2RS JEM SKF,1,29,2HP
1531,9,2,CWRU,6205-2RS JEM SKF,1,29,2HP
1532,9,5,CWRU,6205-2RS JEM SKF,1,29,2HP
1533,9,5,CWRU,6205-2RS JEM SKF,1,29,2HP
1534,9,5,CWRU,6205-2RS JEM SKF,1,29,2HP
1535,9,5,CWRU,6205-2RS JEM SKF,1,29,2HP
1536,9,5,CWRU,6205-2RS JEM SKF,1,29,2HP
1537,9,5,CWRU,6205-2RS JEM SKF,1,29,2HP
1538,9,5,CWRU,6205-2RS JEM SKF,1,29,2HP
1539,9,5,CWRU,6205-2RS JEM SKF,1,29,2HP
1540,9,5,CWRU,6205-2RS JEM SKF,1,29,2HP
1541,9,5,CWRU,6205-2RS JEM SKF,1,29,2HP
1542,9,5,CWRU,6205-2RS JEM SKF,1,29,2HP
1543,9,5,CWRU,6205-2RS JEM SKF,1,29,2HP
1544,9,5,CWRU,6205-2RS JEM SKF,1,29,2HP
1545,9,5,CWRU,6205-2RS JEM SKF,1,29,2HP
1546,9,5,CWRU,6205-2RS JEM SKF,1,29,2HP
1547,9,5,CWRU,6205-2RS JEM SKF,1,29,2HP
1548,9,5,CWRU,6205-2RS JEM SKF,1,29,2HP
1549,9,5,CWRU,6205-2RS JEM SKF,1,29,2HP
1550,9,5,CWRU,6205-2RS JEM SKF,1,29,2HP
1551,9,5,CWRU,6205-2RS JEM SKF,1,29,2HP
1552,9,8,CWRU,6205-2RS JEM SKF,1,29,2HP
1553,9,8,CWRU,6205-2RS JEM SKF,1,29,2HP
1554,9,8,CWRU,6205-2RS JEM SKF,1,29,2HP
1555,9,8,CWRU,6205-2RS JEM SKF,1,29,2HP
1556,9,8,CWRU,6205-2RS JEM SKF,1,29,2HP
1557,9,8,CWRU,6205-2RS JEM SKF,1,29,2HP
1558,9,8,CWRU,6205-2RS JEM SKF,1,29,2HP
1559,9,8,CWRU,6205-2RS JEM SKF,1,29,2HP
1560,9,8,CWRU,6205-2RS JEM SKF,1,29,2HP
1561,9,8,CWRU,6205-2RS JEM SKF,1,29,2HP
1562,9,8,CWRU,6205-2RS JEM SKF,1,29,2HP
1563,9,8,CWRU,6205-2RS JEM SKF,1,29,2HP
1564,9,8,CWRU,6205-2RS JEM SKF,1,29,2HP
1565,9,8,CWRU,6205-2RS JEM SKF,1,29,2HP
1566,9,8,CWRU,6205-2RS JEM SKF,1,29,2HP
1567,9,8,CWRU,6205-2RS JEM SKF,1,29,2HP
1568,9,8,CWRU,6205-2RS JEM SKF,1,29,2HP
1569,9,8,CWRU,6205-2RS JEM SKF,1,29,2HP
1570,9,8,CWRU,6205-2RS JEM SKF,1,29,2HP
1571,9,8,CWRU,6205-2RS JEM SKF,1,29,2HP
1572,9,3,CWRU,6205-2RS JEM SKF,1,29,2HP
1573,9,3,CWRU,6205-2RS JEM SKF,1,29,2HP
1574,9,3,CWRU,6205-2RS JEM SKF,1,29,2HP
1575,9,3,CWRU,6205-2RS JEM SKF,1,29,2HP
1576,9,3,CWRU,6205-2RS JEM SKF,1,29,2HP
1577,9,3,CWRU,6205-2RS JEM SKF,1,29,2HP
1578,9,3,CWRU,6205-2RS JEM SKF,1,29,2HP
1579,9,3,CWRU,6205-2RS JEM SKF,1,29,2HP
1580,9,3,CWRU,6205-2RS JEM SKF,1,29,2HP
1581,9,3,CWRU,6205-2RS JEM SKF,1,29,2HP
1582,9,3,CWRU,6205-2RS JEM SKF,1,29,2HP
1583,9,3,CWRU,6205-2RS JEM SKF,1,29,2HP
1584,9,3,CWRU,6205-2RS JEM SKF,1,29,2HP
1585,9,3,CWRU,6205-2RS JEM SKF,1,29,2HP
1586,9,3,CWRU,6205-2RS JEM SKF,1,29,2HP
1587,9,3,CWRU,6205-2RS JEM SKF,1,29,2HP
1588,9,3,CWRU,6205-2RS JEM SKF,1,29,2HP
1589,9,3,CWRU,6205-2RS JEM SKF,1,29,2HP
1590,9,3,CWRU,6205-2RS JEM SKF,1,29,2HP
1591,9,3,CWRU,6205-2RS JEM SKF,1,29,2HP
1592,9,6,CWRU,6205-2RS JEM SKF,1,29,2HP
1593,9,6,CWRU,6205-2RS JEM SKF,1,29,2HP
1594,9,6,CWRU,6205-2RS JEM SKF,1,29,2HP
1595,9,6,CWRU,6205-2RS JEM SKF,1,29,2HP
1596,9,6,CWRU,6205-2RS JEM SKF,1,29,2HP
1597,9,6,CWRU,6205-2RS JEM SKF,1,29,2HP
1598,9,6,CWRU,6205-2RS JEM SKF,1,29,2HP
1599,9,6,CWRU,6205-2RS JEM SKF,1,29,2HP
1600,9,6,CWRU,6205-2RS JEM SKF,1,29,2HP
1601,9,6,CWRU,6205-2RS JEM SKF,1,29,2HP
1602,9,6,CWRU,6205-2RS JEM SKF,1,29,2HP
1603,9,6,CWRU,6205-2RS JEM SKF,1,29,2HP
1604,9,6,CWRU,6205-2RS JEM SKF,1,29,2HP
1605,9,6,CWRU,6205-2RS JEM SKF,1,29,2HP
1606,9,6,CWRU,6205-2RS JEM SKF,1,29,2HP
1607,9,6,CWRU,6205-2RS JEM SKF,1,29,2HP
1608,9,6,CWRU,6205-2RS JEM SKF,1,29,2HP
1609,9,6,CWRU,6205-2RS JEM SKF,1,29,2HP
1610,9,6,CWRU,6205-2RS JEM SKF,1,29,2HP
1611,9,6,CWRU,6205-2RS JEM SKF,1,29,2HP
1612,9,9,CWRU,6205-2RS JEM SKF,1,29,2HP
1613,9,9,CWRU,6205-2RS JEM SKF,1,29,2HP
1614,9,9,CWRU,6205-2RS JEM SKF,1,29,2HP
1615,9,9,CWRU,6205-2RS JEM SKF,1,29,2HP
1616,9,9,CWRU,6205-2RS JEM SKF,1,29,2HP
1617,9,9,CWRU,6205-2RS JEM SKF,1,29,2HP
1618,9,9,CWRU,6205-2RS JEM SKF,1,29,2HP
1619,9,9,CWRU,6205-2RS JEM SKF,1,29,2HP
1620,9,9,CWRU,6205-2RS JEM SKF,1,29,2HP
1621,9,9,CWRU,6205-2RS JEM SKF,1,29,2HP
1622,9,9,CWRU,6205-2RS JEM SKF,1,29,2HP
1623,9,9,CWRU,6205-2RS JEM SKF,1,29,2HP
1624,9,9,CWRU,6205-2RS JEM SKF,1,29,2HP
1625,9,9,CWRU,6205-2RS JEM SKF,1,29,2HP
1626,9,9,CWRU,6205-2RS JEM SKF,1,29,2HP
1627,9,9,CWRU,6205-2RS JEM SKF,1,29,2HP
1628,9,9,CWRU,6205-2RS JEM SKF,1,29,2HP
1629,9,9,CWRU,6205-2RS JEM SKF,1,29,2HP
1630,9,9,CWRU,6205-2RS JEM SKF,1,29,2HP
1631,9,9,CWRU,6205-2RS JEM SKF,1,29,2HP
1632,9,9,CWRU,6205-2RS JEM SKF,1,29,2HP
1633,9,9,CWRU,6205-2RS JEM SKF,1,29,2HP
1634,9,9,CWRU,6205-2RS JEM SKF,1,29,2HP
1635,9,9,CWRU,6205-2RS JEM SKF,1,29,2HP
1636,9,9,CWRU,6205-2RS JEM SKF,1,29,2HP
1637,9,9,CWRU,6205-2RS JEM SKF,1,29,2HP
1638,9,9,CWRU,6205-2RS JEM SKF,1,29,2HP
1639,9,9,CWRU,6205-2RS JEM SKF,1,29,2HP
1640,9,9,CWRU,6205-2RS JEM SKF,1,29,2HP
1641,9,9,CWRU,6205-2RS JEM SKF,1,29,2HP
1642,9,9,CWRU,6205-2RS JEM SKF,1,29,2HP
1643,9,9,CWRU,6205-2RS JEM SKF,1,29,2HP
1644,9,9,CWRU,6205-2RS JEM SKF,1,29,2HP
1645,9,9,CWRU,6205-2RS JEM SKF,1,29,2HP
1646,9,9,CWRU,6205-2RS JEM SKF,1,29,2HP
1647,9,9,CWRU,6205-2RS JEM SKF,1,29,2HP
1648,9,9,CWRU,6205-2RS JEM SKF,1,29,2HP
1649,9,9,CWRU,6205-2RS JEM SKF,1,29,2HP
1650,9,9,CWRU,6205-2RS JEM SKF,1,29,2HP
1651,9,9,CWRU,6205-2RS JEM SKF,1,29,2HP
1652,9,9,CWRU,6205-2RS JEM SKF,1,29,2HP
1653,9,9,CWRU,6205-2RS JEM SKF,1,29,2HP
1654,9,9,CWRU,6205-2RS JEM SKF,1,29,2HP
1655,9,9,CWRU,6205-2RS JEM SKF,1,29,2HP
1656,9,9,CWRU,6205-2RS JEM SKF,1,29,2HP
1657,9,9,CWRU,6205-2RS JEM SKF,1,29,2HP
1658,9,9,CWRU,6205-2RS JEM SKF,1,29,2HP
1659,9,9,CWRU,6205-2RS JEM SKF,1,29,2HP
1660,9,9,CWRU,6205-2RS JEM SKF,1,29,2HP
1661,9,9,CWRU,6205-2RS JEM SKF,1,29,2HP
1662,9,9,CWRU,6205-2RS JEM SKF,1,29,2HP
1663,9,9,CWRU,6205-2RS JEM SKF,1,29,2HP
1664,9,9,CWRU,6205-2RS JEM SKF,1,29,2HP
1665,9,9,CWRU,6205-2RS JEM SKF,1,29,2HP
1666,9,9,CWRU,6205-2RS JEM SKF,1,29,2HP
1667,9,9,CWRU,6205-2RS JEM SKF,1,29,2HP
1668,9,9,CWRU,6205-2RS JEM SKF,1,29,2HP
1669,9,9,CWRU,6205-2RS JEM SKF,1,29,2HP
1670,9,9,CWRU,6205-2RS JEM SKF,1,29,2HP
1671,9,9,CWRU,6205-2RS JEM SKF,1,29,2HP
1672,10,1,CWRU,6205-2RS JEM SKF,2,29,2HP
1673,10,1,CWRU,6205-2RS JEM SKF,2,29,2HP
1674,10,1,CWRU,6205-2RS JEM SKF,2,29,2HP
1675,10,1,CWRU,6205-2RS JEM SKF,2,29,2HP
1676,10,1,CWRU,6205-2RS JEM SKF,2,29,2HP
1677,10,1,CWRU,6205-2RS JEM SKF,2,29,2HP
1678,10,1,CWRU,6205-2RS JEM SKF,2,29,2HP
1679,10,1,CWRU,6205-2RS JEM SKF,2,29,2HP
1680,10,1,CWRU,6205-2RS JEM SKF,2,29,2HP
1681,10,1,CWRU,6205-2RS JEM SKF,2,29,2HP
1682,10,4,CWRU,6205-2RS JEM SKF,2,29,2HP
1683,10,4,CWRU,6205-2RS JEM SKF,2,29,2HP
1684,10,4,CWRU,6205-2RS JEM SKF,2,29,2HP
1685,10,4,CWRU,6205-2RS JEM SKF,2,29,2HP
1686,10,4,CWRU,6205-2RS JEM SKF,2,29,2HP
1687,10,4,CWRU,6205-2RS JEM SKF,2,29,2HP
1688,10,4,CWRU,6205-2RS JEM SKF,2,29,2HP
1689,10,4,CWRU,6205-2RS JEM SKF,2,29,2HP
1690,10,4,CWRU,6205-2RS JEM SKF,2,29,2HP
1691,10,4,CWRU,6205-2RS JEM SKF,2,29,2HP
1692,10,7,CWRU,6205-2RS JEM SKF,2,29,2HP
1693,10,7,CWRU,6205-2RS JEM SKF,2,29,2HP
1694,10,7,CWRU,6205-2RS JEM SKF,2,29,2HP
1695,10,7,CWRU,6205-2RS JEM SKF,2,29,2HP
1696,10,7,CWRU,6205-2RS JEM SKF,2,29,2HP
1697,10,7,CWRU,6205-2RS JEM SKF,2,29,2HP
1698,10,7,CWRU,6205-2RS JEM SKF,2,29,2HP
1699,10,7,CWRU,6205-2RS JEM SKF,2,29,2HP
1700,10,7,CWRU,6205-2RS JEM SKF,2,29,2HP
1701,10,7,CWRU,6205-2RS JEM SKF,2,29,2HP
1702,10,7,CWRU,6205-2RS JEM SKF,2,29,2HP
1703,10,7,CWRU,6205-2RS JEM SKF,2,29,2HP
1704,10,7,CWRU,6205-2RS JEM SKF,2,29,2HP
1705,10,7,CWRU,6205-2RS JEM SKF,2,29,2HP
1706,10,7,CWRU,6205-2RS JEM SKF,2,29,2HP
1707,10,7,CWRU,6205-2RS JEM SKF,2,29,2HP
1708,10,7,CWRU,6205-2RS JEM SKF,2,29,2HP
1709,10,7,CWRU,6205-2RS JEM SKF,2,29,2HP
1710,10,7,CWRU,6205-2RS JEM SKF,2,29,2HP
1711,10,7,CWRU,6205-2RS JEM SKF,2,29,2HP
1712,10,7,CWRU,6205-2RS JEM SKF,2,29,2HP
1713,10,7,CWRU,6205-2RS JEM SKF,2,29,2HP
1714,10,7,CWRU,6205-2RS JEM SKF,2,29,2HP
1715,10,7,CWRU,6205-2RS JEM SKF,2,29,2HP
1716,10,7,CWRU,6205-2RS JEM SKF,2,29,2HP
1717,10,7,CWRU,6205-2RS JEM SKF,2,29,2HP
1718,10,7,CWRU,6205-2RS JEM SKF,2,29,2HP
1719,10,7,CWRU,6205-2RS JEM SKF,2,29,2HP
1720,10,7,CWRU,6205-2RS JEM SKF,2,29,2HP
1721,10,7,CWRU,6205-2RS JEM SKF,2,29,2HP
1722,10,2,CWRU,6205-2RS JEM SKF,2,29,2HP
1723,10,2,CWRU,6205-2RS JEM SKF,2,29,2HP
1724,10,2,CWRU,6205-2RS JEM SKF,2,29,2HP
1725,10,2,CWRU,6205-2RS JEM SKF,2,29,2HP
1726,10,2,CWRU,6205-2RS JEM SKF,2,29,2HP
1727,10,2,CWRU,6205-2RS JEM SKF,2,29,2HP
1728,10,2,CWRU,6205-2RS JEM SKF,2,29,2HP
1729,10,2,CWRU,6205-2RS JEM SKF,2,29,2HP
1730,10,2,CWRU,6205-2RS JEM SKF,2,29,2HP
1731,10,2,CWRU,6205-2RS JEM SKF,2,29,2HP
1732,10,5,CWRU,6205-2RS JEM SKF,2,29,2HP
1733,10,5,CWRU,6205-2RS JEM SKF,2,29,2HP
1734,10,5,CWRU,6205-2RS JEM SKF,2,29,2HP
1735,10,5,CWRU,6205-2RS JEM SKF,2,29,2HP
1736,10,5,CWRU,6205-2RS JEM SKF,2,29,2HP
1737,10,5,CWRU,6205-2RS JEM SKF,2,29,2HP
1738,10,5,CWRU,6205-2RS JEM SKF,2,29,2HP
1739,10,5,CWRU,6205-2RS JEM SKF,2,29,2HP
1740,10,5,CWRU,6205-2RS JEM SKF,2,29,2HP
1741,10,5,CWRU,6205-2RS JEM SKF,2,29,2HP
1742,10,8,CWRU,6205-2RS JEM SKF,2,29,2HP
1743,10,8,CWRU,6205-2RS JEM SKF,2,29,2HP
1744,10,8,CWRU,6205-2RS JEM SKF,2,29,2HP
1745,10,8,CWRU,6205-2RS JEM SKF,2,29,2HP
1746,10,8,CWRU,6205-2RS JEM SKF,2,29,2HP
1747,10,8,CWRU,6205-2RS JEM SKF,2,29,2HP
1748,10,8,CWRU,6205-2RS JEM SKF,2,29,2HP
1749,10,8,CWRU,6205-2RS JEM SKF,2,29,2HP
1750,10,8,CWRU,6205-2RS JEM SKF,2,29,2HP
1751,10,8,CWRU,6205-2RS JEM SKF,2,29,2HP
1752,10,3,CWRU,6205-2RS JEM SKF,2,29,2HP
1753,10,3,CWRU,6205-2RS JEM SKF,2,29,2HP
1754,10,3,CWRU,6205-2RS JEM SKF,2,29,2HP
1755,10,3,CWRU,6205-2RS JEM SKF,2,29,2HP
1756,10,3,CWRU,6205-2RS JEM SKF,2,29,2HP
1757,10,3,CWRU,6205-2RS JEM SKF,2,29,2HP
1758,10,3,CWRU,6205-2RS JEM SKF,2,29,2HP
1759,10,3,CWRU,6205-2RS JEM SKF,2,29,2HP
1760,10,3,CWRU,6205-2RS JEM SKF,2,29,2HP
1761,10,3,CWRU,6205-2RS JEM SKF,2,29,2HP
1762,10,6,CWRU,6205-2RS JEM SKF,2,29,2HP
1763,10,6,CWRU,6205-2RS JEM SKF,2,29,2HP
1764,10,6,CWRU,6205-2RS JEM SKF,2,29,2HP
1765,10,6,CWRU,6205-2RS JEM SKF,2,29,2HP
1766,10,6,CWRU,6205-2RS JEM SKF,2,29,2HP
1767,10,6,CWRU,6205-2RS JEM SKF,2,29,2HP
1768,10,6,CWRU,6205-2RS JEM SKF,2,29,2HP
1769,10,6,CWRU,6205-2RS JEM SKF,2,29,2HP
1770,10,6,CWRU,6205-2RS JEM SKF,2,29,2HP
1771,10,6,CWRU,6205-2RS JEM SKF,2,29,2HP
1772,10,9,CWRU,6205-2RS JEM SKF,2,29,2HP
1773,10,9,CWRU,6205-2RS JEM SKF,2,29,2HP
1774,10,9,CWRU,6205-2RS JEM SKF,2,29,2HP
1775,10,9,CWRU,6205-2RS JEM SKF,2,29,2HP
1776,10,9,CWRU,6205-2RS JEM SKF,2,29,2HP
1777,10,9,CWRU,6205-2RS JEM SKF,2,29,2HP
1778,10,9,CWRU,6205-2RS JEM SKF,2,29,2HP
1779,10,9,CWRU,6205-2RS JEM SKF,2,29,2HP
1780,10,9,CWRU,6205-2RS JEM SKF,2,29,2HP
1781,10,9,CWRU,6205-2RS JEM SKF,2,29,2HP
1782,10,9,CWRU,6205-2RS JEM SKF,2,29,2HP
1783,10,9,CWRU,6205-2RS JEM SKF,2,29,2HP
1784,10,9,CWRU,6205-2RS JEM SKF,2,29,2HP
1785,10,9,CWRU,6205-2RS JEM SKF,2,29,2HP
1786,10,9,CWRU,6205-2RS JEM SKF,2,29,2HP
1787,10,9,CWRU,6205-2RS JEM SKF,2,29,2HP
1788,10,9,CWRU,6205-2RS JEM SKF,2,29,2HP
1789,10,9,CWRU,6205-2RS JEM SKF,2,29,2HP
1790,10,9,CWRU,6205-2RS JEM SKF,2,29,2HP
1791,10,9,CWRU,6205-2RS JEM SKF,2,29,2HP
1792,10,9,CWRU,6205-2RS JEM SKF,2,29,2HP
1793,10,9,CWRU,6205-2RS JEM SKF,2,29,2HP
1794,10,9,CWRU,6205-2RS JEM SKF,2,29,2HP
1795,10,9,CWRU,6205-2RS JEM SKF,2,29,2HP
1796,10,9,CWRU,6205-2RS JEM SKF,2,29,2HP
1797,10,9,CWRU,6205-2RS JEM SKF,2,29,2HP
1798,10,9,CWRU,6205-2RS JEM SKF,2,29,2HP
1799,10,9,CWRU,6205-2RS JEM SKF,2,29,2HP
1800,10,9,CWRU,6205-2RS JEM SKF,2,29,2HP
1801,10,9,CWRU,6205-2RS JEM SKF,2,29,2HP
1802,11,1,CWRU,6205-2RS JEM SKF,0,28,3HP
1803,11,1,CWRU,6205-2RS JEM SKF,0,28,3HP
1804,11,1,CWRU,6205-2RS JEM SKF,0,28,3HP
1805,11,1,CWRU,6205-2RS JEM SKF,0,28,3HP
1806,11,1,CWRU,6205-2RS JEM SKF,0,28,3HP
1807,11,1,CWRU,6205-2RS JEM SKF,0,28,3HP
1808,11,1,CWRU,6205-2RS JEM SKF,0,28,3HP
1809,11,1,CWRU,6205-2RS JEM SKF,0,28,3HP
1810,11,1,CWRU,6205-2RS JEM SKF,0,28,3HP
1811,11,1,CWRU,6205-2RS JEM SKF,0,28,3HP
1812,11,1,CWRU,6205-2RS JEM SKF,0,28,3HP
1813,11,1,CWRU,6205-2RS JEM SKF,0,28,3HP
1814,11,1,CWRU,6205-2RS JEM SKF,0,28,3HP
1815,11,1,CWRU,6205-2RS JEM SKF,0,28,3HP
1816,11,1,CWRU,6205-2RS JEM SKF,0,28,3HP
1817,11,1,CWRU,6205-2RS JEM SKF,0,28,3HP
1818,11,1,CWRU,6205-2RS JEM SKF,0,28,3HP
1819,11,1,CWRU,6205-2RS JEM SKF,0,28,3HP
1820,11,1,CWRU,6205-2RS JEM SKF,0,28,3HP
1821,11,1,CWRU,6205-2RS JEM SKF,0,28,3HP
1822,11,4,CWRU,6205-2RS JEM SKF,0,28,3HP
1823,11,4,CWRU,6205-2RS JEM SKF,0,28,3HP
1824,11,4,CWRU,6205-2RS JEM SKF,0,28,3HP
1825,11,4,CWRU,6205-2RS JEM SKF,0,28,3HP
1826,11,4,CWRU,6205-2RS JEM SKF,0,28,3HP
1827,11,4,CWRU,6205-2RS JEM SKF,0,28,3HP
1828,11,4,CWRU,6205-2RS JEM SKF,0,28,3HP
1829,11,4,CWRU,6205-2RS JEM SKF,0,28,3HP
1830,11,4,CWRU,6205-2RS JEM SKF,0,28,3HP
1831,11,4,CWRU,6205-2RS JEM SKF,0,28,3HP
1832,11,4,CWRU,6205-2RS JEM SKF,0,28,3HP
1833,11,4,CWRU,6205-2RS JEM SKF,0,28,3HP
1834,11,4,CWRU,6205-2RS JEM SKF,0,28,3HP
1835,11,4,CWRU,6205-2RS JEM SKF,0,28,3HP
1836,11,4,CWRU,6205-2RS JEM SKF,0,28,3HP
1837,11,4,CWRU,6205-2RS JEM SKF,0,28,3HP
1838,11,4,CWRU,6205-2RS JEM SKF,0,28,3HP
1839,11,4,CWRU,6205-2RS JEM SKF,0,28,3HP
1840,11,4,CWRU,6205-2RS JEM SKF,0,28,3HP
1841,11,4,CWRU,6205-2RS JEM SKF,0,28,3HP
1842,11,7,CWRU,6205-2RS JEM SKF,0,28,3HP
1843,11,7,CWRU,6205-2RS JEM SKF,0,28,3HP
1844,11,7,CWRU,6205-2RS JEM SKF,0,28,3HP
1845,11,7,CWRU,6205-2RS JEM SKF,0,28,3HP
1846,11,7,CWRU,6205-2RS JEM SKF,0,28,3HP
1847,11,7,CWRU,6205-2RS JEM SKF,0,28,3HP
1848,11,7,CWRU,6205-2RS JEM SKF,0,28,3HP
1849,11,7,CWRU,6205-2RS JEM SKF,0,28,3HP
1850,11,7,CWRU,6205-2RS JEM SKF,0,28,3HP
1851,11,7,CWRU,6205-2RS JEM SKF,0,28,3HP
1852,11,7,CWRU,6205-2RS JEM SKF,0,28,3HP
1853,11,7,CWRU,6205-2RS JEM SKF,0,28,3HP
1854,11,7,CWRU,6205-2RS JEM SKF,0,28,3HP
1855,11,7,CWRU,6205-2RS JEM SKF,0,28,3HP
1856,11,7,CWRU,6205-2RS JEM SKF,0,28,3HP
1857,11,7,CWRU,6205-2RS JEM SKF,0,28,3HP
1858,11,7,CWRU,6205-2RS JEM SKF,0,28,3HP
1859,11,7,CWRU,6205-2RS JEM SKF,0,28,3HP
1860,11,7,CWRU,6205-2RS JEM SKF,0,28,3HP
1861,11,7,CWRU,6205-2RS JEM SKF,0,28,3HP
1862,11,7,CWRU,6205-2RS JEM SKF,0,28,3HP
1863,11,7,CWRU,6205-2RS JEM SKF,0,28,3HP
1864,11,7,CWRU,6205-2RS JEM SKF,0,28,3HP
1865,11,7,CWRU,6205-2RS JEM SKF,0,28,3HP
1866,11,7,CWRU,6205-2RS JEM SKF,0,28,3HP
1867,11,7,CWRU,6205-2RS JEM SKF,0,28,3HP
1868,11,7,CWRU,6205-2RS JEM SKF,0,28,3HP
1869,11,7,CWRU,6205-2RS JEM SKF,0,28,3HP
1870,11,7,CWRU,6205-2RS JEM SKF,0,28,3HP
1871,11,7,CWRU,6205-2RS JEM SKF,0,28,3HP
1872,11,7,CWRU,6205-2RS JEM SKF,0,28,3HP
1873,11,7,CWRU,6205-2RS JEM SKF,0,28,3HP
1874,11,7,CWRU,6205-2RS JEM SKF,0,28,3HP
1875,11,7,CWRU,6205-2RS JEM SKF,0,28,3HP
1876,11,7,CWRU,6205-2RS JEM SKF,0,28,3HP
1877,11,7,CWRU,6205-2RS JEM SKF,0,28,3HP
1878,11,7,CWRU,6205-2RS JEM SKF,0,28,3HP
1879,11,7,CWRU,6205-2RS JEM SKF,0,28,3HP
1880,11,7,CWRU,6205-2RS JEM SKF,0,28,3HP
1881,11,7,CWRU,6205-2RS JEM SKF,0,28,3HP
1882,11,7,CWRU,6205-2RS JEM SKF,0,28,3HP
1883,11,7,CWRU,6205-2RS JEM SKF,0,28,3HP
1884,11,7,CWRU,6205-2RS JEM SKF,0,28,3HP
1885,11,7,CWRU,6205-2RS JEM SKF,0,28,3HP
1886,11,7,CWRU,6205-2RS JEM SKF,0,28,3HP
1887,11,7,CWRU,6205-2RS JEM SKF,0,28,3HP
1888,11,7,CWRU,6205-2RS JEM SKF,0,28,3HP
1889,11,7,CWRU,6205-2RS JEM SKF,0,28,3HP
1890,11,7,CWRU,6205-2RS JEM SKF,0,28,3HP
1891,11,7,CWRU,6205-2RS JEM SKF,0,28,3HP
1892,11,7,CWRU,6205-2RS JEM SKF,0,28,3HP
1893,11,7,CWRU,6205-2RS JEM SKF,0,28,3HP
1894,11,7,CWRU,6205-2RS JEM SKF,0,28,3HP
1895,11,7,CWRU,6205-2RS JEM SKF,0,28,3HP
1896,11,7,CWRU,6205-2RS JEM SKF,0,28,3HP
1897,11,7,CWRU,6205-2RS JEM SKF,0,28,3HP
1898,11,7,CWRU,6205-2RS JEM SKF,0,28,3HP
1899,11,7,CWRU,6205-2RS JEM SKF,0,28,3HP
1900,11,7,CWRU,6205-2RS JEM SKF,0,28,3HP
1901,11,7,CWRU,6205-2RS JEM SKF,0,28,3HP
1902,11,2,CWRU,6205-2RS JEM SKF,0,28,3HP
1903,11,2,CWRU,6205-2RS JEM SKF,0,28,3HP
1904,11,2,CWRU,6205-2RS JEM SKF,0,28,3HP
1905,11,2,CWRU,6205-2RS JEM SKF,0,28,3HP
1906,11,2,CWRU,6205-2RS JEM SKF,0,28,3HP
1907,11,2,CWRU,6205-2RS JEM SKF,0,28,3HP
1908,11,2,CWRU,6205-2RS JEM SKF,0,28,3HP
1909,11,2,CWRU,6205-2RS JEM SKF,0,28,3HP
1910,11,2,CWRU,6205-2RS JEM SKF,0,28,3HP
1911,11,2,CWRU,6205-2RS JEM SKF,0,28,3HP
1912,11,2,CWRU,6205-2RS JEM SKF,0,28,3HP
1913,11,2,CWRU,6205-2RS JEM SKF,0,28,3HP
1914,11,2,CWRU,6205-2RS JEM SKF,0,28,3HP
1915,11,2,CWRU,6205-2RS JEM SKF,0,28,3HP
1916,11,2,CWRU,6205-2RS JEM SKF,0,28,3HP
1917,11,2,CWRU,6205-2RS JEM SKF,0,28,3HP
1918,11,2,CWRU,6205-2RS JEM SKF,0,28,3HP
1919,11,2,CWRU,6205-2RS JEM SKF,0,28,3HP
1920,11,2,CWRU,6205-2RS JEM SKF,0,28,3HP
1921,11,2,CWRU,6205-2RS JEM SKF,0,28,3HP
1922,11,5,CWRU,6205-2RS JEM SKF,0,28,3HP
1923,11,5,CWRU,6205-2RS JEM SKF,0,28,3HP
1924,11,5,CWRU,6205-2RS JEM SKF,0,28,3HP
1925,11,5,CWRU,6205-2RS JEM SKF,0,28,3HP
1926,11,5,CWRU,6205-2RS JEM SKF,0,28,3HP
1927,11,5,CWRU,6205-2RS JEM SKF,0,28,3HP
1928,11,5,CWRU,6205-2RS JEM SKF,0,28,3HP
1929,11,5,CWRU,6205-2RS JEM SKF,0,28,3HP
1930,11,5,CWRU,6205-2RS JEM SKF,0,28,3HP
1931,11,5,CWRU,6205-2RS JEM SKF,0,28,3HP
1932,11,5,CWRU,6205-2RS JEM SKF,0,28,3HP
1933,11,5,CWRU,6205-2RS JEM SKF,0,28,3HP
1934,11,5,CWRU,6205-2RS JEM SKF,0,28,3HP
1935,11,5,CWRU,6205-2RS JEM SKF,0,28,3HP
1936,11,5,CWRU,6205-2RS JEM SKF,0,28,3HP
1937,11,5,CWRU,6205-2RS JEM SKF,0,28,3HP
1938,11,5,CWRU,6205-2RS JEM SKF,0,28,3HP
1939,11,5,CWRU,6205-2RS JEM SKF,0,28,3HP
1940,11,5,CWRU,6205-2RS JEM SKF,0,28,3HP
1941,11,5,CWRU,6205-2RS JEM SKF,0,28,3HP
1942,11,8,CWRU,6205-2RS JEM SKF,0,28,3HP
1943,11,8,CWRU,6205-2RS JEM SKF,0,28,3HP
1944,11,8,CWRU,6205-2RS JEM SKF,0,28,3HP
1945,11,8,CWRU,6205-2RS JEM SKF,0,28,3HP
1946,11,8,CWRU,6205-2RS JEM SKF,0,28,3HP
1947,11,8,CWRU,6205-2RS JEM SKF,0,28,3HP
1948,11,8,CWRU,6205-2RS JEM SKF,0,28,3HP
1949,11,8,CWRU,6205-2RS JEM SKF,0,28,3HP
1950,11,8,CWRU,6205-2RS JEM SKF,0,28,3HP
1951,11,8,CWRU,6205-2RS JEM SKF,0,28,3HP
1952,11,8,CWRU,6205-2RS JEM SKF,0,28,3HP
1953,11,8,CWRU,6205-2RS JEM SKF,0,28,3HP
1954,11,8,CWRU,6205-2RS JEM SKF,0,28,3HP
1955,11,8,CWRU,6205-2RS JEM SKF,0,28,3HP
1956,11,8,CWRU,6205-2RS JEM SKF,0,28,3HP
1957,11,8,CWRU,6205-2RS JEM SKF,0,28,3HP
1958,11,8,CWRU,6205-2RS JEM SKF,0,28,3HP
1959,11,8,CWRU,6205-2RS JEM SKF,0,28,3HP
1960,11,8,CWRU,6205-2RS JEM SKF,0,28,3HP
1961,11,8,CWRU,6205-2RS JEM SKF,0,28,3HP
1962,11,3,CWRU,6205-2RS JEM SKF,0,28,3HP
1963,11,3,CWRU,6205-2RS JEM SKF,0,28,3HP
1964,11,3,CWRU,6205-2RS JEM SKF,0,28,3HP
1965,11,3,CWRU,6205-2RS JEM SKF,0,28,3HP
1966,11,3,CWRU,6205-2RS JEM SKF,0,28,3HP
1967,11,3,CWRU,6205-2RS JEM SKF,0,28,3HP
1968,11,3,CWRU,6205-2RS JEM SKF,0,28,3HP
1969,11,3,CWRU,6205-2RS JEM SKF,0,28,3HP
1970,11,3,CWRU,6205-2RS JEM SKF,0,28,3HP
1971,11,3,CWRU,6205-2RS JEM SKF,0,28,3HP
1972,11,3,CWRU,6205-2RS JEM SKF,0,28,3HP
1973,11,3,CWRU,6205-2RS JEM SKF,0,28,3HP
1974,11,3,CWRU,6205-2RS JEM SKF,0,28,3HP
1975,11,3,CWRU,6205-2RS JEM SKF,0,28,3HP
1976,11,3,CWRU,6205-2RS JEM SKF,0,28,3HP
1977,11,3,CWRU,6205-2RS JEM SKF,0,28,3HP
1978,11,3,CWRU,6205-2RS JEM SKF,0,28,3HP
1979,11,3,CWRU,6205-2RS JEM SKF,0,28,3HP
1980,11,3,CWRU,6205-2RS JEM SKF,0,28,3HP
1981,11,3,CWRU,6205-2RS JEM SKF,0,28,3HP
1982,11,6,CWRU,6205-2RS JEM SKF,0,28,3HP
1983,11,6,CWRU,6205-2RS JEM SKF,0,28,3HP
1984,11,6,CWRU,6205-2RS JEM SKF,0,28,3HP
1985,11,6,CWRU,6205-2RS JEM SKF,0,28,3HP
1986,11,6,CWRU,6205-2RS JEM SKF,0,28,3HP
1987,11,6,CWRU,6205-2RS JEM SKF,0,28,3HP
1988,11,6,CWRU,6205-2RS JEM SKF,0,28,3HP
1989,11,6,CWRU,6205-2RS JEM SKF,0,28,3HP
1990,11,6,CWRU,6205-2RS JEM SKF,0,28,3HP
1991,11,6,CWRU,6205-2RS JEM SKF,0,28,3HP
1992,11,6,CWRU,6205-2RS JEM SKF,0,28,3HP
1993,11,6,CWRU,6205-2RS JEM SKF,0,28,3HP
1994,11,6,CWRU,6205-2RS JEM SKF,0,28,3HP
1995,11,6,CWRU,6205-2RS JEM SKF,0,28,3HP
1996,11,6,CWRU,6205-2RS JEM SKF,0,28,3HP
1997,11,6,CWRU,6205-2RS JEM SKF,0,28,3HP
1998,11,6,CWRU,6205-2RS JEM SKF,0,28,3HP
1999,11,6,CWRU,6205-2RS JEM SKF,0,28,3HP
2000,11,6,CWRU,6205-2RS JEM SKF,0,28,3HP
2001,11,6,CWRU,6205-2RS JEM SKF,0,28,3HP
2002,11,9,CWRU,6205-2RS JEM SKF,0,28,3HP
2003,11,9,CWRU,6205-2RS JEM SKF,0,28,3HP
2004,11,9,CWRU,6205-2RS JEM SKF,0,28,3HP
2005,11,9,CWRU,6205-2RS JEM SKF,0,28,3HP
2006,11,9,CWRU,6205-2RS JEM SKF,0,28,3HP
2007,11,9,CWRU,6205-2RS JEM SKF,0,28,3HP
2008,11,9,CWRU,6205-2RS JEM SKF,0,28,3HP
2009,11,9,CWRU,6205-2RS JEM SKF,0,28,3HP
2010,11,9,CWRU,6205-2RS JEM SKF,0,28,3HP
2011,11,9,CWRU,6205-2RS JEM SKF,0,28,3HP
2012,11,9,CWRU,6205-2RS JEM SKF,0,28,3HP
2013,11,9,CWRU,6205-2RS JEM SKF,0,28,3HP
2014,11,9,CWRU,6205-2RS JEM SKF,0,28,3HP
2015,11,9,CWRU,6205-2RS JEM SKF,0,28,3HP
2016,11,9,CWRU,6205-2RS JEM SKF,0,28,3HP
2017,11,9,CWRU,6205-2RS JEM SKF,0,28,3HP
2018,11,9,CWRU,6205-2RS JEM SKF,0,28,3HP
2019,11,9,CWRU,6205-2RS JEM SKF,0,28,3HP
2020,11,9,CWRU,6205-2RS JEM SKF,0,28,3HP
2021,11,9,CWRU,6205-2RS JEM SKF,0,28,3HP
2022,11,9,CWRU,6205-2RS JEM SKF,0,28,3HP
2023,11,9,CWRU,6205-2RS JEM SKF,0,28,3HP
2024,11,9,CWRU,6205-2RS JEM SKF,0,28,3HP
2025,11,9,CWRU,6205-2RS JEM SKF,0,28,3HP
2026,11,9,CWRU,6205-2RS JEM SKF,0,28,3HP
2027,11,9,CWRU,6205-2RS JEM SKF,0,28,3HP
2028,11,9,CWRU,6205-2RS JEM SKF,0,28,3HP
2029,11,9,CWRU,6205-2RS JEM SKF,0,28,3HP
2030,11,9,CWRU,6205-2RS JEM SKF,0,28,3HP
2031,11,9,CWRU,6205-2RS JEM SKF,0,28,3HP
2032,11,9,CWRU,6205-2RS JEM SKF,0,28,3HP
2033,11,9,CWRU,6205-2RS JEM SKF,0,28,3HP
2034,11,9,CWRU,6205-2RS JEM SKF,0,28,3HP
2035,11,9,CWRU,6205-2RS JEM SKF,0,28,3HP
2036,11,9,CWRU,6205-2RS JEM SKF,0,28,3HP
2037,11,9,CWRU,6205-2RS JEM SKF,0,28,3HP
2038,11,9,CWRU,6205-2RS JEM SKF,0,28,3HP
2039,11,9,CWRU,6205-2RS JEM SKF,0,28,3HP
2040,11,9,CWRU,6205-2RS JEM SKF,0,28,3HP
2041,11,9,CWRU,6205-2RS JEM SKF,0,28,3HP
2042,11,9,CWRU,6205-2RS JEM SKF,0,28,3HP
2043,11,9,CWRU,6205-2RS JEM SKF,0,28,3HP
2044,11,9,CWRU,6205-2RS JEM SKF,0,28,3HP
2045,11,9,CWRU,6205-2RS JEM SKF,0,28,3HP
2046,11,9,CWRU,6205-2RS JEM SKF,0,28,3HP
2047,11,9,CWRU,6205-2RS JEM SKF,0,28,3HP
2048,11,9,CWRU,6205-2RS JEM SKF,0,28,3HP
2049,11,9,CWRU,6205-2RS JEM SKF,0,28,3HP
2050,11,9,CWRU,6205-2RS JEM SKF,0,28,3HP
2051,11,9,CWRU,6205-2RS JEM SKF,0,28,3HP
2052,11,9,CWRU,6205-2RS JEM SKF,0,28,3HP
2053,11,9,CWRU,6205-2RS JEM SKF,0,28,3HP
2054,11,9,CWRU,6205-2RS JEM SKF,0,28,3HP
2055,11,9,CWRU,6205-2RS JEM SKF,0,28,3HP
2056,11,9,CWRU,6205-2RS JEM SKF,0,28,3HP
2057,11,9,CWRU,6205-2RS JEM SKF,0,28,3HP
2058,11,9,CWRU,6205-2RS JEM SKF,0,28,3HP
2059,11,9,CWRU,6205-2RS JEM SKF,0,28,3HP
2060,11,9,CWRU,6205-2RS JEM SKF,0,28,3HP
2061,11,9,CWRU,6205-2RS JEM SKF,0,28,3HP
2062,11,3,CWRU,6205-2RS JEM SKF,0,28,3HP
2063,11,3,CWRU,6205-2RS JEM SKF,0,28,3HP
2064,11,3,CWRU,6205-2RS JEM SKF,0,28,3HP
2065,11,3,CWRU,6205-2RS JEM SKF,0,28,3HP
2066,11,3,CWRU,6205-2RS JEM SKF,0,28,3HP
2067,11,3,CWRU,6205-2RS JEM SKF,0,28,3HP
2068,11,3,CWRU,6205-2RS JEM SKF,0,28,3HP
2069,11,3,CWRU,6205-2RS JEM SKF,0,28,3HP
2070,11,3,CWRU,6205-2RS JEM SKF,0,28,3HP
2071,11,3,CWRU,6205-2RS JEM SKF,0,28,3HP
2072,11,6,CWRU,6205-2RS JEM SKF,0,28,3HP
2073,11,6,CWRU,6205-2RS JEM SKF,0,28,3HP
2074,11,6,CWRU,6205-2RS JEM SKF,0,28,3HP
2075,11,6,CWRU,6205-2RS JEM SKF,0,28,3HP
2076,11,6,CWRU,6205-2RS JEM SKF,0,28,3HP
2077,11,6,CWRU,6205-2RS JEM SKF,0,28,3HP
2078,11,6,CWRU,6205-2RS JEM SKF,0,28,3HP
2079,11,6,CWRU,6205-2RS JEM SKF,0,28,3HP
2080,11,6,CWRU,6205-2RS JEM SKF,0,28,3HP
2081,11,6,CWRU,6205-2RS JEM SKF,0,28,3HP
2082,12,1,CWRU,6205-2RS JEM SKF,1,28,3HP
2083,12,1,CWRU,6205-2RS JEM SKF,1,28,3HP
2084,12,1,CWRU,6205-2RS JEM SKF,1,28,3HP
2085,12,1,CWRU,6205-2RS JEM SKF,1,28,3HP
2086,12,1,CWRU,6205-2RS JEM SKF,1,28,3HP
2087,12,1,CWRU,6205-2RS JEM SKF,1,28,3HP
2088,12,1,CWRU,6205-2RS JEM SKF,1,28,3HP
2089,12,1,CWRU,6205-2RS JEM SKF,1,28,3HP
2090,12,1,CWRU,6205-2RS JEM SKF,1,28,3HP
2091,12,1,CWRU,6205-2RS JEM SKF,1,28,3HP
2092,12,1,CWRU,6205-2RS JEM SKF,1,28,3HP
2093,12,1,CWRU,6205-2RS JEM SKF,1,28,3HP
2094,12,1,CWRU,6205-2RS JEM SKF,1,28,3HP
2095,12,1,CWRU,6205-2RS JEM SKF,1,28,3HP
2096,12,1,CWRU,6205-2RS JEM SKF,1,28,3HP
2097,12,1,CWRU,6205-2RS JEM SKF,1,28,3HP
2098,12,1,CWRU,6205-2RS JEM SKF,1,28,3HP
2099,12,1,CWRU,6205-2RS JEM SKF,1,28,3HP
2100,12,1,CWRU,6205-2RS JEM SKF,1,28,3HP
2101,12,1,CWRU,6205-2RS JEM SKF,1,28,3HP
2102,12,4,CWRU,6205-2RS JEM SKF,1,28,3HP
2103,12,4,CWRU,6205-2RS JEM SKF,1,28,3HP
2104,12,4,CWRU,6205-2RS JEM SKF,1,28,3HP
2105,12,4,CWRU,6205-2RS JEM SKF,1,28,3HP
2106,12,4,CWRU,6205-2RS JEM SKF,1,28,3HP
2107,12,4,CWRU,6205-2RS JEM SKF,1,28,3HP
2108,12,4,CWRU,6205-2RS JEM SKF,1,28,3HP
2109,12,4,CWRU,6205-2RS JEM SKF,1,28,3HP
2110,12,4,CWRU,6205-2RS JEM SKF,1,28,3HP
2111,12,4,CWRU,6205-2RS JEM SKF,1,28,3HP
2112,12,4,CWRU,6205-2RS JEM SKF,1,28,3HP
2113,12,4,CWRU,6205-2RS JEM SKF,1,28,3HP
2114,12,4,CWRU,6205-2RS JEM SKF,1,28,3HP
2115,12,4,CWRU,6205-2RS JEM SKF,1,28,3HP
2116,12,4,CWRU,6205-2RS JEM SKF,1,28,3HP
2117,12,4,CWRU,6205-2RS JEM SKF,1,28,3HP
2118,12,4,CWRU,6205-2RS JEM SKF,1,28,3HP
2119,12,4,CWRU,6205-2RS JEM SKF,1,28,3HP
2120,12,4,CWRU,6205-2RS JEM SKF,1,28,3HP
2121,12,4,CWRU,6205-2RS JEM SKF,1,28,3HP
2122,12,7,CWRU,6205-2RS JEM SKF,1,28,3HP
2123,12,7,CWRU,6205-2RS JEM SKF,1,28,3HP
2124,12,7,CWRU,6205-2RS JEM SKF,1,28,3HP
2125,12,7,CWRU,6205-2RS JEM SKF,1,28,3HP
2126,12,7,CWRU,6205-2RS JEM SKF,1,28,3HP
2127,12,7,CWRU,6205-2RS JEM SKF,1,28,3HP
2128,12,7,CWRU,6205-2RS JEM SKF,1,28,3HP
2129,12,7,CWRU,6205-2RS JEM SKF,1,28,3HP
2130,12,7,CWRU,6205-2RS JEM SKF,1,28,3HP
2131,12,7,CWRU,6205-2RS JEM SKF,1,28,3HP
2132,12,7,CWRU,6205-2RS JEM SKF,1,28,3HP
2133,12,7,CWRU,6205-2RS JEM SKF,1,28,3HP
2134,12,7,CWRU,6205-2RS JEM SKF,1,28,3HP
2135,12,7,CWRU,6205-2RS JEM SKF,1,28,3HP
2136,12,7,CWRU,6205-2RS JEM SKF,1,28,3HP
2137,12,7,CWRU,6205-2RS JEM SKF,1,28,3HP
2138,12,7,CWRU,6205-2RS JEM SKF,1,28,3HP
2139,12,7,CWRU,6205-2RS JEM SKF,1,28,3HP
2140,12,7,CWRU,6205-2RS JEM SKF,1,28,3HP
2141,12,7,CWRU,6205-2RS JEM SKF,1,28,3HP
2142,12,7,CWRU,6205-2RS JEM SKF,1,28,3HP
2143,12,7,CWRU,6205-2RS JEM SKF,1,28,3HP
2144,12,7,CWRU,6205-2RS JEM SKF,1,28,3HP
2145,12,7,CWRU,6205-2RS JEM SKF,1,28,3HP
2146,12,7,CWRU,6205-2RS JEM SKF,1,28,3HP
2147,12,7,CWRU,6205-2RS JEM SKF,1,28,3HP
2148,12,7,CWRU,6205-2RS JEM SKF,1,28,3HP
2149,12,7,CWRU,6205-2RS JEM SKF,1,28,3HP
2150,12,7,CWRU,6205-2RS JEM SKF,1,28,3HP
2151,12,7,CWRU,6205-2RS JEM SKF,1,28,3HP
2152,12,7,CWRU,6205-2RS JEM SKF,1,28,3HP
2153,12,7,CWRU,6205-2RS JEM SKF,1,28,3HP
2154,12,7,CWRU,6205-2RS JEM SKF,1,28,3HP
2155,12,7,CWRU,6205-2RS JEM SKF,1,28,3HP
2156,12,7,CWRU,6205-2RS JEM SKF,1,28,3HP
2157,12,7,CWRU,6205-2RS JEM SKF,1,28,3HP
2158,12,7,CWRU,6205-2RS JEM SKF,1,28,3HP
2159,12,7,CWRU,6205-2RS JEM SKF,1,28,3HP
2160,12,7,CWRU,6205-2RS JEM SKF,1,28,3HP
2161,12,7,CWRU,6205-2RS JEM SKF,1,28,3HP
2162,12,7,CWRU,6205-2RS JEM SKF,1,28,3HP
2163,12,7,CWRU,6205-2RS JEM SKF,1,28,3HP
2164,12,7,CWRU,6205-2RS JEM SKF,1,28,3HP
2165,12,7,CWRU,6205-2RS JEM SKF,1,28,3HP
2166,12,7,CWRU,6205-2RS JEM SKF,1,28,3HP
2167,12,7,CWRU,6205-2RS JEM SKF,1,28,3HP
2168,12,7,CWRU,6205-2RS JEM SKF,1,28,3HP
2169,12,7,CWRU,6205-2RS JEM SKF,1,28,3HP
2170,12,7,CWRU,6205-2RS JEM SKF,1,28,3HP
2171,12,7,CWRU,6205-2RS JEM SKF,1,28,3HP
2172,12,7,CWRU,6205-2RS JEM SKF,1,28,3HP
2173,12,7,CWRU,6205-2RS JEM SKF,1,28,3HP
2174,12,7,CWRU,6205-2RS JEM SKF,1,28,3HP
2175,12,7,CWRU,6205-2RS JEM SKF,1,28,3HP
2176,12,7,CWRU,6205-2RS JEM SKF,1,28,3HP
2177,12,7,CWRU,6205-2RS JEM SKF,1,28,3HP
2178,12,7,CWRU,6205-2RS JEM SKF,1,28,3HP
2179,12,7,CWRU,6205-2RS JEM SKF,1,28,3HP
2180,12,7,CWRU,6205-2RS JEM SKF,1,28,3HP
2181,12,7,CWRU,6205-2RS JEM SKF,1,28,3HP
2182,12,2,CWRU,6205-2RS JEM SKF,1,28,3HP
2183,12,2,CWRU,6205-2RS JEM SKF,1,28,3HP
2184,12,2,CWRU,6205-2RS JEM SKF,1,28,3HP
2185,12,2,CWRU,6205-2RS JEM SKF,1,28,3HP
2186,12,2,CWRU,6205-2RS JEM SKF,1,28,3HP
2187,12,2,CWRU,6205-2RS JEM SKF,1,28,3HP
2188,12,2,CWRU,6205-2RS JEM SKF,1,28,3HP
2189,12,2,CWRU,6205-2RS JEM SKF,1,28,3HP
2190,12,2,CWRU,6205-2RS JEM SKF,1,28,3HP
2191,12,2,CWRU,6205-2RS JEM SKF,1,28,3HP
2192,12,2,CWRU,6205-2RS JEM SKF,1,28,3HP
2193,12,2,CWRU,6205-2RS JEM SKF,1,28,3HP
2194,12,2,CWRU,6205-2RS JEM SKF,1,28,3HP
2195,12,2,CWRU,6205-2RS JEM SKF,1,28,3HP
2196,12,2,CWRU,6205-2RS JEM SKF,1,28,3HP
2197,12,2,CWRU,6205-2RS JEM SKF,1,28,3HP
2198,12,2,CWRU,6205-2RS JEM SKF,1,28,3HP
2199,12,2,CWRU,6205-2RS JEM SKF,1,28,3HP
2200,12,2,CWRU,6205-2RS JEM SKF,1,28,3HP
2201,12,2,CWRU,6205-2RS JEM SKF,1,28,3HP
2202,12,5,CWRU,6205-2RS JEM SKF,1,28,3HP
2203,12,5,CWRU,6205-2RS JEM SKF,1,28,3HP
2204,12,5,CWRU,6205-2RS JEM SKF,1,28,3HP
2205,12,5,CWRU,6205-2RS JEM SKF,1,28,3HP
2206,12,5,CWRU,6205-2RS JEM SKF,1,28,3HP
2207,12,5,CWRU,6205-2RS JEM SKF,1,28,3HP
2208,12,5,CWRU,6205-2RS JEM SKF,1,28,3HP
2209,12,5,CWRU,6205-2RS JEM SKF,1,28,3HP
2210,12,5,CWRU,6205-2RS JEM SKF,1,28,3HP
2211,12,5,CWRU,6205-2RS JEM SKF,1,28,3HP
2212,12,5,CWRU,6205-2RS JEM SKF,1,28,3HP
2213,12,5,CWRU,6205-2RS JEM SKF,1,28,3HP
2214,12,5,CWRU,6205-2RS JEM SKF,1,28,3HP
2215,12,5,CWRU,6205-2RS JEM SKF,1,28,3HP
2216,12,5,CWRU,6205-2RS JEM SKF,1,28,3HP
2217,12,5,CWRU,6205-2RS JEM SKF,1,28,3HP
2218,12,5,CWRU,6205-2RS JEM SKF,1,28,3HP
2219,12,5,CWRU,6205-2RS JEM SKF,1,28,3HP
2220,12,5,CWRU,6205-2RS JEM SKF,1,28,3HP
2221,12,5,CWRU,6205-2RS JEM SKF,1,28,3HP
2222,12,8,CWRU,6205-2RS JEM SKF,1,28,3HP
2223,12,8,CWRU,6205-2RS JEM SKF,1,28,3HP
2224,12,8,CWRU,6205-2RS JEM SKF,1,28,3HP
2225,12,8,CWRU,6205-2RS JEM SKF,1,28,3HP
2226,12,8,CWRU,6205-2RS JEM SKF,1,28,3HP
2227,12,8,CWRU,6205-2RS JEM SKF,1,28,3HP
2228,12,8,CWRU,6205-2RS JEM SKF,1,28,3HP
2229,12,8,CWRU,6205-2RS JEM SKF,1,28,3HP
2230,12,8,CWRU,6205-2RS JEM SKF,1,28,3HP
2231,12,8,CWRU,6205-2RS JEM SKF,1,28,3HP
2232,12,8,CWRU,6205-2RS JEM SKF,1,28,3HP
2233,12,8,CWRU,6205-2RS JEM SKF,1,28,3HP
2234,12,8,CWRU,6205-2RS JEM SKF,1,28,3HP
2235,12,8,CWRU,6205-2RS JEM SKF,1,28,3HP
2236,12,8,CWRU,6205-2RS JEM SKF,1,28,3HP
2237,12,8,CWRU,6205-2RS JEM SKF,1,28,3HP
2238,12,8,CWRU,6205-2RS JEM SKF,1,28,3HP
2239,12,8,CWRU,6205-2RS JEM SKF,1,28,3HP
2240,12,8,CWRU,6205-2RS JEM SKF,1,28,3HP
2241,12,8,CWRU,6205-2RS JEM SKF,1,28,3HP
2242,12,3,CWRU,6205-2RS JEM SKF,1,28,3HP
2243,12,3,CWRU,6205-2RS JEM SKF,1,28,3HP
2244,12,3,CWRU,6205-2RS JEM SKF,1,28,3HP
2245,12,3,CWRU,6205-2RS JEM SKF,1,28,3HP
2246,12,3,CWRU,6205-2RS JEM SKF,1,28,3HP
2247,12,3,CWRU,6205-2RS JEM SKF,1,28,3HP
2248,12,3,CWRU,6205-2RS JEM SKF,1,28,3HP
2249,12,3,CWRU,6205-2RS JEM SKF,1,28,3HP
2250,12,3,CWRU,6205-2RS JEM SKF,1,28,3HP
2251,12,3,CWRU,6205-2RS JEM SKF,1,28,3HP
2252,12,3,CWRU,6205-2RS JEM SKF,1,28,3HP
2253,12,3,CWRU,6205-2RS JEM SKF,1,28,3HP
2254,12,3,CWRU,6205-2RS JEM SKF,1,28,3HP
2255,12,3,CWRU,6205-2RS JEM SKF,1,28,3HP
2256,12,3,CWRU,6205-2RS JEM SKF,1,28,3HP
2257,12,3,CWRU,6205-2RS JEM SKF,1,28,3HP
2258,12,3,CWRU,6205-2RS JEM SKF,1,28,3HP
2259,12,3,CWRU,6205-2RS JEM SKF,1,28,3HP
2260,12,3,CWRU,6205-2RS JEM SKF,1,28,3HP
2261,12,3,CWRU,6205-2RS JEM SKF,1,28,3HP
2262,12,6,CWRU,6205-2RS JEM SKF,1,28,3HP
2263,12,6,CWRU,6205-2RS JEM SKF,1,28,3HP
2264,12,6,CWRU,6205-2RS JEM SKF,1,28,3HP
2265,12,6,CWRU,6205-2RS JEM SKF,1,28,3HP
2266,12,6,CWRU,6205-2RS JEM SKF,1,28,3HP
2267,12,6,CWRU,6205-2RS JEM SKF,1,28,3HP
2268,12,6,CWRU,6205-2RS JEM SKF,1,28,3HP
2269,12,6,CWRU,6205-2RS JEM SKF,1,28,3HP
2270,12,6,CWRU,6205-2RS JEM SKF,1,28,3HP
2271,12,6,CWRU,6205-2RS JEM SKF,1,28,3HP
2272,12,6,CWRU,6205-2RS JEM SKF,1,28,3HP
2273,12,6,CWRU,6205-2RS JEM SKF,1,28,3HP
2274,12,6,CWRU,6205-2RS JEM SKF,1,28,3HP
2275,12,6,CWRU,6205-2RS JEM SKF,1,28,3HP
2276,12,6,CWRU,6205-2RS JEM SKF,1,28,3HP
2277,12,6,CWRU,6205-2RS JEM SKF,1,28,3HP
2278,12,6,CWRU,6205-2RS JEM SKF,1,28,3HP
2279,12,6,CWRU,6205-2RS JEM SKF,1,28,3HP
2280,12,6,CWRU,6205-2RS JEM SKF,1,28,3HP
2281,12,6,CWRU,6205-2RS JEM SKF,1,28,3HP
2282,12,9,CWRU,6205-2RS JEM SKF,1,28,3HP
2283,12,9,CWRU,6205-2RS JEM SKF,1,28,3HP
2284,12,9,CWRU,6205-2RS JEM SKF,1,28,3HP
2285,12,9,CWRU,6205-2RS JEM SKF,1,28,3HP
2286,12,9,CWRU,6205-2RS JEM SKF,1,28,3HP
2287,12,9,CWRU,6205-2RS JEM SKF,1,28,3HP
2288,12,9,CWRU,6205-2RS JEM SKF,1,28,3HP
2289,12,9,CWRU,6205-2RS JEM SKF,1,28,3HP
2290,12,9,CWRU,6205-2RS JEM SKF,1,28,3HP
2291,12,9,CWRU,6205-2RS JEM SKF,1,28,3HP
2292,12,9,CWRU,6205-2RS JEM SKF,1,28,3HP
2293,12,9,CWRU,6205-2RS JEM SKF,1,28,3HP
2294,12,9,CWRU,6205-2RS JEM SKF,1,28,3HP
2295,12,9,CWRU,6205-2RS JEM SKF,1,28,3HP
2296,12,9,CWRU,6205-2RS JEM SKF,1,28,3HP
2297,12,9,CWRU,6205-2RS JEM SKF,1,28,3HP
2298,12,9,CWRU,6205-2RS JEM SKF,1,28,3HP
2299,12,9,CWRU,6205-2RS JEM SKF,1,28,3HP
2300,12,9,CWRU,6205-2RS JEM SKF,1,28,3HP
2301,12,9,CWRU,6205-2RS JEM SKF,1,28,3HP
2302,12,9,CWRU,6205-2RS JEM SKF,1,28,3HP
2303,12,9,CWRU,6205-2RS JEM SKF,1,28,3HP
2304,12,9,CWRU,6205-2RS JEM SKF,1,28,3HP
2305,12,9,CWRU,6205-2RS JEM SKF,1,28,3HP
2306,12,9,CWRU,6205-2RS JEM SKF,1,28,3HP
2307,12,9,CWRU,6205-2RS JEM SKF,1,28,3HP
2308,12,9,CWRU,6205-2RS JEM SKF,1,28,3HP
2309,12,9,CWRU,6205-2RS JEM SKF,1,28,3HP
2310,12,9,CWRU,6205-2RS JEM SKF,1,28,3HP
2311,12,9,CWRU,6205-2RS JEM SKF,1,28,3HP
2312,12,9,CWRU,6205-2RS JEM SKF,1,28,3HP
2313,12,9,CWRU,6205-2RS JEM SKF,1,28,3HP
2314,12,9,CWRU,6205-2RS JEM SKF,1,28,3HP
2315,12,9,CWRU,6205-2RS JEM SKF,1,28,3HP
2316,12,9,CWRU,6205-2RS JEM SKF,1,28,3HP
2317,12,9,CWRU,6205-2RS JEM SKF,1,28,3HP
2318,12,9,CWRU,6205-2RS JEM SKF,1,28,3HP
2319,12,9,CWRU,6205-2RS JEM SKF,1,28,3HP
2320,12,9,CWRU,6205-2RS JEM SKF,1,28,3HP
2321,12,9,CWRU,6205-2RS JEM SKF,1,28,3HP
2322,12,9,CWRU,6205-2RS JEM SKF,1,28,3HP
2323,12,9,CWRU,6205-2RS JEM SKF,1,28,3HP
2324,12,9,CWRU,6205-2RS JEM SKF,1,28,3HP
2325,12,9,CWRU,6205-2RS JEM SKF,1,28,3HP
2326,12,9,CWRU,6205-2RS JEM SKF,1,28,3HP
2327,12,9,CWRU,6205-2RS JEM SKF,1,28,3HP
2328,12,9,CWRU,6205-2RS JEM SKF,1,28,3HP
2329,12,9,CWRU,6205-2RS JEM SKF,1,28,3HP
2330,12,9,CWRU,6205-2RS JEM SKF,1,28,3HP
2331,12,9,CWRU,6205-2RS JEM SKF,1,28,3HP
2332,12,9,CWRU,6205-2RS JEM SKF,1,28,3HP
2333,12,9,CWRU,6205-2RS JEM SKF,1,28,3HP
2334,12,9,CWRU,6205-2RS JEM SKF,1,28,3HP
2335,12,9,CWRU,6205-2RS JEM SKF,1,28,3HP
2336,12,9,CWRU,6205-2RS JEM SKF,1,28,3HP
2337,12,9,CWRU,6205-2RS JEM SKF,1,28,3HP
2338,12,9,CWRU,6205-2RS JEM SKF,1,28,3HP
2339,12,9,CWRU,6205-2RS JEM SKF,1,28,3HP
2340,12,9,CWRU,6205-2RS JEM SKF,1,28,3HP
2341,12,9,CWRU,6205-2RS JEM SKF,1,28,3HP
2342,13,1,CWRU,6205-2RS JEM SKF,2,28,3HP
2343,13,1,CWRU,6205-2RS JEM SKF,2,28,3HP
2344,13,1,CWRU,6205-2RS JEM SKF,2,28,3HP
2345,13,1,CWRU,6205-2RS JEM SKF,2,28,3HP
2346,13,1,CWRU,6205-2RS JEM SKF,2,28,3HP
2347,13,1,CWRU,6205-2RS JEM SKF,2,28,3HP
2348,13,1,CWRU,6205-2RS JEM SKF,2,28,3HP
2349,13,1,CWRU,6205-2RS JEM SKF,2,28,3HP
2350,13,1,CWRU,6205-2RS JEM SKF,2,28,3HP
2351,13,1,CWRU,6205-2RS JEM SKF,2,28,3HP
2352,13,4,CWRU,6205-2RS JEM SKF,2,28,3HP
2353,13,4,CWRU,6205-2RS JEM SKF,2,28,3HP
2354,13,4,CWRU,6205-2RS JEM SKF,2,28,3HP
2355,13,4,CWRU,6205-2RS JEM SKF,2,28,3HP
2356,13,4,CWRU,6205-2RS JEM SKF,2,28,3HP
2357,13,4,CWRU,6205-2RS JEM SKF,2,28,3HP
2358,13,4,CWRU,6205-2RS JEM SKF,2,28,3HP
2359,13,4,CWRU,6205-2RS JEM SKF,2,28,3HP
2360,13,4,CWRU,6205-2RS JEM SKF,2,28,3HP
2361,13,4,CWRU,6205-2RS JEM SKF,2,28,3HP
2362,13,7,CWRU,6205-2RS JEM SKF,2,28,3HP
2363,13,7,CWRU,6205-2RS JEM SKF,2,28,3HP
2364,13,7,CWRU,6205-2RS JEM SKF,2,28,3HP
2365,13,7,CWRU,6205-2RS JEM SKF,2,28,3HP
2366,13,7,CWRU,6205-2RS JEM SKF,2,28,3HP
2367,13,7,CWRU,6205-2RS JEM SKF,2,28,3HP
2368,13,7,CWRU,6205-2RS JEM SKF,2,28,3HP
2369,13,7,CWRU,6205-2RS JEM SKF,2,28,3HP
2370,13,7,CWRU,6205-2RS JEM SKF,2,28,3HP
2371,13,7,CWRU,6205-2RS JEM SKF,2,28,3HP
2372,13,7,CWRU,6205-2RS JEM SKF,2,28,3HP
2373,13,7,CWRU,6205-2RS JEM SKF,2,28,3HP
2374,13,7,CWRU,6205-2RS JEM SKF,2,28,3HP
2375,13,7,CWRU,6205-2RS JEM SKF,2,28,3HP
2376,13,7,CWRU,6205-2RS JEM SKF,2,28,3HP
2377,13,7,CWRU,6205-2RS JEM SKF,2,28,3HP
2378,13,7,CWRU,6205-2RS JEM SKF,2,28,3HP
2379,13,7,CWRU,6205-2RS JEM SKF,2,28,3HP
2380,13,7,CWRU,6205-2RS JEM SKF,2,28,3HP
2381,13,7,CWRU,6205-2RS JEM SKF,2,28,3HP
2382,13,7,CWRU,6205-2RS JEM SKF,2,28,3HP
2383,13,7,CWRU,6205-2RS JEM SKF,2,28,3HP
2384,13,7,CWRU,6205-2RS JEM SKF,2,28,3HP
2385,13,7,CWRU,6205-2RS JEM SKF,2,28,3HP
2386,13,7,CWRU,6205-2RS JEM SKF,2,28,3HP
2387,13,7,CWRU,6205-2RS JEM SKF,2,28,3HP
2388,13,7,CWRU,6205-2RS JEM SKF,2,28,3HP
2389,13,7,CWRU,6205-2RS JEM SKF,2,28,3HP
2390,13,7,CWRU,6205-2RS JEM SKF,2,28,3HP
2391,13,7,CWRU,6205-2RS JEM SKF,2,28,3HP
2392,13,2,CWRU,6205-2RS JEM SKF,2,28,3HP
2393,13,2,CWRU,6205-2RS JEM SKF,2,28,3HP
2394,13,2,CWRU,6205-2RS JEM SKF,2,28,3HP
2395,13,2,CWRU,6205-2RS JEM SKF,2,28,3HP
2396,13,2,CWRU,6205-2RS JEM SKF,2,28,3HP
2397,13,2,CWRU,6205-2RS JEM SKF,2,28,3HP
2398,13,2,CWRU,6205-2RS JEM SKF,2,28,3HP
2399,13,2,CWRU,6205-2RS JEM SKF,2,28,3HP
2400,13,2,CWRU,6205-2RS JEM SKF,2,28,3HP
2401,13,2,CWRU,6205-2RS JEM SKF,2,28,3HP
2402,13,5,CWRU,6205-2RS JEM SKF,2,28,3HP
2403,13,5,CWRU,6205-2RS JEM SKF,2,28,3HP
2404,13,5,CWRU,6205-2RS JEM SKF,2,28,3HP
2405,13,5,CWRU,6205-2RS JEM SKF,2,28,3HP
2406,13,5,CWRU,6205-2RS JEM SKF,2,28,3HP
2407,13,5,CWRU,6205-2RS JEM SKF,2,28,3HP
2408,13,5,CWRU,6205-2RS JEM SKF,2,28,3HP
2409,13,5,CWRU,6205-2RS JEM SKF,2,28,3HP
2410,13,5,CWRU,6205-2RS JEM SKF,2,28,3HP
2411,13,5,CWRU,6205-2RS JEM SKF,2,28,3HP
2412,13,8,CWRU,6205-2RS JEM SKF,2,28,3HP
2413,13,8,CWRU,6205-2RS JEM SKF,2,28,3HP
2414,13,8,CWRU,6205-2RS JEM SKF,2,28,3HP
2415,13,8,CWRU,6205-2RS JEM SKF,2,28,3HP
2416,13,8,CWRU,6205-2RS JEM SKF,2,28,3HP
2417,13,8,CWRU,6205-2RS JEM SKF,2,28,3HP
2418,13,8,CWRU,6205-2RS JEM SKF,2,28,3HP
2419,13,8,CWRU,6205-2RS JEM SKF,2,28,3HP
2420,13,8,CWRU,6205-2RS JEM SKF,2,28,3HP
2421,13,8,CWRU,6205-2RS JEM SKF,2,28,3HP
2422,13,3,CWRU,6205-2RS JEM SKF,2,28,3HP
2423,13,3,CWRU,6205-2RS JEM SKF,2,28,3HP
2424,13,3,CWRU,6205-2RS JEM SKF,2,28,3HP
2425,13,3,CWRU,6205-2RS JEM SKF,2,28,3HP
2426,13,3,CWRU,6205-2RS JEM SKF,2,28,3HP
2427,13,3,CWRU,6205-2RS JEM SKF,2,28,3HP
2428,13,3,CWRU,6205-2RS JEM SKF,2,28,3HP
2429,13,3,CWRU,6205-2RS JEM SKF,2,28,3HP
2430,13,3,CWRU,6205-2RS JEM SKF,2,28,3HP
2431,13,3,CWRU,6205-2RS JEM SKF,2,28,3HP
2432,13,6,CWRU,6205-2RS JEM SKF,2,28,3HP
2433,13,6,CWRU,6205-2RS JEM SKF,2,28,3HP
2434,13,6,CWRU,6205-2RS JEM SKF,2,28,3HP
2435,13,6,CWRU,6205-2RS JEM SKF,2,28,3HP
2436,13,6,CWRU,6205-2RS JEM SKF,2,28,3HP
2437,13,6,CWRU,6205-2RS JEM SKF,2,28,3HP
2438,13,6,CWRU,6205-2RS JEM SKF,2,28,3HP
2439,13,6,CWRU,6205-2RS JEM SKF,2,28,3HP
2440,13,6,CWRU,6205-2RS JEM SKF,2,28,3HP
2441,13,6,CWRU,6205-2RS JEM SKF,2,28,3HP
2442,13,9,CWRU,6205-2RS JEM SKF,2,28,3HP
2443,13,9,CWRU,6205-2RS JEM SKF,2,28,3HP
2444,13,9,CWRU,6205-2RS JEM SKF,2,28,3HP
2445,13,9,CWRU,6205-2RS JEM SKF,2,28,3HP
2446,13,9,CWRU,6205-2RS JEM SKF,2,28,3HP
2447,13,9,CWRU,6205-2RS JEM SKF,2,28,3HP
2448,13,9,CWRU,6205-2RS JEM SKF,2,28,3HP
2449,13,9,CWRU,6205-2RS JEM SKF,2,28,3HP
2450,13,9,CWRU,6205-2RS JEM SKF,2,28,3HP
2451,13,9,CWRU,6205-2RS JEM SKF,2,28,3HP
2452,13,9,CWRU,6205-2RS JEM SKF,2,28,3HP
2453,13,9,CWRU,6205-2RS JEM SKF,2,28,3HP
2454,13,9,CWRU,6205-2RS JEM SKF,2,28,3HP
2455,13,9,CWRU,6205-2RS JEM SKF,2,28,3HP
2456,13,9,CWRU,6205-2RS JEM SKF,2,28,3HP
2457,13,9,CWRU,6205-2RS JEM SKF,2,28,3HP
2458,13,9,CWRU,6205-2RS JEM SKF,2,28,3HP
2459,13,9,CWRU,6205-2RS JEM SKF,2,28,3HP
2460,13,9,CWRU,6205-2RS JEM SKF,2,28,3HP
2461,13,9,CWRU,6205-2RS JEM SKF,2,28,3HP
2462,13,9,CWRU,6205-2RS JEM SKF,2,28,3HP
2463,13,9,CWRU,6205-2RS JEM SKF,2,28,3HP
2464,13,9,CWRU,6205-2RS JEM SKF,2,28,3HP
2465,13,9,CWRU,6205-2RS JEM SKF,2,28,3HP
2466,13,9,CWRU,6205-2RS JEM SKF,2,28,3HP
2467,13,9,CWRU,6205-2RS JEM SKF,2,28,3HP
2468,13,9,CWRU,6205-2RS JEM SKF,2,28,3HP
2469,13,9,CWRU,6205-2RS JEM SKF,2,28,3HP
2470,13,9,CWRU,6205-2RS JEM SKF,2,28,3HP
2471,13,9,CWRU,6205-2RS JEM SKF,2,28,3HP
2472,14,3,CWRU,6203-2RS JEM SKF,0,29,0HP
2473,14,3,CWRU,6203-2RS JEM SKF,0,29,0HP
2474,14,3,CWRU,6203-2RS JEM SKF,0,29,0HP
2475,14,3,CWRU,6203-2RS JEM SKF,0,29,0HP
2476,14,3,CWRU,6203-2RS JEM SKF,0,29,0HP
2477,14,3,CWRU,6203-2RS JEM SKF,0,29,0HP
2478,14,3,CWRU,6203-2RS JEM SKF,0,29,0HP
2479,14,3,CWRU,6203-2RS JEM SKF,0,29,0HP
2480,14,3,CWRU,6203-2RS JEM SKF,0,29,0HP
2481,14,3,CWRU,6203-2RS JEM SKF,0,29,0HP
2482,14,2,CWRU,6203-2RS JEM SKF,0,29,0HP
2483,14,2,CWRU,6203-2RS JEM SKF,0,29,0HP
2484,14,2,CWRU,6203-2RS JEM SKF,0,29,0HP
2485,14,2,CWRU,6203-2RS JEM SKF,0,29,0HP
2486,14,2,CWRU,6203-2RS JEM SKF,0,29,0HP
2487,14,2,CWRU,6203-2RS JEM SKF,0,29,0HP
2488,14,2,CWRU,6203-2RS JEM SKF,0,29,0HP
2489,14,2,CWRU,6203-2RS JEM SKF,0,29,0HP
2490,14,2,CWRU,6203-2RS JEM SKF,0,29,0HP
2491,14,2,CWRU,6203-2RS JEM SKF,0,29,0HP
2492,14,1,CWRU,6203-2RS JEM SKF,0,29,0HP
2493,14,1,CWRU,6203-2RS JEM SKF,0,29,0HP
2494,14,1,CWRU,6203-2RS JEM SKF,0,29,0HP
2495,14,1,CWRU,6203-2RS JEM SKF,0,29,0HP
2496,14,1,CWRU,6203-2RS JEM SKF,0,29,0HP
2497,14,1,CWRU,6203-2RS JEM SKF,0,29,0HP
2498,14,1,CWRU,6203-2RS JEM SKF,0,29,0HP
2499,14,1,CWRU,6203-2RS JEM SKF,0,29,0HP
2500,14,1,CWRU,6203-2RS JEM SKF,0,29,0HP
2501,14,1,CWRU,6203-2RS JEM SKF,0,29,0HP
2502,14,4,CWRU,6203-2RS JEM SKF,0,29,0HP
2503,14,4,CWRU,6203-2RS JEM SKF,0,29,0HP
2504,14,4,CWRU,6203-2RS JEM SKF,0,29,0HP
2505,14,4,CWRU,6203-2RS JEM SKF,0,29,0HP
2506,14,4,CWRU,6203-2RS JEM SKF,0,29,0HP
2507,14,4,CWRU,6203-2RS JEM SKF,0,29,0HP
2508,14,4,CWRU,6203-2RS JEM SKF,0,29,0HP
2509,14,4,CWRU,6203-2RS JEM SKF,0,29,0HP
2510,14,4,CWRU,6203-2RS JEM SKF,0,29,0HP
2511,14,4,CWRU,6203-2RS JEM SKF,0,29,0HP
2512,14,5,CWRU,6203-2RS JEM SKF,0,29,0HP
2513,14,5,CWRU,6203-2RS JEM SKF,0,29,0HP
2514,14,5,CWRU,6203-2RS JEM SKF,0,29,0HP
2515,14,5,CWRU,6203-2RS JEM SKF,0,29,0HP
2516,14,5,CWRU,6203-2RS JEM SKF,0,29,0HP
2517,14,5,CWRU,6203-2RS JEM SKF,0,29,0HP
2518,14,5,CWRU,6203-2RS JEM SKF,0,29,0HP
2519,14,5,CWRU,6203-2RS JEM SKF,0,29,0HP
2520,14,5,CWRU,6203-2RS JEM SKF,0,29,0HP
2521,14,5,CWRU,6203-2RS JEM SKF,0,29,0HP
2522,14,6,CWRU,6203-2RS JEM SKF,0,29,0HP
2523,14,6,CWRU,6203-2RS JEM SKF,0,29,0HP
2524,14,6,CWRU,6203-2RS JEM SKF,0,29,0HP
2525,14,6,CWRU,6203-2RS JEM SKF,0,29,0HP
2526,14,6,CWRU,6203-2RS JEM SKF,0,29,0HP
2527,14,6,CWRU,6203-2RS JEM SKF,0,29,0HP
2528,14,6,CWRU,6203-2RS JEM SKF,0,29,0HP
2529,14,6,CWRU,6203-2RS JEM SKF,0,29,0HP
2530,14,6,CWRU,6203-2RS JEM SKF,0,29,0HP
2531,14,6,CWRU,6203-2RS JEM SKF,0,29,0HP
2532,14,7,CWRU,6203-2RS JEM SKF,0,29,0HP
2533,14,7,CWRU,6203-2RS JEM SKF,0,29,0HP
2534,14,7,CWRU,6203-2RS JEM SKF,0,29,0HP
2535,14,7,CWRU,6203-2RS JEM SKF,0,29,0HP
2536,14,7,CWRU,6203-2RS JEM SKF,0,29,0HP
2537,14,7,CWRU,6203-2RS JEM SKF,0,29,0HP
2538,14,7,CWRU,6203-2RS JEM SKF,0,29,0HP
2539,14,7,CWRU,6203-2RS JEM SKF,0,29,0HP
2540,14,7,CWRU,6203-2RS JEM SKF,0,29,0HP
2541,14,7,CWRU,6203-2RS JEM SKF,0,29,0HP
2542,14,7,CWRU,6203-2RS JEM SKF,0,29,0HP
2543,14,7,CWRU,6203-2RS JEM SKF,0,29,0HP
2544,14,7,CWRU,6203-2RS JEM SKF,0,29,0HP
2545,14,7,CWRU,6203-2RS JEM SKF,0,29,0HP
2546,14,7,CWRU,6203-2RS JEM SKF,0,29,0HP
2547,14,7,CWRU,6203-2RS JEM SKF,0,29,0HP
2548,14,7,CWRU,6203-2RS JEM SKF,0,29,0HP
2549,14,7,CWRU,6203-2RS JEM SKF,0,29,0HP
2550,14,7,CWRU,6203-2RS JEM SKF,0,29,0HP
2551,14,7,CWRU,6203-2RS JEM SKF,0,29,0HP
2552,14,7,CWRU,6203-2RS JEM SKF,0,29,0HP
2553,14,7,CWRU,6203-2RS JEM SKF,0,29,0HP
2554,14,7,CWRU,6203-2RS JEM SKF,0,29,0HP
2555,14,7,CWRU,6203-2RS JEM SKF,0,29,0HP
2556,14,7,CWRU,6203-2RS JEM SKF,0,29,0HP
2557,14,7,CWRU,6203-2RS JEM SKF,0,29,0HP
2558,14,7,CWRU,6203-2RS JEM SKF,0,29,0HP
2559,14,7,CWRU,6203-2RS JEM SKF,0,29,0HP
2560,14,7,CWRU,6203-2RS JEM SKF,0,29,0HP
2561,14,7,CWRU,6203-2RS JEM SKF,0,29,0HP
2562,14,8,CWRU,6203-2RS JEM SKF,0,29,0HP
2563,14,8,CWRU,6203-2RS JEM SKF,0,29,0HP
2564,14,8,CWRU,6203-2RS JEM SKF,0,29,0HP
2565,14,8,CWRU,6203-2RS JEM SKF,0,29,0HP
2566,14,8,CWRU,6203-2RS JEM SKF,0,29,0HP
2567,14,8,CWRU,6203-2RS JEM SKF,0,29,0HP
2568,14,8,CWRU,6203-2RS JEM SKF,0,29,0HP
2569,14,8,CWRU,6203-2RS JEM SKF,0,29,0HP
2570,14,8,CWRU,6203-2RS JEM SKF,0,29,0HP
2571,14,8,CWRU,6203-2RS JEM SKF,0,29,0HP
2572,14,8,CWRU,6203-2RS JEM SKF,0,29,0HP
2573,14,8,CWRU,6203-2RS JEM SKF,0,29,0HP
2574,14,8,CWRU,6203-2RS JEM SKF,0,29,0HP
2575,14,8,CWRU,6203-2RS JEM SKF,0,29,0HP
2576,14,8,CWRU,6203-2RS JEM SKF,0,29,0HP
2577,14,8,CWRU,6203-2RS JEM SKF,0,29,0HP
2578,14,8,CWRU,6203-2RS JEM SKF,0,29,0HP
2579,14,8,CWRU,6203-2RS JEM SKF,0,29,0HP
2580,14,8,CWRU,6203-2RS JEM SKF,0,29,0HP
2581,14,8,CWRU,6203-2RS JEM SKF,0,29,0HP
2582,14,9,CWRU,6203-2RS JEM SKF,0,29,0HP
2583,14,9,CWRU,6203-2RS JEM SKF,0,29,0HP
2584,14,9,CWRU,6203-2RS JEM SKF,0,29,0HP
2585,14,9,CWRU,6203-2RS JEM SKF,0,29,0HP
2586,14,9,CWRU,6203-2RS JEM SKF,0,29,0HP
2587,14,9,CWRU,6203-2RS JEM SKF,0,29,0HP
2588,14,9,CWRU,6203-2RS JEM SKF,0,29,0HP
2589,14,9,CWRU,6203-2RS JEM SKF,0,29,0HP
2590,14,9,CWRU,6203-2RS JEM SKF,0,29,0HP
2591,14,9,CWRU,6203-2RS JEM SKF,0,29,0HP
2592,15,3,CWRU,6203-2RS JEM SKF,1,29,0HP
2593,15,3,CWRU,6203-2RS JEM SKF,1,29,0HP
2594,15,3,CWRU,6203-2RS JEM SKF,1,29,0HP
2595,15,3,CWRU,6203-2RS JEM SKF,1,29,0HP
2596,15,3,CWRU,6203-2RS JEM SKF,1,29,0HP
2597,15,3,CWRU,6203-2RS JEM SKF,1,29,0HP
2598,15,3,CWRU,6203-2RS JEM SKF,1,29,0HP
2599,15,3,CWRU,6203-2RS JEM SKF,1,29,0HP
2600,15,3,CWRU,6203-2RS JEM SKF,1,29,0HP
2601,15,3,CWRU,6203-2RS JEM SKF,1,29,0HP
2602,15,2,CWRU,6203-2RS JEM SKF,1,29,0HP
2603,15,2,CWRU,6203-2RS JEM SKF,1,29,0HP
2604,15,2,CWRU,6203-2RS JEM SKF,1,29,0HP
2605,15,2,CWRU,6203-2RS JEM SKF,1,29,0HP
2606,15,2,CWRU,6203-2RS JEM SKF,1,29,0HP
2607,15,2,CWRU,6203-2RS JEM SKF,1,29,0HP
2608,15,2,CWRU,6203-2RS JEM SKF,1,29,0HP
2609,15,2,CWRU,6203-2RS JEM SKF,1,29,0HP
2610,15,2,CWRU,6203-2RS JEM SKF,1,29,0HP
2611,15,2,CWRU,6203-2RS JEM SKF,1,29,0HP
2612,15,1,CWRU,6203-2RS JEM SKF,1,29,0HP
2613,15,1,CWRU,6203-2RS JEM SKF,1,29,0HP
2614,15,1,CWRU,6203-2RS JEM SKF,1,29,0HP
2615,15,1,CWRU,6203-2RS JEM SKF,1,29,0HP
2616,15,1,CWRU,6203-2RS JEM SKF,1,29,0HP
2617,15,1,CWRU,6203-2RS JEM SKF,1,29,0HP
2618,15,1,CWRU,6203-2RS JEM SKF,1,29,0HP
2619,15,1,CWRU,6203-2RS JEM SKF,1,29,0HP
2620,15,1,CWRU,6203-2RS JEM SKF,1,29,0HP
2621,15,1,CWRU,6203-2RS JEM SKF,1,29,0HP
2622,15,4,CWRU,6203-2RS JEM SKF,1,29,0HP
2623,15,4,CWRU,6203-2RS JEM SKF,1,29,0HP
2624,15,4,CWRU,6203-2RS JEM SKF,1,29,0HP
2625,15,4,CWRU,6203-2RS JEM SKF,1,29,0HP
2626,15,4,CWRU,6203-2RS JEM SKF,1,29,0HP
2627,15,4,CWRU,6203-2RS JEM SKF,1,29,0HP
2628,15,4,CWRU,6203-2RS JEM SKF,1,29,0HP
2629,15,4,CWRU,6203-2RS JEM SKF,1,29,0HP
2630,15,4,CWRU,6203-2RS JEM SKF,1,29,0HP
2631,15,4,CWRU,6203-2RS JEM SKF,1,29,0HP
2632,15,5,CWRU,6203-2RS JEM SKF,1,29,0HP
2633,15,5,CWRU,6203-2RS JEM SKF,1,29,0HP
2634,15,5,CWRU,6203-2RS JEM SKF,1,29,0HP
2635,15,5,CWRU,6203-2RS JEM SKF,1,29,0HP
2636,15,5,CWRU,6203-2RS JEM SKF,1,29,0HP
2637,15,5,CWRU,6203-2RS JEM SKF,1,29,0HP
2638,15,5,CWRU,6203-2RS JEM SKF,1,29,0HP
2639,15,5,CWRU,6203-2RS JEM SKF,1,29,0HP
2640,15,5,CWRU,6203-2RS JEM SKF,1,29,0HP
2641,15,5,CWRU,6203-2RS JEM SKF,1,29,0HP
2642,15,6,CWRU,6203-2RS JEM SKF,1,29,0HP
2643,15,6,CWRU,6203-2RS JEM SKF,1,29,0HP
2644,15,6,CWRU,6203-2RS JEM SKF,1,29,0HP
2645,15,6,CWRU,6203-2RS JEM SKF,1,29,0HP
2646,15,6,CWRU,6203-2RS JEM SKF,1,29,0HP
2647,15,6,CWRU,6203-2RS JEM SKF,1,29,0HP
2648,15,6,CWRU,6203-2RS JEM SKF,1,29,0HP
2649,15,6,CWRU,6203-2RS JEM SKF,1,29,0HP
2650,15,6,CWRU,6203-2RS JEM SKF,1,29,0HP
2651,15,6,CWRU,6203-2RS JEM SKF,1,29,0HP
2652,15,7,CWRU,6203-2RS JEM SKF,1,29,0HP
2653,15,7,CWRU,6203-2RS JEM SKF,1,29,0HP
2654,15,7,CWRU,6203-2RS JEM SKF,1,29,0HP
2655,15,7,CWRU,6203-2RS JEM SKF,1,29,0HP
2656,15,7,CWRU,6203-2RS JEM SKF,1,29,0HP
2657,15,7,CWRU,6203-2RS JEM SKF,1,29,0HP
2658,15,7,CWRU,6203-2RS JEM SKF,1,29,0HP
2659,15,7,CWRU,6203-2RS JEM SKF,1,29,0HP
2660,15,7,CWRU,6203-2RS JEM SKF,1,29,0HP
2661,15,7,CWRU,6203-2RS JEM SKF,1,29,0HP
2662,15,7,CWRU,6203-2RS JEM SKF,1,29,0HP
2663,15,7,CWRU,6203-2RS JEM SKF,1,29,0HP
2664,15,7,CWRU,6203-2RS JEM SKF,1,29,0HP
2665,15,7,CWRU,6203-2RS JEM SKF,1,29,0HP
2666,15,7,CWRU,6203-2RS JEM SKF,1,29,0HP
2667,15,7,CWRU,6203-2RS JEM SKF,1,29,0HP
2668,15,7,CWRU,6203-2RS JEM SKF,1,29,0HP
2669,15,7,CWRU,6203-2RS JEM SKF,1,29,0HP
2670,15,7,CWRU,6203-2RS JEM SKF,1,29,0HP
2671,15,7,CWRU,6203-2RS JEM SKF,1,29,0HP
2672,15,7,CWRU,6203-2RS JEM SKF,1,29,0HP
2673,15,7,CWRU,6203-2RS JEM SKF,1,29,0HP
2674,15,7,CWRU,6203-2RS JEM SKF,1,29,0HP
2675,15,7,CWRU,6203-2RS JEM SKF,1,29,0HP
2676,15,7,CWRU,6203-2RS JEM SKF,1,29,0HP
2677,15,7,CWRU,6203-2RS JEM SKF,1,29,0HP
2678,15,7,CWRU,6203-2RS JEM SKF,1,29,0HP
2679,15,7,CWRU,6203-2RS JEM SKF,1,29,0HP
2680,15,7,CWRU,6203-2RS JEM SKF,1,29,0HP
2681,15,7,CWRU,6203-2RS JEM SKF,1,29,0HP
2682,15,8,CWRU,6203-2RS JEM SKF,1,29,0HP
2683,15,8,CWRU,6203-2RS JEM SKF,1,29,0HP
2684,15,8,CWRU,6203-2RS JEM SKF,1,29,0HP
2685,15,8,CWRU,6203-2RS JEM SKF,1,29,0HP
2686,15,8,CWRU,6203-2RS JEM SKF,1,29,0HP
2687,15,8,CWRU,6203-2RS JEM SKF,1,29,0HP
2688,15,8,CWRU,6203-2RS JEM SKF,1,29,0HP
2689,15,8,CWRU,6203-2RS JEM SKF,1,29,0HP
2690,15,8,CWRU,6203-2RS JEM SKF,1,29,0HP
2691,15,8,CWRU,6203-2RS JEM SKF,1,29,0HP
2692,15,8,CWRU,6203-2RS JEM SKF,1,29,0HP
2693,15,8,CWRU,6203-2RS JEM SKF,1,29,0HP
2694,15,8,CWRU,6203-2RS JEM SKF,1,29,0HP
2695,15,8,CWRU,6203-2RS JEM SKF,1,29,0HP
2696,15,8,CWRU,6203-2RS JEM SKF,1,29,0HP
2697,15,8,CWRU,6203-2RS JEM SKF,1,29,0HP
2698,15,8,CWRU,6203-2RS JEM SKF,1,29,0HP
2699,15,8,CWRU,6203-2RS JEM SKF,1,29,0HP
2700,15,8,CWRU,6203-2RS JEM SKF,1,29,0HP
2701,15,8,CWRU,6203-2RS JEM SKF,1,29,0HP
2702,15,9,CWRU,6203-2RS JEM SKF,1,29,0HP
2703,15,9,CWRU,6203-2RS JEM SKF,1,29,0HP
2704,15,9,CWRU,6203-2RS JEM SKF,1,29,0HP
2705,15,9,CWRU,6203-2RS JEM SKF,1,29,0HP
2706,15,9,CWRU,6203-2RS JEM SKF,1,29,0HP
2707,15,9,CWRU,6203-2RS JEM SKF,1,29,0HP
2708,15,9,CWRU,6203-2RS JEM SKF,1,29,0HP
2709,15,9,CWRU,6203-2RS JEM SKF,1,29,0HP
2710,15,9,CWRU,6203-2RS JEM SKF,1,29,0HP
2711,15,9,CWRU,6203-2RS JEM SKF,1,29,0HP
2712,16,3,CWRU,6203-2RS JEM SKF,2,29,0HP
2713,16,3,CWRU,6203-2RS JEM SKF,2,29,0HP
2714,16,3,CWRU,6203-2RS JEM SKF,2,29,0HP
2715,16,3,CWRU,6203-2RS JEM SKF,2,29,0HP
2716,16,3,CWRU,6203-2RS JEM SKF,2,29,0HP
2717,16,3,CWRU,6203-2RS JEM SKF,2,29,0HP
2718,16,3,CWRU,6203-2RS JEM SKF,2,29,0HP
2719,16,3,CWRU,6203-2RS JEM SKF,2,29,0HP
2720,16,3,CWRU,6203-2RS JEM SKF,2,29,0HP
2721,16,3,CWRU,6203-2RS JEM SKF,2,29,0HP
2722,16,2,CWRU,6203-2RS JEM SKF,2,29,0HP
2723,16,2,CWRU,6203-2RS JEM SKF,2,29,0HP
2724,16,2,CWRU,6203-2RS JEM SKF,2,29,0HP
2725,16,2,CWRU,6203-2RS JEM SKF,2,29,0HP
2726,16,2,CWRU,6203-2RS JEM SKF,2,29,0HP
2727,16,2,CWRU,6203-2RS JEM SKF,2,29,0HP
2728,16,2,CWRU,6203-2RS JEM SKF,2,29,0HP
2729,16,2,CWRU,6203-2RS JEM SKF,2,29,0HP
2730,16,2,CWRU,6203-2RS JEM SKF,2,29,0HP
2731,16,2,CWRU,6203-2RS JEM SKF,2,29,0HP
2732,16,1,CWRU,6203-2RS JEM SKF,2,29,0HP
2733,16,1,CWRU,6203-2RS JEM SKF,2,29,0HP
2734,16,1,CWRU,6203-2RS JEM SKF,2,29,0HP
2735,16,1,CWRU,6203-2RS JEM SKF,2,29,0HP
2736,16,1,CWRU,6203-2RS JEM SKF,2,29,0HP
2737,16,1,CWRU,6203-2RS JEM SKF,2,29,0HP
2738,16,1,CWRU,6203-2RS JEM SKF,2,29,0HP
2739,16,1,CWRU,6203-2RS JEM SKF,2,29,0HP
2740,16,1,CWRU,6203-2RS JEM SKF,2,29,0HP
2741,16,1,CWRU,6203-2RS JEM SKF,2,29,0HP
2742,16,4,CWRU,6203-2RS JEM SKF,2,29,0HP
2743,16,4,CWRU,6203-2RS JEM SKF,2,29,0HP
2744,16,4,CWRU,6203-2RS JEM SKF,2,29,0HP
2745,16,4,CWRU,6203-2RS JEM SKF,2,29,0HP
2746,16,4,CWRU,6203-2RS JEM SKF,2,29,0HP
2747,16,4,CWRU,6203-2RS JEM SKF,2,29,0HP
2748,16,4,CWRU,6203-2RS JEM SKF,2,29,0HP
2749,16,4,CWRU,6203-2RS JEM SKF,2,29,0HP
2750,16,4,CWRU,6203-2RS JEM SKF,2,29,0HP
2751,16,4,CWRU,6203-2RS JEM SKF,2,29,0HP
2752,16,5,CWRU,6203-2RS JEM SKF,2,29,0HP
2753,16,5,CWRU,6203-2RS JEM SKF,2,29,0HP
2754,16,5,CWRU,6203-2RS JEM SKF,2,29,0HP
2755,16,5,CWRU,6203-2RS JEM SKF,2,29,0HP
2756,16,5,CWRU,6203-2RS JEM SKF,2,29,0HP
2757,16,5,CWRU,6203-2RS JEM SKF,2,29,0HP
2758,16,5,CWRU,6203-2RS JEM SKF,2,29,0HP
2759,16,5,CWRU,6203-2RS JEM SKF,2,29,0HP
2760,16,5,CWRU,6203-2RS JEM SKF,2,29,0HP
2761,16,5,CWRU,6203-2RS JEM SKF,2,29,0HP
2762,16,6,CWRU,6203-2RS JEM SKF,2,29,0HP
2763,16,6,CWRU,6203-2RS JEM SKF,2,29,0HP
2764,16,6,CWRU,6203-2RS JEM SKF,2,29,0HP
2765,16,6,CWRU,6203-2RS JEM SKF,2,29,0HP
2766,16,6,CWRU,6203-2RS JEM SKF,2,29,0HP
2767,16,6,CWRU,6203-2RS JEM SKF,2,29,0HP
2768,16,6,CWRU,6203-2RS JEM SKF,2,29,0HP
2769,16,6,CWRU,6203-2RS JEM SKF,2,29,0HP
2770,16,6,CWRU,6203-2RS JEM SKF,2,29,0HP
2771,16,6,CWRU,6203-2RS JEM SKF,2,29,0HP
2772,16,7,CWRU,6203-2RS JEM SKF,2,29,0HP
2773,16,7,CWRU,6203-2RS JEM SKF,2,29,0HP
2774,16,7,CWRU,6203-2RS JEM SKF,2,29,0HP
2775,16,7,CWRU,6203-2RS JEM SKF,2,29,0HP
2776,16,7,CWRU,6203-2RS JEM SKF,2,29,0HP
2777,16,7,CWRU,6203-2RS JEM SKF,2,29,0HP
2778,16,7,CWRU,6203-2RS JEM SKF,2,29,0HP
2779,16,7,CWRU,6203-2RS JEM SKF,2,29,0HP
2780,16,7,CWRU,6203-2RS JEM SKF,2,29,0HP
2781,16,7,CWRU,6203-2RS JEM SKF,2,29,0HP
2782,16,7,CWRU,6203-2RS JEM SKF,2,29,0HP
2783,16,7,CWRU,6203-2RS JEM SKF,2,29,0HP
2784,16,7,CWRU,6203-2RS JEM SKF,2,29,0HP
2785,16,7,CWRU,6203-2RS JEM SKF,2,29,0HP
2786,16,7,CWRU,6203-2RS JEM SKF,2,29,0HP
2787,16,7,CWRU,6203-2RS JEM SKF,2,29,0HP
2788,16,7,CWRU,6203-2RS JEM SKF,2,29,0HP
2789,16,7,CWRU,6203-2RS JEM SKF,2,29,0HP
2790,16,7,CWRU,6203-2RS JEM SKF,2,29,0HP
2791,16,7,CWRU,6203-2RS JEM SKF,2,29,0HP
2792,16,7,CWRU,6203-2RS JEM SKF,2,29,0HP
2793,16,7,CWRU,6203-2RS JEM SKF,2,29,0HP
2794,16,7,CWRU,6203-2RS JEM SKF,2,29,0HP
2795,16,7,CWRU,6203-2RS JEM SKF,2,29,0HP
2796,16,7,CWRU,6203-2RS JEM SKF,2,29,0HP
2797,16,7,CWRU,6203-2RS JEM SKF,2,29,0HP
2798,16,7,CWRU,6203-2RS JEM SKF,2,29,0HP
2799,16,7,CWRU,6203-2RS JEM SKF,2,29,0HP
2800,16,7,CWRU,6203-2RS JEM SKF,2,29,0HP
2801,16,7,CWRU,6203-2RS JEM SKF,2,29,0HP
2802,16,8,CWRU,6203-2RS JEM SKF,2,29,0HP
2803,16,8,CWRU,6203-2RS JEM SKF,2,29,0HP
2804,16,8,CWRU,6203-2RS JEM SKF,2,29,0HP
2805,16,8,CWRU,6203-2RS JEM SKF,2,29,0HP
2806,16,8,CWRU,6203-2RS JEM SKF,2,29,0HP
2807,16,8,CWRU,6203-2RS JEM SKF,2,29,0HP
2808,16,8,CWRU,6203-2RS JEM SKF,2,29,0HP
2809,16,8,CWRU,6203-2RS JEM SKF,2,29,0HP
2810,16,8,CWRU,6203-2RS JEM SKF,2,29,0HP
2811,16,8,CWRU,6203-2RS JEM SKF,2,29,0HP
2812,16,8,CWRU,6203-2RS JEM SKF,2,29,0HP
2813,16,8,CWRU,6203-2RS JEM SKF,2,29,0HP
2814,16,8,CWRU,6203-2RS JEM SKF,2,29,0HP
2815,16,8,CWRU,6203-2RS JEM SKF,2,29,0HP
2816,16,8,CWRU,6203-2RS JEM SKF,2,29,0HP
2817,16,8,CWRU,6203-2RS JEM SKF,2,29,0HP
2818,16,8,CWRU,6203-2RS JEM SKF,2,29,0HP
2819,16,8,CWRU,6203-2RS JEM SKF,2,29,0HP
2820,16,8,CWRU,6203-2RS JEM SKF,2,29,0HP
2821,16,8,CWRU,6203-2RS JEM SKF,2,29,0HP
2822,16,9,CWRU,6203-2RS JEM SKF,2,29,0HP
2823,16,9,CWRU,6203-2RS JEM SKF,2,29,0HP
2824,16,9,CWRU,6203-2RS JEM SKF,2,29,0HP
2825,16,9,CWRU,6203-2RS JEM SKF,2,29,0HP
2826,16,9,CWRU,6203-2RS JEM SKF,2,29,0HP
2827,16,9,CWRU,6203-2RS JEM SKF,2,29,0HP
2828,16,9,CWRU,6203-2RS JEM SKF,2,29,0HP
2829,16,9,CWRU,6203-2RS JEM SKF,2,29,0HP
2830,16,9,CWRU,6203-2RS JEM SKF,2,29,0HP
2831,16,9,CWRU,6203-2RS JEM SKF,2,29,0HP
2832,17,3,CWRU,6203-2RS JEM SKF,0,29,1HP
2833,17,3,CWRU,6203-2RS JEM SKF,0,29,1HP
2834,17,3,CWRU,6203-2RS JEM SKF,0,29,1HP
2835,17,3,CWRU,6203-2RS JEM SKF,0,29,1HP
2836,17,3,CWRU,6203-2RS JEM SKF,0,29,1HP
2837,17,3,CWRU,6203-2RS JEM SKF,0,29,1HP
2838,17,3,CWRU,6203-2RS JEM SKF,0,29,1HP
2839,17,3,CWRU,6203-2RS JEM SKF,0,29,1HP
2840,17,3,CWRU,6203-2RS JEM SKF,0,29,1HP
2841,17,3,CWRU,6203-2RS JEM SKF,0,29,1HP
2842,17,2,CWRU,6203-2RS JEM SKF,0,29,1HP
2843,17,2,CWRU,6203-2RS JEM SKF,0,29,1HP
2844,17,2,CWRU,6203-2RS JEM SKF,0,29,1HP
2845,17,2,CWRU,6203-2RS JEM SKF,0,29,1HP
2846,17,2,CWRU,6203-2RS JEM SKF,0,29,1HP
2847,17,2,CWRU,6203-2RS JEM SKF,0,29,1HP
2848,17,2,CWRU,6203-2RS JEM SKF,0,29,1HP
2849,17,2,CWRU,6203-2RS JEM SKF,0,29,1HP
2850,17,2,CWRU,6203-2RS JEM SKF,0,29,1HP
2851,17,2,CWRU,6203-2RS JEM SKF,0,29,1HP
2852,17,4,CWRU,6203-2RS JEM SKF,0,29,1HP
2853,17,4,CWRU,6203-2RS JEM SKF,0,29,1HP
2854,17,4,CWRU,6203-2RS JEM SKF,0,29,1HP
2855,17,4,CWRU,6203-2RS JEM SKF,0,29,1HP
2856,17,4,CWRU,6203-2RS JEM SKF,0,29,1HP
2857,17,4,CWRU,6203-2RS JEM SKF,0,29,1HP
2858,17,4,CWRU,6203-2RS JEM SKF,0,29,1HP
2859,17,4,CWRU,6203-2RS JEM SKF,0,29,1HP
2860,17,4,CWRU,6203-2RS JEM SKF,0,29,1HP
2861,17,4,CWRU,6203-2RS JEM SKF,0,29,1HP
2862,17,5,CWRU,6203-2RS JEM SKF,0,29,1HP
2863,17,5,CWRU,6203-2RS JEM SKF,0,29,1HP
2864,17,5,CWRU,6203-2RS JEM SKF,0,29,1HP
2865,17,5,CWRU,6203-2RS JEM SKF,0,29,1HP
2866,17,5,CWRU,6203-2RS JEM SKF,0,29,1HP
2867,17,5,CWRU,6203-2RS JEM SKF,0,29,1HP
2868,17,5,CWRU,6203-2RS JEM SKF,0,29,1HP
2869,17,5,CWRU,6203-2RS JEM SKF,0,29,1HP
2870,17,5,CWRU,6203-2RS JEM SKF,0,29,1HP
2871,17,5,CWRU,6203-2RS JEM SKF,0,29,1HP
2872,17,6,CWRU,6203-2RS JEM SKF,0,29,1HP
2873,17,6,CWRU,6203-2RS JEM SKF,0,29,1HP
2874,17,6,CWRU,6203-2RS JEM SKF,0,29,1HP
2875,17,6,CWRU,6203-2RS JEM SKF,0,29,1HP
2876,17,6,CWRU,6203-2RS JEM SKF,0,29,1HP
2877,17,6,CWRU,6203-2RS JEM SKF,0,29,1HP
2878,17,6,CWRU,6203-2RS JEM SKF,0,29,1HP
2879,17,6,CWRU,6203-2RS JEM SKF,0,29,1HP
2880,17,6,CWRU,6203-2RS JEM SKF,0,29,1HP
2881,17,6,CWRU,6203-2RS JEM SKF,0,29,1HP
2882,17,7,CWRU,6203-2RS JEM SKF,0,29,1HP
2883,17,7,CWRU,6203-2RS JEM SKF,0,29,1HP
2884,17,7,CWRU,6203-2RS JEM SKF,0,29,1HP
2885,17,7,CWRU,6203-2RS JEM SKF,0,29,1HP
2886,17,7,CWRU,6203-2RS JEM SKF,0,29,1HP
2887,17,7,CWRU,6203-2RS JEM SKF,0,29,1HP
2888,17,7,CWRU,6203-2RS JEM SKF,0,29,1HP
2889,17,7,CWRU,6203-2RS JEM SKF,0,29,1HP
2890,17,7,CWRU,6203-2RS JEM SKF,0,29,1HP
2891,17,7,CWRU,6203-2RS JEM SKF,0,29,1HP
2892,17,7,CWRU,6203-2RS JEM SKF,0,29,1HP
2893,17,7,CWRU,6203-2RS JEM SKF,0,29,1HP
2894,17,7,CWRU,6203-2RS JEM SKF,0,29,1HP
2895,17,7,CWRU,6203-2RS JEM SKF,0,29,1HP
2896,17,7,CWRU,6203-2RS JEM SKF,0,29,1HP
2897,17,7,CWRU,6203-2RS JEM SKF,0,29,1HP
2898,17,7,CWRU,6203-2RS JEM SKF,0,29,1HP
2899,17,7,CWRU,6203-2RS JEM SKF,0,29,1HP
2900,17,7,CWRU,6203-2RS JEM SKF,0,29,1HP
2901,17,7,CWRU,6203-2RS JEM SKF,0,29,1HP
2902,17,7,CWRU,6203-2RS JEM SKF,0,29,1HP
2903,17,7,CWRU,6203-2RS JEM SKF,0,29,1HP
2904,17,7,CWRU,6203-2RS JEM SKF,0,29,1HP
2905,17,7,CWRU,6203-2RS JEM SKF,0,29,1HP
2906,17,7,CWRU,6203-2RS JEM SKF,0,29,1HP
2907,17,7,CWRU,6203-2RS JEM SKF,0,29,1HP
2908,17,7,CWRU,6203-2RS JEM SKF,0,29,1HP
2909,17,7,CWRU,6203-2RS JEM SKF,0,29,1HP
2910,17,7,CWRU,6203-2RS JEM SKF,0,29,1HP
2911,17,7,CWRU,6203-2RS JEM SKF,0,29,1HP
2912,17,8,CWRU,6203-2RS JEM SKF,0,29,1HP
2913,17,8,CWRU,6203-2RS JEM SKF,0,29,1HP
2914,17,8,CWRU,6203-2RS JEM SKF,0,29,1HP
2915,17,8,CWRU,6203-2RS JEM SKF,0,29,1HP
2916,17,8,CWRU,6203-2RS JEM SKF,0,29,1HP
2917,17,8,CWRU,6203-2RS JEM SKF,0,29,1HP
2918,17,8,CWRU,6203-2RS JEM SKF,0,29,1HP
2919,17,8,CWRU,6203-2RS JEM SKF,0,29,1HP
2920,17,8,CWRU,6203-2RS JEM SKF,0,29,1HP
2921,17,8,CWRU,6203-2RS JEM SKF,0,29,1HP
2922,17,9,CWRU,6203-2RS JEM SKF,0,29,1HP
2923,17,9,CWRU,6203-2RS JEM SKF,0,29,1HP
2924,17,9,CWRU,6203-2RS JEM SKF,0,29,1HP
2925,17,9,CWRU,6203-2RS JEM SKF,0,29,1HP
2926,17,9,CWRU,6203-2RS JEM SKF,0,29,1HP
2927,17,9,CWRU,6203-2RS JEM SKF,0,29,1HP
2928,17,9,CWRU,6203-2RS JEM SKF,0,29,1HP
2929,17,9,CWRU,6203-2RS JEM SKF,0,29,1HP
2930,17,9,CWRU,6203-2RS JEM SKF,0,29,1HP
2931,17,9,CWRU,6203-2RS JEM SKF,0,29,1HP
2932,18,3,CWRU,6203-2RS JEM SKF,1,29,1HP
2933,18,3,CWRU,6203-2RS JEM SKF,1,29,1HP
2934,18,3,CWRU,6203-2RS JEM SKF,1,29,1HP
2935,18,3,CWRU,6203-2RS JEM SKF,1,29,1HP
2936,18,3,CWRU,6203-2RS JEM SKF,1,29,1HP
2937,18,3,CWRU,6203-2RS JEM SKF,1,29,1HP
2938,18,3,CWRU,6203-2RS JEM SKF,1,29,1HP
2939,18,3,CWRU,6203-2RS JEM SKF,1,29,1HP
2940,18,3,CWRU,6203-2RS JEM SKF,1,29,1HP
2941,18,3,CWRU,6203-2RS JEM SKF,1,29,1HP
2942,18,2,CWRU,6203-2RS JEM SKF,1,29,1HP
2943,18,2,CWRU,6203-2RS JEM SKF,1,29,1HP
2944,18,2,CWRU,6203-2RS JEM SKF,1,29,1HP
2945,18,2,CWRU,6203-2RS JEM SKF,1,29,1HP
2946,18,2,CWRU,6203-2RS JEM SKF,1,29,1HP
2947,18,2,CWRU,6203-2RS JEM SKF,1,29,1HP
2948,18,2,CWRU,6203-2RS JEM SKF,1,29,1HP
2949,18,2,CWRU,6203-2RS JEM SKF,1,29,1HP
2950,18,2,CWRU,6203-2RS JEM SKF,1,29,1HP
2951,18,2,CWRU,6203-2RS JEM SKF,1,29,1HP
2952,18,4,CWRU,6203-2RS JEM SKF,1,29,1HP
2953,18,4,CWRU,6203-2RS JEM SKF,1,29,1HP
2954,18,4,CWRU,6203-2RS JEM SKF,1,29,1HP
2955,18,4,CWRU,6203-2RS JEM SKF,1,29,1HP
2956,18,4,CWRU,6203-2RS JEM SKF,1,29,1HP
2957,18,4,CWRU,6203-2RS JEM SKF,1,29,1HP
2958,18,4,CWRU,6203-2RS JEM SKF,1,29,1HP
2959,18,4,CWRU,6203-2RS JEM SKF,1,29,1HP
2960,18,4,CWRU,6203-2RS JEM SKF,1,29,1HP
2961,18,4,CWRU,6203-2RS JEM SKF,1,29,1HP
2962,18,5,CWRU,6203-2RS JEM SKF,1,29,1HP
2963,18,5,CWRU,6203-2RS JEM SKF,1,29,1HP
2964,18,5,CWRU,6203-2RS JEM SKF,1,29,1HP
2965,18,5,CWRU,6203-2RS JEM SKF,1,29,1HP
2966,18,5,CWRU,6203-2RS JEM SKF,1,29,1HP
2967,18,5,CWRU,6203-2RS JEM SKF,1,29,1HP
2968,18,5,CWRU,6203-2RS JEM SKF,1,29,1HP
2969,18,5,CWRU,6203-2RS JEM SKF,1,29,1HP
2970,18,5,CWRU,6203-2RS JEM SKF,1,29,1HP
2971,18,5,CWRU,6203-2RS JEM SKF,1,29,1HP
2972,18,6,CWRU,6203-2RS JEM SKF,1,29,1HP
2973,18,6,CWRU,6203-2RS JEM SKF,1,29,1HP
2974,18,6,CWRU,6203-2RS JEM SKF,1,29,1HP
2975,18,6,CWRU,6203-2RS JEM SKF,1,29,1HP
2976,18,6,CWRU,6203-2RS JEM SKF,1,29,1HP
2977,18,6,CWRU,6203-2RS JEM SKF,1,29,1HP
2978,18,6,CWRU,6203-2RS JEM SKF,1,29,1HP
2979,18,6,CWRU,6203-2RS JEM SKF,1,29,1HP
2980,18,6,CWRU,6203-2RS JEM SKF,1,29,1HP
2981,18,6,CWRU,6203-2RS JEM SKF,1,29,1HP
2982,18,7,CWRU,6203-2RS JEM SKF,1,29,1HP
2983,18,7,CWRU,6203-2RS JEM SKF,1,29,1HP
2984,18,7,CWRU,6203-2RS JEM SKF,1,29,1HP
2985,18,7,CWRU,6203-2RS JEM SKF,1,29,1HP
2986,18,7,CWRU,6203-2RS JEM SKF,1,29,1HP
2987,18,7,CWRU,6203-2RS JEM SKF,1,29,1HP
2988,18,7,CWRU,6203-2RS JEM SKF,1,29,1HP
2989,18,7,CWRU,6203-2RS JEM SKF,1,29,1HP
2990,18,7,CWRU,6203-2RS JEM SKF,1,29,1HP
2991,18,7,CWRU,6203-2RS JEM SKF,1,29,1HP
2992,18,7,CWRU,6203-2RS JEM SKF,1,29,1HP
2993,18,7,CWRU,6203-2RS JEM SKF,1,29,1HP
2994,18,7,CWRU,6203-2RS JEM SKF,1,29,1HP
2995,18,7,CWRU,6203-2RS JEM SKF,1,29,1HP
2996,18,7,CWRU,6203-2RS JEM SKF,1,29,1HP
2997,18,7,CWRU,6203-2RS JEM SKF,1,29,1HP
2998,18,7,CWRU,6203-2RS JEM SKF,1,29,1HP
2999,18,7,CWRU,6203-2RS JEM SKF,1,29,1HP
3000,18,7,CWRU,6203-2RS JEM SKF,1,29,1HP
3001,18,7,CWRU,6203-2RS JEM SKF,1,29,1HP
3002,18,7,CWRU,6203-2RS JEM SKF,1,29,1HP
3003,18,7,CWRU,6203-2RS JEM SKF,1,29,1HP
3004,18,7,CWRU,6203-2RS JEM SKF,1,29,1HP
3005,18,7,CWRU,6203-2RS JEM SKF,1,29,1HP
3006,18,7,CWRU,6203-2RS JEM SKF,1,29,1HP
3007,18,7,CWRU,6203-2RS JEM SKF,1,29,1HP
3008,18,7,CWRU,6203-2RS JEM SKF,1,29,1HP
3009,18,7,CWRU,6203-2RS JEM SKF,1,29,1HP
3010,18,7,CWRU,6203-2RS JEM SKF,1,29,1HP
3011,18,7,CWRU,6203-2RS JEM SKF,1,29,1HP
3012,18,8,CWRU,6203-2RS JEM SKF,1,29,1HP
3013,18,8,CWRU,6203-2RS JEM SKF,1,29,1HP
3014,18,8,CWRU,6203-2RS JEM SKF,1,29,1HP
3015,18,8,CWRU,6203-2RS JEM SKF,1,29,1HP
3016,18,8,CWRU,6203-2RS JEM SKF,1,29,1HP
3017,18,8,CWRU,6203-2RS JEM SKF,1,29,1HP
3018,18,8,CWRU,6203-2RS JEM SKF,1,29,1HP
3019,18,8,CWRU,6203-2RS JEM SKF,1,29,1HP
3020,18,8,CWRU,6203-2RS JEM SKF,1,29,1HP
3021,18,8,CWRU,6203-2RS JEM SKF,1,29,1HP
3022,18,9,CWRU,6203-2RS JEM SKF,1,29,1HP
3023,18,9,CWRU,6203-2RS JEM SKF,1,29,1HP
3024,18,9,CWRU,6203-2RS JEM SKF,1,29,1HP
3025,18,9,CWRU,6203-2RS JEM SKF,1,29,1HP
3026,18,9,CWRU,6203-2RS JEM SKF,1,29,1HP
3027,18,9,CWRU,6203-2RS JEM SKF,1,29,1HP
3028,18,9,CWRU,6203-2RS JEM SKF,1,29,1HP
3029,18,9,CWRU,6203-2RS JEM SKF,1,29,1HP
3030,18,9,CWRU,6203-2RS JEM SKF,1,29,1HP
3031,18,9,CWRU,6203-2RS JEM SKF,1,29,1HP
3032,19,3,CWRU,6203-2RS JEM SKF,2,29,1HP
3033,19,3,CWRU,6203-2RS JEM SKF,2,29,1HP
3034,19,3,CWRU,6203-2RS JEM SKF,2,29,1HP
3035,19,3,CWRU,6203-2RS JEM SKF,2,29,1HP
3036,19,3,CWRU,6203-2RS JEM SKF,2,29,1HP
3037,19,3,CWRU,6203-2RS JEM SKF,2,29,1HP
3038,19,3,CWRU,6203-2RS JEM SKF,2,29,1HP
3039,19,3,CWRU,6203-2RS JEM SKF,2,29,1HP
3040,19,3,CWRU,6203-2RS JEM SKF,2,29,1HP
3041,19,3,CWRU,6203-2RS JEM SKF,2,29,1HP
3042,19,2,CWRU,6203-2RS JEM SKF,2,29,1HP
3043,19,2,CWRU,6203-2RS JEM SKF,2,29,1HP
3044,19,2,CWRU,6203-2RS JEM SKF,2,29,1HP
3045,19,2,CWRU,6203-2RS JEM SKF,2,29,1HP
3046,19,2,CWRU,6203-2RS JEM SKF,2,29,1HP
3047,19,2,CWRU,6203-2RS JEM SKF,2,29,1HP
3048,19,2,CWRU,6203-2RS JEM SKF,2,29,1HP
3049,19,2,CWRU,6203-2RS JEM SKF,2,29,1HP
3050,19,2,CWRU,6203-2RS JEM SKF,2,29,1HP
3051,19,2,CWRU,6203-2RS JEM SKF,2,29,1HP
3052,19,4,CWRU,6203-2RS JEM SKF,2,29,1HP
3053,19,4,CWRU,6203-2RS JEM SKF,2,29,1HP
3054,19,4,CWRU,6203-2RS JEM SKF,2,29,1HP
3055,19,4,CWRU,6203-2RS JEM SKF,2,29,1HP
3056,19,4,CWRU,6203-2RS JEM SKF,2,29,1HP
3057,19,4,CWRU,6203-2RS JEM SKF,2,29,1HP
3058,19,4,CWRU,6203-2RS JEM SKF,2,29,1HP
3059,19,4,CWRU,6203-2RS JEM SKF,2,29,1HP
3060,19,4,CWRU,6203-2RS JEM SKF,2,29,1HP
3061,19,4,CWRU,6203-2RS JEM SKF,2,29,1HP
3062,19,5,CWRU,6203-2RS JEM SKF,2,29,1HP
3063,19,5,CWRU,6203-2RS JEM SKF,2,29,1HP
3064,19,5,CWRU,6203-2RS JEM SKF,2,29,1HP
3065,19,5,CWRU,6203-2RS JEM SKF,2,29,1HP
3066,19,5,CWRU,6203-2RS JEM SKF,2,29,1HP
3067,19,5,CWRU,6203-2RS JEM SKF,2,29,1HP
3068,19,5,CWRU,6203-2RS JEM SKF,2,29,1HP
3069,19,5,CWRU,6203-2RS JEM SKF,2,29,1HP
3070,19,5,CWRU,6203-2RS JEM SKF,2,29,1HP
3071,19,5,CWRU,6203-2RS JEM SKF,2,29,1HP
3072,19,6,CWRU,6203-2RS JEM SKF,2,29,1HP
3073,19,6,CWRU,6203-2RS JEM SKF,2,29,1HP
3074,19,6,CWRU,6203-2RS JEM SKF,2,29,1HP
3075,19,6,CWRU,6203-2RS JEM SKF,2,29,1HP
3076,19,6,CWRU,6203-2RS JEM SKF,2,29,1HP
3077,19,6,CWRU,6203-2RS JEM SKF,2,29,1HP
3078,19,6,CWRU,6203-2RS JEM SKF,2,29,1HP
3079,19,6,CWRU,6203-2RS JEM SKF,2,29,1HP
3080,19,6,CWRU,6203-2RS JEM SKF,2,29,1HP
3081,19,6,CWRU,6203-2RS JEM SKF,2,29,1HP
3082,19,7,CWRU,6203-2RS JEM SKF,2,29,1HP
3083,19,7,CWRU,6203-2RS JEM SKF,2,29,1HP
3084,19,7,CWRU,6203-2RS JEM SKF,2,29,1HP
3085,19,7,CWRU,6203-2RS JEM SKF,2,29,1HP
3086,19,7,CWRU,6203-2RS JEM SKF,2,29,1HP
3087,19,7,CWRU,6203-2RS JEM SKF,2,29,1HP
3088,19,7,CWRU,6203-2RS JEM SKF,2,29,1HP
3089,19,7,CWRU,6203-2RS JEM SKF,2,29,1HP
3090,19,7,CWRU,6203-2RS JEM SKF,2,29,1HP
3091,19,7,CWRU,6203-2RS JEM SKF,2,29,1HP
3092,19,7,CWRU,6203-2RS JEM SKF,2,29,1HP
3093,19,7,CWRU,6203-2RS JEM SKF,2,29,1HP
3094,19,7,CWRU,6203-2RS JEM SKF,2,29,1HP
3095,19,7,CWRU,6203-2RS JEM SKF,2,29,1HP
3096,19,7,CWRU,6203-2RS JEM SKF,2,29,1HP
3097,19,7,CWRU,6203-2RS JEM SKF,2,29,1HP
3098,19,7,CWRU,6203-2RS JEM SKF,2,29,1HP
3099,19,7,CWRU,6203-2RS JEM SKF,2,29,1HP
3100,19,7,CWRU,6203-2RS JEM SKF,2,29,1HP
3101,19,7,CWRU,6203-2RS JEM SKF,2,29,1HP
3102,19,7,CWRU,6203-2RS JEM SKF,2,29,1HP
3103,19,7,CWRU,6203-2RS JEM SKF,2,29,1HP
3104,19,7,CWRU,6203-2RS JEM SKF,2,29,1HP
3105,19,7,CWRU,6203-2RS JEM SKF,2,29,1HP
3106,19,7,CWRU,6203-2RS JEM SKF,2,29,1HP
3107,19,7,CWRU,6203-2RS JEM SKF,2,29,1HP
3108,19,7,CWRU,6203-2RS JEM SKF,2,29,1HP
3109,19,7,CWRU,6203-2RS JEM SKF,2,29,1HP
3110,19,7,CWRU,6203-2RS JEM SKF,2,29,1HP
3111,19,7,CWRU,6203-2RS JEM SKF,2,29,1HP
3112,19,8,CWRU,6203-2RS JEM SKF,2,29,1HP
3113,19,8,CWRU,6203-2RS JEM SKF,2,29,1HP
3114,19,8,CWRU,6203-2RS JEM SKF,2,29,1HP
3115,19,8,CWRU,6203-2RS JEM SKF,2,29,1HP
3116,19,8,CWRU,6203-2RS JEM SKF,2,29,1HP
3117,19,8,CWRU,6203-2RS JEM SKF,2,29,1HP
3118,19,8,CWRU,6203-2RS JEM SKF,2,29,1HP
3119,19,8,CWRU,6203-2RS JEM SKF,2,29,1HP
3120,19,8,CWRU,6203-2RS JEM SKF,2,29,1HP
3121,19,8,CWRU,6203-2RS JEM SKF,2,29,1HP
3122,19,9,CWRU,6203-2RS JEM SKF,2,29,1HP
3123,19,9,CWRU,6203-2RS JEM SKF,2,29,1HP
3124,19,9,CWRU,6203-2RS JEM SKF,2,29,1HP
3125,19,9,CWRU,6203-2RS JEM SKF,2,29,1HP
3126,19,9,CWRU,6203-2RS JEM SKF,2,29,1HP
3127,19,9,CWRU,6203-2RS JEM SKF,2,29,1HP
3128,19,9,CWRU,6203-2RS JEM SKF,2,29,1HP
3129,19,9,CWRU,6203-2RS JEM SKF,2,29,1HP
3130,19,9,CWRU,6203-2RS JEM SKF,2,29,1HP
3131,19,9,CWRU,6203-2RS JEM SKF,2,29,1HP
3132,20,3,CWRU,6203-2RS JEM SKF,0,29,2HP
3133,20,3,CWRU,6203-2RS JEM SKF,0,29,2HP
3134,20,3,CWRU,6203-2RS JEM SKF,0,29,2HP
3135,20,3,CWRU,6203-2RS JEM SKF,0,29,2HP
3136,20,3,CWRU,6203-2RS JEM SKF,0,29,2HP
3137,20,3,CWRU,6203-2RS JEM SKF,0,29,2HP
3138,20,3,CWRU,6203-2RS JEM SKF,0,29,2HP
3139,20,3,CWRU,6203-2RS JEM SKF,0,29,2HP
3140,20,3,CWRU,6203-2RS JEM SKF,0,29,2HP
3141,20,3,CWRU,6203-2RS JEM SKF,0,29,2HP
3142,20,2,CWRU,6203-2RS JEM SKF,0,29,2HP
3143,20,2,CWRU,6203-2RS JEM SKF,0,29,2HP
3144,20,2,CWRU,6203-2RS JEM SKF,0,29,2HP
3145,20,2,CWRU,6203-2RS JEM SKF,0,29,2HP
3146,20,2,CWRU,6203-2RS JEM SKF,0,29,2HP
3147,20,2,CWRU,6203-2RS JEM SKF,0,29,2HP
3148,20,2,CWRU,6203-2RS JEM SKF,0,29,2HP
3149,20,2,CWRU,6203-2RS JEM SKF,0,29,2HP
3150,20,2,CWRU,6203-2RS JEM SKF,0,29,2HP
3151,20,2,CWRU,6203-2RS JEM SKF,0,29,2HP
3152,20,1,CWRU,6203-2RS JEM SKF,0,29,2HP
3153,20,1,CWRU,6203-2RS JEM SKF,0,29,2HP
3154,20,1,CWRU,6203-2RS JEM SKF,0,29,2HP
3155,20,1,CWRU,6203-2RS JEM SKF,0,29,2HP
3156,20,1,CWRU,6203-2RS JEM SKF,0,29,2HP
3157,20,1,CWRU,6203-2RS JEM SKF,0,29,2HP
3158,20,1,CWRU,6203-2RS JEM SKF,0,29,2HP
3159,20,1,CWRU,6203-2RS JEM SKF,0,29,2HP
3160,20,1,CWRU,6203-2RS JEM SKF,0,29,2HP
3161,20,1,CWRU,6203-2RS JEM SKF,0,29,2HP
3162,20,4,CWRU,6203-2RS JEM SKF,0,29,2HP
3163,20,4,CWRU,6203-2RS JEM SKF,0,29,2HP
3164,20,4,CWRU,6203-2RS JEM SKF,0,29,2HP
3165,20,4,CWRU,6203-2RS JEM SKF,0,29,2HP
3166,20,4,CWRU,6203-2RS JEM SKF,0,29,2HP
3167,20,4,CWRU,6203-2RS JEM SKF,0,29,2HP
3168,20,4,CWRU,6203-2RS JEM SKF,0,29,2HP
3169,20,4,CWRU,6203-2RS JEM SKF,0,29,2HP
3170,20,4,CWRU,6203-2RS JEM SKF,0,29,2HP
3171,20,4,CWRU,6203-2RS JEM SKF,0,29,2HP
3172,20,5,CWRU,6203-2RS JEM SKF,0,29,2HP
3173,20,5,CWRU,6203-2RS JEM SKF,0,29,2HP
3174,20,5,CWRU,6203-2RS JEM SKF,0,29,2HP
3175,20,5,CWRU,6203-2RS JEM SKF,0,29,2HP
3176,20,5,CWRU,6203-2RS JEM SKF,0,29,2HP
3177,20,5,CWRU,6203-2RS JEM SKF,0,29,2HP
3178,20,5,CWRU,6203-2RS JEM SKF,0,29,2HP
3179,20,5,CWRU,6203-2RS JEM SKF,0,29,2HP
3180,20,5,CWRU,6203-2RS JEM SKF,0,29,2HP
3181,20,5,CWRU,6203-2RS JEM SKF,0,29,2HP
3182,20,6,CWRU,6203-2RS JEM SKF,0,29,2HP
3183,20,6,CWRU,6203-2RS JEM SKF,0,29,2HP
3184,20,6,CWRU,6203-2RS JEM SKF,0,29,2HP
3185,20,6,CWRU,6203-2RS JEM SKF,0,29,2HP
3186,20,6,CWRU,6203-2RS JEM SKF,0,29,2HP
3187,20,6,CWRU,6203-2RS JEM SKF,0,29,2HP
3188,20,6,CWRU,6203-2RS JEM SKF,0,29,2HP
3189,20,6,CWRU,6203-2RS JEM SKF,0,29,2HP
3190,20,6,CWRU,6203-2RS JEM SKF,0,29,2HP
3191,20,6,CWRU,6203-2RS JEM SKF,0,29,2HP
3192,20,7,CWRU,6203-2RS JEM SKF,0,29,2HP
3193,20,7,CWRU,6203-2RS JEM SKF,0,29,2HP
3194,20,7,CWRU,6203-2RS JEM SKF,0,29,2HP
3195,20,7,CWRU,6203-2RS JEM SKF,0,29,2HP
3196,20,7,CWRU,6203-2RS JEM SKF,0,29,2HP
3197,20,7,CWRU,6203-2RS JEM SKF,0,29,2HP
3198,20,7,CWRU,6203-2RS JEM SKF,0,29,2HP
3199,20,7,CWRU,6203-2RS JEM SKF,0,29,2HP
3200,20,7,CWRU,6203-2RS JEM SKF,0,29,2HP
3201,20,7,CWRU,6203-2RS JEM SKF,0,29,2HP
3202,20,7,CWRU,6203-2RS JEM SKF,0,29,2HP
3203,20,7,CWRU,6203-2RS JEM SKF,0,29,2HP
3204,20,7,CWRU,6203-2RS JEM SKF,0,29,2HP
3205,20,7,CWRU,6203-2RS JEM SKF,0,29,2HP
3206,20,7,CWRU,6203-2RS JEM SKF,0,29,2HP
3207,20,7,CWRU,6203-2RS JEM SKF,0,29,2HP
3208,20,7,CWRU,6203-2RS JEM SKF,0,29,2HP
3209,20,7,CWRU,6203-2RS JEM SKF,0,29,2HP
3210,20,7,CWRU,6203-2RS JEM SKF,0,29,2HP
3211,20,7,CWRU,6203-2RS JEM SKF,0,29,2HP
3212,20,7,CWRU,6203-2RS JEM SKF,0,29,2HP
3213,20,7,CWRU,6203-2RS JEM SKF,0,29,2HP
3214,20,7,CWRU,6203-2RS JEM SKF,0,29,2HP
3215,20,7,CWRU,6203-2RS JEM SKF,0,29,2HP
3216,20,7,CWRU,6203-2RS JEM SKF,0,29,2HP
3217,20,7,CWRU,6203-2RS JEM SKF,0,29,2HP
3218,20,7,CWRU,6203-2RS JEM SKF,0,29,2HP
3219,20,7,CWRU,6203-2RS JEM SKF,0,29,2HP
3220,20,7,CWRU,6203-2RS JEM SKF,0,29,2HP
3221,20,7,CWRU,6203-2RS JEM SKF,0,29,2HP
3222,20,8,CWRU,6203-2RS JEM SKF,0,29,2HP
3223,20,8,CWRU,6203-2RS JEM SKF,0,29,2HP
3224,20,8,CWRU,6203-2RS JEM SKF,0,29,2HP
3225,20,8,CWRU,6203-2RS JEM SKF,0,29,2HP
3226,20,8,CWRU,6203-2RS JEM SKF,0,29,2HP
3227,20,8,CWRU,6203-2RS JEM SKF,0,29,2HP
3228,20,8,CWRU,6203-2RS JEM SKF,0,29,2HP
3229,20,8,CWRU,6203-2RS JEM SKF,0,29,2HP
3230,20,8,CWRU,6203-2RS JEM SKF,0,29,2HP
3231,20,8,CWRU,6203-2RS JEM SKF,0,29,2HP
3232,20,9,CWRU,6203-2RS JEM SKF,0,29,2HP
3233,20,9,CWRU,6203-2RS JEM SKF,0,29,2HP
3234,20,9,CWRU,6203-2RS JEM SKF,0,29,2HP
3235,20,9,CWRU,6203-2RS JEM SKF,0,29,2HP
3236,20,9,CWRU,6203-2RS JEM SKF,0,29,2HP
3237,20,9,CWRU,6203-2RS JEM SKF,0,29,2HP
3238,20,9,CWRU,6203-2RS JEM SKF,0,29,2HP
3239,20,9,CWRU,6203-2RS JEM SKF,0,29,2HP
3240,20,9,CWRU,6203-2RS JEM SKF,0,29,2HP
3241,20,9,CWRU,6203-2RS JEM SKF,0,29,2HP
3242,21,3,CWRU,6203-2RS JEM SKF,1,29,2HP
3243,21,3,CWRU,6203-2RS JEM SKF,1,29,2HP
3244,21,3,CWRU,6203-2RS JEM SKF,1,29,2HP
3245,21,3,CWRU,6203-2RS JEM SKF,1,29,2HP
3246,21,3,CWRU,6203-2RS JEM SKF,1,29,2HP
3247,21,3,CWRU,6203-2RS JEM SKF,1,29,2HP
3248,21,3,CWRU,6203-2RS JEM SKF,1,29,2HP
3249,21,3,CWRU,6203-2RS JEM SKF,1,29,2HP
3250,21,3,CWRU,6203-2RS JEM SKF,1,29,2HP
3251,21,3,CWRU,6203-2RS JEM SKF,1,29,2HP
3252,21,2,CWRU,6203-2RS JEM SKF,1,29,2HP
3253,21,2,CWRU,6203-2RS JEM SKF,1,29,2HP
3254,21,2,CWRU,6203-2RS JEM SKF,1,29,2HP
3255,21,2,CWRU,6203-2RS JEM SKF,1,29,2HP
3256,21,2,CWRU,6203-2RS JEM SKF,1,29,2HP
3257,21,2,CWRU,6203-2RS JEM SKF,1,29,2HP
3258,21,2,CWRU,6203-2RS JEM SKF,1,29,2HP
3259,21,2,CWRU,6203-2RS JEM SKF,1,29,2HP
3260,21,2,CWRU,6203-2RS JEM SKF,1,29,2HP
3261,21,2,CWRU,6203-2RS JEM SKF,1,29,2HP
3262,21,1,CWRU,6203-2RS JEM SKF,1,29,2HP
3263,21,1,CWRU,6203-2RS JEM SKF,1,29,2HP
3264,21,1,CWRU,6203-2RS JEM SKF,1,29,2HP
3265,21,1,CWRU,6203-2RS JEM SKF,1,29,2HP
3266,21,1,CWRU,6203-2RS JEM SKF,1,29,2HP
3267,21,1,CWRU,6203-2RS JEM SKF,1,29,2HP
3268,21,1,CWRU,6203-2RS JEM SKF,1,29,2HP
3269,21,1,CWRU,6203-2RS JEM SKF,1,29,2HP
3270,21,1,CWRU,6203-2RS JEM SKF,1,29,2HP
3271,21,1,CWRU,6203-2RS JEM SKF,1,29,2HP
3272,21,4,CWRU,6203-2RS JEM SKF,1,29,2HP
3273,21,4,CWRU,6203-2RS JEM SKF,1,29,2HP
3274,21,4,CWRU,6203-2RS JEM SKF,1,29,2HP
3275,21,4,CWRU,6203-2RS JEM SKF,1,29,2HP
3276,21,4,CWRU,6203-2RS JEM SKF,1,29,2HP
3277,21,4,CWRU,6203-2RS JEM SKF,1,29,2HP
3278,21,4,CWRU,6203-2RS JEM SKF,1,29,2HP
3279,21,4,CWRU,6203-2RS JEM SKF,1,29,2HP
3280,21,4,CWRU,6203-2RS JEM SKF,1,29,2HP
3281,21,4,CWRU,6203-2RS JEM SKF,1,29,2HP
3282,21,5,CWRU,6203-2RS JEM SKF,1,29,2HP
3283,21,5,CWRU,6203-2RS JEM SKF,1,29,2HP
3284,21,5,CWRU,6203-2RS JEM SKF,1,29,2HP
3285,21,5,CWRU,6203-2RS JEM SKF,1,29,2HP
3286,21,5,CWRU,6203-2RS JEM SKF,1,29,2HP
3287,21,5,CWRU,6203-2RS JEM SKF,1,29,2HP
3288,21,5,CWRU,6203-2RS JEM SKF,1,29,2HP
3289,21,5,CWRU,6203-2RS JEM SKF,1,29,2HP
3290,21,5,CWRU,6203-2RS JEM SKF,1,29,2HP
3291,21,5,CWRU,6203-2RS JEM SKF,1,29,2HP
3292,21,6,CWRU,6203-2RS JEM SKF,1,29,2HP
3293,21,6,CWRU,6203-2RS JEM SKF,1,29,2HP
3294,21,6,CWRU,6203-2RS JEM SKF,1,29,2HP
3295,21,6,CWRU,6203-2RS JEM SKF,1,29,2HP
3296,21,6,CWRU,6203-2RS JEM SKF,1,29,2HP
3297,21,6,CWRU,6203-2RS JEM SKF,1,29,2HP
3298,21,6,CWRU,6203-2RS JEM SKF,1,29,2HP
3299,21,6,CWRU,6203-2RS JEM SKF,1,29,2HP
3300,21,6,CWRU,6203-2RS JEM SKF,1,29,2HP
3301,21,6,CWRU,6203-2RS JEM SKF,1,29,2HP
3302,21,7,CWRU,6203-2RS JEM SKF,1,29,2HP
3303,21,7,CWRU,6203-2RS JEM SKF,1,29,2HP
3304,21,7,CWRU,6203-2RS JEM SKF,1,29,2HP
3305,21,7,CWRU,6203-2RS JEM SKF,1,29,2HP
3306,21,7,CWRU,6203-2RS JEM SKF,1,29,2HP
3307,21,7,CWRU,6203-2RS JEM SKF,1,29,2HP
3308,21,7,CWRU,6203-2RS JEM SKF,1,29,2HP
3309,21,7,CWRU,6203-2RS JEM SKF,1,29,2HP
3310,21,7,CWRU,6203-2RS JEM SKF,1,29,2HP
3311,21,7,CWRU,6203-2RS JEM SKF,1,29,2HP
3312,21,7,CWRU,6203-2RS JEM SKF,1,29,2HP
3313,21,7,CWRU,6203-2RS JEM SKF,1,29,2HP
3314,21,7,CWRU,6203-2RS JEM SKF,1,29,2HP
3315,21,7,CWRU,6203-2RS JEM SKF,1,29,2HP
3316,21,7,CWRU,6203-2RS JEM SKF,1,29,2HP
3317,21,7,CWRU,6203-2RS JEM SKF,1,29,2HP
3318,21,7,CWRU,6203-2RS JEM SKF,1,29,2HP
3319,21,7,CWRU,6203-2RS JEM SKF,1,29,2HP
3320,21,7,CWRU,6203-2RS JEM SKF,1,29,2HP
3321,21,7,CWRU,6203-2RS JEM SKF,1,29,2HP
3322,21,7,CWRU,6203-2RS JEM SKF,1,29,2HP
3323,21,7,CWRU,6203-2RS JEM SKF,1,29,2HP
3324,21,7,CWRU,6203-2RS JEM SKF,1,29,2HP
3325,21,7,CWRU,6203-2RS JEM SKF,1,29,2HP
3326,21,7,CWRU,6203-2RS JEM SKF,1,29,2HP
3327,21,7,CWRU,6203-2RS JEM SKF,1,29,2HP
3328,21,7,CWRU,6203-2RS JEM SKF,1,29,2HP
3329,21,7,CWRU,6203-2RS JEM SKF,1,29,2HP
3330,21,7,CWRU,6203-2RS JEM SKF,1,29,2HP
3331,21,7,CWRU,6203-2RS JEM SKF,1,29,2HP
3332,21,8,CWRU,6203-2RS JEM SKF,1,29,2HP
3333,21,8,CWRU,6203-2RS JEM SKF,1,29,2HP
3334,21,8,CWRU,6203-2RS JEM SKF,1,29,2HP
3335,21,8,CWRU,6203-2RS JEM SKF,1,29,2HP
3336,21,8,CWRU,6203-2RS JEM SKF,1,29,2HP
3337,21,8,CWRU,6203-2RS JEM SKF,1,29,2HP
3338,21,8,CWRU,6203-2RS JEM SKF,1,29,2HP
3339,21,8,CWRU,6203-2RS JEM SKF,1,29,2HP
3340,21,8,CWRU,6203-2RS JEM SKF,1,29,2HP
3341,21,8,CWRU,6203-2RS JEM SKF,1,29,2HP
3342,21,9,CWRU,6203-2RS JEM SKF,1,29,2HP
3343,21,9,CWRU,6203-2RS JEM SKF,1,29,2HP
3344,21,9,CWRU,6203-2RS JEM SKF,1,29,2HP
3345,21,9,CWRU,6203-2RS JEM SKF,1,29,2HP
3346,21,9,CWRU,6203-2RS JEM SKF,1,29,2HP
3347,21,9,CWRU,6203-2RS JEM SKF,1,29,2HP
3348,21,9,CWRU,6203-2RS JEM SKF,1,29,2HP
3349,21,9,CWRU,6203-2RS JEM SKF,1,29,2HP
3350,21,9,CWRU,6203-2RS JEM SKF,1,29,2HP
3351,21,9,CWRU,6203-2RS JEM SKF,1,29,2HP
3352,22,3,CWRU,6203-2RS JEM SKF,2,29,2HP
3353,22,3,CWRU,6203-2RS JEM SKF,2,29,2HP
3354,22,3,CWRU,6203-2RS JEM SKF,2,29,2HP
3355,22,3,CWRU,6203-2RS JEM SKF,2,29,2HP
3356,22,3,CWRU,6203-2RS JEM SKF,2,29,2HP
3357,22,3,CWRU,6203-2RS JEM SKF,2,29,2HP
3358,22,3,CWRU,6203-2RS JEM SKF,2,29,2HP
3359,22,3,CWRU,6203-2RS JEM SKF,2,29,2HP
3360,22,3,CWRU,6203-2RS JEM SKF,2,29,2HP
3361,22,3,CWRU,6203-2RS JEM SKF,2,29,2HP
3362,22,2,CWRU,6203-2RS JEM SKF,2,29,2HP
3363,22,2,CWRU,6203-2RS JEM SKF,2,29,2HP
3364,22,2,CWRU,6203-2RS JEM SKF,2,29,2HP
3365,22,2,CWRU,6203-2RS JEM SKF,2,29,2HP
3366,22,2,CWRU,6203-2RS JEM SKF,2,29,2HP
3367,22,2,CWRU,6203-2RS JEM SKF,2,29,2HP
3368,22,2,CWRU,6203-2RS JEM SKF,2,29,2HP
3369,22,2,CWRU,6203-2RS JEM SKF,2,29,2HP
3370,22,2,CWRU,6203-2RS JEM SKF,2,29,2HP
3371,22,2,CWRU,6203-2RS JEM SKF,2,29,2HP
3372,22,1,CWRU,6203-2RS JEM SKF,2,29,2HP
3373,22,1,CWRU,6203-2RS JEM SKF,2,29,2HP
3374,22,1,CWRU,6203-2RS JEM SKF,2,29,2HP
3375,22,1,CWRU,6203-2RS JEM SKF,2,29,2HP
3376,22,1,CWRU,6203-2RS JEM SKF,2,29,2HP
3377,22,1,CWRU,6203-2RS JEM SKF,2,29,2HP
3378,22,1,CWRU,6203-2RS JEM SKF,2,29,2HP
3379,22,1,CWRU,6203-2RS JEM SKF,2,29,2HP
3380,22,1,CWRU,6203-2RS JEM SKF,2,29,2HP
3381,22,1,CWRU,6203-2RS JEM SKF,2,29,2HP
3382,22,4,CWRU,6203-2RS JEM SKF,2,29,2HP
3383,22,4,CWRU,6203-2RS JEM SKF,2,29,2HP
3384,22,4,CWRU,6203-2RS JEM SKF,2,29,2HP
3385,22,4,CWRU,6203-2RS JEM SKF,2,29,2HP
3386,22,4,CWRU,6203-2RS JEM SKF,2,29,2HP
3387,22,4,CWRU,6203-2RS JEM SKF,2,29,2HP
3388,22,4,CWRU,6203-2RS JEM SKF,2,29,2HP
3389,22,4,CWRU,6203-2RS JEM SKF,2,29,2HP
3390,22,4,CWRU,6203-2RS JEM SKF,2,29,2HP
3391,22,4,CWRU,6203-2RS JEM SKF,2,29,2HP
3392,22,5,CWRU,6203-2RS JEM SKF,2,29,2HP
3393,22,5,CWRU,6203-2RS JEM SKF,2,29,2HP
3394,22,5,CWRU,6203-2RS JEM SKF,2,29,2HP
3395,22,5,CWRU,6203-2RS JEM SKF,2,29,2HP
3396,22,5,CWRU,6203-2RS JEM SKF,2,29,2HP
3397,22,5,CWRU,6203-2RS JEM SKF,2,29,2HP
3398,22,5,CWRU,6203-2RS JEM SKF,2,29,2HP
3399,22,5,CWRU,6203-2RS JEM SKF,2,29,2HP
3400,22,5,CWRU,6203-2RS JEM SKF,2,29,2HP
3401,22,5,CWRU,6203-2RS JEM SKF,2,29,2HP
3402,22,6,CWRU,6203-2RS JEM SKF,2,29,2HP
3403,22,6,CWRU,6203-2RS JEM SKF,2,29,2HP
3404,22,6,CWRU,6203-2RS JEM SKF,2,29,2HP
3405,22,6,CWRU,6203-2RS JEM SKF,2,29,2HP
3406,22,6,CWRU,6203-2RS JEM SKF,2,29,2HP
3407,22,6,CWRU,6203-2RS JEM SKF,2,29,2HP
3408,22,6,CWRU,6203-2RS JEM SKF,2,29,2HP
3409,22,6,CWRU,6203-2RS JEM SKF,2,29,2HP
3410,22,6,CWRU,6203-2RS JEM SKF,2,29,2HP
3411,22,6,CWRU,6203-2RS JEM SKF,2,29,2HP
3412,22,7,CWRU,6203-2RS JEM SKF,2,29,2HP
3413,22,7,CWRU,6203-2RS JEM SKF,2,29,2HP
3414,22,7,CWRU,6203-2RS JEM SKF,2,29,2HP
3415,22,7,CWRU,6203-2RS JEM SKF,2,29,2HP
3416,22,7,CWRU,6203-2RS JEM SKF,2,29,2HP
3417,22,7,CWRU,6203-2RS JEM SKF,2,29,2HP
3418,22,7,CWRU,6203-2RS JEM SKF,2,29,2HP
3419,22,7,CWRU,6203-2RS JEM SKF,2,29,2HP
3420,22,7,CWRU,6203-2RS JEM SKF,2,29,2HP
3421,22,7,CWRU,6203-2RS JEM SKF,2,29,2HP
3422,22,7,CWRU,6203-2RS JEM SKF,2,29,2HP
3423,22,7,CWRU,6203-2RS JEM SKF,2,29,2HP
3424,22,7,CWRU,6203-2RS JEM SKF,2,29,2HP
3425,22,7,CWRU,6203-2RS JEM SKF,2,29,2HP
3426,22,7,CWRU,6203-2RS JEM SKF,2,29,2HP
3427,22,7,CWRU,6203-2RS JEM SKF,2,29,2HP
3428,22,7,CWRU,6203-2RS JEM SKF,2,29,2HP
3429,22,7,CWRU,6203-2RS JEM SKF,2,29,2HP
3430,22,7,CWRU,6203-2RS JEM SKF,2,29,2HP
3431,22,7,CWRU,6203-2RS JEM SKF,2,29,2HP
3432,22,7,CWRU,6203-2RS JEM SKF,2,29,2HP
3433,22,7,CWRU,6203-2RS JEM SKF,2,29,2HP
3434,22,7,CWRU,6203-2RS JEM SKF,2,29,2HP
3435,22,7,CWRU,6203-2RS JEM SKF,2,29,2HP
3436,22,7,CWRU,6203-2RS JEM SKF,2,29,2HP
3437,22,7,CWRU,6203-2RS JEM SKF,2,29,2HP
3438,22,7,CWRU,6203-2RS JEM SKF,2,29,2HP
3439,22,7,CWRU,6203-2RS JEM SKF,2,29,2HP
3440,22,7,CWRU,6203-2RS JEM SKF,2,29,2HP
3441,22,7,CWRU,6203-2RS JEM SKF,2,29,2HP
3442,22,8,CWRU,6203-2RS JEM SKF,2,29,2HP
3443,22,8,CWRU,6203-2RS JEM SKF,2,29,2HP
3444,22,8,CWRU,6203-2RS JEM SKF,2,29,2HP
3445,22,8,CWRU,6203-2RS JEM SKF,2,29,2HP
3446,22,8,CWRU,6203-2RS JEM SKF,2,29,2HP
3447,22,8,CWRU,6203-2RS JEM SKF,2,29,2HP
3448,22,8,CWRU,6203-2RS JEM SKF,2,29,2HP
3449,22,8,CWRU,6203-2RS JEM SKF,2,29,2HP
3450,22,8,CWRU,6203-2RS JEM SKF,2,29,2HP
3451,22,8,CWRU,6203-2RS JEM SKF,2,29,2HP
3452,22,9,CWRU,6203-2RS JEM SKF,2,29,2HP
3453,22,9,CWRU,6203-2RS JEM SKF,2,29,2HP
3454,22,9,CWRU,6203-2RS JEM SKF,2,29,2HP
3455,22,9,CWRU,6203-2RS JEM SKF,2,29,2HP
3456,22,9,CWRU,6203-2RS JEM SKF,2,29,2HP
3457,22,9,CWRU,6203-2RS JEM SKF,2,29,2HP
3458,22,9,CWRU,6203-2RS JEM SKF,2,29,2HP
3459,22,9,CWRU,6203-2RS JEM SKF,2,29,2HP
3460,22,9,CWRU,6203-2RS JEM SKF,2,29,2HP
3461,22,9,CWRU,6203-2RS JEM SKF,2,29,2HP
3462,23,3,CWRU,6203-2RS JEM SKF,0,28,3HP
3463,23,3,CWRU,6203-2RS JEM SKF,0,28,3HP
3464,23,3,CWRU,6203-2RS JEM SKF,0,28,3HP
3465,23,3,CWRU,6203-2RS JEM SKF,0,28,3HP
3466,23,3,CWRU,6203-2RS JEM SKF,0,28,3HP
3467,23,3,CWRU,6203-2RS JEM SKF,0,28,3HP
3468,23,3,CWRU,6203-2RS JEM SKF,0,28,3HP
3469,23,3,CWRU,6203-2RS JEM SKF,0,28,3HP
3470,23,3,CWRU,6203-2RS JEM SKF,0,28,3HP
3471,23,3,CWRU,6203-2RS JEM SKF,0,28,3HP
3472,23,2,CWRU,6203-2RS JEM SKF,0,28,3HP
3473,23,2,CWRU,6203-2RS JEM SKF,0,28,3HP
3474,23,2,CWRU,6203-2RS JEM SKF,0,28,3HP
3475,23,2,CWRU,6203-2RS JEM SKF,0,28,3HP
3476,23,2,CWRU,6203-2RS JEM SKF,0,28,3HP
3477,23,2,CWRU,6203-2RS JEM SKF,0,28,3HP
3478,23,2,CWRU,6203-2RS JEM SKF,0,28,3HP
3479,23,2,CWRU,6203-2RS JEM SKF,0,28,3HP
3480,23,2,CWRU,6203-2RS JEM SKF,0,28,3HP
3481,23,2,CWRU,6203-2RS JEM SKF,0,28,3HP
3482,23,1,CWRU,6203-2RS JEM SKF,0,28,3HP
3483,23,1,CWRU,6203-2RS JEM SKF,0,28,3HP
3484,23,1,CWRU,6203-2RS JEM SKF,0,28,3HP
3485,23,1,CWRU,6203-2RS JEM SKF,0,28,3HP
3486,23,1,CWRU,6203-2RS JEM SKF,0,28,3HP
3487,23,1,CWRU,6203-2RS JEM SKF,0,28,3HP
3488,23,1,CWRU,6203-2RS JEM SKF,0,28,3HP
3489,23,1,CWRU,6203-2RS JEM SKF,0,28,3HP
3490,23,1,CWRU,6203-2RS JEM SKF,0,28,3HP
3491,23,1,CWRU,6203-2RS JEM SKF,0,28,3HP
3492,23,4,CWRU,6203-2RS JEM SKF,0,28,3HP
3493,23,4,CWRU,6203-2RS JEM SKF,0,28,3HP
3494,23,4,CWRU,6203-2RS JEM SKF,0,28,3HP
3495,23,4,CWRU,6203-2RS JEM SKF,0,28,3HP
3496,23,4,CWRU,6203-2RS JEM SKF,0,28,3HP
3497,23,4,CWRU,6203-2RS JEM SKF,0,28,3HP
3498,23,4,CWRU,6203-2RS JEM SKF,0,28,3HP
3499,23,4,CWRU,6203-2RS JEM SKF,0,28,3HP
3500,23,4,CWRU,6203-2RS JEM SKF,0,28,3HP
3501,23,4,CWRU,6203-2RS JEM SKF,0,28,3HP
3502,23,5,CWRU,6203-2RS JEM SKF,0,28,3HP
3503,23,5,CWRU,6203-2RS JEM SKF,0,28,3HP
3504,23,5,CWRU,6203-2RS JEM SKF,0,28,3HP
3505,23,5,CWRU,6203-2RS JEM SKF,0,28,3HP
3506,23,5,CWRU,6203-2RS JEM SKF,0,28,3HP
3507,23,5,CWRU,6203-2RS JEM SKF,0,28,3HP
3508,23,5,CWRU,6203-2RS JEM SKF,0,28,3HP
3509,23,5,CWRU,6203-2RS JEM SKF,0,28,3HP
3510,23,5,CWRU,6203-2RS JEM SKF,0,28,3HP
3511,23,5,CWRU,6203-2RS JEM SKF,0,28,3HP
3512,23,6,CWRU,6203-2RS JEM SKF,0,28,3HP
3513,23,6,CWRU,6203-2RS JEM SKF,0,28,3HP
3514,23,6,CWRU,6203-2RS JEM SKF,0,28,3HP
3515,23,6,CWRU,6203-2RS JEM SKF,0,28,3HP
3516,23,6,CWRU,6203-2RS JEM SKF,0,28,3HP
3517,23,6,CWRU,6203-2RS JEM SKF,0,28,3HP
3518,23,6,CWRU,6203-2RS JEM SKF,0,28,3HP
3519,23,6,CWRU,6203-2RS JEM SKF,0,28,3HP
3520,23,6,CWRU,6203-2RS JEM SKF,0,28,3HP
3521,23,6,CWRU,6203-2RS JEM SKF,0,28,3HP
3522,23,7,CWRU,6203-2RS JEM SKF,0,28,3HP
3523,23,7,CWRU,6203-2RS JEM SKF,0,28,3HP
3524,23,7,CWRU,6203-2RS JEM SKF,0,28,3HP
3525,23,7,CWRU,6203-2RS JEM SKF,0,28,3HP
3526,23,7,CWRU,6203-2RS JEM SKF,0,28,3HP
3527,23,7,CWRU,6203-2RS JEM SKF,0,28,3HP
3528,23,7,CWRU,6203-2RS JEM SKF,0,28,3HP
3529,23,7,CWRU,6203-2RS JEM SKF,0,28,3HP
3530,23,7,CWRU,6203-2RS JEM SKF,0,28,3HP
3531,23,7,CWRU,6203-2RS JEM SKF,0,28,3HP
3532,23,7,CWRU,6203-2RS JEM SKF,0,28,3HP
3533,23,7,CWRU,6203-2RS JEM SKF,0,28,3HP
3534,23,7,CWRU,6203-2RS JEM SKF,0,28,3HP
3535,23,7,CWRU,6203-2RS JEM SKF,0,28,3HP
3536,23,7,CWRU,6203-2RS JEM SKF,0,28,3HP
3537,23,7,CWRU,6203-2RS JEM SKF,0,28,3HP
3538,23,7,CWRU,6203-2RS JEM SKF,0,28,3HP
3539,23,7,CWRU,6203-2RS JEM SKF,0,28,3HP
3540,23,7,CWRU,6203-2RS JEM SKF,0,28,3HP
3541,23,7,CWRU,6203-2RS JEM SKF,0,28,3HP
3542,23,7,CWRU,6203-2RS JEM SKF,0,28,3HP
3543,23,7,CWRU,6203-2RS JEM SKF,0,28,3HP
3544,23,7,CWRU,6203-2RS JEM SKF,0,28,3HP
3545,23,7,CWRU,6203-2RS JEM SKF,0,28,3HP
3546,23,7,CWRU,6203-2RS JEM SKF,0,28,3HP
3547,23,7,CWRU,6203-2RS JEM SKF,0,28,3HP
3548,23,7,CWRU,6203-2RS JEM SKF,0,28,3HP
3549,23,7,CWRU,6203-2RS JEM SKF,0,28,3HP
3550,23,7,CWRU,6203-2RS JEM SKF,0,28,3HP
3551,23,7,CWRU,6203-2RS JEM SKF,0,28,3HP
3552,23,8,CWRU,6203-2RS JEM SKF,0,28,3HP
3553,23,8,CWRU,6203-2RS JEM SKF,0,28,3HP
3554,23,8,CWRU,6203-2RS JEM SKF,0,28,3HP
3555,23,8,CWRU,6203-2RS JEM SKF,0,28,3HP
3556,23,8,CWRU,6203-2RS JEM SKF,0,28,3HP
3557,23,8,CWRU,6203-2RS JEM SKF,0,28,3HP
3558,23,8,CWRU,6203-2RS JEM SKF,0,28,3HP
3559,23,8,CWRU,6203-2RS JEM SKF,0,28,3HP
3560,23,8,CWRU,6203-2RS JEM SKF,0,28,3HP
3561,23,8,CWRU,6203-2RS JEM SKF,0,28,3HP
3562,23,9,CWRU,6203-2RS JEM SKF,0,28,3HP
3563,23,9,CWRU,6203-2RS JEM SKF,0,28,3HP
3564,23,9,CWRU,6203-2RS JEM SKF,0,28,3HP
3565,23,9,CWRU,6203-2RS JEM SKF,0,28,3HP
3566,23,9,CWRU,6203-2RS JEM SKF,0,28,3HP
3567,23,9,CWRU,6203-2RS JEM SKF,0,28,3HP
3568,23,9,CWRU,6203-2RS JEM SKF,0,28,3HP
3569,23,9,CWRU,6203-2RS JEM SKF,0,28,3HP
3570,23,9,CWRU,6203-2RS JEM SKF,0,28,3HP
3571,23,9,CWRU,6203-2RS JEM SKF,0,28,3HP
3572,24,3,CWRU,6203-2RS JEM SKF,1,28,3HP
3573,24,3,CWRU,6203-2RS JEM SKF,1,28,3HP
3574,24,3,CWRU,6203-2RS JEM SKF,1,28,3HP
3575,24,3,CWRU,6203-2RS JEM SKF,1,28,3HP
3576,24,3,CWRU,6203-2RS JEM SKF,1,28,3HP
3577,24,3,CWRU,6203-2RS JEM SKF,1,28,3HP
3578,24,3,CWRU,6203-2RS JEM SKF,1,28,3HP
3579,24,3,CWRU,6203-2RS JEM SKF,1,28,3HP
3580,24,3,CWRU,6203-2RS JEM SKF,1,28,3HP
3581,24,3,CWRU,6203-2RS JEM SKF,1,28,3HP
3582,24,2,CWRU,6203-2RS JEM SKF,1,28,3HP
3583,24,2,CWRU,6203-2RS JEM SKF,1,28,3HP
3584,24,2,CWRU,6203-2RS JEM SKF,1,28,3HP
3585,24,2,CWRU,6203-2RS JEM SKF,1,28,3HP
3586,24,2,CWRU,6203-2RS JEM SKF,1,28,3HP
3587,24,2,CWRU,6203-2RS JEM SKF,1,28,3HP
3588,24,2,CWRU,6203-2RS JEM SKF,1,28,3HP
3589,24,2,CWRU,6203-2RS JEM SKF,1,28,3HP
3590,24,2,CWRU,6203-2RS JEM SKF,1,28,3HP
3591,24,2,CWRU,6203-2RS JEM SKF,1,28,3HP
3592,24,1,CWRU,6203-2RS JEM SKF,1,28,3HP
3593,24,1,CWRU,6203-2RS JEM SKF,1,28,3HP
3594,24,1,CWRU,6203-2RS JEM SKF,1,28,3HP
3595,24,1,CWRU,6203-2RS JEM SKF,1,28,3HP
3596,24,1,CWRU,6203-2RS JEM SKF,1,28,3HP
3597,24,1,CWRU,6203-2RS JEM SKF,1,28,3HP
3598,24,1,CWRU,6203-2RS JEM SKF,1,28,3HP
3599,24,1,CWRU,6203-2RS JEM SKF,1,28,3HP
3600,24,1,CWRU,6203-2RS JEM SKF,1,28,3HP
3601,24,1,CWRU,6203-2RS JEM SKF,1,28,3HP
3602,24,4,CWRU,6203-2RS JEM SKF,1,28,3HP
3603,24,4,CWRU,6203-2RS JEM SKF,1,28,3HP
3604,24,4,CWRU,6203-2RS JEM SKF,1,28,3HP
3605,24,4,CWRU,6203-2RS JEM SKF,1,28,3HP
3606,24,4,CWRU,6203-2RS JEM SKF,1,28,3HP
3607,24,4,CWRU,6203-2RS JEM SKF,1,28,3HP
3608,24,4,CWRU,6203-2RS JEM SKF,1,28,3HP
3609,24,4,CWRU,6203-2RS JEM SKF,1,28,3HP
3610,24,4,CWRU,6203-2RS JEM SKF,1,28,3HP
3611,24,4,CWRU,6203-2RS JEM SKF,1,28,3HP
3612,24,5,CWRU,6203-2RS JEM SKF,1,28,3HP
3613,24,5,CWRU,6203-2RS JEM SKF,1,28,3HP
3614,24,5,CWRU,6203-2RS JEM SKF,1,28,3HP
3615,24,5,CWRU,6203-2RS JEM SKF,1,28,3HP
3616,24,5,CWRU,6203-2RS JEM SKF,1,28,3HP
3617,24,5,CWRU,6203-2RS JEM SKF,1,28,3HP
3618,24,5,CWRU,6203-2RS JEM SKF,1,28,3HP
3619,24,5,CWRU,6203-2RS JEM SKF,1,28,3HP
3620,24,5,CWRU,6203-2RS JEM SKF,1,28,3HP
3621,24,5,CWRU,6203-2RS JEM SKF,1,28,3HP
3622,24,6,CWRU,6203-2RS JEM SKF,1,28,3HP
3623,24,6,CWRU,6203-2RS JEM SKF,1,28,3HP
3624,24,6,CWRU,6203-2RS JEM SKF,1,28,3HP
3625,24,6,CWRU,6203-2RS JEM SKF,1,28,3HP
3626,24,6,CWRU,6203-2RS JEM SKF,1,28,3HP
3627,24,6,CWRU,6203-2RS JEM SKF,1,28,3HP
3628,24,6,CWRU,6203-2RS JEM SKF,1,28,3HP
3629,24,6,CWRU,6203-2RS JEM SKF,1,28,3HP
3630,24,6,CWRU,6203-2RS JEM SKF,1,28,3HP
3631,24,6,CWRU,6203-2RS JEM SKF,1,28,3HP
3632,24,7,CWRU,6203-2RS JEM SKF,1,28,3HP
3633,24,7,CWRU,6203-2RS JEM SKF,1,28,3HP
3634,24,7,CWRU,6203-2RS JEM SKF,1,28,3HP
3635,24,7,CWRU,6203-2RS JEM SKF,1,28,3HP
3636,24,7,CWRU,6203-2RS JEM SKF,1,28,3HP
3637,24,7,CWRU,6203-2RS JEM SKF,1,28,3HP
3638,24,7,CWRU,6203-2RS JEM SKF,1,28,3HP
3639,24,7,CWRU,6203-2RS JEM SKF,1,28,3HP
3640,24,7,CWRU,6203-2RS JEM SKF,1,28,3HP
3641,24,7,CWRU,6203-2RS JEM SKF,1,28,3HP
3642,24,7,CWRU,6203-2RS JEM SKF,1,28,3HP
3643,24,7,CWRU,6203-2RS JEM SKF,1,28,3HP
3644,24,7,CWRU,6203-2RS JEM SKF,1,28,3HP
3645,24,7,CWRU,6203-2RS JEM SKF,1,28,3HP
3646,24,7,CWRU,6203-2RS JEM SKF,1,28,3HP
3647,24,7,CWRU,6203-2RS JEM SKF,1,28,3HP
3648,24,7,CWRU,6203-2RS JEM SKF,1,28,3HP
3649,24,7,CWRU,6203-2RS JEM SKF,1,28,3HP
3650,24,7,CWRU,6203-2RS JEM SKF,1,28,3HP
3651,24,7,CWRU,6203-2RS JEM SKF,1,28,3HP
3652,24,7,CWRU,6203-2RS JEM SKF,1,28,3HP
3653,24,7,CWRU,6203-2RS JEM SKF,1,28,3HP
3654,24,7,CWRU,6203-2RS JEM SKF,1,28,3HP
3655,24,7,CWRU,6203-2RS JEM SKF,1,28,3HP
3656,24,7,CWRU,6203-2RS JEM SKF,1,28,3HP
3657,24,7,CWRU,6203-2RS JEM SKF,1,28,3HP
3658,24,7,CWRU,6203-2RS JEM SKF,1,28,3HP
3659,24,7,CWRU,6203-2RS JEM SKF,1,28,3HP
3660,24,7,CWRU,6203-2RS JEM SKF,1,28,3HP
3661,24,7,CWRU,6203-2RS JEM SKF,1,28,3HP
3662,24,8,CWRU,6203-2RS JEM SKF,1,28,3HP
3663,24,8,CWRU,6203-2RS JEM SKF,1,28,3HP
3664,24,8,CWRU,6203-2RS JEM SKF,1,28,3HP
3665,24,8,CWRU,6203-2RS JEM SKF,1,28,3HP
3666,24,8,CWRU,6203-2RS JEM SKF,1,28,3HP
3667,24,8,CWRU,6203-2RS JEM SKF,1,28,3HP
3668,24,8,CWRU,6203-2RS JEM SKF,1,28,3HP
3669,24,8,CWRU,6203-2RS JEM SKF,1,28,3HP
3670,24,8,CWRU,6203-2RS JEM SKF,1,28,3HP
3671,24,8,CWRU,6203-2RS JEM SKF,1,28,3HP
3672,24,9,CWRU,6203-2RS JEM SKF,1,28,3HP
3673,24,9,CWRU,6203-2RS JEM SKF,1,28,3HP
3674,24,9,CWRU,6203-2RS JEM SKF,1,28,3HP
3675,24,9,CWRU,6203-2RS JEM SKF,1,28,3HP
3676,24,9,CWRU,6203-2RS JEM SKF,1,28,3HP
3677,24,9,CWRU,6203-2RS JEM SKF,1,28,3HP
3678,24,9,CWRU,6203-2RS JEM SKF,1,28,3HP
3679,24,9,CWRU,6203-2RS JEM SKF,1,28,3HP
3680,24,9,CWRU,6203-2RS JEM SKF,1,28,3HP
3681,24,9,CWRU,6203-2RS JEM SKF,1,28,3HP
3682,25,3,CWRU,6203-2RS JEM SKF,2,28,3HP
3683,25,3,CWRU,6203-2RS JEM SKF,2,28,3HP
3684,25,3,CWRU,6203-2RS JEM SKF,2,28,3HP
3685,25,3,CWRU,6203-2RS JEM SKF,2,28,3HP
3686,25,3,CWRU,6203-2RS JEM SKF,2,28,3HP
3687,25,3,CWRU,6203-2RS JEM SKF,2,28,3HP
3688,25,3,CWRU,6203-2RS JEM SKF,2,28,3HP
3689,25,3,CWRU,6203-2RS JEM SKF,2,28,3HP
3690,25,3,CWRU,6203-2RS JEM SKF,2,28,3HP
3691,25,3,CWRU,6203-2RS JEM SKF,2,28,3HP
3692,25,2,CWRU,6203-2RS JEM SKF,2,28,3HP
3693,25,2,CWRU,6203-2RS JEM SKF,2,28,3HP
3694,25,2,CWRU,6203-2RS JEM SKF,2,28,3HP
3695,25,2,CWRU,6203-2RS JEM SKF,2,28,3HP
3696,25,2,CWRU,6203-2RS JEM SKF,2,28,3HP
3697,25,2,CWRU,6203-2RS JEM SKF,2,28,3HP
3698,25,2,CWRU,6203-2RS JEM SKF,2,28,3HP
3699,25,2,CWRU,6203-2RS JEM SKF,2,28,3HP
3700,25,2,CWRU,6203-2RS JEM SKF,2,28,3HP
3701,25,2,CWRU,6203-2RS JEM SKF,2,28,3HP
3702,25,1,CWRU,6203-2RS JEM SKF,2,28,3HP
3703,25,1,CWRU,6203-2RS JEM SKF,2,28,3HP
3704,25,1,CWRU,6203-2RS JEM SKF,2,28,3HP
3705,25,1,CWRU,6203-2RS JEM SKF,2,28,3HP
3706,25,1,CWRU,6203-2RS JEM SKF,2,28,3HP
3707,25,1,CWRU,6203-2RS JEM SKF,2,28,3HP
3708,25,1,CWRU,6203-2RS JEM SKF,2,28,3HP
3709,25,1,CWRU,6203-2RS JEM SKF,2,28,3HP
3710,25,1,CWRU,6203-2RS JEM SKF,2,28,3HP
3711,25,1,CWRU,6203-2RS JEM SKF,2,28,3HP
3712,25,4,CWRU,6203-2RS JEM SKF,2,28,3HP
3713,25,4,CWRU,6203-2RS JEM SKF,2,28,3HP
3714,25,4,CWRU,6203-2RS JEM SKF,2,28,3HP
3715,25,4,CWRU,6203-2RS JEM SKF,2,28,3HP
3716,25,4,CWRU,6203-2RS JEM SKF,2,28,3HP
3717,25,4,CWRU,6203-2RS JEM SKF,2,28,3HP
3718,25,4,CWRU,6203-2RS JEM SKF,2,28,3HP
3719,25,4,CWRU,6203-2RS JEM SKF,2,28,3HP
3720,25,4,CWRU,6203-2RS JEM SKF,2,28,3HP
3721,25,4,CWRU,6203-2RS JEM SKF,2,28,3HP
3722,25,5,CWRU,6203-2RS JEM SKF,2,28,3HP
3723,25,5,CWRU,6203-2RS JEM SKF,2,28,3HP
3724,25,5,CWRU,6203-2RS JEM SKF,2,28,3HP
3725,25,5,CWRU,6203-2RS JEM SKF,2,28,3HP
3726,25,5,CWRU,6203-2RS JEM SKF,2,28,3HP
3727,25,5,CWRU,6203-2RS JEM SKF,2,28,3HP
3728,25,5,CWRU,6203-2RS JEM SKF,2,28,3HP
3729,25,5,CWRU,6203-2RS JEM SKF,2,28,3HP
3730,25,5,CWRU,6203-2RS JEM SKF,2,28,3HP
3731,25,5,CWRU,6203-2RS JEM SKF,2,28,3HP
3732,25,6,CWRU,6203-2RS JEM SKF,2,28,3HP
3733,25,6,CWRU,6203-2RS JEM SKF,2,28,3HP
3734,25,6,CWRU,6203-2RS JEM SKF,2,28,3HP
3735,25,6,CWRU,6203-2RS JEM SKF,2,28,3HP
3736,25,6,CWRU,6203-2RS JEM SKF,2,28,3HP
3737,25,6,CWRU,6203-2RS JEM SKF,2,28,3HP
3738,25,6,CWRU,6203-2RS JEM SKF,2,28,3HP
3739,25,6,CWRU,6203-2RS JEM SKF,2,28,3HP
3740,25,6,CWRU,6203-2RS JEM SKF,2,28,3HP
3741,25,6,CWRU,6203-2RS JEM SKF,2,28,3HP
3742,25,7,CWRU,6203-2RS JEM SKF,2,28,3HP
3743,25,7,CWRU,6203-2RS JEM SKF,2,28,3HP
3744,25,7,CWRU,6203-2RS JEM SKF,2,28,3HP
3745,25,7,CWRU,6203-2RS JEM SKF,2,28,3HP
3746,25,7,CWRU,6203-2RS JEM SKF,2,28,3HP
3747,25,7,CWRU,6203-2RS JEM SKF,2,28,3HP
3748,25,7,CWRU,6203-2RS JEM SKF,2,28,3HP
3749,25,7,CWRU,6203-2RS JEM SKF,2,28,3HP
3750,25,7,CWRU,6203-2RS JEM SKF,2,28,3HP
3751,25,7,CWRU,6203-2RS JEM SKF,2,28,3HP
3752,25,7,CWRU,6203-2RS JEM SKF,2,28,3HP
3753,25,7,CWRU,6203-2RS JEM SKF,2,28,3HP
3754,25,7,CWRU,6203-2RS JEM SKF,2,28,3HP
3755,25,7,CWRU,6203-2RS JEM SKF,2,28,3HP
3756,25,7,CWRU,6203-2RS JEM SKF,2,28,3HP
3757,25,7,CWRU,6203-2RS JEM SKF,2,28,3HP
3758,25,7,CWRU,6203-2RS JEM SKF,2,28,3HP
3759,25,7,CWRU,6203-2RS JEM SKF,2,28,3HP
3760,25,7,CWRU,6203-2RS JEM SKF,2,28,3HP
3761,25,7,CWRU,6203-2RS JEM SKF,2,28,3HP
3762,25,7,CWRU,6203-2RS JEM SKF,2,28,3HP
3763,25,7,CWRU,6203-2RS JEM SKF,2,28,3HP
3764,25,7,CWRU,6203-2RS JEM SKF,2,28,3HP
3765,25,7,CWRU,6203-2RS JEM SKF,2,28,3HP
3766,25,7,CWRU,6203-2RS JEM SKF,2,28,3HP
3767,25,7,CWRU,6203-2RS JEM SKF,2,28,3HP
3768,25,7,CWRU,6203-2RS JEM SKF,2,28,3HP
3769,25,7,CWRU,6203-2RS JEM SKF,2,28,3HP
3770,25,7,CWRU,6203-2RS JEM SKF,2,28,3HP
3771,25,7,CWRU,6203-2RS JEM SKF,2,28,3HP
3772,25,8,CWRU,6203-2RS JEM SKF,2,28,3HP
3773,25,8,CWRU,6203-2RS JEM SKF,2,28,3HP
3774,25,8,CWRU,6203-2RS JEM SKF,2,28,3HP
3775,25,8,CWRU,6203-2RS JEM SKF,2,28,3HP
3776,25,8,CWRU,6203-2RS JEM SKF,2,28,3HP
3777,25,8,CWRU,6203-2RS JEM SKF,2,28,3HP
3778,25,8,CWRU,6203-2RS JEM SKF,2,28,3HP
3779,25,8,CWRU,6203-2RS JEM SKF,2,28,3HP
3780,25,8,CWRU,6203-2RS JEM SKF,2,28,3HP
3781,25,8,CWRU,6203-2RS JEM SKF,2,28,3HP
3782,25,9,CWRU,6203-2RS JEM SKF,2,28,3HP
3783,25,9,CWRU,6203-2RS JEM SKF,2,28,3HP
3784,25,9,CWRU,6203-2RS JEM SKF,2,28,3HP
3785,25,9,CWRU,6203-2RS JEM SKF,2,28,3HP
3786,25,9,CWRU,6203-2RS JEM SKF,2,28,3HP
3787,25,9,CWRU,6203-2RS JEM SKF,2,28,3HP
3788,25,9,CWRU,6203-2RS JEM SKF,2,28,3HP
3789,25,9,CWRU,6203-2RS JEM SKF,2,28,3HP
3790,25,9,CWRU,6203-2RS JEM SKF,2,28,3HP
3791,25,9,CWRU,6203-2RS JEM SKF,2,28,3HP
3792,26,1,CWRU,6203-2RS JEM SKF,0,28,1HP
3793,26,1,CWRU,6203-2RS JEM SKF,0,28,1HP
3794,26,1,CWRU,6203-2RS JEM SKF,0,28,1HP
3795,26,1,CWRU,6203-2RS JEM SKF,0,28,1HP
3796,26,1,CWRU,6203-2RS JEM SKF,0,28,1HP
3797,26,1,CWRU,6203-2RS JEM SKF,0,28,1HP
3798,26,1,CWRU,6203-2RS JEM SKF,0,28,1HP
3799,26,1,CWRU,6203-2RS JEM SKF,0,28,1HP
3800,26,1,CWRU,6203-2RS JEM SKF,0,28,1HP
3801,26,1,CWRU,6203-2RS JEM SKF,0,28,1HP
3802,27,1,CWRU,6203-2RS JEM SKF,1,28,1HP
3803,27,1,CWRU,6203-2RS JEM SKF,1,28,1HP
3804,27,1,CWRU,6203-2RS JEM SKF,1,28,1HP
3805,27,1,CWRU,6203-2RS JEM SKF,1,28,1HP
3806,27,1,CWRU,6203-2RS JEM SKF,1,28,1HP
3807,27,1,CWRU,6203-2RS JEM SKF,1,28,1HP
3808,27,1,CWRU,6203-2RS JEM SKF,1,28,1HP
3809,27,1,CWRU,6203-2RS JEM SKF,1,28,1HP
3810,27,1,CWRU,6203-2RS JEM SKF,1,28,1HP
3811,27,1,CWRU,6203-2RS JEM SKF,1,28,1HP
3812,28,1,CWRU,6203-2RS JEM SKF,2,28,1HP
3813,28,1,CWRU,6203-2RS JEM SKF,2,28,1HP
3814,28,1,CWRU,6203-2RS JEM SKF,2,28,1HP
3815,28,1,CWRU,6203-2RS JEM SKF,2,28,1HP
3816,28,1,CWRU,6203-2RS JEM SKF,2,28,1HP
3817,28,1,CWRU,6203-2RS JEM SKF,2,28,1HP
3818,28,1,CWRU,6203-2RS JEM SKF,2,28,1HP
3819,28,1,CWRU,6203-2RS JEM SKF,2,28,1HP
3820,28,1,CWRU,6203-2RS JEM SKF,2,28,1HP
3821,28,1,CWRU,6203-2RS JEM SKF,2,28,1HP
3822,29,3,CWRU,6205-2RS JEM SKF,0,28,0HP
3823,29,3,CWRU,6205-2RS JEM SKF,0,28,0HP
3824,29,3,CWRU,6205-2RS JEM SKF,0,28,0HP
3825,29,3,CWRU,6205-2RS JEM SKF,0,28,0HP
3826,29,3,CWRU,6205-2RS JEM SKF,0,28,0HP
3827,29,3,CWRU,6205-2RS JEM SKF,0,28,0HP
3828,29,3,CWRU,6205-2RS JEM SKF,0,28,0HP
3829,29,3,CWRU,6205-2RS JEM SKF,0,28,0HP
3830,29,3,CWRU,6205-2RS JEM SKF,0,28,0HP
3831,29,3,CWRU,6205-2RS JEM SKF,0,28,0HP
3832,29,6,CWRU,6205-2RS JEM SKF,0,28,0HP
3833,29,6,CWRU,6205-2RS JEM SKF,0,28,0HP
3834,29,6,CWRU,6205-2RS JEM SKF,0,28,0HP
3835,29,6,CWRU,6205-2RS JEM SKF,0,28,0HP
3836,29,6,CWRU,6205-2RS JEM SKF,0,28,0HP
3837,29,6,CWRU,6205-2RS JEM SKF,0,28,0HP
3838,29,6,CWRU,6205-2RS JEM SKF,0,28,0HP
3839,29,6,CWRU,6205-2RS JEM SKF,0,28,0HP
3840,29,6,CWRU,6205-2RS JEM SKF,0,28,0HP
3841,29,6,CWRU,6205-2RS JEM SKF,0,28,0HP
3842,30,3,CWRU,6205-2RS JEM SKF,0,28,1HP
3843,30,3,CWRU,6205-2RS JEM SKF,0,28,1HP
3844,30,3,CWRU,6205-2RS JEM SKF,0,28,1HP
3845,30,3,CWRU,6205-2RS JEM SKF,0,28,1HP
3846,30,3,CWRU,6205-2RS JEM SKF,0,28,1HP
3847,30,3,CWRU,6205-2RS JEM SKF,0,28,1HP
3848,30,3,CWRU,6205-2RS JEM SKF,0,28,1HP
3849,30,3,CWRU,6205-2RS JEM SKF,0,28,1HP
3850,30,3,CWRU,6205-2RS JEM SKF,0,28,1HP
3851,30,3,CWRU,6205-2RS JEM SKF,0,28,1HP
3852,30,6,CWRU,6205-2RS JEM SKF,0,28,1HP
3853,30,6,CWRU,6205-2RS JEM SKF,0,28,1HP
3854,30,6,CWRU,6205-2RS JEM SKF,0,28,1HP
3855,30,6,CWRU,6205-2RS JEM SKF,0,28,1HP
3856,30,6,CWRU,6205-2RS JEM SKF,0,28,1HP
3857,30,6,CWRU,6205-2RS JEM SKF,0,28,1HP
3858,30,6,CWRU,6205-2RS JEM SKF,0,28,1HP
3859,30,6,CWRU,6205-2RS JEM SKF,0,28,1HP
3860,30,6,CWRU,6205-2RS JEM SKF,0,28,1HP
3861,30,6,CWRU,6205-2RS JEM SKF,0,28,1HP
3862,31,3,CWRU,6205-2RS JEM SKF,0,28,2HP
3863,31,3,CWRU,6205-2RS JEM SKF,0,28,2HP
3864,31,3,CWRU,6205-2RS JEM SKF,0,28,2HP
3865,31,3,CWRU,6205-2RS JEM SKF,0,28,2HP
3866,31,3,CWRU,6205-2RS JEM SKF,0,28,2HP
3867,31,3,CWRU,6205-2RS JEM SKF,0,28,2HP
3868,31,3,CWRU,6205-2RS JEM SKF,0,28,2HP
3869,31,3,CWRU,6205-2RS JEM SKF,0,28,2HP
3870,31,3,CWRU,6205-2RS JEM SKF,0,28,2HP
3871,31,3,CWRU,6205-2RS JEM SKF,0,28,2HP
3872,31,6,CWRU,6205-2RS JEM SKF,0,28,2HP
3873,31,6,CWRU,6205-2RS JEM SKF,0,28,2HP
3874,31,6,CWRU,6205-2RS JEM SKF,0,28,2HP
3875,31,6,CWRU,6205-2RS JEM SKF,0,28,2HP
3876,31,6,CWRU,6205-2RS JEM SKF,0,28,2HP
3877,31,6,CWRU,6205-2RS JEM SKF,0,28,2HP
3878,31,6,CWRU,6205-2RS JEM SKF,0,28,2HP
3879,31,6,CWRU,6205-2RS JEM SKF,0,28,2HP
3880,31,6,CWRU,6205-2RS JEM SKF,0,28,2HP
3881,31,6,CWRU,6205-2RS JEM SKF,0,28,2HP
4952,140,3,DIRG,-,0,100,0N
4953,140,3,DIRG,-,0,100,0N
4954,140,3,DIRG,-,0,100,0N
4955,140,3,DIRG,-,0,100,0N
4956,140,3,DIRG,-,0,100,0N
4957,140,3,DIRG,-,0,100,0N
4958,140,3,DIRG,-,0,100,0N
4959,140,3,DIRG,-,0,100,0N
4960,140,3,DIRG,-,0,100,0N
4961,140,3,DIRG,-,0,100,0N
4962,141,3,DIRG,-,1,100,0N
4963,141,3,DIRG,-,1,100,0N
4964,141,3,DIRG,-,1,100,0N
4965,141,3,DIRG,-,1,100,0N
4966,141,3,DIRG,-,1,100,0N
4967,141,3,DIRG,-,1,100,0N
4968,141,3,DIRG,-,1,100,0N
4969,141,3,DIRG,-,1,100,0N
4970,141,3,DIRG,-,1,100,0N
4971,141,3,DIRG,-,1,100,0N
4972,142,3,DIRG,-,2,100,0N
4973,142,3,DIRG,-,2,100,0N
4974,142,3,DIRG,-,2,100,0N
4975,142,3,DIRG,-,2,100,0N
4976,142,3,DIRG,-,2,100,0N
4977,142,3,DIRG,-,2,100,0N
4978,142,3,DIRG,-,2,100,0N
4979,142,3,DIRG,-,2,100,0N
4980,142,3,DIRG,-,2,100,0N
4981,142,3,DIRG,-,2,100,0N
4982,143,3,DIRG,-,3,100,0N
4983,143,3,DIRG,-,3,100,0N
4984,143,3,DIRG,-,3,100,0N
4985,143,3,DIRG,-,3,100,0N
4986,143,3,DIRG,-,3,100,0N
4987,143,3,DIRG,-,3,100,0N
4988,143,3,DIRG,-,3,100,0N
4989,143,3,DIRG,-,3,100,0N
4990,143,3,DIRG,-,3,100,0N
4991,143,3,DIRG,-,3,100,0N
4992,144,3,DIRG,-,4,100,0N
4993,144,3,DIRG,-,4,100,0N
4994,144,3,DIRG,-,4,100,0N
4995,144,3,DIRG,-,4,100,0N
4996,144,3,DIRG,-,4,100,0N
4997,144,3,DIRG,-,4,100,0N
4998,144,3,DIRG,-,4,100,0N
4999,144,3,DIRG,-,4,100,0N
5000,144,3,DIRG,-,4,100,0N
5001,144,3,DIRG,-,4,100,0N
5002,145,3,DIRG,-,5,100,0N
5003,145,3,DIRG,-,5,100,0N
5004,145,3,DIRG,-,5,100,0N
5005,145,3,DIRG,-,5,100,0N
5006,145,3,DIRG,-,5,100,0N
5007,145,3,DIRG,-,5,100,0N
5008,145,3,DIRG,-,5,100,0N
5009,145,3,DIRG,-,5,100,0N
5010,145,3,DIRG,-,5,100,0N
5011,145,3,DIRG,-,5,100,0N
5012,146,3,DIRG,-,0,100,1000N
5013,146,3,DIRG,-,0,100,1000N
5014,146,3,DIRG,-,0,100,1000N
5015,146,3,DIRG,-,0,100,1000N
5016,146,3,DIRG,-,0,100,1000N
5017,146,3,DIRG,-,0,100,1000N
5018,146,3,DIRG,-,0,100,1000N
5019,146,3,DIRG,-,0,100,1000N
5020,146,3,DIRG,-,0,100,1000N
5021,146,3,DIRG,-,0,100,1000N
5022,147,3,DIRG,-,1,100,1000N
5023,147,3,DIRG,-,1,100,1000N
5024,147,3,DIRG,-,1,100,1000N
5025,147,3,DIRG,-,1,100,1000N
5026,147,3,DIRG,-,1,100,1000N
5027,147,3,DIRG,-,1,100,1000N
5028,147,3,DIRG,-,1,100,1000N
5029,147,3,DIRG,-,1,100,1000N
5030,147,3,DIRG,-,1,100,1000N
5031,147,3,DIRG,-,1,100,1000N
5032,148,3,DIRG,-,2,100,1000N
5033,148,3,DIRG,-,2,100,1000N
5034,148,3,DIRG,-,2,100,1000N
5035,148,3,DIRG,-,2,100,1000N
5036,148,3,DIRG,-,2,100,1000N
5037,148,3,DIRG,-,2,100,1000N
5038,148,3,DIRG,-,2,100,1000N
5039,148,3,DIRG,-,2,100,1000N
5040,148,3,DIRG,-,2,100,1000N
5041,148,3,DIRG,-,2,100,1000N
5042,149,3,DIRG,-,3,100,1000N
5043,149,3,DIRG,-,3,100,1000N
5044,149,3,DIRG,-,3,100,1000N
5045,149,3,DIRG,-,3,100,1000N
5046,149,3,DIRG,-,3,100,1000N
5047,149,3,DIRG,-,3,100,1000N
5048,149,3,DIRG,-,3,100,1000N
5049,149,3,DIRG,-,3,100,1000N
5050,149,3,DIRG,-,3,100,1000N
5051,149,3,DIRG,-,3,100,1000N
5052,150,3,DIRG,-,4,100,1000N
5053,150,3,DIRG,-,4,100,1000N
5054,150,3,DIRG,-,4,100,1000N
5055,150,3,DIRG,-,4,100,1000N
5056,150,3,DIRG,-,4,100,1000N
5057,150,3,DIRG,-,4,100,1000N
5058,150,3,DIRG,-,4,100,1000N
5059,150,3,DIRG,-,4,100,1000N
5060,150,3,DIRG,-,4,100,1000N
5061,150,3,DIRG,-,4,100,1000N
5062,151,3,DIRG,-,5,100,1000N
5063,151,3,DIRG,-,5,100,1000N
5064,151,3,DIRG,-,5,100,1000N
5065,151,3,DIRG,-,5,100,1000N
5066,151,3,DIRG,-,5,100,1000N
5067,151,3,DIRG,-,5,100,1000N
5068,151,3,DIRG,-,5,100,1000N
5069,151,3,DIRG,-,5,100,1000N
5070,151,3,DIRG,-,5,100,1000N
5071,151,3,DIRG,-,5,100,1000N
5072,152,3,DIRG,-,0,100,1400N
5073,152,3,DIRG,-,0,100,1400N
5074,152,3,DIRG,-,0,100,1400N
5075,152,3,DIRG,-,0,100,1400N
5076,152,3,DIRG,-,0,100,1400N
5077,152,3,DIRG,-,0,100,1400N
5078,152,3,DIRG,-,0,100,1400N
5079,152,3,DIRG,-,0,100,1400N
5080,152,3,DIRG,-,0,100,1400N
5081,152,3,DIRG,-,0,100,1400N
5082,153,3,DIRG,-,1,100,1400N
5083,153,3,DIRG,-,1,100,1400N
5084,153,3,DIRG,-,1,100,1400N
5085,153,3,DIRG,-,1,100,1400N
5086,153,3,DIRG,-,1,100,1400N
5087,153,3,DIRG,-,1,100,1400N
5088,153,3,DIRG,-,1,100,1400N
5089,153,3,DIRG,-,1,100,1400N
5090,153,3,DIRG,-,1,100,1400N
5091,153,3,DIRG,-,1,100,1400N
5092,154,3,DIRG,-,2,100,1400N
5093,154,3,DIRG,-,2,100,1400N
5094,154,3,DIRG,-,2,100,1400N
5095,154,3,DIRG,-,2,100,1400N
5096,154,3,DIRG,-,2,100,1400N
5097,154,3,DIRG,-,2,100,1400N
5098,154,3,DIRG,-,2,100,1400N
5099,154,3,DIRG,-,2,100,1400N
5100,154,3,DIRG,-,2,100,1400N
5101,154,3,DIRG,-,2,100,1400N
5102,155,3,DIRG,-,3,100,1400N
5103,155,3,DIRG,-,3,100,1400N
5104,155,3,DIRG,-,3,100,1400N
5105,155,3,DIRG,-,3,100,1400N
5106,155,3,DIRG,-,3,100,1400N
5107,155,3,DIRG,-,3,100,1400N
5108,155,3,DIRG,-,3,100,1400N
5109,155,3,DIRG,-,3,100,1400N
5110,155,3,DIRG,-,3,100,1400N
5111,155,3,DIRG,-,3,100,1400N
5112,156,3,DIRG,-,4,100,1400N
5113,156,3,DIRG,-,4,100,1400N
5114,156,3,DIRG,-,4,100,1400N
5115,156,3,DIRG,-,4,100,1400N
5116,156,3,DIRG,-,4,100,1400N
5117,156,3,DIRG,-,4,100,1400N
5118,156,3,DIRG,-,4,100,1400N
5119,156,3,DIRG,-,4,100,1400N
5120,156,3,DIRG,-,4,100,1400N
5121,156,3,DIRG,-,4,100,1400N
5122,157,3,DIRG,-,5,100,1400N
5123,157,3,DIRG,-,5,100,1400N
5124,157,3,DIRG,-,5,100,1400N
5125,157,3,DIRG,-,5,100,1400N
5126,157,3,DIRG,-,5,100,1400N
5127,157,3,DIRG,-,5,100,1400N
5128,157,3,DIRG,-,5,100,1400N
5129,157,3,DIRG,-,5,100,1400N
5130,157,3,DIRG,-,5,100,1400N
5131,157,3,DIRG,-,5,100,1400N
5132,158,3,DIRG,-,0,100,1800N
5133,158,3,DIRG,-,0,100,1800N
5134,158,3,DIRG,-,0,100,1800N
5135,158,3,DIRG,-,0,100,1800N
5136,158,3,DIRG,-,0,100,1800N
5137,158,3,DIRG,-,0,100,1800N
5138,158,3,DIRG,-,0,100,1800N
5139,158,3,DIRG,-,0,100,1800N
5140,158,3,DIRG,-,0,100,1800N
5141,158,3,DIRG,-,0,100,1800N
5142,159,3,DIRG,-,1,100,1800N
5143,159,3,DIRG,-,1,100,1800N
5144,159,3,DIRG,-,1,100,1800N
5145,159,3,DIRG,-,1,100,1800N
5146,159,3,DIRG,-,1,100,1800N
5147,159,3,DIRG,-,1,100,1800N
5148,159,3,DIRG,-,1,100,1800N
5149,159,3,DIRG,-,1,100,1800N
5150,159,3,DIRG,-,1,100,1800N
5151,159,3,DIRG,-,1,100,1800N
5152,160,3,DIRG,-,2,100,1800N
5153,160,3,DIRG,-,2,100,1800N
5154,160,3,DIRG,-,2,100,1800N
5155,160,3,DIRG,-,2,100,1800N
5156,160,3,DIRG,-,2,100,1800N
5157,160,3,DIRG,-,2,100,1800N
5158,160,3,DIRG,-,2,100,1800N
5159,160,3,DIRG,-,2,100,1800N
5160,160,3,DIRG,-,2,100,1800N
5161,160,3,DIRG,-,2,100,1800N
5162,161,3,DIRG,-,3,100,1800N
5163,161,3,DIRG,-,3,100,1800N
5164,161,3,DIRG,-,3,100,1800N
5165,161,3,DIRG,-,3,100,1800N
5166,161,3,DIRG,-,3,100,1800N
5167,161,3,DIRG,-,3,100,1800N
5168,161,3,DIRG,-,3,100,1800N
5169,161,3,DIRG,-,3,100,1800N
5170,161,3,DIRG,-,3,100,1800N
5171,161,3,DIRG,-,3,100,1800N
5172,162,3,DIRG,-,4,100,1800N
5173,162,3,DIRG,-,4,100,1800N
5174,162,3,DIRG,-,4,100,1800N
5175,162,3,DIRG,-,4,100,1800N
5176,162,3,DIRG,-,4,100,1800N
5177,162,3,DIRG,-,4,100,1800N
5178,162,3,DIRG,-,4,100,1800N
5179,162,3,DIRG,-,4,100,1800N
5180,162,3,DIRG,-,4,100,1800N
5181,162,3,DIRG,-,4,100,1800N
5182,163,3,DIRG,-,5,100,1800N
5183,163,3,DIRG,-,5,100,1800N
5184,163,3,DIRG,-,5,100,1800N
5185,163,3,DIRG,-,5,100,1800N
5186,163,3,DIRG,-,5,100,1800N
5187,163,3,DIRG,-,5,100,1800N
5188,163,3,DIRG,-,5,100,1800N
5189,163,3,DIRG,-,5,100,1800N
5190,163,3,DIRG,-,5,100,1800N
5191,163,3,DIRG,-,5,100,1800N
5192,164,3,DIRG,-,0,200,0N
5193,164,3,DIRG,-,0,200,0N
5194,164,3,DIRG,-,0,200,0N
5195,164,3,DIRG,-,0,200,0N
5196,164,3,DIRG,-,0,200,0N
5197,164,3,DIRG,-,0,200,0N
5198,164,3,DIRG,-,0,200,0N
5199,164,3,DIRG,-,0,200,0N
5200,164,3,DIRG,-,0,200,0N
5201,164,3,DIRG,-,0,200,0N
5202,165,3,DIRG,-,1,200,0N
5203,165,3,DIRG,-,1,200,0N
5204,165,3,DIRG,-,1,200,0N
5205,165,3,DIRG,-,1,200,0N
5206,165,3,DIRG,-,1,200,0N
5207,165,3,DIRG,-,1,200,0N
5208,165,3,DIRG,-,1,200,0N
5209,165,3,DIRG,-,1,200,0N
5210,165,3,DIRG,-,1,200,0N
5211,165,3,DIRG,-,1,200,0N
5212,166,3,DIRG,-,2,200,0N
5213,166,3,DIRG,-,2,200,0N
5214,166,3,DIRG,-,2,200,0N
5215,166,3,DIRG,-,2,200,0N
5216,166,3,DIRG,-,2,200,0N
5217,166,3,DIRG,-,2,200,0N
5218,166,3,DIRG,-,2,200,0N
5219,166,3,DIRG,-,2,200,0N
5220,166,3,DIRG,-,2,200,0N
5221,166,3,DIRG,-,2,200,0N
5222,167,3,DIRG,-,3,200,0N
5223,167,3,DIRG,-,3,200,0N
5224,167,3,DIRG,-,3,200,0N
5225,167,3,DIRG,-,3,200,0N
5226,167,3,DIRG,-,3,200,0N
5227,167,3,DIRG,-,3,200,0N
5228,167,3,DIRG,-,3,200,0N
5229,167,3,DIRG,-,3,200,0N
5230,167,3,DIRG,-,3,200,0N
5231,167,3,DIRG,-,3,200,0N
5232,168,3,DIRG,-,4,200,0N
5233,168,3,DIRG,-,4,200,0N
5234,168,3,DIRG,-,4,200,0N
5235,168,3,DIRG,-,4,200,0N
5236,168,3,DIRG,-,4,200,0N
5237,168,3,DIRG,-,4,200,0N
5238,168,3,DIRG,-,4,200,0N
5239,168,3,DIRG,-,4,200,0N
5240,168,3,DIRG,-,4,200,0N
5241,168,3,DIRG,-,4,200,0N
5242,169,3,DIRG,-,5,200,0N
5243,169,3,DIRG,-,5,200,0N
5244,169,3,DIRG,-,5,200,0N
5245,169,3,DIRG,-,5,200,0N
5246,169,3,DIRG,-,5,200,0N
5247,169,3,DIRG,-,5,200,0N
5248,169,3,DIRG,-,5,200,0N
5249,169,3,DIRG,-,5,200,0N
5250,169,3,DIRG,-,5,200,0N
5251,169,3,DIRG,-,5,200,0N
5252,170,3,DIRG,-,0,200,1000N
5253,170,3,DIRG,-,0,200,1000N
5254,170,3,DIRG,-,0,200,1000N
5255,170,3,DIRG,-,0,200,1000N
5256,170,3,DIRG,-,0,200,1000N
5257,170,3,DIRG,-,0,200,1000N
5258,170,3,DIRG,-,0,200,1000N
5259,170,3,DIRG,-,0,200,1000N
5260,170,3,DIRG,-,0,200,1000N
5261,170,3,DIRG,-,0,200,1000N
5262,171,3,DIRG,-,1,200,1000N
5263,171,3,DIRG,-,1,200,1000N
5264,171,3,DIRG,-,1,200,1000N
5265,171,3,DIRG,-,1,200,1000N
5266,171,3,DIRG,-,1,200,1000N
5267,171,3,DIRG,-,1,200,1000N
5268,171,3,DIRG,-,1,200,1000N
5269,171,3,DIRG,-,1,200,1000N
5270,171,3,DIRG,-,1,200,1000N
5271,171,3,DIRG,-,1,200,1000N
5272,172,3,DIRG,-,2,200,1000N
5273,172,3,DIRG,-,2,200,1000N
5274,172,3,DIRG,-,2,200,1000N
5275,172,3,DIRG,-,2,200,1000N
5276,172,3,DIRG,-,2,200,1000N
5277,172,3,DIRG,-,2,200,1000N
5278,172,3,DIRG,-,2,200,1000N
5279,172,3,DIRG,-,2,200,1000N
5280,172,3,DIRG,-,2,200,1000N
5281,172,3,DIRG,-,2,200,1000N
5282,173,3,DIRG,-,3,200,1000N
5283,173,3,DIRG,-,3,200,1000N
5284,173,3,DIRG,-,3,200,1000N
5285,173,3,DIRG,-,3,200,1000N
5286,173,3,DIRG,-,3,200,1000N
5287,173,3,DIRG,-,3,200,1000N
5288,173,3,DIRG,-,3,200,1000N
5289,173,3,DIRG,-,3,200,1000N
5290,173,3,DIRG,-,3,200,1000N
5291,173,3,DIRG,-,3,200,1000N
5292,174,3,DIRG,-,4,200,1000N
5293,174,3,DIRG,-,4,200,1000N
5294,174,3,DIRG,-,4,200,1000N
5295,174,3,DIRG,-,4,200,1000N
5296,174,3,DIRG,-,4,200,1000N
5297,174,3,DIRG,-,4,200,1000N
5298,174,3,DIRG,-,4,200,1000N
5299,174,3,DIRG,-,4,200,1000N
5300,174,3,DIRG,-,4,200,1000N
5301,174,3,DIRG,-,4,200,1000N
5302,175,3,DIRG,-,5,200,1000N
5303,175,3,DIRG,-,5,200,1000N
5304,175,3,DIRG,-,5,200,1000N
5305,175,3,DIRG,-,5,200,1000N
5306,175,3,DIRG,-,5,200,1000N
5307,175,3,DIRG,-,5,200,1000N
5308,175,3,DIRG,-,5,200,1000N
5309,175,3,DIRG,-,5,200,1000N
5310,175,3,DIRG,-,5,200,1000N
5311,175,3,DIRG,-,5,200,1000N
5312,176,3,DIRG,-,0,200,1400N
5313,176,3,DIRG,-,0,200,1400N
5314,176,3,DIRG,-,0,200,1400N
5315,176,3,DIRG,-,0,200,1400N
5316,176,3,DIRG,-,0,200,1400N
5317,176,3,DIRG,-,0,200,1400N
5318,176,3,DIRG,-,0,200,1400N
5319,176,3,DIRG,-,0,200,1400N
5320,176,3,DIRG,-,0,200,1400N
5321,176,3,DIRG,-,0,200,1400N
5322,177,3,DIRG,-,1,200,1400N
5323,177,3,DIRG,-,1,200,1400N
5324,177,3,DIRG,-,1,200,1400N
5325,177,3,DIRG,-,1,200,1400N
5326,177,3,DIRG,-,1,200,1400N
5327,177,3,DIRG,-,1,200,1400N
5328,177,3,DIRG,-,1,200,1400N
5329,177,3,DIRG,-,1,200,1400N
5330,177,3,DIRG,-,1,200,1400N
5331,177,3,DIRG,-,1,200,1400N
5332,178,3,DIRG,-,2,200,1400N
5333,178,3,DIRG,-,2,200,1400N
5334,178,3,DIRG,-,2,200,1400N
5335,178,3,DIRG,-,2,200,1400N
5336,178,3,DIRG,-,2,200,1400N
5337,178,3,DIRG,-,2,200,1400N
5338,178,3,DIRG,-,2,200,1400N
5339,178,3,DIRG,-,2,200,1400N
5340,178,3,DIRG,-,2,200,1400N
5341,178,3,DIRG,-,2,200,1400N
5342,179,3,DIRG,-,3,200,1400N
5343,179,3,DIRG,-,3,200,1400N
5344,179,3,DIRG,-,3,200,1400N
5345,179,3,DIRG,-,3,200,1400N
5346,179,3,DIRG,-,3,200,1400N
5347,179,3,DIRG,-,3,200,1400N
5348,179,3,DIRG,-,3,200,1400N
5349,179,3,DIRG,-,3,200,1400N
5350,179,3,DIRG,-,3,200,1400N
5351,179,3,DIRG,-,3,200,1400N
5352,180,3,DIRG,-,4,200,1400N
5353,180,3,DIRG,-,4,200,1400N
5354,180,3,DIRG,-,4,200,1400N
5355,180,3,DIRG,-,4,200,1400N
5356,180,3,DIRG,-,4,200,1400N
5357,180,3,DIRG,-,4,200,1400N
5358,180,3,DIRG,-,4,200,1400N
5359,180,3,DIRG,-,4,200,1400N
5360,180,3,DIRG,-,4,200,1400N
5361,180,3,DIRG,-,4,200,1400N
5362,181,3,DIRG,-,5,200,1400N
5363,181,3,DIRG,-,5,200,1400N
5364,181,3,DIRG,-,5,200,1400N
5365,181,3,DIRG,-,5,200,1400N
5366,181,3,DIRG,-,5,200,1400N
5367,181,3,DIRG,-,5,200,1400N
5368,181,3,DIRG,-,5,200,1400N
5369,181,3,DIRG,-,5,200,1400N
5370,181,3,DIRG,-,5,200,1400N
5371,181,3,DIRG,-,5,200,1400N
5372,182,3,DIRG,-,0,200,1800N
5373,182,3,DIRG,-,0,200,1800N
5374,182,3,DIRG,-,0,200,1800N
5375,182,3,DIRG,-,0,200,1800N
5376,182,3,DIRG,-,0,200,1800N
5377,182,3,DIRG,-,0,200,1800N
5378,182,3,DIRG,-,0,200,1800N
5379,182,3,DIRG,-,0,200,1800N
5380,182,3,DIRG,-,0,200,1800N
5381,182,3,DIRG,-,0,200,1800N
5382,183,3,DIRG,-,1,200,1800N
5383,183,3,DIRG,-,1,200,1800N
5384,183,3,DIRG,-,1,200,1800N
5385,183,3,DIRG,-,1,200,1800N
5386,183,3,DIRG,-,1,200,1800N
5387,183,3,DIRG,-,1,200,1800N
5388,183,3,DIRG,-,1,200,1800N
5389,183,3,DIRG,-,1,200,1800N
5390,183,3,DIRG,-,1,200,1800N
5391,183,3,DIRG,-,1,200,1800N
5392,184,3,DIRG,-,2,200,1800N
5393,184,3,DIRG,-,2,200,1800N
5394,184,3,DIRG,-,2,200,1800N
5395,184,3,DIRG,-,2,200,1800N
5396,184,3,DIRG,-,2,200,1800N
5397,184,3,DIRG,-,2,200,1800N
5398,184,3,DIRG,-,2,200,1800N
5399,184,3,DIRG,-,2,200,1800N
5400,184,3,DIRG,-,2,200,1800N
5401,184,3,DIRG,-,2,200,1800N
5402,185,3,DIRG,-,3,200,1800N
5403,185,3,DIRG,-,3,200,1800N
5404,185,3,DIRG,-,3,200,1800N
5405,185,3,DIRG,-,3,200,1800N
5406,185,3,DIRG,-,3,200,1800N
5407,185,3,DIRG,-,3,200,1800N
5408,185,3,DIRG,-,3,200,1800N
5409,185,3,DIRG,-,3,200,1800N
5410,185,3,DIRG,-,3,200,1800N
5411,185,3,DIRG,-,3,200,1800N
5412,186,3,DIRG,-,4,200,1800N
5413,186,3,DIRG,-,4,200,1800N
5414,186,3,DIRG,-,4,200,1800N
5415,186,3,DIRG,-,4,200,1800N
5416,186,3,DIRG,-,4,200,1800N
5417,186,3,DIRG,-,4,200,1800N
5418,186,3,DIRG,-,4,200,1800N
5419,186,3,DIRG,-,4,200,1800N
5420,186,3,DIRG,-,4,200,1800N
5421,186,3,DIRG,-,4,200,1800N
5422,187,3,DIRG,-,5,200,1800N
5423,187,3,DIRG,-,5,200,1800N
5424,187,3,DIRG,-,5,200,1800N
5425,187,3,DIRG,-,5,200,1800N
5426,187,3,DIRG,-,5,200,1800N
5427,187,3,DIRG,-,5,200,1800N
5428,187,3,DIRG,-,5,200,1800N
5429,187,3,DIRG,-,5,200,1800N
5430,187,3,DIRG,-,5,200,1800N
5431,187,3,DIRG,-,5,200,1800N
5432,188,3,DIRG,-,0,300,0N
5433,188,3,DIRG,-,0,300,0N
5434,188,3,DIRG,-,0,300,0N
5435,188,3,DIRG,-,0,300,0N
5436,188,3,DIRG,-,0,300,0N
5437,188,3,DIRG,-,0,300,0N
5438,188,3,DIRG,-,0,300,0N
5439,188,3,DIRG,-,0,300,0N
5440,188,3,DIRG,-,0,300,0N
5441,188,3,DIRG,-,0,300,0N
5442,189,3,DIRG,-,1,300,0N
5443,189,3,DIRG,-,1,300,0N
5444,189,3,DIRG,-,1,300,0N
5445,189,3,DIRG,-,1,300,0N
5446,189,3,DIRG,-,1,300,0N
5447,189,3,DIRG,-,1,300,0N
5448,189,3,DIRG,-,1,300,0N
5449,189,3,DIRG,-,1,300,0N
5450,189,3,DIRG,-,1,300,0N
5451,189,3,DIRG,-,1,300,0N
5452,190,3,DIRG,-,2,300,0N
5453,190,3,DIRG,-,2,300,0N
5454,190,3,DIRG,-,2,300,0N
5455,190,3,DIRG,-,2,300,0N
5456,190,3,DIRG,-,2,300,0N
5457,190,3,DIRG,-,2,300,0N
5458,190,3,DIRG,-,2,300,0N
5459,190,3,DIRG,-,2,300,0N
5460,190,3,DIRG,-,2,300,0N
5461,190,3,DIRG,-,2,300,0N
5462,191,3,DIRG,-,3,300,0N
5463,191,3,DIRG,-,3,300,0N
5464,191,3,DIRG,-,3,300,0N
5465,191,3,DIRG,-,3,300,0N
5466,191,3,DIRG,-,3,300,0N
5467,191,3,DIRG,-,3,300,0N
5468,191,3,DIRG,-,3,300,0N
5469,191,3,DIRG,-,3,300,0N
5470,191,3,DIRG,-,3,300,0N
5471,191,3,DIRG,-,3,300,0N
5472,192,3,DIRG,-,4,300,0N
5473,192,3,DIRG,-,4,300,0N
5474,192,3,DIRG,-,4,300,0N
5475,192,3,DIRG,-,4,300,0N
5476,192,3,DIRG,-,4,300,0N
5477,192,3,DIRG,-,4,300,0N
5478,192,3,DIRG,-,4,300,0N
5479,192,3,DIRG,-,4,300,0N
5480,192,3,DIRG,-,4,300,0N
5481,192,3,DIRG,-,4,300,0N
5482,193,3,DIRG,-,5,300,0N
5483,193,3,DIRG,-,5,300,0N
5484,193,3,DIRG,-,5,300,0N
5485,193,3,DIRG,-,5,300,0N
5486,193,3,DIRG,-,5,300,0N
5487,193,3,DIRG,-,5,300,0N
5488,193,3,DIRG,-,5,300,0N
5489,193,3,DIRG,-,5,300,0N
5490,193,3,DIRG,-,5,300,0N
5491,193,3,DIRG,-,5,300,0N
5492,194,3,DIRG,-,0,300,1000N
5493,194,3,DIRG,-,0,300,1000N
5494,194,3,DIRG,-,0,300,1000N
5495,194,3,DIRG,-,0,300,1000N
5496,194,3,DIRG,-,0,300,1000N
5497,194,3,DIRG,-,0,300,1000N
5498,194,3,DIRG,-,0,300,1000N
5499,194,3,DIRG,-,0,300,1000N
5500,194,3,DIRG,-,0,300,1000N
5501,194,3,DIRG,-,0,300,1000N
5502,195,3,DIRG,-,1,300,1000N
5503,195,3,DIRG,-,1,300,1000N
5504,195,3,DIRG,-,1,300,1000N
5505,195,3,DIRG,-,1,300,1000N
5506,195,3,DIRG,-,1,300,1000N
5507,195,3,DIRG,-,1,300,1000N
5508,195,3,DIRG,-,1,300,1000N
5509,195,3,DIRG,-,1,300,1000N
5510,195,3,DIRG,-,1,300,1000N
5511,195,3,DIRG,-,1,300,1000N
5512,196,3,DIRG,-,2,300,1000N
5513,196,3,DIRG,-,2,300,1000N
5514,196,3,DIRG,-,2,300,1000N
5515,196,3,DIRG,-,2,300,1000N
5516,196,3,DIRG,-,2,300,1000N
5517,196,3,DIRG,-,2,300,1000N
5518,196,3,DIRG,-,2,300,1000N
5519,196,3,DIRG,-,2,300,1000N
5520,196,3,DIRG,-,2,300,1000N
5521,196,3,DIRG,-,2,300,1000N
5522,197,3,DIRG,-,3,300,1000N
5523,197,3,DIRG,-,3,300,1000N
5524,197,3,DIRG,-,3,300,1000N
5525,197,3,DIRG,-,3,300,1000N
5526,197,3,DIRG,-,3,300,1000N
5527,197,3,DIRG,-,3,300,1000N
5528,197,3,DIRG,-,3,300,1000N
5529,197,3,DIRG,-,3,300,1000N
5530,197,3,DIRG,-,3,300,1000N
5531,197,3,DIRG,-,3,300,1000N
5532,198,3,DIRG,-,4,300,1000N
5533,198,3,DIRG,-,4,300,1000N
5534,198,3,DIRG,-,4,300,1000N
5535,198,3,DIRG,-,4,300,1000N
5536,198,3,DIRG,-,4,300,1000N
5537,198,3,DIRG,-,4,300,1000N
5538,198,3,DIRG,-,4,300,1000N
5539,198,3,DIRG,-,4,300,1000N
5540,198,3,DIRG,-,4,300,1000N
5541,198,3,DIRG,-,4,300,1000N
5542,199,3,DIRG,-,5,300,1000N
5543,199,3,DIRG,-,5,300,1000N
5544,199,3,DIRG,-,5,300,1000N
5545,199,3,DIRG,-,5,300,1000N
5546,199,3,DIRG,-,5,300,1000N
5547,199,3,DIRG,-,5,300,1000N
5548,199,3,DIRG,-,5,300,1000N
5549,199,3,DIRG,-,5,300,1000N
5550,199,3,DIRG,-,5,300,1000N
5551,199,3,DIRG,-,5,300,1000N
5552,200,3,DIRG,-,0,300,1400N
5553,200,3,DIRG,-,0,300,1400N
5554,200,3,DIRG,-,0,300,1400N
5555,200,3,DIRG,-,0,300,1400N
5556,200,3,DIRG,-,0,300,1400N
5557,200,3,DIRG,-,0,300,1400N
5558,200,3,DIRG,-,0,300,1400N
5559,200,3,DIRG,-,0,300,1400N
5560,200,3,DIRG,-,0,300,1400N
5561,200,3,DIRG,-,0,300,1400N
5562,201,3,DIRG,-,1,300,1400N
5563,201,3,DIRG,-,1,300,1400N
5564,201,3,DIRG,-,1,300,1400N
5565,201,3,DIRG,-,1,300,1400N
5566,201,3,DIRG,-,1,300,1400N
5567,201,3,DIRG,-,1,300,1400N
5568,201,3,DIRG,-,1,300,1400N
5569,201,3,DIRG,-,1,300,1400N
5570,201,3,DIRG,-,1,300,1400N
5571,201,3,DIRG,-,1,300,1400N
5572,202,3,DIRG,-,2,300,1400N
5573,202,3,DIRG,-,2,300,1400N
5574,202,3,DIRG,-,2,300,1400N
5575,202,3,DIRG,-,2,300,1400N
5576,202,3,DIRG,-,2,300,1400N
5577,202,3,DIRG,-,2,300,1400N
5578,202,3,DIRG,-,2,300,1400N
5579,202,3,DIRG,-,2,300,1400N
5580,202,3,DIRG,-,2,300,1400N
5581,202,3,DIRG,-,2,300,1400N
5582,203,3,DIRG,-,3,300,1400N
5583,203,3,DIRG,-,3,300,1400N
5584,203,3,DIRG,-,3,300,1400N
5585,203,3,DIRG,-,3,300,1400N
5586,203,3,DIRG,-,3,300,1400N
5587,203,3,DIRG,-,3,300,1400N
5588,203,3,DIRG,-,3,300,1400N
5589,203,3,DIRG,-,3,300,1400N
5590,203,3,DIRG,-,3,300,1400N
5591,203,3,DIRG,-,3,300,1400N
5592,204,3,DIRG,-,4,300,1400N
5593,204,3,DIRG,-,4,300,1400N
5594,204,3,DIRG,-,4,300,1400N
5595,204,3,DIRG,-,4,300,1400N
5596,204,3,DIRG,-,4,300,1400N
5597,204,3,DIRG,-,4,300,1400N
5598,204,3,DIRG,-,4,300,1400N
5599,204,3,DIRG,-,4,300,1400N
5600,204,3,DIRG,-,4,300,1400N
5601,204,3,DIRG,-,4,300,1400N
5602,205,3,DIRG,-,5,300,1400N
5603,205,3,DIRG,-,5,300,1400N
5604,205,3,DIRG,-,5,300,1400N
5605,205,3,DIRG,-,5,300,1400N
5606,205,3,DIRG,-,5,300,1400N
5607,205,3,DIRG,-,5,300,1400N
5608,205,3,DIRG,-,5,300,1400N
5609,205,3,DIRG,-,5,300,1400N
5610,205,3,DIRG,-,5,300,1400N
5611,205,3,DIRG,-,5,300,1400N
5612,206,3,DIRG,-,0,300,1800N
5613,206,3,DIRG,-,0,300,1800N
5614,206,3,DIRG,-,0,300,1800N
5615,206,3,DIRG,-,0,300,1800N
5616,206,3,DIRG,-,0,300,1800N
5617,206,3,DIRG,-,0,300,1800N
5618,206,3,DIRG,-,0,300,1800N
5619,206,3,DIRG,-,0,300,1800N
5620,206,3,DIRG,-,0,300,1800N
5621,206,3,DIRG,-,0,300,1800N
5622,207,3,DIRG,-,1,300,1800N
5623,207,3,DIRG,-,1,300,1800N
5624,207,3,DIRG,-,1,300,1800N
5625,207,3,DIRG,-,1,300,1800N
5626,207,3,DIRG,-,1,300,1800N
5627,207,3,DIRG,-,1,300,1800N
5628,207,3,DIRG,-,1,300,1800N
5629,207,3,DIRG,-,1,300,1800N
5630,207,3,DIRG,-,1,300,1800N
5631,207,3,DIRG,-,1,300,1800N
5632,208,3,DIRG,-,2,300,1800N
5633,208,3,DIRG,-,2,300,1800N
5634,208,3,DIRG,-,2,300,1800N
5635,208,3,DIRG,-,2,300,1800N
5636,208,3,DIRG,-,2,300,1800N
5637,208,3,DIRG,-,2,300,1800N
5638,208,3,DIRG,-,2,300,1800N
5639,208,3,DIRG,-,2,300,1800N
5640,208,3,DIRG,-,2,300,1800N
5641,208,3,DIRG,-,2,300,1800N
5642,209,3,DIRG,-,3,300,1800N
5643,209,3,DIRG,-,3,300,1800N
5644,209,3,DIRG,-,3,300,1800N
5645,209,3,DIRG,-,3,300,1800N
5646,209,3,DIRG,-,3,300,1800N
5647,209,3,DIRG,-,3,300,1800N
5648,209,3,DIRG,-,3,300,1800N
5649,209,3,DIRG,-,3,300,1800N
5650,209,3,DIRG,-,3,300,1800N
5651,209,3,DIRG,-,3,300,1800N
5652,210,3,DIRG,-,4,300,1800N
5653,210,3,DIRG,-,4,300,1800N
5654,210,3,DIRG,-,4,300,1800N
5655,210,3,DIRG,-,4,300,1800N
5656,210,3,DIRG,-,4,300,1800N
5657,210,3,DIRG,-,4,300,1800N
5658,210,3,DIRG,-,4,300,1800N
5659,210,3,DIRG,-,4,300,1800N
5660,210,3,DIRG,-,4,300,1800N
5661,210,3,DIRG,-,4,300,1800N
5662,211,3,DIRG,-,5,300,1800N
5663,211,3,DIRG,-,5,300,1800N
5664,211,3,DIRG,-,5,300,1800N
5665,211,3,DIRG,-,5,300,1800N
5666,211,3,DIRG,-,5,300,1800N
5667,211,3,DIRG,-,5,300,1800N
5668,211,3,DIRG,-,5,300,1800N
5669,211,3,DIRG,-,5,300,1800N
5670,211,3,DIRG,-,5,300,1800N
5671,211,3,DIRG,-,5,300,1800N
5672,212,3,DIRG,-,0,400,0N
5673,212,3,DIRG,-,0,400,0N
5674,212,3,DIRG,-,0,400,0N
5675,212,3,DIRG,-,0,400,0N
5676,212,3,DIRG,-,0,400,0N
5677,212,3,DIRG,-,0,400,0N
5678,212,3,DIRG,-,0,400,0N
5679,212,3,DIRG,-,0,400,0N
5680,212,3,DIRG,-,0,400,0N
5681,212,3,DIRG,-,0,400,0N
5682,213,3,DIRG,-,1,400,0N
5683,213,3,DIRG,-,1,400,0N
5684,213,3,DIRG,-,1,400,0N
5685,213,3,DIRG,-,1,400,0N
5686,213,3,DIRG,-,1,400,0N
5687,213,3,DIRG,-,1,400,0N
5688,213,3,DIRG,-,1,400,0N
5689,213,3,DIRG,-,1,400,0N
5690,213,3,DIRG,-,1,400,0N
5691,213,3,DIRG,-,1,400,0N
5692,214,3,DIRG,-,2,400,0N
5693,214,3,DIRG,-,2,400,0N
5694,214,3,DIRG,-,2,400,0N
5695,214,3,DIRG,-,2,400,0N
5696,214,3,DIRG,-,2,400,0N
5697,214,3,DIRG,-,2,400,0N
5698,214,3,DIRG,-,2,400,0N
5699,214,3,DIRG,-,2,400,0N
5700,214,3,DIRG,-,2,400,0N
5701,214,3,DIRG,-,2,400,0N
5702,215,3,DIRG,-,3,400,0N
5703,215,3,DIRG,-,3,400,0N
5704,215,3,DIRG,-,3,400,0N
5705,215,3,DIRG,-,3,400,0N
5706,215,3,DIRG,-,3,400,0N
5707,215,3,DIRG,-,3,400,0N
5708,215,3,DIRG,-,3,400,0N
5709,215,3,DIRG,-,3,400,0N
5710,215,3,DIRG,-,3,400,0N
5711,215,3,DIRG,-,3,400,0N
5712,216,3,DIRG,-,4,400,0N
5713,216,3,DIRG,-,4,400,0N
5714,216,3,DIRG,-,4,400,0N
5715,216,3,DIRG,-,4,400,0N
5716,216,3,DIRG,-,4,400,0N
5717,216,3,DIRG,-,4,400,0N
5718,216,3,DIRG,-,4,400,0N
5719,216,3,DIRG,-,4,400,0N
5720,216,3,DIRG,-,4,400,0N
5721,216,3,DIRG,-,4,400,0N
5722,217,3,DIRG,-,5,400,0N
5723,217,3,DIRG,-,5,400,0N
5724,217,3,DIRG,-,5,400,0N
5725,217,3,DIRG,-,5,400,0N
5726,217,3,DIRG,-,5,400,0N
5727,217,3,DIRG,-,5,400,0N
5728,217,3,DIRG,-,5,400,0N
5729,217,3,DIRG,-,5,400,0N
5730,217,3,DIRG,-,5,400,0N
5731,217,3,DIRG,-,5,400,0N
5732,218,3,DIRG,-,0,400,1000N
5733,218,3,DIRG,-,0,400,1000N
5734,218,3,DIRG,-,0,400,1000N
5735,218,3,DIRG,-,0,400,1000N
5736,218,3,DIRG,-,0,400,1000N
5737,218,3,DIRG,-,0,400,1000N
5738,218,3,DIRG,-,0,400,1000N
5739,218,3,DIRG,-,0,400,1000N
5740,218,3,DIRG,-,0,400,1000N
5741,218,3,DIRG,-,0,400,1000N
5742,219,3,DIRG,-,1,400,1000N
5743,219,3,DIRG,-,1,400,1000N
5744,219,3,DIRG,-,1,400,1000N
5745,219,3,DIRG,-,1,400,1000N
5746,219,3,DIRG,-,1,400,1000N
5747,219,3,DIRG,-,1,400,1000N
5748,219,3,DIRG,-,1,400,1000N
5749,219,3,DIRG,-,1,400,1000N
5750,219,3,DIRG,-,1,400,1000N
5751,219,3,DIRG,-,1,400,1000N
5752,220,3,DIRG,-,2,400,1000N
5753,220,3,DIRG,-,2,400,1000N
5754,220,3,DIRG,-,2,400,1000N
5755,220,3,DIRG,-,2,400,1000N
5756,220,3,DIRG,-,2,400,1000N
5757,220,3,DIRG,-,2,400,1000N
5758,220,3,DIRG,-,2,400,1000N
5759,220,3,DIRG,-,2,400,1000N
5760,220,3,DIRG,-,2,400,1000N
5761,220,3,DIRG,-,2,400,1000N
5762,221,3,DIRG,-,3,400,1000N
5763,221,3,DIRG,-,3,400,1000N
5764,221,3,DIRG,-,3,400,1000N
5765,221,3,DIRG,-,3,400,1000N
5766,221,3,DIRG,-,3,400,1000N
5767,221,3,DIRG,-,3,400,1000N
5768,221,3,DIRG,-,3,400,1000N
5769,221,3,DIRG,-,3,400,1000N
5770,221,3,DIRG,-,3,400,1000N
5771,221,3,DIRG,-,3,400,1000N
5772,222,3,DIRG,-,4,400,1000N
5773,222,3,DIRG,-,4,400,1000N
5774,222,3,DIRG,-,4,400,1000N
5775,222,3,DIRG,-,4,400,1000N
5776,222,3,DIRG,-,4,400,1000N
5777,222,3,DIRG,-,4,400,1000N
5778,222,3,DIRG,-,4,400,1000N
5779,222,3,DIRG,-,4,400,1000N
5780,222,3,DIRG,-,4,400,1000N
5781,222,3,DIRG,-,4,400,1000N
5782,223,3,DIRG,-,5,400,1000N
5783,223,3,DIRG,-,5,400,1000N
5784,223,3,DIRG,-,5,400,1000N
5785,223,3,DIRG,-,5,400,1000N
5786,223,3,DIRG,-,5,400,1000N
5787,223,3,DIRG,-,5,400,1000N
5788,223,3,DIRG,-,5,400,1000N
5789,223,3,DIRG,-,5,400,1000N
5790,223,3,DIRG,-,5,400,1000N
5791,223,3,DIRG,-,5,400,1000N
5792,224,3,DIRG,-,0,400,1400N
5793,224,3,DIRG,-,0,400,1400N
5794,224,3,DIRG,-,0,400,1400N
5795,224,3,DIRG,-,0,400,1400N
5796,224,3,DIRG,-,0,400,1400N
5797,224,3,DIRG,-,0,400,1400N
5798,224,3,DIRG,-,0,400,1400N
5799,224,3,DIRG,-,0,400,1400N
5800,224,3,DIRG,-,0,400,1400N
5801,224,3,DIRG,-,0,400,1400N
5802,225,3,DIRG,-,1,400,1400N
5803,225,3,DIRG,-,1,400,1400N
5804,225,3,DIRG,-,1,400,1400N
5805,225,3,DIRG,-,1,400,1400N
5806,225,3,DIRG,-,1,400,1400N
5807,225,3,DIRG,-,1,400,1400N
5808,225,3,DIRG,-,1,400,1400N
5809,225,3,DIRG,-,1,400,1400N
5810,225,3,DIRG,-,1,400,1400N
5811,225,3,DIRG,-,1,400,1400N
5812,226,3,DIRG,-,2,400,1400N
5813,226,3,DIRG,-,2,400,1400N
5814,226,3,DIRG,-,2,400,1400N
5815,226,3,DIRG,-,2,400,1400N
5816,226,3,DIRG,-,2,400,1400N
5817,226,3,DIRG,-,2,400,1400N
5818,226,3,DIRG,-,2,400,1400N
5819,226,3,DIRG,-,2,400,1400N
5820,226,3,DIRG,-,2,400,1400N
5821,226,3,DIRG,-,2,400,1400N
5822,227,3,DIRG,-,3,400,1400N
5823,227,3,DIRG,-,3,400,1400N
5824,227,3,DIRG,-,3,400,1400N
5825,227,3,DIRG,-,3,400,1400N
5826,227,3,DIRG,-,3,400,1400N
5827,227,3,DIRG,-,3,400,1400N
5828,227,3,DIRG,-,3,400,1400N
5829,227,3,DIRG,-,3,400,1400N
5830,227,3,DIRG,-,3,400,1400N
5831,227,3,DIRG,-,3,400,1400N
5832,228,3,DIRG,-,4,400,1400N
5833,228,3,DIRG,-,4,400,1400N
5834,228,3,DIRG,-,4,400,1400N
5835,228,3,DIRG,-,4,400,1400N
5836,228,3,DIRG,-,4,400,1400N
5837,228,3,DIRG,-,4,400,1400N
5838,228,3,DIRG,-,4,400,1400N
5839,228,3,DIRG,-,4,400,1400N
5840,228,3,DIRG,-,4,400,1400N
5841,228,3,DIRG,-,4,400,1400N
5842,229,3,DIRG,-,5,400,1400N
5843,229,3,DIRG,-,5,400,1400N
5844,229,3,DIRG,-,5,400,1400N
5845,229,3,DIRG,-,5,400,1400N
5846,229,3,DIRG,-,5,400,1400N
5847,229,3,DIRG,-,5,400,1400N
5848,229,3,DIRG,-,5,400,1400N
5849,229,3,DIRG,-,5,400,1400N
5850,229,3,DIRG,-,5,400,1400N
5851,229,3,DIRG,-,5,400,1400N
5852,230,3,DIRG,-,0,500,0N
5853,230,3,DIRG,-,0,500,0N
5854,230,3,DIRG,-,0,500,0N
5855,230,3,DIRG,-,0,500,0N
5856,230,3,DIRG,-,0,500,0N
5857,230,3,DIRG,-,0,500,0N
5858,230,3,DIRG,-,0,500,0N
5859,230,3,DIRG,-,0,500,0N
5860,230,3,DIRG,-,0,500,0N
5861,230,3,DIRG,-,0,500,0N
5862,231,3,DIRG,-,1,500,0N
5863,231,3,DIRG,-,1,500,0N
5864,231,3,DIRG,-,1,500,0N
5865,231,3,DIRG,-,1,500,0N
5866,231,3,DIRG,-,1,500,0N
5867,231,3,DIRG,-,1,500,0N
5868,231,3,DIRG,-,1,500,0N
5869,231,3,DIRG,-,1,500,0N
5870,231,3,DIRG,-,1,500,0N
5871,231,3,DIRG,-,1,500,0N
5872,232,3,DIRG,-,2,500,0N
5873,232,3,DIRG,-,2,500,0N
5874,232,3,DIRG,-,2,500,0N
5875,232,3,DIRG,-,2,500,0N
5876,232,3,DIRG,-,2,500,0N
5877,232,3,DIRG,-,2,500,0N
5878,232,3,DIRG,-,2,500,0N
5879,232,3,DIRG,-,2,500,0N
5880,232,3,DIRG,-,2,500,0N
5881,232,3,DIRG,-,2,500,0N
5882,233,3,DIRG,-,3,500,0N
5883,233,3,DIRG,-,3,500,0N
5884,233,3,DIRG,-,3,500,0N
5885,233,3,DIRG,-,3,500,0N
5886,233,3,DIRG,-,3,500,0N
5887,233,3,DIRG,-,3,500,0N
5888,233,3,DIRG,-,3,500,0N
5889,233,3,DIRG,-,3,500,0N
5890,233,3,DIRG,-,3,500,0N
5891,233,3,DIRG,-,3,500,0N
5892,234,3,DIRG,-,4,500,0N
5893,234,3,DIRG,-,4,500,0N
5894,234,3,DIRG,-,4,500,0N
5895,234,3,DIRG,-,4,500,0N
5896,234,3,DIRG,-,4,500,0N
5897,234,3,DIRG,-,4,500,0N
5898,234,3,DIRG,-,4,500,0N
5899,234,3,DIRG,-,4,500,0N
5900,234,3,DIRG,-,4,500,0N
5901,234,3,DIRG,-,4,500,0N
5902,235,3,DIRG,-,5,500,0N
5903,235,3,DIRG,-,5,500,0N
5904,235,3,DIRG,-,5,500,0N
5905,235,3,DIRG,-,5,500,0N
5906,235,3,DIRG,-,5,500,0N
5907,235,3,DIRG,-,5,500,0N
5908,235,3,DIRG,-,5,500,0N
5909,235,3,DIRG,-,5,500,0N
5910,235,3,DIRG,-,5,500,0N
5911,235,3,DIRG,-,5,500,0N
5912,236,3,DIRG,-,0,500,1000N
5913,236,3,DIRG,-,0,500,1000N
5914,236,3,DIRG,-,0,500,1000N
5915,236,3,DIRG,-,0,500,1000N
5916,236,3,DIRG,-,0,500,1000N
5917,236,3,DIRG,-,0,500,1000N
5918,236,3,DIRG,-,0,500,1000N
5919,236,3,DIRG,-,0,500,1000N
5920,236,3,DIRG,-,0,500,1000N
5921,236,3,DIRG,-,0,500,1000N
5922,237,3,DIRG,-,1,500,1000N
5923,237,3,DIRG,-,1,500,1000N
5924,237,3,DIRG,-,1,500,1000N
5925,237,3,DIRG,-,1,500,1000N
5926,237,3,DIRG,-,1,500,1000N
5927,237,3,DIRG,-,1,500,1000N
5928,237,3,DIRG,-,1,500,1000N
5929,237,3,DIRG,-,1,500,1000N
5930,237,3,DIRG,-,1,500,1000N
5931,237,3,DIRG,-,1,500,1000N
5932,238,3,DIRG,-,2,500,1000N
5933,238,3,DIRG,-,2,500,1000N
5934,238,3,DIRG,-,2,500,1000N
5935,238,3,DIRG,-,2,500,1000N
5936,238,3,DIRG,-,2,500,1000N
5937,238,3,DIRG,-,2,500,1000N
5938,238,3,DIRG,-,2,500,1000N
5939,238,3,DIRG,-,2,500,1000N
5940,238,3,DIRG,-,2,500,1000N
5941,238,3,DIRG,-,2,500,1000N
5942,239,3,DIRG,-,3,500,1000N
5943,239,3,DIRG,-,3,500,1000N
5944,239,3,DIRG,-,3,500,1000N
5945,239,3,DIRG,-,3,500,1000N
5946,239,3,DIRG,-,3,500,1000N
5947,239,3,DIRG,-,3,500,1000N
5948,239,3,DIRG,-,3,500,1000N
5949,239,3,DIRG,-,3,500,1000N
5950,239,3,DIRG,-,3,500,1000N
5951,239,3,DIRG,-,3,500,1000N
5952,240,3,DIRG,-,4,500,1000N
5953,240,3,DIRG,-,4,500,1000N
5954,240,3,DIRG,-,4,500,1000N
5955,240,3,DIRG,-,4,500,1000N
5956,240,3,DIRG,-,4,500,1000N
5957,240,3,DIRG,-,4,500,1000N
5958,240,3,DIRG,-,4,500,1000N
5959,240,3,DIRG,-,4,500,1000N
5960,240,3,DIRG,-,4,500,1000N
5961,240,3,DIRG,-,4,500,1000N
5962,241,3,DIRG,-,5,500,1000N
5963,241,3,DIRG,-,5,500,1000N
5964,241,3,DIRG,-,5,500,1000N
5965,241,3,DIRG,-,5,500,1000N
5966,241,3,DIRG,-,5,500,1000N
5967,241,3,DIRG,-,5,500,1000N
5968,241,3,DIRG,-,5,500,1000N
5969,241,3,DIRG,-,5,500,1000N
5970,241,3,DIRG,-,5,500,1000N
5971,241,3,DIRG,-,5,500,1000N
5972,242,2,DIRG,-,0,100,0N
5973,242,2,DIRG,-,0,100,0N
5974,242,2,DIRG,-,0,100,0N
5975,242,2,DIRG,-,0,100,0N
5976,242,2,DIRG,-,0,100,0N
5977,242,2,DIRG,-,0,100,0N
5978,242,2,DIRG,-,0,100,0N
5979,242,2,DIRG,-,0,100,0N
5980,242,2,DIRG,-,0,100,0N
5981,242,2,DIRG,-,0,100,0N
5982,243,2,DIRG,-,1,100,0N
5983,243,2,DIRG,-,1,100,0N
5984,243,2,DIRG,-,1,100,0N
5985,243,2,DIRG,-,1,100,0N
5986,243,2,DIRG,-,1,100,0N
5987,243,2,DIRG,-,1,100,0N
5988,243,2,DIRG,-,1,100,0N
5989,243,2,DIRG,-,1,100,0N
5990,243,2,DIRG,-,1,100,0N
5991,243,2,DIRG,-,1,100,0N
5992,244,2,DIRG,-,2,100,0N
5993,244,2,DIRG,-,2,100,0N
5994,244,2,DIRG,-,2,100,0N
5995,244,2,DIRG,-,2,100,0N
5996,244,2,DIRG,-,2,100,0N
5997,244,2,DIRG,-,2,100,0N
5998,244,2,DIRG,-,2,100,0N
5999,244,2,DIRG,-,2,100,0N
6000,244,2,DIRG,-,2,100,0N
6001,244,2,DIRG,-,2,100,0N
6002,245,2,DIRG,-,3,100,0N
6003,245,2,DIRG,-,3,100,0N
6004,245,2,DIRG,-,3,100,0N
6005,245,2,DIRG,-,3,100,0N
6006,245,2,DIRG,-,3,100,0N
6007,245,2,DIRG,-,3,100,0N
6008,245,2,DIRG,-,3,100,0N
6009,245,2,DIRG,-,3,100,0N
6010,245,2,DIRG,-,3,100,0N
6011,245,2,DIRG,-,3,100,0N
6012,246,2,DIRG,-,4,100,0N
6013,246,2,DIRG,-,4,100,0N
6014,246,2,DIRG,-,4,100,0N
6015,246,2,DIRG,-,4,100,0N
6016,246,2,DIRG,-,4,100,0N
6017,246,2,DIRG,-,4,100,0N
6018,246,2,DIRG,-,4,100,0N
6019,246,2,DIRG,-,4,100,0N
6020,246,2,DIRG,-,4,100,0N
6021,246,2,DIRG,-,4,100,0N
6022,247,2,DIRG,-,5,100,0N
6023,247,2,DIRG,-,5,100,0N
6024,247,2,DIRG,-,5,100,0N
6025,247,2,DIRG,-,5,100,0N
6026,247,2,DIRG,-,5,100,0N
6027,247,2,DIRG,-,5,100,0N
6028,247,2,DIRG,-,5,100,0N
6029,247,2,DIRG,-,5,100,0N
6030,247,2,DIRG,-,5,100,0N
6031,247,2,DIRG,-,5,100,0N
6032,248,2,DIRG,-,0,100,1000N
6033,248,2,DIRG,-,0,100,1000N
6034,248,2,DIRG,-,0,100,1000N
6035,248,2,DIRG,-,0,100,1000N
6036,248,2,DIRG,-,0,100,1000N
6037,248,2,DIRG,-,0,100,1000N
6038,248,2,DIRG,-,0,100,1000N
6039,248,2,DIRG,-,0,100,1000N
6040,248,2,DIRG,-,0,100,1000N
6041,248,2,DIRG,-,0,100,1000N
6042,249,2,DIRG,-,1,100,1000N
6043,249,2,DIRG,-,1,100,1000N
6044,249,2,DIRG,-,1,100,1000N
6045,249,2,DIRG,-,1,100,1000N
6046,249,2,DIRG,-,1,100,1000N
6047,249,2,DIRG,-,1,100,1000N
6048,249,2,DIRG,-,1,100,1000N
6049,249,2,DIRG,-,1,100,1000N
6050,249,2,DIRG,-,1,100,1000N
6051,249,2,DIRG,-,1,100,1000N
6052,250,2,DIRG,-,2,100,1000N
6053,250,2,DIRG,-,2,100,1000N
6054,250,2,DIRG,-,2,100,1000N
6055,250,2,DIRG,-,2,100,1000N
6056,250,2,DIRG,-,2,100,1000N
6057,250,2,DIRG,-,2,100,1000N
6058,250,2,DIRG,-,2,100,1000N
6059,250,2,DIRG,-,2,100,1000N
6060,250,2,DIRG,-,2,100,1000N
6061,250,2,DIRG,-,2,100,1000N
6062,251,2,DIRG,-,3,100,1000N
6063,251,2,DIRG,-,3,100,1000N
6064,251,2,DIRG,-,3,100,1000N
6065,251,2,DIRG,-,3,100,1000N
6066,251,2,DIRG,-,3,100,1000N
6067,251,2,DIRG,-,3,100,1000N
6068,251,2,DIRG,-,3,100,1000N
6069,251,2,DIRG,-,3,100,1000N
6070,251,2,DIRG,-,3,100,1000N
6071,251,2,DIRG,-,3,100,1000N
6072,252,2,DIRG,-,4,100,1000N
6073,252,2,DIRG,-,4,100,1000N
6074,252,2,DIRG,-,4,100,1000N
6075,252,2,DIRG,-,4,100,1000N
6076,252,2,DIRG,-,4,100,1000N
6077,252,2,DIRG,-,4,100,1000N
6078,252,2,DIRG,-,4,100,1000N
6079,252,2,DIRG,-,4,100,1000N
6080,252,2,DIRG,-,4,100,1000N
6081,252,2,DIRG,-,4,100,1000N
6082,253,2,DIRG,-,5,100,1000N
6083,253,2,DIRG,-,5,100,1000N
6084,253,2,DIRG,-,5,100,1000N
6085,253,2,DIRG,-,5,100,1000N
6086,253,2,DIRG,-,5,100,1000N
6087,253,2,DIRG,-,5,100,1000N
6088,253,2,DIRG,-,5,100,1000N
6089,253,2,DIRG,-,5,100,1000N
6090,253,2,DIRG,-,5,100,1000N
6091,253,2,DIRG,-,5,100,1000N
6092,254,2,DIRG,-,0,100,1400N
6093,254,2,DIRG,-,0,100,1400N
6094,254,2,DIRG,-,0,100,1400N
6095,254,2,DIRG,-,0,100,1400N
6096,254,2,DIRG,-,0,100,1400N
6097,254,2,DIRG,-,0,100,1400N
6098,254,2,DIRG,-,0,100,1400N
6099,254,2,DIRG,-,0,100,1400N
6100,254,2,DIRG,-,0,100,1400N
6101,254,2,DIRG,-,0,100,1400N
6102,255,2,DIRG,-,1,100,1400N
6103,255,2,DIRG,-,1,100,1400N
6104,255,2,DIRG,-,1,100,1400N
6105,255,2,DIRG,-,1,100,1400N
6106,255,2,DIRG,-,1,100,1400N
6107,255,2,DIRG,-,1,100,1400N
6108,255,2,DIRG,-,1,100,1400N
6109,255,2,DIRG,-,1,100,1400N
6110,255,2,DIRG,-,1,100,1400N
6111,255,2,DIRG,-,1,100,1400N
6112,256,2,DIRG,-,2,100,1400N
6113,256,2,DIRG,-,2,100,1400N
6114,256,2,DIRG,-,2,100,1400N
6115,256,2,DIRG,-,2,100,1400N
6116,256,2,DIRG,-,2,100,1400N
6117,256,2,DIRG,-,2,100,1400N
6118,256,2,DIRG,-,2,100,1400N
6119,256,2,DIRG,-,2,100,1400N
6120,256,2,DIRG,-,2,100,1400N
6121,256,2,DIRG,-,2,100,1400N
6122,257,2,DIRG,-,3,100,1400N
6123,257,2,DIRG,-,3,100,1400N
6124,257,2,DIRG,-,3,100,1400N
6125,257,2,DIRG,-,3,100,1400N
6126,257,2,DIRG,-,3,100,1400N
6127,257,2,DIRG,-,3,100,1400N
6128,257,2,DIRG,-,3,100,1400N
6129,257,2,DIRG,-,3,100,1400N
6130,257,2,DIRG,-,3,100,1400N
6131,257,2,DIRG,-,3,100,1400N
6132,258,2,DIRG,-,4,100,1400N
6133,258,2,DIRG,-,4,100,1400N
6134,258,2,DIRG,-,4,100,1400N
6135,258,2,DIRG,-,4,100,1400N
6136,258,2,DIRG,-,4,100,1400N
6137,258,2,DIRG,-,4,100,1400N
6138,258,2,DIRG,-,4,100,1400N
6139,258,2,DIRG,-,4,100,1400N
6140,258,2,DIRG,-,4,100,1400N
6141,258,2,DIRG,-,4,100,1400N
6142,259,2,DIRG,-,5,100,1400N
6143,259,2,DIRG,-,5,100,1400N
6144,259,2,DIRG,-,5,100,1400N
6145,259,2,DIRG,-,5,100,1400N
6146,259,2,DIRG,-,5,100,1400N
6147,259,2,DIRG,-,5,100,1400N
6148,259,2,DIRG,-,5,100,1400N
6149,259,2,DIRG,-,5,100,1400N
6150,259,2,DIRG,-,5,100,1400N
6151,259,2,DIRG,-,5,100,1400N
6152,260,2,DIRG,-,0,100,1800N
6153,260,2,DIRG,-,0,100,1800N
6154,260,2,DIRG,-,0,100,1800N
6155,260,2,DIRG,-,0,100,1800N
6156,260,2,DIRG,-,0,100,1800N
6157,260,2,DIRG,-,0,100,1800N
6158,260,2,DIRG,-,0,100,1800N
6159,260,2,DIRG,-,0,100,1800N
6160,260,2,DIRG,-,0,100,1800N
6161,260,2,DIRG,-,0,100,1800N
6162,261,2,DIRG,-,1,100,1800N
6163,261,2,DIRG,-,1,100,1800N
6164,261,2,DIRG,-,1,100,1800N
6165,261,2,DIRG,-,1,100,1800N
6166,261,2,DIRG,-,1,100,1800N
6167,261,2,DIRG,-,1,100,1800N
6168,261,2,DIRG,-,1,100,1800N
6169,261,2,DIRG,-,1,100,1800N
6170,261,2,DIRG,-,1,100,1800N
6171,261,2,DIRG,-,1,100,1800N
6172,262,2,DIRG,-,2,100,1800N
6173,262,2,DIRG,-,2,100,1800N
6174,262,2,DIRG,-,2,100,1800N
6175,262,2,DIRG,-,2,100,1800N
6176,262,2,DIRG,-,2,100,1800N
6177,262,2,DIRG,-,2,100,1800N
6178,262,2,DIRG,-,2,100,1800N
6179,262,2,DIRG,-,2,100,1800N
6180,262,2,DIRG,-,2,100,1800N
6181,262,2,DIRG,-,2,100,1800N
6182,263,2,DIRG,-,3,100,1800N
6183,263,2,DIRG,-,3,100,1800N
6184,263,2,DIRG,-,3,100,1800N
6185,263,2,DIRG,-,3,100,1800N
6186,263,2,DIRG,-,3,100,1800N
6187,263,2,DIRG,-,3,100,1800N
6188,263,2,DIRG,-,3,100,1800N
6189,263,2,DIRG,-,3,100,1800N
6190,263,2,DIRG,-,3,100,1800N
6191,263,2,DIRG,-,3,100,1800N
6192,264,2,DIRG,-,4,100,1800N
6193,264,2,DIRG,-,4,100,1800N
6194,264,2,DIRG,-,4,100,1800N
6195,264,2,DIRG,-,4,100,1800N
6196,264,2,DIRG,-,4,100,1800N
6197,264,2,DIRG,-,4,100,1800N
6198,264,2,DIRG,-,4,100,1800N
6199,264,2,DIRG,-,4,100,1800N
6200,264,2,DIRG,-,4,100,1800N
6201,264,2,DIRG,-,4,100,1800N
6202,265,2,DIRG,-,5,100,1800N
6203,265,2,DIRG,-,5,100,1800N
6204,265,2,DIRG,-,5,100,1800N
6205,265,2,DIRG,-,5,100,1800N
6206,265,2,DIRG,-,5,100,1800N
6207,265,2,DIRG,-,5,100,1800N
6208,265,2,DIRG,-,5,100,1800N
6209,265,2,DIRG,-,5,100,1800N
6210,265,2,DIRG,-,5,100,1800N
6211,265,2,DIRG,-,5,100,1800N
6212,266,2,DIRG,-,0,200,0N
6213,266,2,DIRG,-,0,200,0N
6214,266,2,DIRG,-,0,200,0N
6215,266,2,DIRG,-,0,200,0N
6216,266,2,DIRG,-,0,200,0N
6217,266,2,DIRG,-,0,200,0N
6218,266,2,DIRG,-,0,200,0N
6219,266,2,DIRG,-,0,200,0N
6220,266,2,DIRG,-,0,200,0N
6221,266,2,DIRG,-,0,200,0N
6222,267,2,DIRG,-,1,200,0N
6223,267,2,DIRG,-,1,200,0N
6224,267,2,DIRG,-,1,200,0N
6225,267,2,DIRG,-,1,200,0N
6226,267,2,DIRG,-,1,200,0N
6227,267,2,DIRG,-,1,200,0N
6228,267,2,DIRG,-,1,200,0N
6229,267,2,DIRG,-,1,200,0N
6230,267,2,DIRG,-,1,200,0N
6231,267,2,DIRG,-,1,200,0N
6232,268,2,DIRG,-,2,200,0N
6233,268,2,DIRG,-,2,200,0N
6234,268,2,DIRG,-,2,200,0N
6235,268,2,DIRG,-,2,200,0N
6236,268,2,DIRG,-,2,200,0N
6237,268,2,DIRG,-,2,200,0N
6238,268,2,DIRG,-,2,200,0N
6239,268,2,DIRG,-,2,200,0N
6240,268,2,DIRG,-,2,200,0N
6241,268,2,DIRG,-,2,200,0N
6242,269,2,DIRG,-,3,200,0N
6243,269,2,DIRG,-,3,200,0N
6244,269,2,DIRG,-,3,200,0N
6245,269,2,DIRG,-,3,200,0N
6246,269,2,DIRG,-,3,200,0N
6247,269,2,DIRG,-,3,200,0N
6248,269,2,DIRG,-,3,200,0N
6249,269,2,DIRG,-,3,200,0N
6250,269,2,DIRG,-,3,200,0N
6251,269,2,DIRG,-,3,200,0N
6252,270,2,DIRG,-,4,200,0N
6253,270,2,DIRG,-,4,200,0N
6254,270,2,DIRG,-,4,200,0N
6255,270,2,DIRG,-,4,200,0N
6256,270,2,DIRG,-,4,200,0N
6257,270,2,DIRG,-,4,200,0N
6258,270,2,DIRG,-,4,200,0N
6259,270,2,DIRG,-,4,200,0N
6260,270,2,DIRG,-,4,200,0N
6261,270,2,DIRG,-,4,200,0N
6262,271,2,DIRG,-,5,200,0N
6263,271,2,DIRG,-,5,200,0N
6264,271,2,DIRG,-,5,200,0N
6265,271,2,DIRG,-,5,200,0N
6266,271,2,DIRG,-,5,200,0N
6267,271,2,DIRG,-,5,200,0N
6268,271,2,DIRG,-,5,200,0N
6269,271,2,DIRG,-,5,200,0N
6270,271,2,DIRG,-,5,200,0N
6271,271,2,DIRG,-,5,200,0N
6272,272,2,DIRG,-,0,200,1000N
6273,272,2,DIRG,-,0,200,1000N
6274,272,2,DIRG,-,0,200,1000N
6275,272,2,DIRG,-,0,200,1000N
6276,272,2,DIRG,-,0,200,1000N
6277,272,2,DIRG,-,0,200,1000N
6278,272,2,DIRG,-,0,200,1000N
6279,272,2,DIRG,-,0,200,1000N
6280,272,2,DIRG,-,0,200,1000N
6281,272,2,DIRG,-,0,200,1000N
6282,273,2,DIRG,-,1,200,1000N
6283,273,2,DIRG,-,1,200,1000N
6284,273,2,DIRG,-,1,200,1000N
6285,273,2,DIRG,-,1,200,1000N
6286,273,2,DIRG,-,1,200,1000N
6287,273,2,DIRG,-,1,200,1000N
6288,273,2,DIRG,-,1,200,1000N
6289,273,2,DIRG,-,1,200,1000N
6290,273,2,DIRG,-,1,200,1000N
6291,273,2,DIRG,-,1,200,1000N
6292,274,2,DIRG,-,2,200,1000N
6293,274,2,DIRG,-,2,200,1000N
6294,274,2,DIRG,-,2,200,1000N
6295,274,2,DIRG,-,2,200,1000N
6296,274,2,DIRG,-,2,200,1000N
6297,274,2,DIRG,-,2,200,1000N
6298,274,2,DIRG,-,2,200,1000N
6299,274,2,DIRG,-,2,200,1000N
6300,274,2,DIRG,-,2,200,1000N
6301,274,2,DIRG,-,2,200,1000N
6302,275,2,DIRG,-,3,200,1000N
6303,275,2,DIRG,-,3,200,1000N
6304,275,2,DIRG,-,3,200,1000N
6305,275,2,DIRG,-,3,200,1000N
6306,275,2,DIRG,-,3,200,1000N
6307,275,2,DIRG,-,3,200,1000N
6308,275,2,DIRG,-,3,200,1000N
6309,275,2,DIRG,-,3,200,1000N
6310,275,2,DIRG,-,3,200,1000N
6311,275,2,DIRG,-,3,200,1000N
6312,276,2,DIRG,-,4,200,1000N
6313,276,2,DIRG,-,4,200,1000N
6314,276,2,DIRG,-,4,200,1000N
6315,276,2,DIRG,-,4,200,1000N
6316,276,2,DIRG,-,4,200,1000N
6317,276,2,DIRG,-,4,200,1000N
6318,276,2,DIRG,-,4,200,1000N
6319,276,2,DIRG,-,4,200,1000N
6320,276,2,DIRG,-,4,200,1000N
6321,276,2,DIRG,-,4,200,1000N
6322,277,2,DIRG,-,5,200,1000N
6323,277,2,DIRG,-,5,200,1000N
6324,277,2,DIRG,-,5,200,1000N
6325,277,2,DIRG,-,5,200,1000N
6326,277,2,DIRG,-,5,200,1000N
6327,277,2,DIRG,-,5,200,1000N
6328,277,2,DIRG,-,5,200,1000N
6329,277,2,DIRG,-,5,200,1000N
6330,277,2,DIRG,-,5,200,1000N
6331,277,2,DIRG,-,5,200,1000N
6332,278,2,DIRG,-,0,200,1400N
6333,278,2,DIRG,-,0,200,1400N
6334,278,2,DIRG,-,0,200,1400N
6335,278,2,DIRG,-,0,200,1400N
6336,278,2,DIRG,-,0,200,1400N
6337,278,2,DIRG,-,0,200,1400N
6338,278,2,DIRG,-,0,200,1400N
6339,278,2,DIRG,-,0,200,1400N
6340,278,2,DIRG,-,0,200,1400N
6341,278,2,DIRG,-,0,200,1400N
6342,279,2,DIRG,-,1,200,1400N
6343,279,2,DIRG,-,1,200,1400N
6344,279,2,DIRG,-,1,200,1400N
6345,279,2,DIRG,-,1,200,1400N
6346,279,2,DIRG,-,1,200,1400N
6347,279,2,DIRG,-,1,200,1400N
6348,279,2,DIRG,-,1,200,1400N
6349,279,2,DIRG,-,1,200,1400N
6350,279,2,DIRG,-,1,200,1400N
6351,279,2,DIRG,-,1,200,1400N
6352,280,2,DIRG,-,2,200,1400N
6353,280,2,DIRG,-,2,200,1400N
6354,280,2,DIRG,-,2,200,1400N
6355,280,2,DIRG,-,2,200,1400N
6356,280,2,DIRG,-,2,200,1400N
6357,280,2,DIRG,-,2,200,1400N
6358,280,2,DIRG,-,2,200,1400N
6359,280,2,DIRG,-,2,200,1400N
6360,280,2,DIRG,-,2,200,1400N
6361,280,2,DIRG,-,2,200,1400N
6362,281,2,DIRG,-,3,200,1400N
6363,281,2,DIRG,-,3,200,1400N
6364,281,2,DIRG,-,3,200,1400N
6365,281,2,DIRG,-,3,200,1400N
6366,281,2,DIRG,-,3,200,1400N
6367,281,2,DIRG,-,3,200,1400N
6368,281,2,DIRG,-,3,200,1400N
6369,281,2,DIRG,-,3,200,1400N
6370,281,2,DIRG,-,3,200,1400N
6371,281,2,DIRG,-,3,200,1400N
6372,282,2,DIRG,-,4,200,1400N
6373,282,2,DIRG,-,4,200,1400N
6374,282,2,DIRG,-,4,200,1400N
6375,282,2,DIRG,-,4,200,1400N
6376,282,2,DIRG,-,4,200,1400N
6377,282,2,DIRG,-,4,200,1400N
6378,282,2,DIRG,-,4,200,1400N
6379,282,2,DIRG,-,4,200,1400N
6380,282,2,DIRG,-,4,200,1400N
6381,282,2,DIRG,-,4,200,1400N
6382,283,2,DIRG,-,5,200,1400N
6383,283,2,DIRG,-,5,200,1400N
6384,283,2,DIRG,-,5,200,1400N
6385,283,2,DIRG,-,5,200,1400N
6386,283,2,DIRG,-,5,200,1400N
6387,283,2,DIRG,-,5,200,1400N
6388,283,2,DIRG,-,5,200,1400N
6389,283,2,DIRG,-,5,200,1400N
6390,283,2,DIRG,-,5,200,1400N
6391,283,2,DIRG,-,5,200,1400N
6392,284,2,DIRG,-,0,200,1800N
6393,284,2,DIRG,-,0,200,1800N
6394,284,2,DIRG,-,0,200,1800N
6395,284,2,DIRG,-,0,200,1800N
6396,284,2,DIRG,-,0,200,1800N
6397,284,2,DIRG,-,0,200,1800N
6398,284,2,DIRG,-,0,200,1800N
6399,284,2,DIRG,-,0,200,1800N
6400,284,2,DIRG,-,0,200,1800N
6401,284,2,DIRG,-,0,200,1800N
6402,285,2,DIRG,-,1,200,1800N
6403,285,2,DIRG,-,1,200,1800N
6404,285,2,DIRG,-,1,200,1800N
6405,285,2,DIRG,-,1,200,1800N
6406,285,2,DIRG,-,1,200,1800N
6407,285,2,DIRG,-,1,200,1800N
6408,285,2,DIRG,-,1,200,1800N
6409,285,2,DIRG,-,1,200,1800N
6410,285,2,DIRG,-,1,200,1800N
6411,285,2,DIRG,-,1,200,1800N
6412,286,2,DIRG,-,2,200,1800N
6413,286,2,DIRG,-,2,200,1800N
6414,286,2,DIRG,-,2,200,1800N
6415,286,2,DIRG,-,2,200,1800N
6416,286,2,DIRG,-,2,200,1800N
6417,286,2,DIRG,-,2,200,1800N
6418,286,2,DIRG,-,2,200,1800N
6419,286,2,DIRG,-,2,200,1800N
6420,286,2,DIRG,-,2,200,1800N
6421,286,2,DIRG,-,2,200,1800N
6422,287,2,DIRG,-,3,200,1800N
6423,287,2,DIRG,-,3,200,1800N
6424,287,2,DIRG,-,3,200,1800N
6425,287,2,DIRG,-,3,200,1800N
6426,287,2,DIRG,-,3,200,1800N
6427,287,2,DIRG,-,3,200,1800N
6428,287,2,DIRG,-,3,200,1800N
6429,287,2,DIRG,-,3,200,1800N
6430,287,2,DIRG,-,3,200,1800N
6431,287,2,DIRG,-,3,200,1800N
6432,288,2,DIRG,-,4,200,1800N
6433,288,2,DIRG,-,4,200,1800N
6434,288,2,DIRG,-,4,200,1800N
6435,288,2,DIRG,-,4,200,1800N
6436,288,2,DIRG,-,4,200,1800N
6437,288,2,DIRG,-,4,200,1800N
6438,288,2,DIRG,-,4,200,1800N
6439,288,2,DIRG,-,4,200,1800N
6440,288,2,DIRG,-,4,200,1800N
6441,288,2,DIRG,-,4,200,1800N
6442,289,2,DIRG,-,5,200,1800N
6443,289,2,DIRG,-,5,200,1800N
6444,289,2,DIRG,-,5,200,1800N
6445,289,2,DIRG,-,5,200,1800N
6446,289,2,DIRG,-,5,200,1800N
6447,289,2,DIRG,-,5,200,1800N
6448,289,2,DIRG,-,5,200,1800N
6449,289,2,DIRG,-,5,200,1800N
6450,289,2,DIRG,-,5,200,1800N
6451,289,2,DIRG,-,5,200,1800N
6452,290,2,DIRG,-,0,300,0N
6453,290,2,DIRG,-,0,300,0N
6454,290,2,DIRG,-,0,300,0N
6455,290,2,DIRG,-,0,300,0N
6456,290,2,DIRG,-,0,300,0N
6457,290,2,DIRG,-,0,300,0N
6458,290,2,DIRG,-,0,300,0N
6459,290,2,DIRG,-,0,300,0N
6460,290,2,DIRG,-,0,300,0N
6461,290,2,DIRG,-,0,300,0N
6462,291,2,DIRG,-,1,300,0N
6463,291,2,DIRG,-,1,300,0N
6464,291,2,DIRG,-,1,300,0N
6465,291,2,DIRG,-,1,300,0N
6466,291,2,DIRG,-,1,300,0N
6467,291,2,DIRG,-,1,300,0N
6468,291,2,DIRG,-,1,300,0N
6469,291,2,DIRG,-,1,300,0N
6470,291,2,DIRG,-,1,300,0N
6471,291,2,DIRG,-,1,300,0N
6472,292,2,DIRG,-,2,300,0N
6473,292,2,DIRG,-,2,300,0N
6474,292,2,DIRG,-,2,300,0N
6475,292,2,DIRG,-,2,300,0N
6476,292,2,DIRG,-,2,300,0N
6477,292,2,DIRG,-,2,300,0N
6478,292,2,DIRG,-,2,300,0N
6479,292,2,DIRG,-,2,300,0N
6480,292,2,DIRG,-,2,300,0N
6481,292,2,DIRG,-,2,300,0N
6482,293,2,DIRG,-,3,300,0N
6483,293,2,DIRG,-,3,300,0N
6484,293,2,DIRG,-,3,300,0N
6485,293,2,DIRG,-,3,300,0N
6486,293,2,DIRG,-,3,300,0N
6487,293,2,DIRG,-,3,300,0N
6488,293,2,DIRG,-,3,300,0N
6489,293,2,DIRG,-,3,300,0N
6490,293,2,DIRG,-,3,300,0N
6491,293,2,DIRG,-,3,300,0N
6492,294,2,DIRG,-,4,300,0N
6493,294,2,DIRG,-,4,300,0N
6494,294,2,DIRG,-,4,300,0N
6495,294,2,DIRG,-,4,300,0N
6496,294,2,DIRG,-,4,300,0N
6497,294,2,DIRG,-,4,300,0N
6498,294,2,DIRG,-,4,300,0N
6499,294,2,DIRG,-,4,300,0N
6500,294,2,DIRG,-,4,300,0N
6501,294,2,DIRG,-,4,300,0N
6502,295,2,DIRG,-,5,300,0N
6503,295,2,DIRG,-,5,300,0N
6504,295,2,DIRG,-,5,300,0N
6505,295,2,DIRG,-,5,300,0N
6506,295,2,DIRG,-,5,300,0N
6507,295,2,DIRG,-,5,300,0N
6508,295,2,DIRG,-,5,300,0N
6509,295,2,DIRG,-,5,300,0N
6510,295,2,DIRG,-,5,300,0N
6511,295,2,DIRG,-,5,300,0N
6512,296,2,DIRG,-,0,300,1000N
6513,296,2,DIRG,-,0,300,1000N
6514,296,2,DIRG,-,0,300,1000N
6515,296,2,DIRG,-,0,300,1000N
6516,296,2,DIRG,-,0,300,1000N
6517,296,2,DIRG,-,0,300,1000N
6518,296,2,DIRG,-,0,300,1000N
6519,296,2,DIRG,-,0,300,1000N
6520,296,2,DIRG,-,0,300,1000N
6521,296,2,DIRG,-,0,300,1000N
6522,297,2,DIRG,-,1,300,1000N
6523,297,2,DIRG,-,1,300,1000N
6524,297,2,DIRG,-,1,300,1000N
6525,297,2,DIRG,-,1,300,1000N
6526,297,2,DIRG,-,1,300,1000N
6527,297,2,DIRG,-,1,300,1000N
6528,297,2,DIRG,-,1,300,1000N
6529,297,2,DIRG,-,1,300,1000N
6530,297,2,DIRG,-,1,300,1000N
6531,297,2,DIRG,-,1,300,1000N
6532,298,2,DIRG,-,2,300,1000N
6533,298,2,DIRG,-,2,300,1000N
6534,298,2,DIRG,-,2,300,1000N
6535,298,2,DIRG,-,2,300,1000N
6536,298,2,DIRG,-,2,300,1000N
6537,298,2,DIRG,-,2,300,1000N
6538,298,2,DIRG,-,2,300,1000N
6539,298,2,DIRG,-,2,300,1000N
6540,298,2,DIRG,-,2,300,1000N
6541,298,2,DIRG,-,2,300,1000N
6542,299,2,DIRG,-,3,300,1000N
6543,299,2,DIRG,-,3,300,1000N
6544,299,2,DIRG,-,3,300,1000N
6545,299,2,DIRG,-,3,300,1000N
6546,299,2,DIRG,-,3,300,1000N
6547,299,2,DIRG,-,3,300,1000N
6548,299,2,DIRG,-,3,300,1000N
6549,299,2,DIRG,-,3,300,1000N
6550,299,2,DIRG,-,3,300,1000N
6551,299,2,DIRG,-,3,300,1000N
6552,300,2,DIRG,-,4,300,1000N
6553,300,2,DIRG,-,4,300,1000N
6554,300,2,DIRG,-,4,300,1000N
6555,300,2,DIRG,-,4,300,1000N
6556,300,2,DIRG,-,4,300,1000N
6557,300,2,DIRG,-,4,300,1000N
6558,300,2,DIRG,-,4,300,1000N
6559,300,2,DIRG,-,4,300,1000N
6560,300,2,DIRG,-,4,300,1000N
6561,300,2,DIRG,-,4,300,1000N
6562,301,2,DIRG,-,5,300,1000N
6563,301,2,DIRG,-,5,300,1000N
6564,301,2,DIRG,-,5,300,1000N
6565,301,2,DIRG,-,5,300,1000N
6566,301,2,DIRG,-,5,300,1000N
6567,301,2,DIRG,-,5,300,1000N
6568,301,2,DIRG,-,5,300,1000N
6569,301,2,DIRG,-,5,300,1000N
6570,301,2,DIRG,-,5,300,1000N
6571,301,2,DIRG,-,5,300,1000N
6572,302,2,DIRG,-,0,300,1400N
6573,302,2,DIRG,-,0,300,1400N
6574,302,2,DIRG,-,0,300,1400N
6575,302,2,DIRG,-,0,300,1400N
6576,302,2,DIRG,-,0,300,1400N
6577,302,2,DIRG,-,0,300,1400N
6578,302,2,DIRG,-,0,300,1400N
6579,302,2,DIRG,-,0,300,1400N
6580,302,2,DIRG,-,0,300,1400N
6581,302,2,DIRG,-,0,300,1400N
6582,303,2,DIRG,-,1,300,1400N
6583,303,2,DIRG,-,1,300,1400N
6584,303,2,DIRG,-,1,300,1400N
6585,303,2,DIRG,-,1,300,1400N
6586,303,2,DIRG,-,1,300,1400N
6587,303,2,DIRG,-,1,300,1400N
6588,303,2,DIRG,-,1,300,1400N
6589,303,2,DIRG,-,1,300,1400N
6590,303,2,DIRG,-,1,300,1400N
6591,303,2,DIRG,-,1,300,1400N
6592,304,2,DIRG,-,2,300,1400N
6593,304,2,DIRG,-,2,300,1400N
6594,304,2,DIRG,-,2,300,1400N
6595,304,2,DIRG,-,2,300,1400N
6596,304,2,DIRG,-,2,300,1400N
6597,304,2,DIRG,-,2,300,1400N
6598,304,2,DIRG,-,2,300,1400N
6599,304,2,DIRG,-,2,300,1400N
6600,304,2,DIRG,-,2,300,1400N
6601,304,2,DIRG,-,2,300,1400N
6602,305,2,DIRG,-,3,300,1400N
6603,305,2,DIRG,-,3,300,1400N
6604,305,2,DIRG,-,3,300,1400N
6605,305,2,DIRG,-,3,300,1400N
6606,305,2,DIRG,-,3,300,1400N
6607,305,2,DIRG,-,3,300,1400N
6608,305,2,DIRG,-,3,300,1400N
6609,305,2,DIRG,-,3,300,1400N
6610,305,2,DIRG,-,3,300,1400N
6611,305,2,DIRG,-,3,300,1400N
6612,306,2,DIRG,-,4,300,1400N
6613,306,2,DIRG,-,4,300,1400N
6614,306,2,DIRG,-,4,300,1400N
6615,306,2,DIRG,-,4,300,1400N
6616,306,2,DIRG,-,4,300,1400N
6617,306,2,DIRG,-,4,300,1400N
6618,306,2,DIRG,-,4,300,1400N
6619,306,2,DIRG,-,4,300,1400N
6620,306,2,DIRG,-,4,300,1400N
6621,306,2,DIRG,-,4,300,1400N
6622,307,2,DIRG,-,5,300,1400N
6623,307,2,DIRG,-,5,300,1400N
6624,307,2,DIRG,-,5,300,1400N
6625,307,2,DIRG,-,5,300,1400N
6626,307,2,DIRG,-,5,300,1400N
6627,307,2,DIRG,-,5,300,1400N
6628,307,2,DIRG,-,5,300,1400N
6629,307,2,DIRG,-,5,300,1400N
6630,307,2,DIRG,-,5,300,1400N
6631,307,2,DIRG,-,5,300,1400N
6632,308,2,DIRG,-,0,300,1800N
6633,308,2,DIRG,-,0,300,1800N
6634,308,2,DIRG,-,0,300,1800N
6635,308,2,DIRG,-,0,300,1800N
6636,308,2,DIRG,-,0,300,1800N
6637,308,2,DIRG,-,0,300,1800N
6638,308,2,DIRG,-,0,300,1800N
6639,308,2,DIRG,-,0,300,1800N
6640,308,2,DIRG,-,0,300,1800N
6641,308,2,DIRG,-,0,300,1800N
6642,309,2,DIRG,-,1,300,1800N
6643,309,2,DIRG,-,1,300,1800N
6644,309,2,DIRG,-,1,300,1800N
6645,309,2,DIRG,-,1,300,1800N
6646,309,2,DIRG,-,1,300,1800N
6647,309,2,DIRG,-,1,300,1800N
6648,309,2,DIRG,-,1,300,1800N
6649,309,2,DIRG,-,1,300,1800N
6650,309,2,DIRG,-,1,300,1800N
6651,309,2,DIRG,-,1,300,1800N
6652,310,2,DIRG,-,2,300,1800N
6653,310,2,DIRG,-,2,300,1800N
6654,310,2,DIRG,-,2,300,1800N
6655,310,2,DIRG,-,2,300,1800N
6656,310,2,DIRG,-,2,300,1800N
6657,310,2,DIRG,-,2,300,1800N
6658,310,2,DIRG,-,2,300,1800N
6659,310,2,DIRG,-,2,300,1800N
6660,310,2,DIRG,-,2,300,1800N
6661,310,2,DIRG,-,2,300,1800N
6662,311,2,DIRG,-,3,300,1800N
6663,311,2,DIRG,-,3,300,1800N
6664,311,2,DIRG,-,3,300,1800N
6665,311,2,DIRG,-,3,300,1800N
6666,311,2,DIRG,-,3,300,1800N
6667,311,2,DIRG,-,3,300,1800N
6668,311,2,DIRG,-,3,300,1800N
6669,311,2,DIRG,-,3,300,1800N
6670,311,2,DIRG,-,3,300,1800N
6671,311,2,DIRG,-,3,300,1800N
6672,312,2,DIRG,-,4,300,1800N
6673,312,2,DIRG,-,4,300,1800N
6674,312,2,DIRG,-,4,300,1800N
6675,312,2,DIRG,-,4,300,1800N
6676,312,2,DIRG,-,4,300,1800N
6677,312,2,DIRG,-,4,300,1800N
6678,312,2,DIRG,-,4,300,1800N
6679,312,2,DIRG,-,4,300,1800N
6680,312,2,DIRG,-,4,300,1800N
6681,312,2,DIRG,-,4,300,1800N
6682,313,2,DIRG,-,5,300,1800N
6683,313,2,DIRG,-,5,300,1800N
6684,313,2,DIRG,-,5,300,1800N
6685,313,2,DIRG,-,5,300,1800N
6686,313,2,DIRG,-,5,300,1800N
6687,313,2,DIRG,-,5,300,1800N
6688,313,2,DIRG,-,5,300,1800N
6689,313,2,DIRG,-,5,300,1800N
6690,313,2,DIRG,-,5,300,1800N
6691,313,2,DIRG,-,5,300,1800N
6692,314,2,DIRG,-,0,400,0N
6693,314,2,DIRG,-,0,400,0N
6694,314,2,DIRG,-,0,400,0N
6695,314,2,DIRG,-,0,400,0N
6696,314,2,DIRG,-,0,400,0N
6697,314,2,DIRG,-,0,400,0N
6698,314,2,DIRG,-,0,400,0N
6699,314,2,DIRG,-,0,400,0N
6700,314,2,DIRG,-,0,400,0N
6701,314,2,DIRG,-,0,400,0N
6702,315,2,DIRG,-,1,400,0N
6703,315,2,DIRG,-,1,400,0N
6704,315,2,DIRG,-,1,400,0N
6705,315,2,DIRG,-,1,400,0N
6706,315,2,DIRG,-,1,400,0N
6707,315,2,DIRG,-,1,400,0N
6708,315,2,DIRG,-,1,400,0N
6709,315,2,DIRG,-,1,400,0N
6710,315,2,DIRG,-,1,400,0N
6711,315,2,DIRG,-,1,400,0N
6712,316,2,DIRG,-,2,400,0N
6713,316,2,DIRG,-,2,400,0N
6714,316,2,DIRG,-,2,400,0N
6715,316,2,DIRG,-,2,400,0N
6716,316,2,DIRG,-,2,400,0N
6717,316,2,DIRG,-,2,400,0N
6718,316,2,DIRG,-,2,400,0N
6719,316,2,DIRG,-,2,400,0N
6720,316,2,DIRG,-,2,400,0N
6721,316,2,DIRG,-,2,400,0N
6722,317,2,DIRG,-,3,400,0N
6723,317,2,DIRG,-,3,400,0N
6724,317,2,DIRG,-,3,400,0N
6725,317,2,DIRG,-,3,400,0N
6726,317,2,DIRG,-,3,400,0N
6727,317,2,DIRG,-,3,400,0N
6728,317,2,DIRG,-,3,400,0N
6729,317,2,DIRG,-,3,400,0N
6730,317,2,DIRG,-,3,400,0N
6731,317,2,DIRG,-,3,400,0N
6732,318,2,DIRG,-,4,400,0N
6733,318,2,DIRG,-,4,400,0N
6734,318,2,DIRG,-,4,400,0N
6735,318,2,DIRG,-,4,400,0N
6736,318,2,DIRG,-,4,400,0N
6737,318,2,DIRG,-,4,400,0N
6738,318,2,DIRG,-,4,400,0N
6739,318,2,DIRG,-,4,400,0N
6740,318,2,DIRG,-,4,400,0N
6741,318,2,DIRG,-,4,400,0N
6742,319,2,DIRG,-,5,400,0N
6743,319,2,DIRG,-,5,400,0N
6744,319,2,DIRG,-,5,400,0N
6745,319,2,DIRG,-,5,400,0N
6746,319,2,DIRG,-,5,400,0N
6747,319,2,DIRG,-,5,400,0N
6748,319,2,DIRG,-,5,400,0N
6749,319,2,DIRG,-,5,400,0N
6750,319,2,DIRG,-,5,400,0N
6751,319,2,DIRG,-,5,400,0N
6752,320,2,DIRG,-,0,400,1000N
6753,320,2,DIRG,-,0,400,1000N
6754,320,2,DIRG,-,0,400,1000N
6755,320,2,DIRG,-,0,400,1000N
6756,320,2,DIRG,-,0,400,1000N
6757,320,2,DIRG,-,0,400,1000N
6758,320,2,DIRG,-,0,400,1000N
6759,320,2,DIRG,-,0,400,1000N
6760,320,2,DIRG,-,0,400,1000N
6761,320,2,DIRG,-,0,400,1000N
6762,321,2,DIRG,-,1,400,1000N
6763,321,2,DIRG,-,1,400,1000N
6764,321,2,DIRG,-,1,400,1000N
6765,321,2,DIRG,-,1,400,1000N
6766,321,2,DIRG,-,1,400,1000N
6767,321,2,DIRG,-,1,400,1000N
6768,321,2,DIRG,-,1,400,1000N
6769,321,2,DIRG,-,1,400,1000N
6770,321,2,DIRG,-,1,400,1000N
6771,321,2,DIRG,-,1,400,1000N
6772,322,2,DIRG,-,2,400,1000N
6773,322,2,DIRG,-,2,400,1000N
6774,322,2,DIRG,-,2,400,1000N
6775,322,2,DIRG,-,2,400,1000N
6776,322,2,DIRG,-,2,400,1000N
6777,322,2,DIRG,-,2,400,1000N
6778,322,2,DIRG,-,2,400,1000N
6779,322,2,DIRG,-,2,400,1000N
6780,322,2,DIRG,-,2,400,1000N
6781,322,2,DIRG,-,2,400,1000N
6782,323,2,DIRG,-,3,400,1000N
6783,323,2,DIRG,-,3,400,1000N
6784,323,2,DIRG,-,3,400,1000N
6785,323,2,DIRG,-,3,400,1000N
6786,323,2,DIRG,-,3,400,1000N
6787,323,2,DIRG,-,3,400,1000N
6788,323,2,DIRG,-,3,400,1000N
6789,323,2,DIRG,-,3,400,1000N
6790,323,2,DIRG,-,3,400,1000N
6791,323,2,DIRG,-,3,400,1000N
6792,324,2,DIRG,-,4,400,1000N
6793,324,2,DIRG,-,4,400,1000N
6794,324,2,DIRG,-,4,400,1000N
6795,324,2,DIRG,-,4,400,1000N
6796,324,2,DIRG,-,4,400,1000N
6797,324,2,DIRG,-,4,400,1000N
6798,324,2,DIRG,-,4,400,1000N
6799,324,2,DIRG,-,4,400,1000N
6800,324,2,DIRG,-,4,400,1000N
6801,324,2,DIRG,-,4,400,1000N
6802,325,2,DIRG,-,5,400,1000N
6803,325,2,DIRG,-,5,400,1000N
6804,325,2,DIRG,-,5,400,1000N
6805,325,2,DIRG,-,5,400,1000N
6806,325,2,DIRG,-,5,400,1000N
6807,325,2,DIRG,-,5,400,1000N
6808,325,2,DIRG,-,5,400,1000N
6809,325,2,DIRG,-,5,400,1000N
6810,325,2,DIRG,-,5,400,1000N
6811,325,2,DIRG,-,5,400,1000N
6812,326,2,DIRG,-,0,400,1400N
6813,326,2,DIRG,-,0,400,1400N
6814,326,2,DIRG,-,0,400,1400N
6815,326,2,DIRG,-,0,400,1400N
6816,326,2,DIRG,-,0,400,1400N
6817,326,2,DIRG,-,0,400,1400N
6818,326,2,DIRG,-,0,400,1400N
6819,326,2,DIRG,-,0,400,1400N
6820,326,2,DIRG,-,0,400,1400N
6821,326,2,DIRG,-,0,400,1400N
6822,327,2,DIRG,-,1,400,1400N
6823,327,2,DIRG,-,1,400,1400N
6824,327,2,DIRG,-,1,400,1400N
6825,327,2,DIRG,-,1,400,1400N
6826,327,2,DIRG,-,1,400,1400N
6827,327,2,DIRG,-,1,400,1400N
6828,327,2,DIRG,-,1,400,1400N
6829,327,2,DIRG,-,1,400,1400N
6830,327,2,DIRG,-,1,400,1400N
6831,327,2,DIRG,-,1,400,1400N
6832,328,2,DIRG,-,2,400,1400N
6833,328,2,DIRG,-,2,400,1400N
6834,328,2,DIRG,-,2,400,1400N
6835,328,2,DIRG,-,2,400,1400N
6836,328,2,DIRG,-,2,400,1400N
6837,328,2,DIRG,-,2,400,1400N
6838,328,2,DIRG,-,2,400,1400N
6839,328,2,DIRG,-,2,400,1400N
6840,328,2,DIRG,-,2,400,1400N
6841,328,2,DIRG,-,2,400,1400N
6842,329,2,DIRG,-,3,400,1400N
6843,329,2,DIRG,-,3,400,1400N
6844,329,2,DIRG,-,3,400,1400N
6845,329,2,DIRG,-,3,400,1400N
6846,329,2,DIRG,-,3,400,1400N
6847,329,2,DIRG,-,3,400,1400N
6848,329,2,DIRG,-,3,400,1400N
6849,329,2,DIRG,-,3,400,1400N
6850,329,2,DIRG,-,3,400,1400N
6851,329,2,DIRG,-,3,400,1400N
6852,330,2,DIRG,-,4,400,1400N
6853,330,2,DIRG,-,4,400,1400N
6854,330,2,DIRG,-,4,400,1400N
6855,330,2,DIRG,-,4,400,1400N
6856,330,2,DIRG,-,4,400,1400N
6857,330,2,DIRG,-,4,400,1400N
6858,330,2,DIRG,-,4,400,1400N
6859,330,2,DIRG,-,4,400,1400N
6860,330,2,DIRG,-,4,400,1400N
6861,330,2,DIRG,-,4,400,1400N
6862,331,2,DIRG,-,5,400,1400N
6863,331,2,DIRG,-,5,400,1400N
6864,331,2,DIRG,-,5,400,1400N
6865,331,2,DIRG,-,5,400,1400N
6866,331,2,DIRG,-,5,400,1400N
6867,331,2,DIRG,-,5,400,1400N
6868,331,2,DIRG,-,5,400,1400N
6869,331,2,DIRG,-,5,400,1400N
6870,331,2,DIRG,-,5,400,1400N
6871,331,2,DIRG,-,5,400,1400N
6872,332,2,DIRG,-,0,500,0N
6873,332,2,DIRG,-,0,500,0N
6874,332,2,DIRG,-,0,500,0N
6875,332,2,DIRG,-,0,500,0N
6876,332,2,DIRG,-,0,500,0N
6877,332,2,DIRG,-,0,500,0N
6878,332,2,DIRG,-,0,500,0N
6879,332,2,DIRG,-,0,500,0N
6880,332,2,DIRG,-,0,500,0N
6881,332,2,DIRG,-,0,500,0N
6882,333,2,DIRG,-,1,500,0N
6883,333,2,DIRG,-,1,500,0N
6884,333,2,DIRG,-,1,500,0N
6885,333,2,DIRG,-,1,500,0N
6886,333,2,DIRG,-,1,500,0N
6887,333,2,DIRG,-,1,500,0N
6888,333,2,DIRG,-,1,500,0N
6889,333,2,DIRG,-,1,500,0N
6890,333,2,DIRG,-,1,500,0N
6891,333,2,DIRG,-,1,500,0N
6892,334,2,DIRG,-,2,500,0N
6893,334,2,DIRG,-,2,500,0N
6894,334,2,DIRG,-,2,500,0N
6895,334,2,DIRG,-,2,500,0N
6896,334,2,DIRG,-,2,500,0N
6897,334,2,DIRG,-,2,500,0N
6898,334,2,DIRG,-,2,500,0N
6899,334,2,DIRG,-,2,500,0N
6900,334,2,DIRG,-,2,500,0N
6901,334,2,DIRG,-,2,500,0N
6902,335,2,DIRG,-,3,500,0N
6903,335,2,DIRG,-,3,500,0N
6904,335,2,DIRG,-,3,500,0N
6905,335,2,DIRG,-,3,500,0N
6906,335,2,DIRG,-,3,500,0N
6907,335,2,DIRG,-,3,500,0N
6908,335,2,DIRG,-,3,500,0N
6909,335,2,DIRG,-,3,500,0N
6910,335,2,DIRG,-,3,500,0N
6911,335,2,DIRG,-,3,500,0N
6912,336,2,DIRG,-,4,500,0N
6913,336,2,DIRG,-,4,500,0N
6914,336,2,DIRG,-,4,500,0N
6915,336,2,DIRG,-,4,500,0N
6916,336,2,DIRG,-,4,500,0N
6917,336,2,DIRG,-,4,500,0N
6918,336,2,DIRG,-,4,500,0N
6919,336,2,DIRG,-,4,500,0N
6920,336,2,DIRG,-,4,500,0N
6921,336,2,DIRG,-,4,500,0N
6922,337,2,DIRG,-,5,500,0N
6923,337,2,DIRG,-,5,500,0N
6924,337,2,DIRG,-,5,500,0N
6925,337,2,DIRG,-,5,500,0N
6926,337,2,DIRG,-,5,500,0N
6927,337,2,DIRG,-,5,500,0N
6928,337,2,DIRG,-,5,500,0N
6929,337,2,DIRG,-,5,500,0N
6930,337,2,DIRG,-,5,500,0N
6931,337,2,DIRG,-,5,500,0N
6932,338,2,DIRG,-,0,500,1000N
6933,338,2,DIRG,-,0,500,1000N
6934,338,2,DIRG,-,0,500,1000N
6935,338,2,DIRG,-,0,500,1000N
6936,338,2,DIRG,-,0,500,1000N
6937,338,2,DIRG,-,0,500,1000N
6938,338,2,DIRG,-,0,500,1000N
6939,338,2,DIRG,-,0,500,1000N
6940,338,2,DIRG,-,0,500,1000N
6941,338,2,DIRG,-,0,500,1000N
6942,339,2,DIRG,-,1,500,1000N
6943,339,2,DIRG,-,1,500,1000N
6944,339,2,DIRG,-,1,500,1000N
6945,339,2,DIRG,-,1,500,1000N
6946,339,2,DIRG,-,1,500,1000N
6947,339,2,DIRG,-,1,500,1000N
6948,339,2,DIRG,-,1,500,1000N
6949,339,2,DIRG,-,1,500,1000N
6950,339,2,DIRG,-,1,500,1000N
6951,339,2,DIRG,-,1,500,1000N
6952,340,2,DIRG,-,2,500,1000N
6953,340,2,DIRG,-,2,500,1000N
6954,340,2,DIRG,-,2,500,1000N
6955,340,2,DIRG,-,2,500,1000N
6956,340,2,DIRG,-,2,500,1000N
6957,340,2,DIRG,-,2,500,1000N
6958,340,2,DIRG,-,2,500,1000N
6959,340,2,DIRG,-,2,500,1000N
6960,340,2,DIRG,-,2,500,1000N
6961,340,2,DIRG,-,2,500,1000N
6962,341,2,DIRG,-,3,500,1000N
6963,341,2,DIRG,-,3,500,1000N
6964,341,2,DIRG,-,3,500,1000N
6965,341,2,DIRG,-,3,500,1000N
6966,341,2,DIRG,-,3,500,1000N
6967,341,2,DIRG,-,3,500,1000N
6968,341,2,DIRG,-,3,500,1000N
6969,341,2,DIRG,-,3,500,1000N
6970,341,2,DIRG,-,3,500,1000N
6971,341,2,DIRG,-,3,500,1000N
6972,342,2,DIRG,-,4,500,1000N
6973,342,2,DIRG,-,4,500,1000N
6974,342,2,DIRG,-,4,500,1000N
6975,342,2,DIRG,-,4,500,1000N
6976,342,2,DIRG,-,4,500,1000N
6977,342,2,DIRG,-,4,500,1000N
6978,342,2,DIRG,-,4,500,1000N
6979,342,2,DIRG,-,4,500,1000N
6980,342,2,DIRG,-,4,500,1000N
6981,342,2,DIRG,-,4,500,1000N
6982,343,2,DIRG,-,5,500,1000N
6983,343,2,DIRG,-,5,500,1000N
6984,343,2,DIRG,-,5,500,1000N
6985,343,2,DIRG,-,5,500,1000N
6986,343,2,DIRG,-,5,500,1000N
6987,343,2,DIRG,-,5,500,1000N
6988,343,2,DIRG,-,5,500,1000N
6989,343,2,DIRG,-,5,500,1000N
6990,343,2,DIRG,-,5,500,1000N
6991,343,2,DIRG,-,5,500,1000N
6992,344,1,DIRG,-,0,100,0N
6993,344,1,DIRG,-,0,100,0N
6994,344,1,DIRG,-,0,100,0N
6995,344,1,DIRG,-,0,100,0N
6996,344,1,DIRG,-,0,100,0N
6997,344,1,DIRG,-,0,100,0N
6998,344,1,DIRG,-,0,100,0N
6999,344,1,DIRG,-,0,100,0N
7000,344,1,DIRG,-,0,100,0N
7001,344,1,DIRG,-,0,100,0N
7002,345,1,DIRG,-,1,100,0N
7003,345,1,DIRG,-,1,100,0N
7004,345,1,DIRG,-,1,100,0N
7005,345,1,DIRG,-,1,100,0N
7006,345,1,DIRG,-,1,100,0N
7007,345,1,DIRG,-,1,100,0N
7008,345,1,DIRG,-,1,100,0N
7009,345,1,DIRG,-,1,100,0N
7010,345,1,DIRG,-,1,100,0N
7011,345,1,DIRG,-,1,100,0N
7012,346,1,DIRG,-,2,100,0N
7013,346,1,DIRG,-,2,100,0N
7014,346,1,DIRG,-,2,100,0N
7015,346,1,DIRG,-,2,100,0N
7016,346,1,DIRG,-,2,100,0N
7017,346,1,DIRG,-,2,100,0N
7018,346,1,DIRG,-,2,100,0N
7019,346,1,DIRG,-,2,100,0N
7020,346,1,DIRG,-,2,100,0N
7021,346,1,DIRG,-,2,100,0N
7022,347,1,DIRG,-,3,100,0N
7023,347,1,DIRG,-,3,100,0N
7024,347,1,DIRG,-,3,100,0N
7025,347,1,DIRG,-,3,100,0N
7026,347,1,DIRG,-,3,100,0N
7027,347,1,DIRG,-,3,100,0N
7028,347,1,DIRG,-,3,100,0N
7029,347,1,DIRG,-,3,100,0N
7030,347,1,DIRG,-,3,100,0N
7031,347,1,DIRG,-,3,100,0N
7032,348,1,DIRG,-,4,100,0N
7033,348,1,DIRG,-,4,100,0N
7034,348,1,DIRG,-,4,100,0N
7035,348,1,DIRG,-,4,100,0N
7036,348,1,DIRG,-,4,100,0N
7037,348,1,DIRG,-,4,100,0N
7038,348,1,DIRG,-,4,100,0N
7039,348,1,DIRG,-,4,100,0N
7040,348,1,DIRG,-,4,100,0N
7041,348,1,DIRG,-,4,100,0N
7042,349,1,DIRG,-,5,100,0N
7043,349,1,DIRG,-,5,100,0N
7044,349,1,DIRG,-,5,100,0N
7045,349,1,DIRG,-,5,100,0N
7046,349,1,DIRG,-,5,100,0N
7047,349,1,DIRG,-,5,100,0N
7048,349,1,DIRG,-,5,100,0N
7049,349,1,DIRG,-,5,100,0N
7050,349,1,DIRG,-,5,100,0N
7051,349,1,DIRG,-,5,100,0N
7052,350,1,DIRG,-,0,100,1000N
7053,350,1,DIRG,-,0,100,1000N
7054,350,1,DIRG,-,0,100,1000N
7055,350,1,DIRG,-,0,100,1000N
7056,350,1,DIRG,-,0,100,1000N
7057,350,1,DIRG,-,0,100,1000N
7058,350,1,DIRG,-,0,100,1000N
7059,350,1,DIRG,-,0,100,1000N
7060,350,1,DIRG,-,0,100,1000N
7061,350,1,DIRG,-,0,100,1000N
7062,351,1,DIRG,-,1,100,1000N
7063,351,1,DIRG,-,1,100,1000N
7064,351,1,DIRG,-,1,100,1000N
7065,351,1,DIRG,-,1,100,1000N
7066,351,1,DIRG,-,1,100,1000N
7067,351,1,DIRG,-,1,100,1000N
7068,351,1,DIRG,-,1,100,1000N
7069,351,1,DIRG,-,1,100,1000N
7070,351,1,DIRG,-,1,100,1000N
7071,351,1,DIRG,-,1,100,1000N
7072,352,1,DIRG,-,2,100,1000N
7073,352,1,DIRG,-,2,100,1000N
7074,352,1,DIRG,-,2,100,1000N
7075,352,1,DIRG,-,2,100,1000N
7076,352,1,DIRG,-,2,100,1000N
7077,352,1,DIRG,-,2,100,1000N
7078,352,1,DIRG,-,2,100,1000N
7079,352,1,DIRG,-,2,100,1000N
7080,352,1,DIRG,-,2,100,1000N
7081,352,1,DIRG,-,2,100,1000N
7082,353,1,DIRG,-,3,100,1000N
7083,353,1,DIRG,-,3,100,1000N
7084,353,1,DIRG,-,3,100,1000N
7085,353,1,DIRG,-,3,100,1000N
7086,353,1,DIRG,-,3,100,1000N
7087,353,1,DIRG,-,3,100,1000N
7088,353,1,DIRG,-,3,100,1000N
7089,353,1,DIRG,-,3,100,1000N
7090,353,1,DIRG,-,3,100,1000N
7091,353,1,DIRG,-,3,100,1000N
7092,354,1,DIRG,-,4,100,1000N
7093,354,1,DIRG,-,4,100,1000N
7094,354,1,DIRG,-,4,100,1000N
7095,354,1,DIRG,-,4,100,1000N
7096,354,1,DIRG,-,4,100,1000N
7097,354,1,DIRG,-,4,100,1000N
7098,354,1,DIRG,-,4,100,1000N
7099,354,1,DIRG,-,4,100,1000N
7100,354,1,DIRG,-,4,100,1000N
7101,354,1,DIRG,-,4,100,1000N
7102,355,1,DIRG,-,5,100,1000N
7103,355,1,DIRG,-,5,100,1000N
7104,355,1,DIRG,-,5,100,1000N
7105,355,1,DIRG,-,5,100,1000N
7106,355,1,DIRG,-,5,100,1000N
7107,355,1,DIRG,-,5,100,1000N
7108,355,1,DIRG,-,5,100,1000N
7109,355,1,DIRG,-,5,100,1000N
7110,355,1,DIRG,-,5,100,1000N
7111,355,1,DIRG,-,5,100,1000N
7112,356,1,DIRG,-,0,100,1400N
7113,356,1,DIRG,-,0,100,1400N
7114,356,1,DIRG,-,0,100,1400N
7115,356,1,DIRG,-,0,100,1400N
7116,356,1,DIRG,-,0,100,1400N
7117,356,1,DIRG,-,0,100,1400N
7118,356,1,DIRG,-,0,100,1400N
7119,356,1,DIRG,-,0,100,1400N
7120,356,1,DIRG,-,0,100,1400N
7121,356,1,DIRG,-,0,100,1400N
7122,357,1,DIRG,-,1,100,1400N
7123,357,1,DIRG,-,1,100,1400N
7124,357,1,DIRG,-,1,100,1400N
7125,357,1,DIRG,-,1,100,1400N
7126,357,1,DIRG,-,1,100,1400N
7127,357,1,DIRG,-,1,100,1400N
7128,357,1,DIRG,-,1,100,1400N
7129,357,1,DIRG,-,1,100,1400N
7130,357,1,DIRG,-,1,100,1400N
7131,357,1,DIRG,-,1,100,1400N
7132,358,1,DIRG,-,2,100,1400N
7133,358,1,DIRG,-,2,100,1400N
7134,358,1,DIRG,-,2,100,1400N
7135,358,1,DIRG,-,2,100,1400N
7136,358,1,DIRG,-,2,100,1400N
7137,358,1,DIRG,-,2,100,1400N
7138,358,1,DIRG,-,2,100,1400N
7139,358,1,DIRG,-,2,100,1400N
7140,358,1,DIRG,-,2,100,1400N
7141,358,1,DIRG,-,2,100,1400N
7142,359,1,DIRG,-,3,100,1400N
7143,359,1,DIRG,-,3,100,1400N
7144,359,1,DIRG,-,3,100,1400N
7145,359,1,DIRG,-,3,100,1400N
7146,359,1,DIRG,-,3,100,1400N
7147,359,1,DIRG,-,3,100,1400N
7148,359,1,DIRG,-,3,100,1400N
7149,359,1,DIRG,-,3,100,1400N
7150,359,1,DIRG,-,3,100,1400N
7151,359,1,DIRG,-,3,100,1400N
7152,360,1,DIRG,-,4,100,1400N
7153,360,1,DIRG,-,4,100,1400N
7154,360,1,DIRG,-,4,100,1400N
7155,360,1,DIRG,-,4,100,1400N
7156,360,1,DIRG,-,4,100,1400N
7157,360,1,DIRG,-,4,100,1400N
7158,360,1,DIRG,-,4,100,1400N
7159,360,1,DIRG,-,4,100,1400N
7160,360,1,DIRG,-,4,100,1400N
7161,360,1,DIRG,-,4,100,1400N
7162,361,1,DIRG,-,5,100,1400N
7163,361,1,DIRG,-,5,100,1400N
7164,361,1,DIRG,-,5,100,1400N
7165,361,1,DIRG,-,5,100,1400N
7166,361,1,DIRG,-,5,100,1400N
7167,361,1,DIRG,-,5,100,1400N
7168,361,1,DIRG,-,5,100,1400N
7169,361,1,DIRG,-,5,100,1400N
7170,361,1,DIRG,-,5,100,1400N
7171,361,1,DIRG,-,5,100,1400N
7172,362,1,DIRG,-,0,100,1800N
7173,362,1,DIRG,-,0,100,1800N
7174,362,1,DIRG,-,0,100,1800N
7175,362,1,DIRG,-,0,100,1800N
7176,362,1,DIRG,-,0,100,1800N
7177,362,1,DIRG,-,0,100,1800N
7178,362,1,DIRG,-,0,100,1800N
7179,362,1,DIRG,-,0,100,1800N
7180,362,1,DIRG,-,0,100,1800N
7181,362,1,DIRG,-,0,100,1800N
7182,363,1,DIRG,-,1,100,1800N
7183,363,1,DIRG,-,1,100,1800N
7184,363,1,DIRG,-,1,100,1800N
7185,363,1,DIRG,-,1,100,1800N
7186,363,1,DIRG,-,1,100,1800N
7187,363,1,DIRG,-,1,100,1800N
7188,363,1,DIRG,-,1,100,1800N
7189,363,1,DIRG,-,1,100,1800N
7190,363,1,DIRG,-,1,100,1800N
7191,363,1,DIRG,-,1,100,1800N
7192,364,1,DIRG,-,2,100,1800N
7193,364,1,DIRG,-,2,100,1800N
7194,364,1,DIRG,-,2,100,1800N
7195,364,1,DIRG,-,2,100,1800N
7196,364,1,DIRG,-,2,100,1800N
7197,364,1,DIRG,-,2,100,1800N
7198,364,1,DIRG,-,2,100,1800N
7199,364,1,DIRG,-,2,100,1800N
7200,364,1,DIRG,-,2,100,1800N
7201,364,1,DIRG,-,2,100,1800N
7202,365,1,DIRG,-,3,100,1800N
7203,365,1,DIRG,-,3,100,1800N
7204,365,1,DIRG,-,3,100,1800N
7205,365,1,DIRG,-,3,100,1800N
7206,365,1,DIRG,-,3,100,1800N
7207,365,1,DIRG,-,3,100,1800N
7208,365,1,DIRG,-,3,100,1800N
7209,365,1,DIRG,-,3,100,1800N
7210,365,1,DIRG,-,3,100,1800N
7211,365,1,DIRG,-,3,100,1800N
7212,366,1,DIRG,-,4,100,1800N
7213,366,1,DIRG,-,4,100,1800N
7214,366,1,DIRG,-,4,100,1800N
7215,366,1,DIRG,-,4,100,1800N
7216,366,1,DIRG,-,4,100,1800N
7217,366,1,DIRG,-,4,100,1800N
7218,366,1,DIRG,-,4,100,1800N
7219,366,1,DIRG,-,4,100,1800N
7220,366,1,DIRG,-,4,100,1800N
7221,366,1,DIRG,-,4,100,1800N
7222,367,1,DIRG,-,5,100,1800N
7223,367,1,DIRG,-,5,100,1800N
7224,367,1,DIRG,-,5,100,1800N
7225,367,1,DIRG,-,5,100,1800N
7226,367,1,DIRG,-,5,100,1800N
7227,367,1,DIRG,-,5,100,1800N
7228,367,1,DIRG,-,5,100,1800N
7229,367,1,DIRG,-,5,100,1800N
7230,367,1,DIRG,-,5,100,1800N
7231,367,1,DIRG,-,5,100,1800N
7232,368,1,DIRG,-,0,200,0N
7233,368,1,DIRG,-,0,200,0N
7234,368,1,DIRG,-,0,200,0N
7235,368,1,DIRG,-,0,200,0N
7236,368,1,DIRG,-,0,200,0N
7237,368,1,DIRG,-,0,200,0N
7238,368,1,DIRG,-,0,200,0N
7239,368,1,DIRG,-,0,200,0N
7240,368,1,DIRG,-,0,200,0N
7241,368,1,DIRG,-,0,200,0N
7242,369,1,DIRG,-,1,200,0N
7243,369,1,DIRG,-,1,200,0N
7244,369,1,DIRG,-,1,200,0N
7245,369,1,DIRG,-,1,200,0N
7246,369,1,DIRG,-,1,200,0N
7247,369,1,DIRG,-,1,200,0N
7248,369,1,DIRG,-,1,200,0N
7249,369,1,DIRG,-,1,200,0N
7250,369,1,DIRG,-,1,200,0N
7251,369,1,DIRG,-,1,200,0N
7252,370,1,DIRG,-,2,200,0N
7253,370,1,DIRG,-,2,200,0N
7254,370,1,DIRG,-,2,200,0N
7255,370,1,DIRG,-,2,200,0N
7256,370,1,DIRG,-,2,200,0N
7257,370,1,DIRG,-,2,200,0N
7258,370,1,DIRG,-,2,200,0N
7259,370,1,DIRG,-,2,200,0N
7260,370,1,DIRG,-,2,200,0N
7261,370,1,DIRG,-,2,200,0N
7262,371,1,DIRG,-,3,200,0N
7263,371,1,DIRG,-,3,200,0N
7264,371,1,DIRG,-,3,200,0N
7265,371,1,DIRG,-,3,200,0N
7266,371,1,DIRG,-,3,200,0N
7267,371,1,DIRG,-,3,200,0N
7268,371,1,DIRG,-,3,200,0N
7269,371,1,DIRG,-,3,200,0N
7270,371,1,DIRG,-,3,200,0N
7271,371,1,DIRG,-,3,200,0N
7272,372,1,DIRG,-,4,200,0N
7273,372,1,DIRG,-,4,200,0N
7274,372,1,DIRG,-,4,200,0N
7275,372,1,DIRG,-,4,200,0N
7276,372,1,DIRG,-,4,200,0N
7277,372,1,DIRG,-,4,200,0N
7278,372,1,DIRG,-,4,200,0N
7279,372,1,DIRG,-,4,200,0N
7280,372,1,DIRG,-,4,200,0N
7281,372,1,DIRG,-,4,200,0N
7282,373,1,DIRG,-,5,200,0N
7283,373,1,DIRG,-,5,200,0N
7284,373,1,DIRG,-,5,200,0N
7285,373,1,DIRG,-,5,200,0N
7286,373,1,DIRG,-,5,200,0N
7287,373,1,DIRG,-,5,200,0N
7288,373,1,DIRG,-,5,200,0N
7289,373,1,DIRG,-,5,200,0N
7290,373,1,DIRG,-,5,200,0N
7291,373,1,DIRG,-,5,200,0N
7292,374,1,DIRG,-,0,200,1000N
7293,374,1,DIRG,-,0,200,1000N
7294,374,1,DIRG,-,0,200,1000N
7295,374,1,DIRG,-,0,200,1000N
7296,374,1,DIRG,-,0,200,1000N
7297,374,1,DIRG,-,0,200,1000N
7298,374,1,DIRG,-,0,200,1000N
7299,374,1,DIRG,-,0,200,1000N
7300,374,1,DIRG,-,0,200,1000N
7301,374,1,DIRG,-,0,200,1000N
7302,375,1,DIRG,-,1,200,1000N
7303,375,1,DIRG,-,1,200,1000N
7304,375,1,DIRG,-,1,200,1000N
7305,375,1,DIRG,-,1,200,1000N
7306,375,1,DIRG,-,1,200,1000N
7307,375,1,DIRG,-,1,200,1000N
7308,375,1,DIRG,-,1,200,1000N
7309,375,1,DIRG,-,1,200,1000N
7310,375,1,DIRG,-,1,200,1000N
7311,375,1,DIRG,-,1,200,1000N
7312,376,1,DIRG,-,2,200,1000N
7313,376,1,DIRG,-,2,200,1000N
7314,376,1,DIRG,-,2,200,1000N
7315,376,1,DIRG,-,2,200,1000N
7316,376,1,DIRG,-,2,200,1000N
7317,376,1,DIRG,-,2,200,1000N
7318,376,1,DIRG,-,2,200,1000N
7319,376,1,DIRG,-,2,200,1000N
7320,376,1,DIRG,-,2,200,1000N
7321,376,1,DIRG,-,2,200,1000N
7322,377,1,DIRG,-,3,200,1000N
7323,377,1,DIRG,-,3,200,1000N
7324,377,1,DIRG,-,3,200,1000N
7325,377,1,DIRG,-,3,200,1000N
7326,377,1,DIRG,-,3,200,1000N
7327,377,1,DIRG,-,3,200,1000N
7328,377,1,DIRG,-,3,200,1000N
7329,377,1,DIRG,-,3,200,1000N
7330,377,1,DIRG,-,3,200,1000N
7331,377,1,DIRG,-,3,200,1000N
7332,378,1,DIRG,-,4,200,1000N
7333,378,1,DIRG,-,4,200,1000N
7334,378,1,DIRG,-,4,200,1000N
7335,378,1,DIRG,-,4,200,1000N
7336,378,1,DIRG,-,4,200,1000N
7337,378,1,DIRG,-,4,200,1000N
7338,378,1,DIRG,-,4,200,1000N
7339,378,1,DIRG,-,4,200,1000N
7340,378,1,DIRG,-,4,200,1000N
7341,378,1,DIRG,-,4,200,1000N
7342,379,1,DIRG,-,5,200,1000N
7343,379,1,DIRG,-,5,200,1000N
7344,379,1,DIRG,-,5,200,1000N
7345,379,1,DIRG,-,5,200,1000N
7346,379,1,DIRG,-,5,200,1000N
7347,379,1,DIRG,-,5,200,1000N
7348,379,1,DIRG,-,5,200,1000N
7349,379,1,DIRG,-,5,200,1000N
7350,379,1,DIRG,-,5,200,1000N
7351,379,1,DIRG,-,5,200,1000N
7352,380,1,DIRG,-,0,200,1400N
7353,380,1,DIRG,-,0,200,1400N
7354,380,1,DIRG,-,0,200,1400N
7355,380,1,DIRG,-,0,200,1400N
7356,380,1,DIRG,-,0,200,1400N
7357,380,1,DIRG,-,0,200,1400N
7358,380,1,DIRG,-,0,200,1400N
7359,380,1,DIRG,-,0,200,1400N
7360,380,1,DIRG,-,0,200,1400N
7361,380,1,DIRG,-,0,200,1400N
7362,381,1,DIRG,-,1,200,1400N
7363,381,1,DIRG,-,1,200,1400N
7364,381,1,DIRG,-,1,200,1400N
7365,381,1,DIRG,-,1,200,1400N
7366,381,1,DIRG,-,1,200,1400N
7367,381,1,DIRG,-,1,200,1400N
7368,381,1,DIRG,-,1,200,1400N
7369,381,1,DIRG,-,1,200,1400N
7370,381,1,DIRG,-,1,200,1400N
7371,381,1,DIRG,-,1,200,1400N
7372,382,1,DIRG,-,2,200,1400N
7373,382,1,DIRG,-,2,200,1400N
7374,382,1,DIRG,-,2,200,1400N
7375,382,1,DIRG,-,2,200,1400N
7376,382,1,DIRG,-,2,200,1400N
7377,382,1,DIRG,-,2,200,1400N
7378,382,1,DIRG,-,2,200,1400N
7379,382,1,DIRG,-,2,200,1400N
7380,382,1,DIRG,-,2,200,1400N
7381,382,1,DIRG,-,2,200,1400N
7382,383,1,DIRG,-,3,200,1400N
7383,383,1,DIRG,-,3,200,1400N
7384,383,1,DIRG,-,3,200,1400N
7385,383,1,DIRG,-,3,200,1400N
7386,383,1,DIRG,-,3,200,1400N
7387,383,1,DIRG,-,3,200,1400N
7388,383,1,DIRG,-,3,200,1400N
7389,383,1,DIRG,-,3,200,1400N
7390,383,1,DIRG,-,3,200,1400N
7391,383,1,DIRG,-,3,200,1400N
7392,384,1,DIRG,-,4,200,1400N
7393,384,1,DIRG,-,4,200,1400N
7394,384,1,DIRG,-,4,200,1400N
7395,384,1,DIRG,-,4,200,1400N
7396,384,1,DIRG,-,4,200,1400N
7397,384,1,DIRG,-,4,200,1400N
7398,384,1,DIRG,-,4,200,1400N
7399,384,1,DIRG,-,4,200,1400N
7400,384,1,DIRG,-,4,200,1400N
7401,384,1,DIRG,-,4,200,1400N
7402,385,1,DIRG,-,5,200,1400N
7403,385,1,DIRG,-,5,200,1400N
7404,385,1,DIRG,-,5,200,1400N
7405,385,1,DIRG,-,5,200,1400N
7406,385,1,DIRG,-,5,200,1400N
7407,385,1,DIRG,-,5,200,1400N
7408,385,1,DIRG,-,5,200,1400N
7409,385,1,DIRG,-,5,200,1400N
7410,385,1,DIRG,-,5,200,1400N
7411,385,1,DIRG,-,5,200,1400N
7412,386,1,DIRG,-,0,200,1800N
7413,386,1,DIRG,-,0,200,1800N
7414,386,1,DIRG,-,0,200,1800N
7415,386,1,DIRG,-,0,200,1800N
7416,386,1,DIRG,-,0,200,1800N
7417,386,1,DIRG,-,0,200,1800N
7418,386,1,DIRG,-,0,200,1800N
7419,386,1,DIRG,-,0,200,1800N
7420,386,1,DIRG,-,0,200,1800N
7421,386,1,DIRG,-,0,200,1800N
7422,387,1,DIRG,-,1,200,1800N
7423,387,1,DIRG,-,1,200,1800N
7424,387,1,DIRG,-,1,200,1800N
7425,387,1,DIRG,-,1,200,1800N
7426,387,1,DIRG,-,1,200,1800N
7427,387,1,DIRG,-,1,200,1800N
7428,387,1,DIRG,-,1,200,1800N
7429,387,1,DIRG,-,1,200,1800N
7430,387,1,DIRG,-,1,200,1800N
7431,387,1,DIRG,-,1,200,1800N
7432,388,1,DIRG,-,2,200,1800N
7433,388,1,DIRG,-,2,200,1800N
7434,388,1,DIRG,-,2,200,1800N
7435,388,1,DIRG,-,2,200,1800N
7436,388,1,DIRG,-,2,200,1800N
7437,388,1,DIRG,-,2,200,1800N
7438,388,1,DIRG,-,2,200,1800N
7439,388,1,DIRG,-,2,200,1800N
7440,388,1,DIRG,-,2,200,1800N
7441,388,1,DIRG,-,2,200,1800N
7442,389,1,DIRG,-,3,200,1800N
7443,389,1,DIRG,-,3,200,1800N
7444,389,1,DIRG,-,3,200,1800N
7445,389,1,DIRG,-,3,200,1800N
7446,389,1,DIRG,-,3,200,1800N
7447,389,1,DIRG,-,3,200,1800N
7448,389,1,DIRG,-,3,200,1800N
7449,389,1,DIRG,-,3,200,1800N
7450,389,1,DIRG,-,3,200,1800N
7451,389,1,DIRG,-,3,200,1800N
7452,390,1,DIRG,-,4,200,1800N
7453,390,1,DIRG,-,4,200,1800N
7454,390,1,DIRG,-,4,200,1800N
7455,390,1,DIRG,-,4,200,1800N
7456,390,1,DIRG,-,4,200,1800N
7457,390,1,DIRG,-,4,200,1800N
7458,390,1,DIRG,-,4,200,1800N
7459,390,1,DIRG,-,4,200,1800N
7460,390,1,DIRG,-,4,200,1800N
7461,390,1,DIRG,-,4,200,1800N
7462,391,1,DIRG,-,5,200,1800N
7463,391,1,DIRG,-,5,200,1800N
7464,391,1,DIRG,-,5,200,1800N
7465,391,1,DIRG,-,5,200,1800N
7466,391,1,DIRG,-,5,200,1800N
7467,391,1,DIRG,-,5,200,1800N
7468,391,1,DIRG,-,5,200,1800N
7469,391,1,DIRG,-,5,200,1800N
7470,391,1,DIRG,-,5,200,1800N
7471,391,1,DIRG,-,5,200,1800N
7472,392,1,DIRG,-,0,300,0N
7473,392,1,DIRG,-,0,300,0N
7474,392,1,DIRG,-,0,300,0N
7475,392,1,DIRG,-,0,300,0N
7476,392,1,DIRG,-,0,300,0N
7477,392,1,DIRG,-,0,300,0N
7478,392,1,DIRG,-,0,300,0N
7479,392,1,DIRG,-,0,300,0N
7480,392,1,DIRG,-,0,300,0N
7481,392,1,DIRG,-,0,300,0N
7482,393,1,DIRG,-,1,300,0N
7483,393,1,DIRG,-,1,300,0N
7484,393,1,DIRG,-,1,300,0N
7485,393,1,DIRG,-,1,300,0N
7486,393,1,DIRG,-,1,300,0N
7487,393,1,DIRG,-,1,300,0N
7488,393,1,DIRG,-,1,300,0N
7489,393,1,DIRG,-,1,300,0N
7490,393,1,DIRG,-,1,300,0N
7491,393,1,DIRG,-,1,300,0N
7492,394,1,DIRG,-,2,300,0N
7493,394,1,DIRG,-,2,300,0N
7494,394,1,DIRG,-,2,300,0N
7495,394,1,DIRG,-,2,300,0N
7496,394,1,DIRG,-,2,300,0N
7497,394,1,DIRG,-,2,300,0N
7498,394,1,DIRG,-,2,300,0N
7499,394,1,DIRG,-,2,300,0N
7500,394,1,DIRG,-,2,300,0N
7501,394,1,DIRG,-,2,300,0N
7502,395,1,DIRG,-,3,300,0N
7503,395,1,DIRG,-,3,300,0N
7504,395,1,DIRG,-,3,300,0N
7505,395,1,DIRG,-,3,300,0N
7506,395,1,DIRG,-,3,300,0N
7507,395,1,DIRG,-,3,300,0N
7508,395,1,DIRG,-,3,300,0N
7509,395,1,DIRG,-,3,300,0N
7510,395,1,DIRG,-,3,300,0N
7511,395,1,DIRG,-,3,300,0N
7512,396,1,DIRG,-,4,300,0N
7513,396,1,DIRG,-,4,300,0N
7514,396,1,DIRG,-,4,300,0N
7515,396,1,DIRG,-,4,300,0N
7516,396,1,DIRG,-,4,300,0N
7517,396,1,DIRG,-,4,300,0N
7518,396,1,DIRG,-,4,300,0N
7519,396,1,DIRG,-,4,300,0N
7520,396,1,DIRG,-,4,300,0N
7521,396,1,DIRG,-,4,300,0N
7522,397,1,DIRG,-,5,300,0N
7523,397,1,DIRG,-,5,300,0N
7524,397,1,DIRG,-,5,300,0N
7525,397,1,DIRG,-,5,300,0N
7526,397,1,DIRG,-,5,300,0N
7527,397,1,DIRG,-,5,300,0N
7528,397,1,DIRG,-,5,300,0N
7529,397,1,DIRG,-,5,300,0N
7530,397,1,DIRG,-,5,300,0N
7531,397,1,DIRG,-,5,300,0N
7532,398,1,DIRG,-,0,300,1000N
7533,398,1,DIRG,-,0,300,1000N
7534,398,1,DIRG,-,0,300,1000N
7535,398,1,DIRG,-,0,300,1000N
7536,398,1,DIRG,-,0,300,1000N
7537,398,1,DIRG,-,0,300,1000N
7538,398,1,DIRG,-,0,300,1000N
7539,398,1,DIRG,-,0,300,1000N
7540,398,1,DIRG,-,0,300,1000N
7541,398,1,DIRG,-,0,300,1000N
7542,399,1,DIRG,-,1,300,1000N
7543,399,1,DIRG,-,1,300,1000N
7544,399,1,DIRG,-,1,300,1000N
7545,399,1,DIRG,-,1,300,1000N
7546,399,1,DIRG,-,1,300,1000N
7547,399,1,DIRG,-,1,300,1000N
7548,399,1,DIRG,-,1,300,1000N
7549,399,1,DIRG,-,1,300,1000N
7550,399,1,DIRG,-,1,300,1000N
7551,399,1,DIRG,-,1,300,1000N
7552,400,1,DIRG,-,2,300,1000N
7553,400,1,DIRG,-,2,300,1000N
7554,400,1,DIRG,-,2,300,1000N
7555,400,1,DIRG,-,2,300,1000N
7556,400,1,DIRG,-,2,300,1000N
7557,400,1,DIRG,-,2,300,1000N
7558,400,1,DIRG,-,2,300,1000N
7559,400,1,DIRG,-,2,300,1000N
7560,400,1,DIRG,-,2,300,1000N
7561,400,1,DIRG,-,2,300,1000N
7562,401,1,DIRG,-,3,300,1000N
7563,401,1,DIRG,-,3,300,1000N
7564,401,1,DIRG,-,3,300,1000N
7565,401,1,DIRG,-,3,300,1000N
7566,401,1,DIRG,-,3,300,1000N
7567,401,1,DIRG,-,3,300,1000N
7568,401,1,DIRG,-,3,300,1000N
7569,401,1,DIRG,-,3,300,1000N
7570,401,1,DIRG,-,3,300,1000N
7571,401,1,DIRG,-,3,300,1000N
7572,402,1,DIRG,-,4,300,1000N
7573,402,1,DIRG,-,4,300,1000N
7574,402,1,DIRG,-,4,300,1000N
7575,402,1,DIRG,-,4,300,1000N
7576,402,1,DIRG,-,4,300,1000N
7577,402,1,DIRG,-,4,300,1000N
7578,402,1,DIRG,-,4,300,1000N
7579,402,1,DIRG,-,4,300,1000N
7580,402,1,DIRG,-,4,300,1000N
7581,402,1,DIRG,-,4,300,1000N
7582,403,1,DIRG,-,5,300,1000N
7583,403,1,DIRG,-,5,300,1000N
7584,403,1,DIRG,-,5,300,1000N
7585,403,1,DIRG,-,5,300,1000N
7586,403,1,DIRG,-,5,300,1000N
7587,403,1,DIRG,-,5,300,1000N
7588,403,1,DIRG,-,5,300,1000N
7589,403,1,DIRG,-,5,300,1000N
7590,403,1,DIRG,-,5,300,1000N
7591,403,1,DIRG,-,5,300,1000N
7592,404,1,DIRG,-,0,300,1400N
7593,404,1,DIRG,-,0,300,1400N
7594,404,1,DIRG,-,0,300,1400N
7595,404,1,DIRG,-,0,300,1400N
7596,404,1,DIRG,-,0,300,1400N
7597,404,1,DIRG,-,0,300,1400N
7598,404,1,DIRG,-,0,300,1400N
7599,404,1,DIRG,-,0,300,1400N
7600,404,1,DIRG,-,0,300,1400N
7601,404,1,DIRG,-,0,300,1400N
7602,405,1,DIRG,-,1,300,1400N
7603,405,1,DIRG,-,1,300,1400N
7604,405,1,DIRG,-,1,300,1400N
7605,405,1,DIRG,-,1,300,1400N
7606,405,1,DIRG,-,1,300,1400N
7607,405,1,DIRG,-,1,300,1400N
7608,405,1,DIRG,-,1,300,1400N
7609,405,1,DIRG,-,1,300,1400N
7610,405,1,DIRG,-,1,300,1400N
7611,405,1,DIRG,-,1,300,1400N
7612,406,1,DIRG,-,2,300,1400N
7613,406,1,DIRG,-,2,300,1400N
7614,406,1,DIRG,-,2,300,1400N
7615,406,1,DIRG,-,2,300,1400N
7616,406,1,DIRG,-,2,300,1400N
7617,406,1,DIRG,-,2,300,1400N
7618,406,1,DIRG,-,2,300,1400N
7619,406,1,DIRG,-,2,300,1400N
7620,406,1,DIRG,-,2,300,1400N
7621,406,1,DIRG,-,2,300,1400N
7622,407,1,DIRG,-,3,300,1400N
7623,407,1,DIRG,-,3,300,1400N
7624,407,1,DIRG,-,3,300,1400N
7625,407,1,DIRG,-,3,300,1400N
7626,407,1,DIRG,-,3,300,1400N
7627,407,1,DIRG,-,3,300,1400N
7628,407,1,DIRG,-,3,300,1400N
7629,407,1,DIRG,-,3,300,1400N
7630,407,1,DIRG,-,3,300,1400N
7631,407,1,DIRG,-,3,300,1400N
7632,408,1,DIRG,-,4,300,1400N
7633,408,1,DIRG,-,4,300,1400N
7634,408,1,DIRG,-,4,300,1400N
7635,408,1,DIRG,-,4,300,1400N
7636,408,1,DIRG,-,4,300,1400N
7637,408,1,DIRG,-,4,300,1400N
7638,408,1,DIRG,-,4,300,1400N
7639,408,1,DIRG,-,4,300,1400N
7640,408,1,DIRG,-,4,300,1400N
7641,408,1,DIRG,-,4,300,1400N
7642,409,1,DIRG,-,5,300,1400N
7643,409,1,DIRG,-,5,300,1400N
7644,409,1,DIRG,-,5,300,1400N
7645,409,1,DIRG,-,5,300,1400N
7646,409,1,DIRG,-,5,300,1400N
7647,409,1,DIRG,-,5,300,1400N
7648,409,1,DIRG,-,5,300,1400N
7649,409,1,DIRG,-,5,300,1400N
7650,409,1,DIRG,-,5,300,1400N
7651,409,1,DIRG,-,5,300,1400N
7652,410,1,DIRG,-,0,300,1800N
7653,410,1,DIRG,-,0,300,1800N
7654,410,1,DIRG,-,0,300,1800N
7655,410,1,DIRG,-,0,300,1800N
7656,410,1,DIRG,-,0,300,1800N
7657,410,1,DIRG,-,0,300,1800N
7658,410,1,DIRG,-,0,300,1800N
7659,410,1,DIRG,-,0,300,1800N
7660,410,1,DIRG,-,0,300,1800N
7661,410,1,DIRG,-,0,300,1800N
7662,411,1,DIRG,-,1,300,1800N
7663,411,1,DIRG,-,1,300,1800N
7664,411,1,DIRG,-,1,300,1800N
7665,411,1,DIRG,-,1,300,1800N
7666,411,1,DIRG,-,1,300,1800N
7667,411,1,DIRG,-,1,300,1800N
7668,411,1,DIRG,-,1,300,1800N
7669,411,1,DIRG,-,1,300,1800N
7670,411,1,DIRG,-,1,300,1800N
7671,411,1,DIRG,-,1,300,1800N
7672,412,1,DIRG,-,2,300,1800N
7673,412,1,DIRG,-,2,300,1800N
7674,412,1,DIRG,-,2,300,1800N
7675,412,1,DIRG,-,2,300,1800N
7676,412,1,DIRG,-,2,300,1800N
7677,412,1,DIRG,-,2,300,1800N
7678,412,1,DIRG,-,2,300,1800N
7679,412,1,DIRG,-,2,300,1800N
7680,412,1,DIRG,-,2,300,1800N
7681,412,1,DIRG,-,2,300,1800N
7682,413,1,DIRG,-,3,300,1800N
7683,413,1,DIRG,-,3,300,1800N
7684,413,1,DIRG,-,3,300,1800N
7685,413,1,DIRG,-,3,300,1800N
7686,413,1,DIRG,-,3,300,1800N
7687,413,1,DIRG,-,3,300,1800N
7688,413,1,DIRG,-,3,300,1800N
7689,413,1,DIRG,-,3,300,1800N
7690,413,1,DIRG,-,3,300,1800N
7691,413,1,DIRG,-,3,300,1800N
7692,414,1,DIRG,-,4,300,1800N
7693,414,1,DIRG,-,4,300,1800N
7694,414,1,DIRG,-,4,300,1800N
7695,414,1,DIRG,-,4,300,1800N
7696,414,1,DIRG,-,4,300,1800N
7697,414,1,DIRG,-,4,300,1800N
7698,414,1,DIRG,-,4,300,1800N
7699,414,1,DIRG,-,4,300,1800N
7700,414,1,DIRG,-,4,300,1800N
7701,414,1,DIRG,-,4,300,1800N
7702,415,1,DIRG,-,5,300,1800N
7703,415,1,DIRG,-,5,300,1800N
7704,415,1,DIRG,-,5,300,1800N
7705,415,1,DIRG,-,5,300,1800N
7706,415,1,DIRG,-,5,300,1800N
7707,415,1,DIRG,-,5,300,1800N
7708,415,1,DIRG,-,5,300,1800N
7709,415,1,DIRG,-,5,300,1800N
7710,415,1,DIRG,-,5,300,1800N
7711,415,1,DIRG,-,5,300,1800N
7712,416,1,DIRG,-,0,400,0N
7713,416,1,DIRG,-,0,400,0N
7714,416,1,DIRG,-,0,400,0N
7715,416,1,DIRG,-,0,400,0N
7716,416,1,DIRG,-,0,400,0N
7717,416,1,DIRG,-,0,400,0N
7718,416,1,DIRG,-,0,400,0N
7719,416,1,DIRG,-,0,400,0N
7720,416,1,DIRG,-,0,400,0N
7721,416,1,DIRG,-,0,400,0N
7722,417,1,DIRG,-,1,400,0N
7723,417,1,DIRG,-,1,400,0N
7724,417,1,DIRG,-,1,400,0N
7725,417,1,DIRG,-,1,400,0N
7726,417,1,DIRG,-,1,400,0N
7727,417,1,DIRG,-,1,400,0N
7728,417,1,DIRG,-,1,400,0N
7729,417,1,DIRG,-,1,400,0N
7730,417,1,DIRG,-,1,400,0N
7731,417,1,DIRG,-,1,400,0N
7732,418,1,DIRG,-,2,400,0N
7733,418,1,DIRG,-,2,400,0N
7734,418,1,DIRG,-,2,400,0N
7735,418,1,DIRG,-,2,400,0N
7736,418,1,DIRG,-,2,400,0N
7737,418,1,DIRG,-,2,400,0N
7738,418,1,DIRG,-,2,400,0N
7739,418,1,DIRG,-,2,400,0N
7740,418,1,DIRG,-,2,400,0N
7741,418,1,DIRG,-,2,400,0N
7742,419,1,DIRG,-,3,400,0N
7743,419,1,DIRG,-,3,400,0N
7744,419,1,DIRG,-,3,400,0N
7745,419,1,DIRG,-,3,400,0N
7746,419,1,DIRG,-,3,400,0N
7747,419,1,DIRG,-,3,400,0N
7748,419,1,DIRG,-,3,400,0N
7749,419,1,DIRG,-,3,400,0N
7750,419,1,DIRG,-,3,400,0N
7751,419,1,DIRG,-,3,400,0N
7752,420,1,DIRG,-,4,400,0N
7753,420,1,DIRG,-,4,400,0N
7754,420,1,DIRG,-,4,400,0N
7755,420,1,DIRG,-,4,400,0N
7756,420,1,DIRG,-,4,400,0N
7757,420,1,DIRG,-,4,400,0N
7758,420,1,DIRG,-,4,400,0N
7759,420,1,DIRG,-,4,400,0N
7760,420,1,DIRG,-,4,400,0N
7761,420,1,DIRG,-,4,400,0N
7762,421,1,DIRG,-,5,400,0N
7763,421,1,DIRG,-,5,400,0N
7764,421,1,DIRG,-,5,400,0N
7765,421,1,DIRG,-,5,400,0N
7766,421,1,DIRG,-,5,400,0N
7767,421,1,DIRG,-,5,400,0N
7768,421,1,DIRG,-,5,400,0N
7769,421,1,DIRG,-,5,400,0N
7770,421,1,DIRG,-,5,400,0N
7771,421,1,DIRG,-,5,400,0N
7772,422,1,DIRG,-,0,400,1000N
7773,422,1,DIRG,-,0,400,1000N
7774,422,1,DIRG,-,0,400,1000N
7775,422,1,DIRG,-,0,400,1000N
7776,422,1,DIRG,-,0,400,1000N
7777,422,1,DIRG,-,0,400,1000N
7778,422,1,DIRG,-,0,400,1000N
7779,422,1,DIRG,-,0,400,1000N
7780,422,1,DIRG,-,0,400,1000N
7781,422,1,DIRG,-,0,400,1000N
7782,423,1,DIRG,-,1,400,1000N
7783,423,1,DIRG,-,1,400,1000N
7784,423,1,DIRG,-,1,400,1000N
7785,423,1,DIRG,-,1,400,1000N
7786,423,1,DIRG,-,1,400,1000N
7787,423,1,DIRG,-,1,400,1000N
7788,423,1,DIRG,-,1,400,1000N
7789,423,1,DIRG,-,1,400,1000N
7790,423,1,DIRG,-,1,400,1000N
7791,423,1,DIRG,-,1,400,1000N
7792,424,1,DIRG,-,2,400,1000N
7793,424,1,DIRG,-,2,400,1000N
7794,424,1,DIRG,-,2,400,1000N
7795,424,1,DIRG,-,2,400,1000N
7796,424,1,DIRG,-,2,400,1000N
7797,424,1,DIRG,-,2,400,1000N
7798,424,1,DIRG,-,2,400,1000N
7799,424,1,DIRG,-,2,400,1000N
7800,424,1,DIRG,-,2,400,1000N
7801,424,1,DIRG,-,2,400,1000N
7802,425,1,DIRG,-,3,400,1000N
7803,425,1,DIRG,-,3,400,1000N
7804,425,1,DIRG,-,3,400,1000N
7805,425,1,DIRG,-,3,400,1000N
7806,425,1,DIRG,-,3,400,1000N
7807,425,1,DIRG,-,3,400,1000N
7808,425,1,DIRG,-,3,400,1000N
7809,425,1,DIRG,-,3,400,1000N
7810,425,1,DIRG,-,3,400,1000N
7811,425,1,DIRG,-,3,400,1000N
7812,426,1,DIRG,-,4,400,1000N
7813,426,1,DIRG,-,4,400,1000N
7814,426,1,DIRG,-,4,400,1000N
7815,426,1,DIRG,-,4,400,1000N
7816,426,1,DIRG,-,4,400,1000N
7817,426,1,DIRG,-,4,400,1000N
7818,426,1,DIRG,-,4,400,1000N
7819,426,1,DIRG,-,4,400,1000N
7820,426,1,DIRG,-,4,400,1000N
7821,426,1,DIRG,-,4,400,1000N
7822,427,1,DIRG,-,5,400,1000N
7823,427,1,DIRG,-,5,400,1000N
7824,427,1,DIRG,-,5,400,1000N
7825,427,1,DIRG,-,5,400,1000N
7826,427,1,DIRG,-,5,400,1000N
7827,427,1,DIRG,-,5,400,1000N
7828,427,1,DIRG,-,5,400,1000N
7829,427,1,DIRG,-,5,400,1000N
7830,427,1,DIRG,-,5,400,1000N
7831,427,1,DIRG,-,5,400,1000N
7832,428,1,DIRG,-,0,400,1400N
7833,428,1,DIRG,-,0,400,1400N
7834,428,1,DIRG,-,0,400,1400N
7835,428,1,DIRG,-,0,400,1400N
7836,428,1,DIRG,-,0,400,1400N
7837,428,1,DIRG,-,0,400,1400N
7838,428,1,DIRG,-,0,400,1400N
7839,428,1,DIRG,-,0,400,1400N
7840,428,1,DIRG,-,0,400,1400N
7841,428,1,DIRG,-,0,400,1400N
7842,429,1,DIRG,-,1,400,1400N
7843,429,1,DIRG,-,1,400,1400N
7844,429,1,DIRG,-,1,400,1400N
7845,429,1,DIRG,-,1,400,1400N
7846,429,1,DIRG,-,1,400,1400N
7847,429,1,DIRG,-,1,400,1400N
7848,429,1,DIRG,-,1,400,1400N
7849,429,1,DIRG,-,1,400,1400N
7850,429,1,DIRG,-,1,400,1400N
7851,429,1,DIRG,-,1,400,1400N
7852,430,1,DIRG,-,2,400,1400N
7853,430,1,DIRG,-,2,400,1400N
7854,430,1,DIRG,-,2,400,1400N
7855,430,1,DIRG,-,2,400,1400N
7856,430,1,DIRG,-,2,400,1400N
7857,430,1,DIRG,-,2,400,1400N
7858,430,1,DIRG,-,2,400,1400N
7859,430,1,DIRG,-,2,400,1400N
7860,430,1,DIRG,-,2,400,1400N
7861,430,1,DIRG,-,2,400,1400N
7862,431,1,DIRG,-,3,400,1400N
7863,431,1,DIRG,-,3,400,1400N
7864,431,1,DIRG,-,3,400,1400N
7865,431,1,DIRG,-,3,400,1400N
7866,431,1,DIRG,-,3,400,1400N
7867,431,1,DIRG,-,3,400,1400N
7868,431,1,DIRG,-,3,400,1400N
7869,431,1,DIRG,-,3,400,1400N
7870,431,1,DIRG,-,3,400,1400N
7871,431,1,DIRG,-,3,400,1400N
7872,432,1,DIRG,-,4,400,1400N
7873,432,1,DIRG,-,4,400,1400N
7874,432,1,DIRG,-,4,400,1400N
7875,432,1,DIRG,-,4,400,1400N
7876,432,1,DIRG,-,4,400,1400N
7877,432,1,DIRG,-,4,400,1400N
7878,432,1,DIRG,-,4,400,1400N
7879,432,1,DIRG,-,4,400,1400N
7880,432,1,DIRG,-,4,400,1400N
7881,432,1,DIRG,-,4,400,1400N
7882,433,1,DIRG,-,5,400,1400N
7883,433,1,DIRG,-,5,400,1400N
7884,433,1,DIRG,-,5,400,1400N
7885,433,1,DIRG,-,5,400,1400N
7886,433,1,DIRG,-,5,400,1400N
7887,433,1,DIRG,-,5,400,1400N
7888,433,1,DIRG,-,5,400,1400N
7889,433,1,DIRG,-,5,400,1400N
7890,433,1,DIRG,-,5,400,1400N
7891,433,1,DIRG,-,5,400,1400N
7892,434,1,DIRG,-,0,500,0N
7893,434,1,DIRG,-,0,500,0N
7894,434,1,DIRG,-,0,500,0N
7895,434,1,DIRG,-,0,500,0N
7896,434,1,DIRG,-,0,500,0N
7897,434,1,DIRG,-,0,500,0N
7898,434,1,DIRG,-,0,500,0N
7899,434,1,DIRG,-,0,500,0N
7900,434,1,DIRG,-,0,500,0N
7901,434,1,DIRG,-,0,500,0N
7902,435,1,DIRG,-,1,500,0N
7903,435,1,DIRG,-,1,500,0N
7904,435,1,DIRG,-,1,500,0N
7905,435,1,DIRG,-,1,500,0N
7906,435,1,DIRG,-,1,500,0N
7907,435,1,DIRG,-,1,500,0N
7908,435,1,DIRG,-,1,500,0N
7909,435,1,DIRG,-,1,500,0N
7910,435,1,DIRG,-,1,500,0N
7911,435,1,DIRG,-,1,500,0N
7912,436,1,DIRG,-,2,500,0N
7913,436,1,DIRG,-,2,500,0N
7914,436,1,DIRG,-,2,500,0N
7915,436,1,DIRG,-,2,500,0N
7916,436,1,DIRG,-,2,500,0N
7917,436,1,DIRG,-,2,500,0N
7918,436,1,DIRG,-,2,500,0N
7919,436,1,DIRG,-,2,500,0N
7920,436,1,DIRG,-,2,500,0N
7921,436,1,DIRG,-,2,500,0N
7922,437,1,DIRG,-,3,500,0N
7923,437,1,DIRG,-,3,500,0N
7924,437,1,DIRG,-,3,500,0N
7925,437,1,DIRG,-,3,500,0N
7926,437,1,DIRG,-,3,500,0N
7927,437,1,DIRG,-,3,500,0N
7928,437,1,DIRG,-,3,500,0N
7929,437,1,DIRG,-,3,500,0N
7930,437,1,DIRG,-,3,500,0N
7931,437,1,DIRG,-,3,500,0N
7932,438,1,DIRG,-,4,500,0N
7933,438,1,DIRG,-,4,500,0N
7934,438,1,DIRG,-,4,500,0N
7935,438,1,DIRG,-,4,500,0N
7936,438,1,DIRG,-,4,500,0N
7937,438,1,DIRG,-,4,500,0N
7938,438,1,DIRG,-,4,500,0N
7939,438,1,DIRG,-,4,500,0N
7940,438,1,DIRG,-,4,500,0N
7941,438,1,DIRG,-,4,500,0N
7942,439,1,DIRG,-,5,500,0N
7943,439,1,DIRG,-,5,500,0N
7944,439,1,DIRG,-,5,500,0N
7945,439,1,DIRG,-,5,500,0N
7946,439,1,DIRG,-,5,500,0N
7947,439,1,DIRG,-,5,500,0N
7948,439,1,DIRG,-,5,500,0N
7949,439,1,DIRG,-,5,500,0N
7950,439,1,DIRG,-,5,500,0N
7951,439,1,DIRG,-,5,500,0N
7952,440,1,DIRG,-,0,500,1000N
7953,440,1,DIRG,-,0,500,1000N
7954,440,1,DIRG,-,0,500,1000N
7955,440,1,DIRG,-,0,500,1000N
7956,440,1,DIRG,-,0,500,1000N
7957,440,1,DIRG,-,0,500,1000N
7958,440,1,DIRG,-,0,500,1000N
7959,440,1,DIRG,-,0,500,1000N
7960,440,1,DIRG,-,0,500,1000N
7961,440,1,DIRG,-,0,500,1000N
7962,441,1,DIRG,-,1,500,1000N
7963,441,1,DIRG,-,1,500,1000N
7964,441,1,DIRG,-,1,500,1000N
7965,441,1,DIRG,-,1,500,1000N
7966,441,1,DIRG,-,1,500,1000N
7967,441,1,DIRG,-,1,500,1000N
7968,441,1,DIRG,-,1,500,1000N
7969,441,1,DIRG,-,1,500,1000N
7970,441,1,DIRG,-,1,500,1000N
7971,441,1,DIRG,-,1,500,1000N
7972,442,1,DIRG,-,2,500,1000N
7973,442,1,DIRG,-,2,500,1000N
7974,442,1,DIRG,-,2,500,1000N
7975,442,1,DIRG,-,2,500,1000N
7976,442,1,DIRG,-,2,500,1000N
7977,442,1,DIRG,-,2,500,1000N
7978,442,1,DIRG,-,2,500,1000N
7979,442,1,DIRG,-,2,500,1000N
7980,442,1,DIRG,-,2,500,1000N
7981,442,1,DIRG,-,2,500,1000N
7982,443,1,DIRG,-,3,500,1000N
7983,443,1,DIRG,-,3,500,1000N
7984,443,1,DIRG,-,3,500,1000N
7985,443,1,DIRG,-,3,500,1000N
7986,443,1,DIRG,-,3,500,1000N
7987,443,1,DIRG,-,3,500,1000N
7988,443,1,DIRG,-,3,500,1000N
7989,443,1,DIRG,-,3,500,1000N
7990,443,1,DIRG,-,3,500,1000N
7991,443,1,DIRG,-,3,500,1000N
7992,444,1,DIRG,-,4,500,1000N
7993,444,1,DIRG,-,4,500,1000N
7994,444,1,DIRG,-,4,500,1000N
7995,444,1,DIRG,-,4,500,1000N
7996,444,1,DIRG,-,4,500,1000N
7997,444,1,DIRG,-,4,500,1000N
7998,444,1,DIRG,-,4,500,1000N
7999,444,1,DIRG,-,4,500,1000N
8000,444,1,DIRG,-,4,500,1000N
8001,444,1,DIRG,-,4,500,1000N
8002,445,1,DIRG,-,5,500,1000N
8003,445,1,DIRG,-,5,500,1000N
8004,445,1,DIRG,-,5,500,1000N
8005,445,1,DIRG,-,5,500,1000N
8006,445,1,DIRG,-,5,500,1000N
8007,445,1,DIRG,-,5,500,1000N
8008,445,1,DIRG,-,5,500,1000N
8009,445,1,DIRG,-,5,500,1000N
8010,445,1,DIRG,-,5,500,1000N
8011,445,1,DIRG,-,5,500,1000N
8012,446,6,DIRG,-,0,100,0N
8013,446,6,DIRG,-,0,100,0N
8014,446,6,DIRG,-,0,100,0N
8015,446,6,DIRG,-,0,100,0N
8016,446,6,DIRG,-,0,100,0N
8017,446,6,DIRG,-,0,100,0N
8018,446,6,DIRG,-,0,100,0N
8019,446,6,DIRG,-,0,100,0N
8020,446,6,DIRG,-,0,100,0N
8021,446,6,DIRG,-,0,100,0N
8022,447,6,DIRG,-,1,100,0N
8023,447,6,DIRG,-,1,100,0N
8024,447,6,DIRG,-,1,100,0N
8025,447,6,DIRG,-,1,100,0N
8026,447,6,DIRG,-,1,100,0N
8027,447,6,DIRG,-,1,100,0N
8028,447,6,DIRG,-,1,100,0N
8029,447,6,DIRG,-,1,100,0N
8030,447,6,DIRG,-,1,100,0N
8031,447,6,DIRG,-,1,100,0N
8032,448,6,DIRG,-,2,100,0N
8033,448,6,DIRG,-,2,100,0N
8034,448,6,DIRG,-,2,100,0N
8035,448,6,DIRG,-,2,100,0N
8036,448,6,DIRG,-,2,100,0N
8037,448,6,DIRG,-,2,100,0N
8038,448,6,DIRG,-,2,100,0N
8039,448,6,DIRG,-,2,100,0N
8040,448,6,DIRG,-,2,100,0N
8041,448,6,DIRG,-,2,100,0N
8042,449,6,DIRG,-,3,100,0N
8043,449,6,DIRG,-,3,100,0N
8044,449,6,DIRG,-,3,100,0N
8045,449,6,DIRG,-,3,100,0N
8046,449,6,DIRG,-,3,100,0N
8047,449,6,DIRG,-,3,100,0N
8048,449,6,DIRG,-,3,100,0N
8049,449,6,DIRG,-,3,100,0N
8050,449,6,DIRG,-,3,100,0N
8051,449,6,DIRG,-,3,100,0N
8052,450,6,DIRG,-,4,100,0N
8053,450,6,DIRG,-,4,100,0N
8054,450,6,DIRG,-,4,100,0N
8055,450,6,DIRG,-,4,100,0N
8056,450,6,DIRG,-,4,100,0N
8057,450,6,DIRG,-,4,100,0N
8058,450,6,DIRG,-,4,100,0N
8059,450,6,DIRG,-,4,100,0N
8060,450,6,DIRG,-,4,100,0N
8061,450,6,DIRG,-,4,100,0N
8062,451,6,DIRG,-,5,100,0N
8063,451,6,DIRG,-,5,100,0N
8064,451,6,DIRG,-,5,100,0N
8065,451,6,DIRG,-,5,100,0N
8066,451,6,DIRG,-,5,100,0N
8067,451,6,DIRG,-,5,100,0N
8068,451,6,DIRG,-,5,100,0N
8069,451,6,DIRG,-,5,100,0N
8070,451,6,DIRG,-,5,100,0N
8071,451,6,DIRG,-,5,100,0N
8072,452,6,DIRG,-,0,100,1000N
8073,452,6,DIRG,-,0,100,1000N
8074,452,6,DIRG,-,0,100,1000N
8075,452,6,DIRG,-,0,100,1000N
8076,452,6,DIRG,-,0,100,1000N
8077,452,6,DIRG,-,0,100,1000N
8078,452,6,DIRG,-,0,100,1000N
8079,452,6,DIRG,-,0,100,1000N
8080,452,6,DIRG,-,0,100,1000N
8081,452,6,DIRG,-,0,100,1000N
8082,453,6,DIRG,-,1,100,1000N
8083,453,6,DIRG,-,1,100,1000N
8084,453,6,DIRG,-,1,100,1000N
8085,453,6,DIRG,-,1,100,1000N
8086,453,6,DIRG,-,1,100,1000N
8087,453,6,DIRG,-,1,100,1000N
8088,453,6,DIRG,-,1,100,1000N
8089,453,6,DIRG,-,1,100,1000N
8090,453,6,DIRG,-,1,100,1000N
8091,453,6,DIRG,-,1,100,1000N
8092,454,6,DIRG,-,2,100,1000N
8093,454,6,DIRG,-,2,100,1000N
8094,454,6,DIRG,-,2,100,1000N
8095,454,6,DIRG,-,2,100,1000N
8096,454,6,DIRG,-,2,100,1000N
8097,454,6,DIRG,-,2,100,1000N
8098,454,6,DIRG,-,2,100,1000N
8099,454,6,DIRG,-,2,100,1000N
8100,454,6,DIRG,-,2,100,1000N
8101,454,6,DIRG,-,2,100,1000N
8102,455,6,DIRG,-,3,100,1000N
8103,455,6,DIRG,-,3,100,1000N
8104,455,6,DIRG,-,3,100,1000N
8105,455,6,DIRG,-,3,100,1000N
8106,455,6,DIRG,-,3,100,1000N
8107,455,6,DIRG,-,3,100,1000N
8108,455,6,DIRG,-,3,100,1000N
8109,455,6,DIRG,-,3,100,1000N
8110,455,6,DIRG,-,3,100,1000N
8111,455,6,DIRG,-,3,100,1000N
8112,456,6,DIRG,-,4,100,1000N
8113,456,6,DIRG,-,4,100,1000N
8114,456,6,DIRG,-,4,100,1000N
8115,456,6,DIRG,-,4,100,1000N
8116,456,6,DIRG,-,4,100,1000N
8117,456,6,DIRG,-,4,100,1000N
8118,456,6,DIRG,-,4,100,1000N
8119,456,6,DIRG,-,4,100,1000N
8120,456,6,DIRG,-,4,100,1000N
8121,456,6,DIRG,-,4,100,1000N
8122,457,6,DIRG,-,5,100,1000N
8123,457,6,DIRG,-,5,100,1000N
8124,457,6,DIRG,-,5,100,1000N
8125,457,6,DIRG,-,5,100,1000N
8126,457,6,DIRG,-,5,100,1000N
8127,457,6,DIRG,-,5,100,1000N
8128,457,6,DIRG,-,5,100,1000N
8129,457,6,DIRG,-,5,100,1000N
8130,457,6,DIRG,-,5,100,1000N
8131,457,6,DIRG,-,5,100,1000N
8132,458,6,DIRG,-,0,100,1400N
8133,458,6,DIRG,-,0,100,1400N
8134,458,6,DIRG,-,0,100,1400N
8135,458,6,DIRG,-,0,100,1400N
8136,458,6,DIRG,-,0,100,1400N
8137,458,6,DIRG,-,0,100,1400N
8138,458,6,DIRG,-,0,100,1400N
8139,458,6,DIRG,-,0,100,1400N
8140,458,6,DIRG,-,0,100,1400N
8141,458,6,DIRG,-,0,100,1400N
8142,459,6,DIRG,-,1,100,1400N
8143,459,6,DIRG,-,1,100,1400N
8144,459,6,DIRG,-,1,100,1400N
8145,459,6,DIRG,-,1,100,1400N
8146,459,6,DIRG,-,1,100,1400N
8147,459,6,DIRG,-,1,100,1400N
8148,459,6,DIRG,-,1,100,1400N
8149,459,6,DIRG,-,1,100,1400N
8150,459,6,DIRG,-,1,100,1400N
8151,459,6,DIRG,-,1,100,1400N
8152,460,6,DIRG,-,2,100,1400N
8153,460,6,DIRG,-,2,100,1400N
8154,460,6,DIRG,-,2,100,1400N
8155,460,6,DIRG,-,2,100,1400N
8156,460,6,DIRG,-,2,100,1400N
8157,460,6,DIRG,-,2,100,1400N
8158,460,6,DIRG,-,2,100,1400N
8159,460,6,DIRG,-,2,100,1400N
8160,460,6,DIRG,-,2,100,1400N
8161,460,6,DIRG,-,2,100,1400N
8162,461,6,DIRG,-,3,100,1400N
8163,461,6,DIRG,-,3,100,1400N
8164,461,6,DIRG,-,3,100,1400N
8165,461,6,DIRG,-,3,100,1400N
8166,461,6,DIRG,-,3,100,1400N
8167,461,6,DIRG,-,3,100,1400N
8168,461,6,DIRG,-,3,100,1400N
8169,461,6,DIRG,-,3,100,1400N
8170,461,6,DIRG,-,3,100,1400N
8171,461,6,DIRG,-,3,100,1400N
8172,462,6,DIRG,-,4,100,1400N
8173,462,6,DIRG,-,4,100,1400N
8174,462,6,DIRG,-,4,100,1400N
8175,462,6,DIRG,-,4,100,1400N
8176,462,6,DIRG,-,4,100,1400N
8177,462,6,DIRG,-,4,100,1400N
8178,462,6,DIRG,-,4,100,1400N
8179,462,6,DIRG,-,4,100,1400N
8180,462,6,DIRG,-,4,100,1400N
8181,462,6,DIRG,-,4,100,1400N
8182,463,6,DIRG,-,5,100,1400N
8183,463,6,DIRG,-,5,100,1400N
8184,463,6,DIRG,-,5,100,1400N
8185,463,6,DIRG,-,5,100,1400N
8186,463,6,DIRG,-,5,100,1400N
8187,463,6,DIRG,-,5,100,1400N
8188,463,6,DIRG,-,5,100,1400N
8189,463,6,DIRG,-,5,100,1400N
8190,463,6,DIRG,-,5,100,1400N
8191,463,6,DIRG,-,5,100,1400N
8192,464,6,DIRG,-,0,100,1800N
8193,464,6,DIRG,-,0,100,1800N
8194,464,6,DIRG,-,0,100,1800N
8195,464,6,DIRG,-,0,100,1800N
8196,464,6,DIRG,-,0,100,1800N
8197,464,6,DIRG,-,0,100,1800N
8198,464,6,DIRG,-,0,100,1800N
8199,464,6,DIRG,-,0,100,1800N
8200,464,6,DIRG,-,0,100,1800N
8201,464,6,DIRG,-,0,100,1800N
8202,465,6,DIRG,-,1,100,1800N
8203,465,6,DIRG,-,1,100,1800N
8204,465,6,DIRG,-,1,100,1800N
8205,465,6,DIRG,-,1,100,1800N
8206,465,6,DIRG,-,1,100,1800N
8207,465,6,DIRG,-,1,100,1800N
8208,465,6,DIRG,-,1,100,1800N
8209,465,6,DIRG,-,1,100,1800N
8210,465,6,DIRG,-,1,100,1800N
8211,465,6,DIRG,-,1,100,1800N
8212,466,6,DIRG,-,2,100,1800N
8213,466,6,DIRG,-,2,100,1800N
8214,466,6,DIRG,-,2,100,1800N
8215,466,6,DIRG,-,2,100,1800N
8216,466,6,DIRG,-,2,100,1800N
8217,466,6,DIRG,-,2,100,1800N
8218,466,6,DIRG,-,2,100,1800N
8219,466,6,DIRG,-,2,100,1800N
8220,466,6,DIRG,-,2,100,1800N
8221,466,6,DIRG,-,2,100,1800N
8222,467,6,DIRG,-,3,100,1800N
8223,467,6,DIRG,-,3,100,1800N
8224,467,6,DIRG,-,3,100,1800N
8225,467,6,DIRG,-,3,100,1800N
8226,467,6,DIRG,-,3,100,1800N
8227,467,6,DIRG,-,3,100,1800N
8228,467,6,DIRG,-,3,100,1800N
8229,467,6,DIRG,-,3,100,1800N
8230,467,6,DIRG,-,3,100,1800N
8231,467,6,DIRG,-,3,100,1800N
8232,468,6,DIRG,-,4,100,1800N
8233,468,6,DIRG,-,4,100,1800N
8234,468,6,DIRG,-,4,100,1800N
8235,468,6,DIRG,-,4,100,1800N
8236,468,6,DIRG,-,4,100,1800N
8237,468,6,DIRG,-,4,100,1800N
8238,468,6,DIRG,-,4,100,1800N
8239,468,6,DIRG,-,4,100,1800N
8240,468,6,DIRG,-,4,100,1800N
8241,468,6,DIRG,-,4,100,1800N
8242,469,6,DIRG,-,5,100,1800N
8243,469,6,DIRG,-,5,100,1800N
8244,469,6,DIRG,-,5,100,1800N
8245,469,6,DIRG,-,5,100,1800N
8246,469,6,DIRG,-,5,100,1800N
8247,469,6,DIRG,-,5,100,1800N
8248,469,6,DIRG,-,5,100,1800N
8249,469,6,DIRG,-,5,100,1800N
8250,469,6,DIRG,-,5,100,1800N
8251,469,6,DIRG,-,5,100,1800N
8252,470,6,DIRG,-,0,200,0N
8253,470,6,DIRG,-,0,200,0N
8254,470,6,DIRG,-,0,200,0N
8255,470,6,DIRG,-,0,200,0N
8256,470,6,DIRG,-,0,200,0N
8257,470,6,DIRG,-,0,200,0N
8258,470,6,DIRG,-,0,200,0N
8259,470,6,DIRG,-,0,200,0N
8260,470,6,DIRG,-,0,200,0N
8261,470,6,DIRG,-,0,200,0N
8262,471,6,DIRG,-,1,200,0N
8263,471,6,DIRG,-,1,200,0N
8264,471,6,DIRG,-,1,200,0N
8265,471,6,DIRG,-,1,200,0N
8266,471,6,DIRG,-,1,200,0N
8267,471,6,DIRG,-,1,200,0N
8268,471,6,DIRG,-,1,200,0N
8269,471,6,DIRG,-,1,200,0N
8270,471,6,DIRG,-,1,200,0N
8271,471,6,DIRG,-,1,200,0N
8272,472,6,DIRG,-,2,200,0N
8273,472,6,DIRG,-,2,200,0N
8274,472,6,DIRG,-,2,200,0N
8275,472,6,DIRG,-,2,200,0N
8276,472,6,DIRG,-,2,200,0N
8277,472,6,DIRG,-,2,200,0N
8278,472,6,DIRG,-,2,200,0N
8279,472,6,DIRG,-,2,200,0N
8280,472,6,DIRG,-,2,200,0N
8281,472,6,DIRG,-,2,200,0N
8282,473,6,DIRG,-,3,200,0N
8283,473,6,DIRG,-,3,200,0N
8284,473,6,DIRG,-,3,200,0N
8285,473,6,DIRG,-,3,200,0N
8286,473,6,DIRG,-,3,200,0N
8287,473,6,DIRG,-,3,200,0N
8288,473,6,DIRG,-,3,200,0N
8289,473,6,DIRG,-,3,200,0N
8290,473,6,DIRG,-,3,200,0N
8291,473,6,DIRG,-,3,200,0N
8292,474,6,DIRG,-,4,200,0N
8293,474,6,DIRG,-,4,200,0N
8294,474,6,DIRG,-,4,200,0N
8295,474,6,DIRG,-,4,200,0N
8296,474,6,DIRG,-,4,200,0N
8297,474,6,DIRG,-,4,200,0N
8298,474,6,DIRG,-,4,200,0N
8299,474,6,DIRG,-,4,200,0N
8300,474,6,DIRG,-,4,200,0N
8301,474,6,DIRG,-,4,200,0N
8302,475,6,DIRG,-,5,200,0N
8303,475,6,DIRG,-,5,200,0N
8304,475,6,DIRG,-,5,200,0N
8305,475,6,DIRG,-,5,200,0N
8306,475,6,DIRG,-,5,200,0N
8307,475,6,DIRG,-,5,200,0N
8308,475,6,DIRG,-,5,200,0N
8309,475,6,DIRG,-,5,200,0N
8310,475,6,DIRG,-,5,200,0N
8311,475,6,DIRG,-,5,200,0N
8312,476,6,DIRG,-,0,200,1000N
8313,476,6,DIRG,-,0,200,1000N
8314,476,6,DIRG,-,0,200,1000N
8315,476,6,DIRG,-,0,200,1000N
8316,476,6,DIRG,-,0,200,1000N
8317,476,6,DIRG,-,0,200,1000N
8318,476,6,DIRG,-,0,200,1000N
8319,476,6,DIRG,-,0,200,1000N
8320,476,6,DIRG,-,0,200,1000N
8321,476,6,DIRG,-,0,200,1000N
8322,477,6,DIRG,-,1,200,1000N
8323,477,6,DIRG,-,1,200,1000N
8324,477,6,DIRG,-,1,200,1000N
8325,477,6,DIRG,-,1,200,1000N
8326,477,6,DIRG,-,1,200,1000N
8327,477,6,DIRG,-,1,200,1000N
8328,477,6,DIRG,-,1,200,1000N
8329,477,6,DIRG,-,1,200,1000N
8330,477,6,DIRG,-,1,200,1000N
8331,477,6,DIRG,-,1,200,1000N
8332,478,6,DIRG,-,2,200,1000N
8333,478,6,DIRG,-,2,200,1000N
8334,478,6,DIRG,-,2,200,1000N
8335,478,6,DIRG,-,2,200,1000N
8336,478,6,DIRG,-,2,200,1000N
8337,478,6,DIRG,-,2,200,1000N
8338,478,6,DIRG,-,2,200,1000N
8339,478,6,DIRG,-,2,200,1000N
8340,478,6,DIRG,-,2,200,1000N
8341,478,6,DIRG,-,2,200,1000N
8342,479,6,DIRG,-,3,200,1000N
8343,479,6,DIRG,-,3,200,1000N
8344,479,6,DIRG,-,3,200,1000N
8345,479,6,DIRG,-,3,200,1000N
8346,479,6,DIRG,-,3,200,1000N
8347,479,6,DIRG,-,3,200,1000N
8348,479,6,DIRG,-,3,200,1000N
8349,479,6,DIRG,-,3,200,1000N
8350,479,6,DIRG,-,3,200,1000N
8351,479,6,DIRG,-,3,200,1000N
8352,480,6,DIRG,-,4,200,1000N
8353,480,6,DIRG,-,4,200,1000N
8354,480,6,DIRG,-,4,200,1000N
8355,480,6,DIRG,-,4,200,1000N
8356,480,6,DIRG,-,4,200,1000N
8357,480,6,DIRG,-,4,200,1000N
8358,480,6,DIRG,-,4,200,1000N
8359,480,6,DIRG,-,4,200,1000N
8360,480,6,DIRG,-,4,200,1000N
8361,480,6,DIRG,-,4,200,1000N
8362,481,6,DIRG,-,5,200,1000N
8363,481,6,DIRG,-,5,200,1000N
8364,481,6,DIRG,-,5,200,1000N
8365,481,6,DIRG,-,5,200,1000N
8366,481,6,DIRG,-,5,200,1000N
8367,481,6,DIRG,-,5,200,1000N
8368,481,6,DIRG,-,5,200,1000N
8369,481,6,DIRG,-,5,200,1000N
8370,481,6,DIRG,-,5,200,1000N
8371,481,6,DIRG,-,5,200,1000N
8372,482,6,DIRG,-,0,200,1400N
8373,482,6,DIRG,-,0,200,1400N
8374,482,6,DIRG,-,0,200,1400N
8375,482,6,DIRG,-,0,200,1400N
8376,482,6,DIRG,-,0,200,1400N
8377,482,6,DIRG,-,0,200,1400N
8378,482,6,DIRG,-,0,200,1400N
8379,482,6,DIRG,-,0,200,1400N
8380,482,6,DIRG,-,0,200,1400N
8381,482,6,DIRG,-,0,200,1400N
8382,483,6,DIRG,-,1,200,1400N
8383,483,6,DIRG,-,1,200,1400N
8384,483,6,DIRG,-,1,200,1400N
8385,483,6,DIRG,-,1,200,1400N
8386,483,6,DIRG,-,1,200,1400N
8387,483,6,DIRG,-,1,200,1400N
8388,483,6,DIRG,-,1,200,1400N
8389,483,6,DIRG,-,1,200,1400N
8390,483,6,DIRG,-,1,200,1400N
8391,483,6,DIRG,-,1,200,1400N
8392,484,6,DIRG,-,2,200,1400N
8393,484,6,DIRG,-,2,200,1400N
8394,484,6,DIRG,-,2,200,1400N
8395,484,6,DIRG,-,2,200,1400N
8396,484,6,DIRG,-,2,200,1400N
8397,484,6,DIRG,-,2,200,1400N
8398,484,6,DIRG,-,2,200,1400N
8399,484,6,DIRG,-,2,200,1400N
8400,484,6,DIRG,-,2,200,1400N
8401,484,6,DIRG,-,2,200,1400N
8402,485,6,DIRG,-,3,200,1400N
8403,485,6,DIRG,-,3,200,1400N
8404,485,6,DIRG,-,3,200,1400N
8405,485,6,DIRG,-,3,200,1400N
8406,485,6,DIRG,-,3,200,1400N
8407,485,6,DIRG,-,3,200,1400N
8408,485,6,DIRG,-,3,200,1400N
8409,485,6,DIRG,-,3,200,1400N
8410,485,6,DIRG,-,3,200,1400N
8411,485,6,DIRG,-,3,200,1400N
8412,486,6,DIRG,-,4,200,1400N
8413,486,6,DIRG,-,4,200,1400N
8414,486,6,DIRG,-,4,200,1400N
8415,486,6,DIRG,-,4,200,1400N
8416,486,6,DIRG,-,4,200,1400N
8417,486,6,DIRG,-,4,200,1400N
8418,486,6,DIRG,-,4,200,1400N
8419,486,6,DIRG,-,4,200,1400N
8420,486,6,DIRG,-,4,200,1400N
8421,486,6,DIRG,-,4,200,1400N
8422,487,6,DIRG,-,5,200,1400N
8423,487,6,DIRG,-,5,200,1400N
8424,487,6,DIRG,-,5,200,1400N
8425,487,6,DIRG,-,5,200,1400N
8426,487,6,DIRG,-,5,200,1400N
8427,487,6,DIRG,-,5,200,1400N
8428,487,6,DIRG,-,5,200,1400N
8429,487,6,DIRG,-,5,200,1400N
8430,487,6,DIRG,-,5,200,1400N
8431,487,6,DIRG,-,5,200,1400N
8432,488,6,DIRG,-,0,200,1800N
8433,488,6,DIRG,-,0,200,1800N
8434,488,6,DIRG,-,0,200,1800N
8435,488,6,DIRG,-,0,200,1800N
8436,488,6,DIRG,-,0,200,1800N
8437,488,6,DIRG,-,0,200,1800N
8438,488,6,DIRG,-,0,200,1800N
8439,488,6,DIRG,-,0,200,1800N
8440,488,6,DIRG,-,0,200,1800N
8441,488,6,DIRG,-,0,200,1800N
8442,489,6,DIRG,-,1,200,1800N
8443,489,6,DIRG,-,1,200,1800N
8444,489,6,DIRG,-,1,200,1800N
8445,489,6,DIRG,-,1,200,1800N
8446,489,6,DIRG,-,1,200,1800N
8447,489,6,DIRG,-,1,200,1800N
8448,489,6,DIRG,-,1,200,1800N
8449,489,6,DIRG,-,1,200,1800N
8450,489,6,DIRG,-,1,200,1800N
8451,489,6,DIRG,-,1,200,1800N
8452,490,6,DIRG,-,2,200,1800N
8453,490,6,DIRG,-,2,200,1800N
8454,490,6,DIRG,-,2,200,1800N
8455,490,6,DIRG,-,2,200,1800N
8456,490,6,DIRG,-,2,200,1800N
8457,490,6,DIRG,-,2,200,1800N
8458,490,6,DIRG,-,2,200,1800N
8459,490,6,DIRG,-,2,200,1800N
8460,490,6,DIRG,-,2,200,1800N
8461,490,6,DIRG,-,2,200,1800N
8462,491,6,DIRG,-,3,200,1800N
8463,491,6,DIRG,-,3,200,1800N
8464,491,6,DIRG,-,3,200,1800N
8465,491,6,DIRG,-,3,200,1800N
8466,491,6,DIRG,-,3,200,1800N
8467,491,6,DIRG,-,3,200,1800N
8468,491,6,DIRG,-,3,200,1800N
8469,491,6,DIRG,-,3,200,1800N
8470,491,6,DIRG,-,3,200,1800N
8471,491,6,DIRG,-,3,200,1800N
8472,492,6,DIRG,-,4,200,1800N
8473,492,6,DIRG,-,4,200,1800N
8474,492,6,DIRG,-,4,200,1800N
8475,492,6,DIRG,-,4,200,1800N
8476,492,6,DIRG,-,4,200,1800N
8477,492,6,DIRG,-,4,200,1800N
8478,492,6,DIRG,-,4,200,1800N
8479,492,6,DIRG,-,4,200,1800N
8480,492,6,DIRG,-,4,200,1800N
8481,492,6,DIRG,-,4,200,1800N
8482,493,6,DIRG,-,5,200,1800N
8483,493,6,DIRG,-,5,200,1800N
8484,493,6,DIRG,-,5,200,1800N
8485,493,6,DIRG,-,5,200,1800N
8486,493,6,DIRG,-,5,200,1800N
8487,493,6,DIRG,-,5,200,1800N
8488,493,6,DIRG,-,5,200,1800N
8489,493,6,DIRG,-,5,200,1800N
8490,493,6,DIRG,-,5,200,1800N
8491,493,6,DIRG,-,5,200,1800N
8492,494,6,DIRG,-,0,300,0N
8493,494,6,DIRG,-,0,300,0N
8494,494,6,DIRG,-,0,300,0N
8495,494,6,DIRG,-,0,300,0N
8496,494,6,DIRG,-,0,300,0N
8497,494,6,DIRG,-,0,300,0N
8498,494,6,DIRG,-,0,300,0N
8499,494,6,DIRG,-,0,300,0N
8500,494,6,DIRG,-,0,300,0N
8501,494,6,DIRG,-,0,300,0N
8502,495,6,DIRG,-,1,300,0N
8503,495,6,DIRG,-,1,300,0N
8504,495,6,DIRG,-,1,300,0N
8505,495,6,DIRG,-,1,300,0N
8506,495,6,DIRG,-,1,300,0N
8507,495,6,DIRG,-,1,300,0N
8508,495,6,DIRG,-,1,300,0N
8509,495,6,DIRG,-,1,300,0N
8510,495,6,DIRG,-,1,300,0N
8511,495,6,DIRG,-,1,300,0N
8512,496,6,DIRG,-,2,300,0N
8513,496,6,DIRG,-,2,300,0N
8514,496,6,DIRG,-,2,300,0N
8515,496,6,DIRG,-,2,300,0N
8516,496,6,DIRG,-,2,300,0N
8517,496,6,DIRG,-,2,300,0N
8518,496,6,DIRG,-,2,300,0N
8519,496,6,DIRG,-,2,300,0N
8520,496,6,DIRG,-,2,300,0N
8521,496,6,DIRG,-,2,300,0N
8522,497,6,DIRG,-,3,300,0N
8523,497,6,DIRG,-,3,300,0N
8524,497,6,DIRG,-,3,300,0N
8525,497,6,DIRG,-,3,300,0N
8526,497,6,DIRG,-,3,300,0N
8527,497,6,DIRG,-,3,300,0N
8528,497,6,DIRG,-,3,300,0N
8529,497,6,DIRG,-,3,300,0N
8530,497,6,DIRG,-,3,300,0N
8531,497,6,DIRG,-,3,300,0N
8532,498,6,DIRG,-,4,300,0N
8533,498,6,DIRG,-,4,300,0N
8534,498,6,DIRG,-,4,300,0N
8535,498,6,DIRG,-,4,300,0N
8536,498,6,DIRG,-,4,300,0N
8537,498,6,DIRG,-,4,300,0N
8538,498,6,DIRG,-,4,300,0N
8539,498,6,DIRG,-,4,300,0N
8540,498,6,DIRG,-,4,300,0N
8541,498,6,DIRG,-,4,300,0N
8542,499,6,DIRG,-,5,300,0N
8543,499,6,DIRG,-,5,300,0N
8544,499,6,DIRG,-,5,300,0N
8545,499,6,DIRG,-,5,300,0N
8546,499,6,DIRG,-,5,300,0N
8547,499,6,DIRG,-,5,300,0N
8548,499,6,DIRG,-,5,300,0N
8549,499,6,DIRG,-,5,300,0N
8550,499,6,DIRG,-,5,300,0N
8551,499,6,DIRG,-,5,300,0N
8552,500,6,DIRG,-,0,300,1000N
8553,500,6,DIRG,-,0,300,1000N
8554,500,6,DIRG,-,0,300,1000N
8555,500,6,DIRG,-,0,300,1000N
8556,500,6,DIRG,-,0,300,1000N
8557,500,6,DIRG,-,0,300,1000N
8558,500,6,DIRG,-,0,300,1000N
8559,500,6,DIRG,-,0,300,1000N
8560,500,6,DIRG,-,0,300,1000N
8561,500,6,DIRG,-,0,300,1000N
8562,501,6,DIRG,-,1,300,1000N
8563,501,6,DIRG,-,1,300,1000N
8564,501,6,DIRG,-,1,300,1000N
8565,501,6,DIRG,-,1,300,1000N
8566,501,6,DIRG,-,1,300,1000N
8567,501,6,DIRG,-,1,300,1000N
8568,501,6,DIRG,-,1,300,1000N
8569,501,6,DIRG,-,1,300,1000N
8570,501,6,DIRG,-,1,300,1000N
8571,501,6,DIRG,-,1,300,1000N
8572,502,6,DIRG,-,2,300,1000N
8573,502,6,DIRG,-,2,300,1000N
8574,502,6,DIRG,-,2,300,1000N
8575,502,6,DIRG,-,2,300,1000N
8576,502,6,DIRG,-,2,300,1000N
8577,502,6,DIRG,-,2,300,1000N
8578,502,6,DIRG,-,2,300,1000N
8579,502,6,DIRG,-,2,300,1000N
8580,502,6,DIRG,-,2,300,1000N
8581,502,6,DIRG,-,2,300,1000N
8582,503,6,DIRG,-,3,300,1000N
8583,503,6,DIRG,-,3,300,1000N
8584,503,6,DIRG,-,3,300,1000N
8585,503,6,DIRG,-,3,300,1000N
8586,503,6,DIRG,-,3,300,1000N
8587,503,6,DIRG,-,3,300,1000N
8588,503,6,DIRG,-,3,300,1000N
8589,503,6,DIRG,-,3,300,1000N
8590,503,6,DIRG,-,3,300,1000N
8591,503,6,DIRG,-,3,300,1000N
8592,504,6,DIRG,-,4,300,1000N
8593,504,6,DIRG,-,4,300,1000N
8594,504,6,DIRG,-,4,300,1000N
8595,504,6,DIRG,-,4,300,1000N
8596,504,6,DIRG,-,4,300,1000N
8597,504,6,DIRG,-,4,300,1000N
8598,504,6,DIRG,-,4,300,1000N
8599,504,6,DIRG,-,4,300,1000N
8600,504,6,DIRG,-,4,300,1000N
8601,504,6,DIRG,-,4,300,1000N
8602,505,6,DIRG,-,5,300,1000N
8603,505,6,DIRG,-,5,300,1000N
8604,505,6,DIRG,-,5,300,1000N
8605,505,6,DIRG,-,5,300,1000N
8606,505,6,DIRG,-,5,300,1000N
8607,505,6,DIRG,-,5,300,1000N
8608,505,6,DIRG,-,5,300,1000N
8609,505,6,DIRG,-,5,300,1000N
8610,505,6,DIRG,-,5,300,1000N
8611,505,6,DIRG,-,5,300,1000N
8612,506,6,DIRG,-,0,300,1400N
8613,506,6,DIRG,-,0,300,1400N
8614,506,6,DIRG,-,0,300,1400N
8615,506,6,DIRG,-,0,300,1400N
8616,506,6,DIRG,-,0,300,1400N
8617,506,6,DIRG,-,0,300,1400N
8618,506,6,DIRG,-,0,300,1400N
8619,506,6,DIRG,-,0,300,1400N
8620,506,6,DIRG,-,0,300,1400N
8621,506,6,DIRG,-,0,300,1400N
8622,507,6,DIRG,-,1,300,1400N
8623,507,6,DIRG,-,1,300,1400N
8624,507,6,DIRG,-,1,300,1400N
8625,507,6,DIRG,-,1,300,1400N
8626,507,6,DIRG,-,1,300,1400N
8627,507,6,DIRG,-,1,300,1400N
8628,507,6,DIRG,-,1,300,1400N
8629,507,6,DIRG,-,1,300,1400N
8630,507,6,DIRG,-,1,300,1400N
8631,507,6,DIRG,-,1,300,1400N
8632,508,6,DIRG,-,2,300,1400N
8633,508,6,DIRG,-,2,300,1400N
8634,508,6,DIRG,-,2,300,1400N
8635,508,6,DIRG,-,2,300,1400N
8636,508,6,DIRG,-,2,300,1400N
8637,508,6,DIRG,-,2,300,1400N
8638,508,6,DIRG,-,2,300,1400N
8639,508,6,DIRG,-,2,300,1400N
8640,508,6,DIRG,-,2,300,1400N
8641,508,6,DIRG,-,2,300,1400N
8642,509,6,DIRG,-,3,300,1400N
8643,509,6,DIRG,-,3,300,1400N
8644,509,6,DIRG,-,3,300,1400N
8645,509,6,DIRG,-,3,300,1400N
8646,509,6,DIRG,-,3,300,1400N
8647,509,6,DIRG,-,3,300,1400N
8648,509,6,DIRG,-,3,300,1400N
8649,509,6,DIRG,-,3,300,1400N
8650,509,6,DIRG,-,3,300,1400N
8651,509,6,DIRG,-,3,300,1400N
8652,510,6,DIRG,-,4,300,1400N
8653,510,6,DIRG,-,4,300,1400N
8654,510,6,DIRG,-,4,300,1400N
8655,510,6,DIRG,-,4,300,1400N
8656,510,6,DIRG,-,4,300,1400N
8657,510,6,DIRG,-,4,300,1400N
8658,510,6,DIRG,-,4,300,1400N
8659,510,6,DIRG,-,4,300,1400N
8660,510,6,DIRG,-,4,300,1400N
8661,510,6,DIRG,-,4,300,1400N
8662,511,6,DIRG,-,5,300,1400N
8663,511,6,DIRG,-,5,300,1400N
8664,511,6,DIRG,-,5,300,1400N
8665,511,6,DIRG,-,5,300,1400N
8666,511,6,DIRG,-,5,300,1400N
8667,511,6,DIRG,-,5,300,1400N
8668,511,6,DIRG,-,5,300,1400N
8669,511,6,DIRG,-,5,300,1400N
8670,511,6,DIRG,-,5,300,1400N
8671,511,6,DIRG,-,5,300,1400N
8672,512,6,DIRG,-,0,300,1800N
8673,512,6,DIRG,-,0,300,1800N
8674,512,6,DIRG,-,0,300,1800N
8675,512,6,DIRG,-,0,300,1800N
8676,512,6,DIRG,-,0,300,1800N
8677,512,6,DIRG,-,0,300,1800N
8678,512,6,DIRG,-,0,300,1800N
8679,512,6,DIRG,-,0,300,1800N
8680,512,6,DIRG,-,0,300,1800N
8681,512,6,DIRG,-,0,300,1800N
8682,513,6,DIRG,-,1,300,1800N
8683,513,6,DIRG,-,1,300,1800N
8684,513,6,DIRG,-,1,300,1800N
8685,513,6,DIRG,-,1,300,1800N
8686,513,6,DIRG,-,1,300,1800N
8687,513,6,DIRG,-,1,300,1800N
8688,513,6,DIRG,-,1,300,1800N
8689,513,6,DIRG,-,1,300,1800N
8690,513,6,DIRG,-,1,300,1800N
8691,513,6,DIRG,-,1,300,1800N
8692,514,6,DIRG,-,2,300,1800N
8693,514,6,DIRG,-,2,300,1800N
8694,514,6,DIRG,-,2,300,1800N
8695,514,6,DIRG,-,2,300,1800N
8696,514,6,DIRG,-,2,300,1800N
8697,514,6,DIRG,-,2,300,1800N
8698,514,6,DIRG,-,2,300,1800N
8699,514,6,DIRG,-,2,300,1800N
8700,514,6,DIRG,-,2,300,1800N
8701,514,6,DIRG,-,2,300,1800N
8702,515,6,DIRG,-,3,300,1800N
8703,515,6,DIRG,-,3,300,1800N
8704,515,6,DIRG,-,3,300,1800N
8705,515,6,DIRG,-,3,300,1800N
8706,515,6,DIRG,-,3,300,1800N
8707,515,6,DIRG,-,3,300,1800N
8708,515,6,DIRG,-,3,300,1800N
8709,515,6,DIRG,-,3,300,1800N
8710,515,6,DIRG,-,3,300,1800N
8711,515,6,DIRG,-,3,300,1800N
8712,516,6,DIRG,-,4,300,1800N
8713,516,6,DIRG,-,4,300,1800N
8714,516,6,DIRG,-,4,300,1800N
8715,516,6,DIRG,-,4,300,1800N
8716,516,6,DIRG,-,4,300,1800N
8717,516,6,DIRG,-,4,300,1800N
8718,516,6,DIRG,-,4,300,1800N
8719,516,6,DIRG,-,4,300,1800N
8720,516,6,DIRG,-,4,300,1800N
8721,516,6,DIRG,-,4,300,1800N
8722,517,6,DIRG,-,5,300,1800N
8723,517,6,DIRG,-,5,300,1800N
8724,517,6,DIRG,-,5,300,1800N
8725,517,6,DIRG,-,5,300,1800N
8726,517,6,DIRG,-,5,300,1800N
8727,517,6,DIRG,-,5,300,1800N
8728,517,6,DIRG,-,5,300,1800N
8729,517,6,DIRG,-,5,300,1800N
8730,517,6,DIRG,-,5,300,1800N
8731,517,6,DIRG,-,5,300,1800N
8732,518,6,DIRG,-,0,400,0N
8733,518,6,DIRG,-,0,400,0N
8734,518,6,DIRG,-,0,400,0N
8735,518,6,DIRG,-,0,400,0N
8736,518,6,DIRG,-,0,400,0N
8737,518,6,DIRG,-,0,400,0N
8738,518,6,DIRG,-,0,400,0N
8739,518,6,DIRG,-,0,400,0N
8740,518,6,DIRG,-,0,400,0N
8741,518,6,DIRG,-,0,400,0N
8742,519,6,DIRG,-,1,400,0N
8743,519,6,DIRG,-,1,400,0N
8744,519,6,DIRG,-,1,400,0N
8745,519,6,DIRG,-,1,400,0N
8746,519,6,DIRG,-,1,400,0N
8747,519,6,DIRG,-,1,400,0N
8748,519,6,DIRG,-,1,400,0N
8749,519,6,DIRG,-,1,400,0N
8750,519,6,DIRG,-,1,400,0N
8751,519,6,DIRG,-,1,400,0N
8752,520,6,DIRG,-,2,400,0N
8753,520,6,DIRG,-,2,400,0N
8754,520,6,DIRG,-,2,400,0N
8755,520,6,DIRG,-,2,400,0N
8756,520,6,DIRG,-,2,400,0N
8757,520,6,DIRG,-,2,400,0N
8758,520,6,DIRG,-,2,400,0N
8759,520,6,DIRG,-,2,400,0N
8760,520,6,DIRG,-,2,400,0N
8761,520,6,DIRG,-,2,400,0N
8762,521,6,DIRG,-,3,400,0N
8763,521,6,DIRG,-,3,400,0N
8764,521,6,DIRG,-,3,400,0N
8765,521,6,DIRG,-,3,400,0N
8766,521,6,DIRG,-,3,400,0N
8767,521,6,DIRG,-,3,400,0N
8768,521,6,DIRG,-,3,400,0N
8769,521,6,DIRG,-,3,400,0N
8770,521,6,DIRG,-,3,400,0N
8771,521,6,DIRG,-,3,400,0N
8772,522,6,DIRG,-,4,400,0N
8773,522,6,DIRG,-,4,400,0N
8774,522,6,DIRG,-,4,400,0N
8775,522,6,DIRG,-,4,400,0N
8776,522,6,DIRG,-,4,400,0N
8777,522,6,DIRG,-,4,400,0N
8778,522,6,DIRG,-,4,400,0N
8779,522,6,DIRG,-,4,400,0N
8780,522,6,DIRG,-,4,400,0N
8781,522,6,DIRG,-,4,400,0N
8782,523,6,DIRG,-,5,400,0N
8783,523,6,DIRG,-,5,400,0N
8784,523,6,DIRG,-,5,400,0N
8785,523,6,DIRG,-,5,400,0N
8786,523,6,DIRG,-,5,400,0N
8787,523,6,DIRG,-,5,400,0N
8788,523,6,DIRG,-,5,400,0N
8789,523,6,DIRG,-,5,400,0N
8790,523,6,DIRG,-,5,400,0N
8791,523,6,DIRG,-,5,400,0N
8792,524,6,DIRG,-,0,400,1000N
8793,524,6,DIRG,-,0,400,1000N
8794,524,6,DIRG,-,0,400,1000N
8795,524,6,DIRG,-,0,400,1000N
8796,524,6,DIRG,-,0,400,1000N
8797,524,6,DIRG,-,0,400,1000N
8798,524,6,DIRG,-,0,400,1000N
8799,524,6,DIRG,-,0,400,1000N
8800,524,6,DIRG,-,0,400,1000N
8801,524,6,DIRG,-,0,400,1000N
8802,525,6,DIRG,-,1,400,1000N
8803,525,6,DIRG,-,1,400,1000N
8804,525,6,DIRG,-,1,400,1000N
8805,525,6,DIRG,-,1,400,1000N
8806,525,6,DIRG,-,1,400,1000N
8807,525,6,DIRG,-,1,400,1000N
8808,525,6,DIRG,-,1,400,1000N
8809,525,6,DIRG,-,1,400,1000N
8810,525,6,DIRG,-,1,400,1000N
8811,525,6,DIRG,-,1,400,1000N
8812,526,6,DIRG,-,2,400,1000N
8813,526,6,DIRG,-,2,400,1000N
8814,526,6,DIRG,-,2,400,1000N
8815,526,6,DIRG,-,2,400,1000N
8816,526,6,DIRG,-,2,400,1000N
8817,526,6,DIRG,-,2,400,1000N
8818,526,6,DIRG,-,2,400,1000N
8819,526,6,DIRG,-,2,400,1000N
8820,526,6,DIRG,-,2,400,1000N
8821,526,6,DIRG,-,2,400,1000N
8822,527,6,DIRG,-,3,400,1000N
8823,527,6,DIRG,-,3,400,1000N
8824,527,6,DIRG,-,3,400,1000N
8825,527,6,DIRG,-,3,400,1000N
8826,527,6,DIRG,-,3,400,1000N
8827,527,6,DIRG,-,3,400,1000N
8828,527,6,DIRG,-,3,400,1000N
8829,527,6,DIRG,-,3,400,1000N
8830,527,6,DIRG,-,3,400,1000N
8831,527,6,DIRG,-,3,400,1000N
8832,528,6,DIRG,-,4,400,1000N
8833,528,6,DIRG,-,4,400,1000N
8834,528,6,DIRG,-,4,400,1000N
8835,528,6,DIRG,-,4,400,1000N
8836,528,6,DIRG,-,4,400,1000N
8837,528,6,DIRG,-,4,400,1000N
8838,528,6,DIRG,-,4,400,1000N
8839,528,6,DIRG,-,4,400,1000N
8840,528,6,DIRG,-,4,400,1000N
8841,528,6,DIRG,-,4,400,1000N
8842,529,6,DIRG,-,5,400,1000N
8843,529,6,DIRG,-,5,400,1000N
8844,529,6,DIRG,-,5,400,1000N
8845,529,6,DIRG,-,5,400,1000N
8846,529,6,DIRG,-,5,400,1000N
8847,529,6,DIRG,-,5,400,1000N
8848,529,6,DIRG,-,5,400,1000N
8849,529,6,DIRG,-,5,400,1000N
8850,529,6,DIRG,-,5,400,1000N
8851,529,6,DIRG,-,5,400,1000N
8852,530,6,DIRG,-,0,400,1400N
8853,530,6,DIRG,-,0,400,1400N
8854,530,6,DIRG,-,0,400,1400N
8855,530,6,DIRG,-,0,400,1400N
8856,530,6,DIRG,-,0,400,1400N
8857,530,6,DIRG,-,0,400,1400N
8858,530,6,DIRG,-,0,400,1400N
8859,530,6,DIRG,-,0,400,1400N
8860,530,6,DIRG,-,0,400,1400N
8861,530,6,DIRG,-,0,400,1400N
8862,531,6,DIRG,-,1,400,1400N
8863,531,6,DIRG,-,1,400,1400N
8864,531,6,DIRG,-,1,400,1400N
8865,531,6,DIRG,-,1,400,1400N
8866,531,6,DIRG,-,1,400,1400N
8867,531,6,DIRG,-,1,400,1400N
8868,531,6,DIRG,-,1,400,1400N
8869,531,6,DIRG,-,1,400,1400N
8870,531,6,DIRG,-,1,400,1400N
8871,531,6,DIRG,-,1,400,1400N
8872,532,6,DIRG,-,2,400,1400N
8873,532,6,DIRG,-,2,400,1400N
8874,532,6,DIRG,-,2,400,1400N
8875,532,6,DIRG,-,2,400,1400N
8876,532,6,DIRG,-,2,400,1400N
8877,532,6,DIRG,-,2,400,1400N
8878,532,6,DIRG,-,2,400,1400N
8879,532,6,DIRG,-,2,400,1400N
8880,532,6,DIRG,-,2,400,1400N
8881,532,6,DIRG,-,2,400,1400N
8882,533,6,DIRG,-,3,400,1400N
8883,533,6,DIRG,-,3,400,1400N
8884,533,6,DIRG,-,3,400,1400N
8885,533,6,DIRG,-,3,400,1400N
8886,533,6,DIRG,-,3,400,1400N
8887,533,6,DIRG,-,3,400,1400N
8888,533,6,DIRG,-,3,400,1400N
8889,533,6,DIRG,-,3,400,1400N
8890,533,6,DIRG,-,3,400,1400N
8891,533,6,DIRG,-,3,400,1400N
8892,534,6,DIRG,-,4,400,1400N
8893,534,6,DIRG,-,4,400,1400N
8894,534,6,DIRG,-,4,400,1400N
8895,534,6,DIRG,-,4,400,1400N
8896,534,6,DIRG,-,4,400,1400N
8897,534,6,DIRG,-,4,400,1400N
8898,534,6,DIRG,-,4,400,1400N
8899,534,6,DIRG,-,4,400,1400N
8900,534,6,DIRG,-,4,400,1400N
8901,534,6,DIRG,-,4,400,1400N
8902,535,6,DIRG,-,5,400,1400N
8903,535,6,DIRG,-,5,400,1400N
8904,535,6,DIRG,-,5,400,1400N
8905,535,6,DIRG,-,5,400,1400N
8906,535,6,DIRG,-,5,400,1400N
8907,535,6,DIRG,-,5,400,1400N
8908,535,6,DIRG,-,5,400,1400N
8909,535,6,DIRG,-,5,400,1400N
8910,535,6,DIRG,-,5,400,1400N
8911,535,6,DIRG,-,5,400,1400N
8912,536,6,DIRG,-,0,500,0N
8913,536,6,DIRG,-,0,500,0N
8914,536,6,DIRG,-,0,500,0N
8915,536,6,DIRG,-,0,500,0N
8916,536,6,DIRG,-,0,500,0N
8917,536,6,DIRG,-,0,500,0N
8918,536,6,DIRG,-,0,500,0N
8919,536,6,DIRG,-,0,500,0N
8920,536,6,DIRG,-,0,500,0N
8921,536,6,DIRG,-,0,500,0N
8922,537,6,DIRG,-,1,500,0N
8923,537,6,DIRG,-,1,500,0N
8924,537,6,DIRG,-,1,500,0N
8925,537,6,DIRG,-,1,500,0N
8926,537,6,DIRG,-,1,500,0N
8927,537,6,DIRG,-,1,500,0N
8928,537,6,DIRG,-,1,500,0N
8929,537,6,DIRG,-,1,500,0N
8930,537,6,DIRG,-,1,500,0N
8931,537,6,DIRG,-,1,500,0N
8932,538,6,DIRG,-,2,500,0N
8933,538,6,DIRG,-,2,500,0N
8934,538,6,DIRG,-,2,500,0N
8935,538,6,DIRG,-,2,500,0N
8936,538,6,DIRG,-,2,500,0N
8937,538,6,DIRG,-,2,500,0N
8938,538,6,DIRG,-,2,500,0N
8939,538,6,DIRG,-,2,500,0N
8940,538,6,DIRG,-,2,500,0N
8941,538,6,DIRG,-,2,500,0N
8942,539,6,DIRG,-,3,500,0N
8943,539,6,DIRG,-,3,500,0N
8944,539,6,DIRG,-,3,500,0N
8945,539,6,DIRG,-,3,500,0N
8946,539,6,DIRG,-,3,500,0N
8947,539,6,DIRG,-,3,500,0N
8948,539,6,DIRG,-,3,500,0N
8949,539,6,DIRG,-,3,500,0N
8950,539,6,DIRG,-,3,500,0N
8951,539,6,DIRG,-,3,500,0N
8952,540,6,DIRG,-,4,500,0N
8953,540,6,DIRG,-,4,500,0N
8954,540,6,DIRG,-,4,500,0N
8955,540,6,DIRG,-,4,500,0N
8956,540,6,DIRG,-,4,500,0N
8957,540,6,DIRG,-,4,500,0N
8958,540,6,DIRG,-,4,500,0N
8959,540,6,DIRG,-,4,500,0N
8960,540,6,DIRG,-,4,500,0N
8961,540,6,DIRG,-,4,500,0N
8962,541,6,DIRG,-,5,500,0N
8963,541,6,DIRG,-,5,500,0N
8964,541,6,DIRG,-,5,500,0N
8965,541,6,DIRG,-,5,500,0N
8966,541,6,DIRG,-,5,500,0N
8967,541,6,DIRG,-,5,500,0N
8968,541,6,DIRG,-,5,500,0N
8969,541,6,DIRG,-,5,500,0N
8970,541,6,DIRG,-,5,500,0N
8971,541,6,DIRG,-,5,500,0N
8972,542,6,DIRG,-,0,500,1000N
8973,542,6,DIRG,-,0,500,1000N
8974,542,6,DIRG,-,0,500,1000N
8975,542,6,DIRG,-,0,500,1000N
8976,542,6,DIRG,-,0,500,1000N
8977,542,6,DIRG,-,0,500,1000N
8978,542,6,DIRG,-,0,500,1000N
8979,542,6,DIRG,-,0,500,1000N
8980,542,6,DIRG,-,0,500,1000N
8981,542,6,DIRG,-,0,500,1000N
8982,543,6,DIRG,-,1,500,1000N
8983,543,6,DIRG,-,1,500,1000N
8984,543,6,DIRG,-,1,500,1000N
8985,543,6,DIRG,-,1,500,1000N
8986,543,6,DIRG,-,1,500,1000N
8987,543,6,DIRG,-,1,500,1000N
8988,543,6,DIRG,-,1,500,1000N
8989,543,6,DIRG,-,1,500,1000N
8990,543,6,DIRG,-,1,500,1000N
8991,543,6,DIRG,-,1,500,1000N
8992,544,6,DIRG,-,2,500,1000N
8993,544,6,DIRG,-,2,500,1000N
8994,544,6,DIRG,-,2,500,1000N
8995,544,6,DIRG,-,2,500,1000N
8996,544,6,DIRG,-,2,500,1000N
8997,544,6,DIRG,-,2,500,1000N
8998,544,6,DIRG,-,2,500,1000N
8999,544,6,DIRG,-,2,500,1000N
9000,544,6,DIRG,-,2,500,1000N
9001,544,6,DIRG,-,2,500,1000N
9002,545,6,DIRG,-,3,500,1000N
9003,545,6,DIRG,-,3,500,1000N
9004,545,6,DIRG,-,3,500,1000N
9005,545,6,DIRG,-,3,500,1000N
9006,545,6,DIRG,-,3,500,1000N
9007,545,6,DIRG,-,3,500,1000N
9008,545,6,DIRG,-,3,500,1000N
9009,545,6,DIRG,-,3,500,1000N
9010,545,6,DIRG,-,3,500,1000N
9011,545,6,DIRG,-,3,500,1000N
9012,546,6,DIRG,-,4,500,1000N
9013,546,6,DIRG,-,4,500,1000N
9014,546,6,DIRG,-,4,500,1000N
9015,546,6,DIRG,-,4,500,1000N
9016,546,6,DIRG,-,4,500,1000N
9017,546,6,DIRG,-,4,500,1000N
9018,546,6,DIRG,-,4,500,1000N
9019,546,6,DIRG,-,4,500,1000N
9020,546,6,DIRG,-,4,500,1000N
9021,546,6,DIRG,-,4,500,1000N
9022,547,6,DIRG,-,5,500,1000N
9023,547,6,DIRG,-,5,500,1000N
9024,547,6,DIRG,-,5,500,1000N
9025,547,6,DIRG,-,5,500,1000N
9026,547,6,DIRG,-,5,500,1000N
9027,547,6,DIRG,-,5,500,1000N
9028,547,6,DIRG,-,5,500,1000N
9029,547,6,DIRG,-,5,500,1000N
9030,547,6,DIRG,-,5,500,1000N
9031,547,6,DIRG,-,5,500,1000N
9032,548,5,DIRG,-,0,100,0N
9033,548,5,DIRG,-,0,100,0N
9034,548,5,DIRG,-,0,100,0N
9035,548,5,DIRG,-,0,100,0N
9036,548,5,DIRG,-,0,100,0N
9037,548,5,DIRG,-,0,100,0N
9038,548,5,DIRG,-,0,100,0N
9039,548,5,DIRG,-,0,100,0N
9040,548,5,DIRG,-,0,100,0N
9041,548,5,DIRG,-,0,100,0N
9042,549,5,DIRG,-,1,100,0N
9043,549,5,DIRG,-,1,100,0N
9044,549,5,DIRG,-,1,100,0N
9045,549,5,DIRG,-,1,100,0N
9046,549,5,DIRG,-,1,100,0N
9047,549,5,DIRG,-,1,100,0N
9048,549,5,DIRG,-,1,100,0N
9049,549,5,DIRG,-,1,100,0N
9050,549,5,DIRG,-,1,100,0N
9051,549,5,DIRG,-,1,100,0N
9052,550,5,DIRG,-,2,100,0N
9053,550,5,DIRG,-,2,100,0N
9054,550,5,DIRG,-,2,100,0N
9055,550,5,DIRG,-,2,100,0N
9056,550,5,DIRG,-,2,100,0N
9057,550,5,DIRG,-,2,100,0N
9058,550,5,DIRG,-,2,100,0N
9059,550,5,DIRG,-,2,100,0N
9060,550,5,DIRG,-,2,100,0N
9061,550,5,DIRG,-,2,100,0N
9062,551,5,DIRG,-,3,100,0N
9063,551,5,DIRG,-,3,100,0N
9064,551,5,DIRG,-,3,100,0N
9065,551,5,DIRG,-,3,100,0N
9066,551,5,DIRG,-,3,100,0N
9067,551,5,DIRG,-,3,100,0N
9068,551,5,DIRG,-,3,100,0N
9069,551,5,DIRG,-,3,100,0N
9070,551,5,DIRG,-,3,100,0N
9071,551,5,DIRG,-,3,100,0N
9072,552,5,DIRG,-,4,100,0N
9073,552,5,DIRG,-,4,100,0N
9074,552,5,DIRG,-,4,100,0N
9075,552,5,DIRG,-,4,100,0N
9076,552,5,DIRG,-,4,100,0N
9077,552,5,DIRG,-,4,100,0N
9078,552,5,DIRG,-,4,100,0N
9079,552,5,DIRG,-,4,100,0N
9080,552,5,DIRG,-,4,100,0N
9081,552,5,DIRG,-,4,100,0N
9082,553,5,DIRG,-,5,100,0N
9083,553,5,DIRG,-,5,100,0N
9084,553,5,DIRG,-,5,100,0N
9085,553,5,DIRG,-,5,100,0N
9086,553,5,DIRG,-,5,100,0N
9087,553,5,DIRG,-,5,100,0N
9088,553,5,DIRG,-,5,100,0N
9089,553,5,DIRG,-,5,100,0N
9090,553,5,DIRG,-,5,100,0N
9091,553,5,DIRG,-,5,100,0N
9092,554,5,DIRG,-,0,100,1000N
9093,554,5,DIRG,-,0,100,1000N
9094,554,5,DIRG,-,0,100,1000N
9095,554,5,DIRG,-,0,100,1000N
9096,554,5,DIRG,-,0,100,1000N
9097,554,5,DIRG,-,0,100,1000N
9098,554,5,DIRG,-,0,100,1000N
9099,554,5,DIRG,-,0,100,1000N
9100,554,5,DIRG,-,0,100,1000N
9101,554,5,DIRG,-,0,100,1000N
9102,555,5,DIRG,-,1,100,1000N
9103,555,5,DIRG,-,1,100,1000N
9104,555,5,DIRG,-,1,100,1000N
9105,555,5,DIRG,-,1,100,1000N
9106,555,5,DIRG,-,1,100,1000N
9107,555,5,DIRG,-,1,100,1000N
9108,555,5,DIRG,-,1,100,1000N
9109,555,5,DIRG,-,1,100,1000N
9110,555,5,DIRG,-,1,100,1000N
9111,555,5,DIRG,-,1,100,1000N
9112,556,5,DIRG,-,2,100,1000N
9113,556,5,DIRG,-,2,100,1000N
9114,556,5,DIRG,-,2,100,1000N
9115,556,5,DIRG,-,2,100,1000N
9116,556,5,DIRG,-,2,100,1000N
9117,556,5,DIRG,-,2,100,1000N
9118,556,5,DIRG,-,2,100,1000N
9119,556,5,DIRG,-,2,100,1000N
9120,556,5,DIRG,-,2,100,1000N
9121,556,5,DIRG,-,2,100,1000N
9122,557,5,DIRG,-,3,100,1000N
9123,557,5,DIRG,-,3,100,1000N
9124,557,5,DIRG,-,3,100,1000N
9125,557,5,DIRG,-,3,100,1000N
9126,557,5,DIRG,-,3,100,1000N
9127,557,5,DIRG,-,3,100,1000N
9128,557,5,DIRG,-,3,100,1000N
9129,557,5,DIRG,-,3,100,1000N
9130,557,5,DIRG,-,3,100,1000N
9131,557,5,DIRG,-,3,100,1000N
9132,558,5,DIRG,-,4,100,1000N
9133,558,5,DIRG,-,4,100,1000N
9134,558,5,DIRG,-,4,100,1000N
9135,558,5,DIRG,-,4,100,1000N
9136,558,5,DIRG,-,4,100,1000N
9137,558,5,DIRG,-,4,100,1000N
9138,558,5,DIRG,-,4,100,1000N
9139,558,5,DIRG,-,4,100,1000N
9140,558,5,DIRG,-,4,100,1000N
9141,558,5,DIRG,-,4,100,1000N
9142,559,5,DIRG,-,5,100,1000N
9143,559,5,DIRG,-,5,100,1000N
9144,559,5,DIRG,-,5,100,1000N
9145,559,5,DIRG,-,5,100,1000N
9146,559,5,DIRG,-,5,100,1000N
9147,559,5,DIRG,-,5,100,1000N
9148,559,5,DIRG,-,5,100,1000N
9149,559,5,DIRG,-,5,100,1000N
9150,559,5,DIRG,-,5,100,1000N
9151,559,5,DIRG,-,5,100,1000N
9152,560,5,DIRG,-,0,100,1400N
9153,560,5,DIRG,-,0,100,1400N
9154,560,5,DIRG,-,0,100,1400N
9155,560,5,DIRG,-,0,100,1400N
9156,560,5,DIRG,-,0,100,1400N
9157,560,5,DIRG,-,0,100,1400N
9158,560,5,DIRG,-,0,100,1400N
9159,560,5,DIRG,-,0,100,1400N
9160,560,5,DIRG,-,0,100,1400N
9161,560,5,DIRG,-,0,100,1400N
9162,561,5,DIRG,-,1,100,1400N
9163,561,5,DIRG,-,1,100,1400N
9164,561,5,DIRG,-,1,100,1400N
9165,561,5,DIRG,-,1,100,1400N
9166,561,5,DIRG,-,1,100,1400N
9167,561,5,DIRG,-,1,100,1400N
9168,561,5,DIRG,-,1,100,1400N
9169,561,5,DIRG,-,1,100,1400N
9170,561,5,DIRG,-,1,100,1400N
9171,561,5,DIRG,-,1,100,1400N
9172,562,5,DIRG,-,2,100,1400N
9173,562,5,DIRG,-,2,100,1400N
9174,562,5,DIRG,-,2,100,1400N
9175,562,5,DIRG,-,2,100,1400N
9176,562,5,DIRG,-,2,100,1400N
9177,562,5,DIRG,-,2,100,1400N
9178,562,5,DIRG,-,2,100,1400N
9179,562,5,DIRG,-,2,100,1400N
9180,562,5,DIRG,-,2,100,1400N
9181,562,5,DIRG,-,2,100,1400N
9182,563,5,DIRG,-,3,100,1400N
9183,563,5,DIRG,-,3,100,1400N
9184,563,5,DIRG,-,3,100,1400N
9185,563,5,DIRG,-,3,100,1400N
9186,563,5,DIRG,-,3,100,1400N
9187,563,5,DIRG,-,3,100,1400N
9188,563,5,DIRG,-,3,100,1400N
9189,563,5,DIRG,-,3,100,1400N
9190,563,5,DIRG,-,3,100,1400N
9191,563,5,DIRG,-,3,100,1400N
9192,564,5,DIRG,-,4,100,1400N
9193,564,5,DIRG,-,4,100,1400N
9194,564,5,DIRG,-,4,100,1400N
9195,564,5,DIRG,-,4,100,1400N
9196,564,5,DIRG,-,4,100,1400N
9197,564,5,DIRG,-,4,100,1400N
9198,564,5,DIRG,-,4,100,1400N
9199,564,5,DIRG,-,4,100,1400N
9200,564,5,DIRG,-,4,100,1400N
9201,564,5,DIRG,-,4,100,1400N
9202,565,5,DIRG,-,5,100,1400N
9203,565,5,DIRG,-,5,100,1400N
9204,565,5,DIRG,-,5,100,1400N
9205,565,5,DIRG,-,5,100,1400N
9206,565,5,DIRG,-,5,100,1400N
9207,565,5,DIRG,-,5,100,1400N
9208,565,5,DIRG,-,5,100,1400N
9209,565,5,DIRG,-,5,100,1400N
9210,565,5,DIRG,-,5,100,1400N
9211,565,5,DIRG,-,5,100,1400N
9212,566,5,DIRG,-,0,100,1800N
9213,566,5,DIRG,-,0,100,1800N
9214,566,5,DIRG,-,0,100,1800N
9215,566,5,DIRG,-,0,100,1800N
9216,566,5,DIRG,-,0,100,1800N
9217,566,5,DIRG,-,0,100,1800N
9218,566,5,DIRG,-,0,100,1800N
9219,566,5,DIRG,-,0,100,1800N
9220,566,5,DIRG,-,0,100,1800N
9221,566,5,DIRG,-,0,100,1800N
9222,567,5,DIRG,-,1,100,1800N
9223,567,5,DIRG,-,1,100,1800N
9224,567,5,DIRG,-,1,100,1800N
9225,567,5,DIRG,-,1,100,1800N
9226,567,5,DIRG,-,1,100,1800N
9227,567,5,DIRG,-,1,100,1800N
9228,567,5,DIRG,-,1,100,1800N
9229,567,5,DIRG,-,1,100,1800N
9230,567,5,DIRG,-,1,100,1800N
9231,567,5,DIRG,-,1,100,1800N
9232,568,5,DIRG,-,2,100,1800N
9233,568,5,DIRG,-,2,100,1800N
9234,568,5,DIRG,-,2,100,1800N
9235,568,5,DIRG,-,2,100,1800N
9236,568,5,DIRG,-,2,100,1800N
9237,568,5,DIRG,-,2,100,1800N
9238,568,5,DIRG,-,2,100,1800N
9239,568,5,DIRG,-,2,100,1800N
9240,568,5,DIRG,-,2,100,1800N
9241,568,5,DIRG,-,2,100,1800N
9242,569,5,DIRG,-,3,100,1800N
9243,569,5,DIRG,-,3,100,1800N
9244,569,5,DIRG,-,3,100,1800N
9245,569,5,DIRG,-,3,100,1800N
9246,569,5,DIRG,-,3,100,1800N
9247,569,5,DIRG,-,3,100,1800N
9248,569,5,DIRG,-,3,100,1800N
9249,569,5,DIRG,-,3,100,1800N
9250,569,5,DIRG,-,3,100,1800N
9251,569,5,DIRG,-,3,100,1800N
9252,570,5,DIRG,-,4,100,1800N
9253,570,5,DIRG,-,4,100,1800N
9254,570,5,DIRG,-,4,100,1800N
9255,570,5,DIRG,-,4,100,1800N
9256,570,5,DIRG,-,4,100,1800N
9257,570,5,DIRG,-,4,100,1800N
9258,570,5,DIRG,-,4,100,1800N
9259,570,5,DIRG,-,4,100,1800N
9260,570,5,DIRG,-,4,100,1800N
9261,570,5,DIRG,-,4,100,1800N
9262,571,5,DIRG,-,5,100,1800N
9263,571,5,DIRG,-,5,100,1800N
9264,571,5,DIRG,-,5,100,1800N
9265,571,5,DIRG,-,5,100,1800N
9266,571,5,DIRG,-,5,100,1800N
9267,571,5,DIRG,-,5,100,1800N
9268,571,5,DIRG,-,5,100,1800N
9269,571,5,DIRG,-,5,100,1800N
9270,571,5,DIRG,-,5,100,1800N
9271,571,5,DIRG,-,5,100,1800N
9272,572,5,DIRG,-,0,200,0N
9273,572,5,DIRG,-,0,200,0N
9274,572,5,DIRG,-,0,200,0N
9275,572,5,DIRG,-,0,200,0N
9276,572,5,DIRG,-,0,200,0N
9277,572,5,DIRG,-,0,200,0N
9278,572,5,DIRG,-,0,200,0N
9279,572,5,DIRG,-,0,200,0N
9280,572,5,DIRG,-,0,200,0N
9281,572,5,DIRG,-,0,200,0N
9282,573,5,DIRG,-,1,200,0N
9283,573,5,DIRG,-,1,200,0N
9284,573,5,DIRG,-,1,200,0N
9285,573,5,DIRG,-,1,200,0N
9286,573,5,DIRG,-,1,200,0N
9287,573,5,DIRG,-,1,200,0N
9288,573,5,DIRG,-,1,200,0N
9289,573,5,DIRG,-,1,200,0N
9290,573,5,DIRG,-,1,200,0N
9291,573,5,DIRG,-,1,200,0N
9292,574,5,DIRG,-,2,200,0N
9293,574,5,DIRG,-,2,200,0N
9294,574,5,DIRG,-,2,200,0N
9295,574,5,DIRG,-,2,200,0N
9296,574,5,DIRG,-,2,200,0N
9297,574,5,DIRG,-,2,200,0N
9298,574,5,DIRG,-,2,200,0N
9299,574,5,DIRG,-,2,200,0N
9300,574,5,DIRG,-,2,200,0N
9301,574,5,DIRG,-,2,200,0N
9302,575,5,DIRG,-,3,200,0N
9303,575,5,DIRG,-,3,200,0N
9304,575,5,DIRG,-,3,200,0N
9305,575,5,DIRG,-,3,200,0N
9306,575,5,DIRG,-,3,200,0N
9307,575,5,DIRG,-,3,200,0N
9308,575,5,DIRG,-,3,200,0N
9309,575,5,DIRG,-,3,200,0N
9310,575,5,DIRG,-,3,200,0N
9311,575,5,DIRG,-,3,200,0N
9312,576,5,DIRG,-,4,200,0N
9313,576,5,DIRG,-,4,200,0N
9314,576,5,DIRG,-,4,200,0N
9315,576,5,DIRG,-,4,200,0N
9316,576,5,DIRG,-,4,200,0N
9317,576,5,DIRG,-,4,200,0N
9318,576,5,DIRG,-,4,200,0N
9319,576,5,DIRG,-,4,200,0N
9320,576,5,DIRG,-,4,200,0N
9321,576,5,DIRG,-,4,200,0N
9322,577,5,DIRG,-,5,200,0N
9323,577,5,DIRG,-,5,200,0N
9324,577,5,DIRG,-,5,200,0N
9325,577,5,DIRG,-,5,200,0N
9326,577,5,DIRG,-,5,200,0N
9327,577,5,DIRG,-,5,200,0N
9328,577,5,DIRG,-,5,200,0N
9329,577,5,DIRG,-,5,200,0N
9330,577,5,DIRG,-,5,200,0N
9331,577,5,DIRG,-,5,200,0N
9332,578,5,DIRG,-,0,200,1000N
9333,578,5,DIRG,-,0,200,1000N
9334,578,5,DIRG,-,0,200,1000N
9335,578,5,DIRG,-,0,200,1000N
9336,578,5,DIRG,-,0,200,1000N
9337,578,5,DIRG,-,0,200,1000N
9338,578,5,DIRG,-,0,200,1000N
9339,578,5,DIRG,-,0,200,1000N
9340,578,5,DIRG,-,0,200,1000N
9341,578,5,DIRG,-,0,200,1000N
9342,579,5,DIRG,-,1,200,1000N
9343,579,5,DIRG,-,1,200,1000N
9344,579,5,DIRG,-,1,200,1000N
9345,579,5,DIRG,-,1,200,1000N
9346,579,5,DIRG,-,1,200,1000N
9347,579,5,DIRG,-,1,200,1000N
9348,579,5,DIRG,-,1,200,1000N
9349,579,5,DIRG,-,1,200,1000N
9350,579,5,DIRG,-,1,200,1000N
9351,579,5,DIRG,-,1,200,1000N
9352,580,5,DIRG,-,2,200,1000N
9353,580,5,DIRG,-,2,200,1000N
9354,580,5,DIRG,-,2,200,1000N
9355,580,5,DIRG,-,2,200,1000N
9356,580,5,DIRG,-,2,200,1000N
9357,580,5,DIRG,-,2,200,1000N
9358,580,5,DIRG,-,2,200,1000N
9359,580,5,DIRG,-,2,200,1000N
9360,580,5,DIRG,-,2,200,1000N
9361,580,5,DIRG,-,2,200,1000N
9362,581,5,DIRG,-,3,200,1000N
9363,581,5,DIRG,-,3,200,1000N
9364,581,5,DIRG,-,3,200,1000N
9365,581,5,DIRG,-,3,200,1000N
9366,581,5,DIRG,-,3,200,1000N
9367,581,5,DIRG,-,3,200,1000N
9368,581,5,DIRG,-,3,200,1000N
9369,581,5,DIRG,-,3,200,1000N
9370,581,5,DIRG,-,3,200,1000N
9371,581,5,DIRG,-,3,200,1000N
9372,582,5,DIRG,-,4,200,1000N
9373,582,5,DIRG,-,4,200,1000N
9374,582,5,DIRG,-,4,200,1000N
9375,582,5,DIRG,-,4,200,1000N
9376,582,5,DIRG,-,4,200,1000N
9377,582,5,DIRG,-,4,200,1000N
9378,582,5,DIRG,-,4,200,1000N
9379,582,5,DIRG,-,4,200,1000N
9380,582,5,DIRG,-,4,200,1000N
9381,582,5,DIRG,-,4,200,1000N
9382,583,5,DIRG,-,5,200,1000N
9383,583,5,DIRG,-,5,200,1000N
9384,583,5,DIRG,-,5,200,1000N
9385,583,5,DIRG,-,5,200,1000N
9386,583,5,DIRG,-,5,200,1000N
9387,583,5,DIRG,-,5,200,1000N
9388,583,5,DIRG,-,5,200,1000N
9389,583,5,DIRG,-,5,200,1000N
9390,583,5,DIRG,-,5,200,1000N
9391,583,5,DIRG,-,5,200,1000N
9392,584,5,DIRG,-,0,200,1400N
9393,584,5,DIRG,-,0,200,1400N
9394,584,5,DIRG,-,0,200,1400N
9395,584,5,DIRG,-,0,200,1400N
9396,584,5,DIRG,-,0,200,1400N
9397,584,5,DIRG,-,0,200,1400N
9398,584,5,DIRG,-,0,200,1400N
9399,584,5,DIRG,-,0,200,1400N
9400,584,5,DIRG,-,0,200,1400N
9401,584,5,DIRG,-,0,200,1400N
9402,585,5,DIRG,-,1,200,1400N
9403,585,5,DIRG,-,1,200,1400N
9404,585,5,DIRG,-,1,200,1400N
9405,585,5,DIRG,-,1,200,1400N
9406,585,5,DIRG,-,1,200,1400N
9407,585,5,DIRG,-,1,200,1400N
9408,585,5,DIRG,-,1,200,1400N
9409,585,5,DIRG,-,1,200,1400N
9410,585,5,DIRG,-,1,200,1400N
9411,585,5,DIRG,-,1,200,1400N
9412,586,5,DIRG,-,2,200,1400N
9413,586,5,DIRG,-,2,200,1400N
9414,586,5,DIRG,-,2,200,1400N
9415,586,5,DIRG,-,2,200,1400N
9416,586,5,DIRG,-,2,200,1400N
9417,586,5,DIRG,-,2,200,1400N
9418,586,5,DIRG,-,2,200,1400N
9419,586,5,DIRG,-,2,200,1400N
9420,586,5,DIRG,-,2,200,1400N
9421,586,5,DIRG,-,2,200,1400N
9422,587,5,DIRG,-,3,200,1400N
9423,587,5,DIRG,-,3,200,1400N
9424,587,5,DIRG,-,3,200,1400N
9425,587,5,DIRG,-,3,200,1400N
9426,587,5,DIRG,-,3,200,1400N
9427,587,5,DIRG,-,3,200,1400N
9428,587,5,DIRG,-,3,200,1400N
9429,587,5,DIRG,-,3,200,1400N
9430,587,5,DIRG,-,3,200,1400N
9431,587,5,DIRG,-,3,200,1400N
9432,588,5,DIRG,-,4,200,1400N
9433,588,5,DIRG,-,4,200,1400N
9434,588,5,DIRG,-,4,200,1400N
9435,588,5,DIRG,-,4,200,1400N
9436,588,5,DIRG,-,4,200,1400N
9437,588,5,DIRG,-,4,200,1400N
9438,588,5,DIRG,-,4,200,1400N
9439,588,5,DIRG,-,4,200,1400N
9440,588,5,DIRG,-,4,200,1400N
9441,588,5,DIRG,-,4,200,1400N
9442,589,5,DIRG,-,5,200,1400N
9443,589,5,DIRG,-,5,200,1400N
9444,589,5,DIRG,-,5,200,1400N
9445,589,5,DIRG,-,5,200,1400N
9446,589,5,DIRG,-,5,200,1400N
9447,589,5,DIRG,-,5,200,1400N
9448,589,5,DIRG,-,5,200,1400N
9449,589,5,DIRG,-,5,200,1400N
9450,589,5,DIRG,-,5,200,1400N
9451,589,5,DIRG,-,5,200,1400N
9452,590,5,DIRG,-,0,200,1800N
9453,590,5,DIRG,-,0,200,1800N
9454,590,5,DIRG,-,0,200,1800N
9455,590,5,DIRG,-,0,200,1800N
9456,590,5,DIRG,-,0,200,1800N
9457,590,5,DIRG,-,0,200,1800N
9458,590,5,DIRG,-,0,200,1800N
9459,590,5,DIRG,-,0,200,1800N
9460,590,5,DIRG,-,0,200,1800N
9461,590,5,DIRG,-,0,200,1800N
9462,591,5,DIRG,-,1,200,1800N
9463,591,5,DIRG,-,1,200,1800N
9464,591,5,DIRG,-,1,200,1800N
9465,591,5,DIRG,-,1,200,1800N
9466,591,5,DIRG,-,1,200,1800N
9467,591,5,DIRG,-,1,200,1800N
9468,591,5,DIRG,-,1,200,1800N
9469,591,5,DIRG,-,1,200,1800N
9470,591,5,DIRG,-,1,200,1800N
9471,591,5,DIRG,-,1,200,1800N
9472,592,5,DIRG,-,2,200,1800N
9473,592,5,DIRG,-,2,200,1800N
9474,592,5,DIRG,-,2,200,1800N
9475,592,5,DIRG,-,2,200,1800N
9476,592,5,DIRG,-,2,200,1800N
9477,592,5,DIRG,-,2,200,1800N
9478,592,5,DIRG,-,2,200,1800N
9479,592,5,DIRG,-,2,200,1800N
9480,592,5,DIRG,-,2,200,1800N
9481,592,5,DIRG,-,2,200,1800N
9482,593,5,DIRG,-,3,200,1800N
9483,593,5,DIRG,-,3,200,1800N
9484,593,5,DIRG,-,3,200,1800N
9485,593,5,DIRG,-,3,200,1800N
9486,593,5,DIRG,-,3,200,1800N
9487,593,5,DIRG,-,3,200,1800N
9488,593,5,DIRG,-,3,200,1800N
9489,593,5,DIRG,-,3,200,1800N
9490,593,5,DIRG,-,3,200,1800N
9491,593,5,DIRG,-,3,200,1800N
9492,594,5,DIRG,-,4,200,1800N
9493,594,5,DIRG,-,4,200,1800N
9494,594,5,DIRG,-,4,200,1800N
9495,594,5,DIRG,-,4,200,1800N
9496,594,5,DIRG,-,4,200,1800N
9497,594,5,DIRG,-,4,200,1800N
9498,594,5,DIRG,-,4,200,1800N
9499,594,5,DIRG,-,4,200,1800N
9500,594,5,DIRG,-,4,200,1800N
9501,594,5,DIRG,-,4,200,1800N
9502,595,5,DIRG,-,5,200,1800N
9503,595,5,DIRG,-,5,200,1800N
9504,595,5,DIRG,-,5,200,1800N
9505,595,5,DIRG,-,5,200,1800N
9506,595,5,DIRG,-,5,200,1800N
9507,595,5,DIRG,-,5,200,1800N
9508,595,5,DIRG,-,5,200,1800N
9509,595,5,DIRG,-,5,200,1800N
9510,595,5,DIRG,-,5,200,1800N
9511,595,5,DIRG,-,5,200,1800N
9512,596,5,DIRG,-,0,300,0N
9513,596,5,DIRG,-,0,300,0N
9514,596,5,DIRG,-,0,300,0N
9515,596,5,DIRG,-,0,300,0N
9516,596,5,DIRG,-,0,300,0N
9517,596,5,DIRG,-,0,300,0N
9518,596,5,DIRG,-,0,300,0N
9519,596,5,DIRG,-,0,300,0N
9520,596,5,DIRG,-,0,300,0N
9521,596,5,DIRG,-,0,300,0N
9522,597,5,DIRG,-,1,300,0N
9523,597,5,DIRG,-,1,300,0N
9524,597,5,DIRG,-,1,300,0N
9525,597,5,DIRG,-,1,300,0N
9526,597,5,DIRG,-,1,300,0N
9527,597,5,DIRG,-,1,300,0N
9528,597,5,DIRG,-,1,300,0N
9529,597,5,DIRG,-,1,300,0N
9530,597,5,DIRG,-,1,300,0N
9531,597,5,DIRG,-,1,300,0N
9532,598,5,DIRG,-,2,300,0N
9533,598,5,DIRG,-,2,300,0N
9534,598,5,DIRG,-,2,300,0N
9535,598,5,DIRG,-,2,300,0N
9536,598,5,DIRG,-,2,300,0N
9537,598,5,DIRG,-,2,300,0N
9538,598,5,DIRG,-,2,300,0N
9539,598,5,DIRG,-,2,300,0N
9540,598,5,DIRG,-,2,300,0N
9541,598,5,DIRG,-,2,300,0N
9542,599,5,DIRG,-,3,300,0N
9543,599,5,DIRG,-,3,300,0N
9544,599,5,DIRG,-,3,300,0N
9545,599,5,DIRG,-,3,300,0N
9546,599,5,DIRG,-,3,300,0N
9547,599,5,DIRG,-,3,300,0N
9548,599,5,DIRG,-,3,300,0N
9549,599,5,DIRG,-,3,300,0N
9550,599,5,DIRG,-,3,300,0N
9551,599,5,DIRG,-,3,300,0N
9552,600,5,DIRG,-,4,300,0N
9553,600,5,DIRG,-,4,300,0N
9554,600,5,DIRG,-,4,300,0N
9555,600,5,DIRG,-,4,300,0N
9556,600,5,DIRG,-,4,300,0N
9557,600,5,DIRG,-,4,300,0N
9558,600,5,DIRG,-,4,300,0N
9559,600,5,DIRG,-,4,300,0N
9560,600,5,DIRG,-,4,300,0N
9561,600,5,DIRG,-,4,300,0N
9562,601,5,DIRG,-,5,300,0N
9563,601,5,DIRG,-,5,300,0N
9564,601,5,DIRG,-,5,300,0N
9565,601,5,DIRG,-,5,300,0N
9566,601,5,DIRG,-,5,300,0N
9567,601,5,DIRG,-,5,300,0N
9568,601,5,DIRG,-,5,300,0N
9569,601,5,DIRG,-,5,300,0N
9570,601,5,DIRG,-,5,300,0N
9571,601,5,DIRG,-,5,300,0N
9572,602,5,DIRG,-,0,300,1000N
9573,602,5,DIRG,-,0,300,1000N
9574,602,5,DIRG,-,0,300,1000N
9575,602,5,DIRG,-,0,300,1000N
9576,602,5,DIRG,-,0,300,1000N
9577,602,5,DIRG,-,0,300,1000N
9578,602,5,DIRG,-,0,300,1000N
9579,602,5,DIRG,-,0,300,1000N
9580,602,5,DIRG,-,0,300,1000N
9581,602,5,DIRG,-,0,300,1000N
9582,603,5,DIRG,-,1,300,1000N
9583,603,5,DIRG,-,1,300,1000N
9584,603,5,DIRG,-,1,300,1000N
9585,603,5,DIRG,-,1,300,1000N
9586,603,5,DIRG,-,1,300,1000N
9587,603,5,DIRG,-,1,300,1000N
9588,603,5,DIRG,-,1,300,1000N
9589,603,5,DIRG,-,1,300,1000N
9590,603,5,DIRG,-,1,300,1000N
9591,603,5,DIRG,-,1,300,1000N
9592,604,5,DIRG,-,2,300,1000N
9593,604,5,DIRG,-,2,300,1000N
9594,604,5,DIRG,-,2,300,1000N
9595,604,5,DIRG,-,2,300,1000N
9596,604,5,DIRG,-,2,300,1000N
9597,604,5,DIRG,-,2,300,1000N
9598,604,5,DIRG,-,2,300,1000N
9599,604,5,DIRG,-,2,300,1000N
9600,604,5,DIRG,-,2,300,1000N
9601,604,5,DIRG,-,2,300,1000N
9602,605,5,DIRG,-,3,300,1000N
9603,605,5,DIRG,-,3,300,1000N
9604,605,5,DIRG,-,3,300,1000N
9605,605,5,DIRG,-,3,300,1000N
9606,605,5,DIRG,-,3,300,1000N
9607,605,5,DIRG,-,3,300,1000N
9608,605,5,DIRG,-,3,300,1000N
9609,605,5,DIRG,-,3,300,1000N
9610,605,5,DIRG,-,3,300,1000N
9611,605,5,DIRG,-,3,300,1000N
9612,606,5,DIRG,-,4,300,1000N
9613,606,5,DIRG,-,4,300,1000N
9614,606,5,DIRG,-,4,300,1000N
9615,606,5,DIRG,-,4,300,1000N
9616,606,5,DIRG,-,4,300,1000N
9617,606,5,DIRG,-,4,300,1000N
9618,606,5,DIRG,-,4,300,1000N
9619,606,5,DIRG,-,4,300,1000N
9620,606,5,DIRG,-,4,300,1000N
9621,606,5,DIRG,-,4,300,1000N
9622,607,5,DIRG,-,5,300,1000N
9623,607,5,DIRG,-,5,300,1000N
9624,607,5,DIRG,-,5,300,1000N
9625,607,5,DIRG,-,5,300,1000N
9626,607,5,DIRG,-,5,300,1000N
9627,607,5,DIRG,-,5,300,1000N
9628,607,5,DIRG,-,5,300,1000N
9629,607,5,DIRG,-,5,300,1000N
9630,607,5,DIRG,-,5,300,1000N
9631,607,5,DIRG,-,5,300,1000N
9632,608,5,DIRG,-,0,300,1400N
9633,608,5,DIRG,-,0,300,1400N
9634,608,5,DIRG,-,0,300,1400N
9635,608,5,DIRG,-,0,300,1400N
9636,608,5,DIRG,-,0,300,1400N
9637,608,5,DIRG,-,0,300,1400N
9638,608,5,DIRG,-,0,300,1400N
9639,608,5,DIRG,-,0,300,1400N
9640,608,5,DIRG,-,0,300,1400N
9641,608,5,DIRG,-,0,300,1400N
9642,609,5,DIRG,-,1,300,1400N
9643,609,5,DIRG,-,1,300,1400N
9644,609,5,DIRG,-,1,300,1400N
9645,609,5,DIRG,-,1,300,1400N
9646,609,5,DIRG,-,1,300,1400N
9647,609,5,DIRG,-,1,300,1400N
9648,609,5,DIRG,-,1,300,1400N
9649,609,5,DIRG,-,1,300,1400N
9650,609,5,DIRG,-,1,300,1400N
9651,609,5,DIRG,-,1,300,1400N
9652,610,5,DIRG,-,2,300,1400N
9653,610,5,DIRG,-,2,300,1400N
9654,610,5,DIRG,-,2,300,1400N
9655,610,5,DIRG,-,2,300,1400N
9656,610,5,DIRG,-,2,300,1400N
9657,610,5,DIRG,-,2,300,1400N
9658,610,5,DIRG,-,2,300,1400N
9659,610,5,DIRG,-,2,300,1400N
9660,610,5,DIRG,-,2,300,1400N
9661,610,5,DIRG,-,2,300,1400N
9662,611,5,DIRG,-,3,300,1400N
9663,611,5,DIRG,-,3,300,1400N
9664,611,5,DIRG,-,3,300,1400N
9665,611,5,DIRG,-,3,300,1400N
9666,611,5,DIRG,-,3,300,1400N
9667,611,5,DIRG,-,3,300,1400N
9668,611,5,DIRG,-,3,300,1400N
9669,611,5,DIRG,-,3,300,1400N
9670,611,5,DIRG,-,3,300,1400N
9671,611,5,DIRG,-,3,300,1400N
9672,612,5,DIRG,-,4,300,1400N
9673,612,5,DIRG,-,4,300,1400N
9674,612,5,DIRG,-,4,300,1400N
9675,612,5,DIRG,-,4,300,1400N
9676,612,5,DIRG,-,4,300,1400N
9677,612,5,DIRG,-,4,300,1400N
9678,612,5,DIRG,-,4,300,1400N
9679,612,5,DIRG,-,4,300,1400N
9680,612,5,DIRG,-,4,300,1400N
9681,612,5,DIRG,-,4,300,1400N
9682,613,5,DIRG,-,5,300,1400N
9683,613,5,DIRG,-,5,300,1400N
9684,613,5,DIRG,-,5,300,1400N
9685,613,5,DIRG,-,5,300,1400N
9686,613,5,DIRG,-,5,300,1400N
9687,613,5,DIRG,-,5,300,1400N
9688,613,5,DIRG,-,5,300,1400N
9689,613,5,DIRG,-,5,300,1400N
9690,613,5,DIRG,-,5,300,1400N
9691,613,5,DIRG,-,5,300,1400N
9692,614,5,DIRG,-,0,300,1800N
9693,614,5,DIRG,-,0,300,1800N
9694,614,5,DIRG,-,0,300,1800N
9695,614,5,DIRG,-,0,300,1800N
9696,614,5,DIRG,-,0,300,1800N
9697,614,5,DIRG,-,0,300,1800N
9698,614,5,DIRG,-,0,300,1800N
9699,614,5,DIRG,-,0,300,1800N
9700,614,5,DIRG,-,0,300,1800N
9701,614,5,DIRG,-,0,300,1800N
9702,615,5,DIRG,-,1,300,1800N
9703,615,5,DIRG,-,1,300,1800N
9704,615,5,DIRG,-,1,300,1800N
9705,615,5,DIRG,-,1,300,1800N
9706,615,5,DIRG,-,1,300,1800N
9707,615,5,DIRG,-,1,300,1800N
9708,615,5,DIRG,-,1,300,1800N
9709,615,5,DIRG,-,1,300,1800N
9710,615,5,DIRG,-,1,300,1800N
9711,615,5,DIRG,-,1,300,1800N
9712,616,5,DIRG,-,2,300,1800N
9713,616,5,DIRG,-,2,300,1800N
9714,616,5,DIRG,-,2,300,1800N
9715,616,5,DIRG,-,2,300,1800N
9716,616,5,DIRG,-,2,300,1800N
9717,616,5,DIRG,-,2,300,1800N
9718,616,5,DIRG,-,2,300,1800N
9719,616,5,DIRG,-,2,300,1800N
9720,616,5,DIRG,-,2,300,1800N
9721,616,5,DIRG,-,2,300,1800N
9722,617,5,DIRG,-,3,300,1800N
9723,617,5,DIRG,-,3,300,1800N
9724,617,5,DIRG,-,3,300,1800N
9725,617,5,DIRG,-,3,300,1800N
9726,617,5,DIRG,-,3,300,1800N
9727,617,5,DIRG,-,3,300,1800N
9728,617,5,DIRG,-,3,300,1800N
9729,617,5,DIRG,-,3,300,1800N
9730,617,5,DIRG,-,3,300,1800N
9731,617,5,DIRG,-,3,300,1800N
9732,618,5,DIRG,-,4,300,1800N
9733,618,5,DIRG,-,4,300,1800N
9734,618,5,DIRG,-,4,300,1800N
9735,618,5,DIRG,-,4,300,1800N
9736,618,5,DIRG,-,4,300,1800N
9737,618,5,DIRG,-,4,300,1800N
9738,618,5,DIRG,-,4,300,1800N
9739,618,5,DIRG,-,4,300,1800N
9740,618,5,DIRG,-,4,300,1800N
9741,618,5,DIRG,-,4,300,1800N
9742,619,5,DIRG,-,5,300,1800N
9743,619,5,DIRG,-,5,300,1800N
9744,619,5,DIRG,-,5,300,1800N
9745,619,5,DIRG,-,5,300,1800N
9746,619,5,DIRG,-,5,300,1800N
9747,619,5,DIRG,-,5,300,1800N
9748,619,5,DIRG,-,5,300,1800N
9749,619,5,DIRG,-,5,300,1800N
9750,619,5,DIRG,-,5,300,1800N
9751,619,5,DIRG,-,5,300,1800N
9752,620,5,DIRG,-,0,400,0N
9753,620,5,DIRG,-,0,400,0N
9754,620,5,DIRG,-,0,400,0N
9755,620,5,DIRG,-,0,400,0N
9756,620,5,DIRG,-,0,400,0N
9757,620,5,DIRG,-,0,400,0N
9758,620,5,DIRG,-,0,400,0N
9759,620,5,DIRG,-,0,400,0N
9760,620,5,DIRG,-,0,400,0N
9761,620,5,DIRG,-,0,400,0N
9762,621,5,DIRG,-,1,400,0N
9763,621,5,DIRG,-,1,400,0N
9764,621,5,DIRG,-,1,400,0N
9765,621,5,DIRG,-,1,400,0N
9766,621,5,DIRG,-,1,400,0N
9767,621,5,DIRG,-,1,400,0N
9768,621,5,DIRG,-,1,400,0N
9769,621,5,DIRG,-,1,400,0N
9770,621,5,DIRG,-,1,400,0N
9771,621,5,DIRG,-,1,400,0N
9772,622,5,DIRG,-,2,400,0N
9773,622,5,DIRG,-,2,400,0N
9774,622,5,DIRG,-,2,400,0N
9775,622,5,DIRG,-,2,400,0N
9776,622,5,DIRG,-,2,400,0N
9777,622,5,DIRG,-,2,400,0N
9778,622,5,DIRG,-,2,400,0N
9779,622,5,DIRG,-,2,400,0N
9780,622,5,DIRG,-,2,400,0N
9781,622,5,DIRG,-,2,400,0N
9782,623,5,DIRG,-,3,400,0N
9783,623,5,DIRG,-,3,400,0N
9784,623,5,DIRG,-,3,400,0N
9785,623,5,DIRG,-,3,400,0N
9786,623,5,DIRG,-,3,400,0N
9787,623,5,DIRG,-,3,400,0N
9788,623,5,DIRG,-,3,400,0N
9789,623,5,DIRG,-,3,400,0N
9790,623,5,DIRG,-,3,400,0N
9791,623,5,DIRG,-,3,400,0N
9792,624,5,DIRG,-,4,400,0N
9793,624,5,DIRG,-,4,400,0N
9794,624,5,DIRG,-,4,400,0N
9795,624,5,DIRG,-,4,400,0N
9796,624,5,DIRG,-,4,400,0N
9797,624,5,DIRG,-,4,400,0N
9798,624,5,DIRG,-,4,400,0N
9799,624,5,DIRG,-,4,400,0N
9800,624,5,DIRG,-,4,400,0N
9801,624,5,DIRG,-,4,400,0N
9802,625,5,DIRG,-,5,400,0N
9803,625,5,DIRG,-,5,400,0N
9804,625,5,DIRG,-,5,400,0N
9805,625,5,DIRG,-,5,400,0N
9806,625,5,DIRG,-,5,400,0N
9807,625,5,DIRG,-,5,400,0N
9808,625,5,DIRG,-,5,400,0N
9809,625,5,DIRG,-,5,400,0N
9810,625,5,DIRG,-,5,400,0N
9811,625,5,DIRG,-,5,400,0N
9812,626,5,DIRG,-,0,400,1000N
9813,626,5,DIRG,-,0,400,1000N
9814,626,5,DIRG,-,0,400,1000N
9815,626,5,DIRG,-,0,400,1000N
9816,626,5,DIRG,-,0,400,1000N
9817,626,5,DIRG,-,0,400,1000N
9818,626,5,DIRG,-,0,400,1000N
9819,626,5,DIRG,-,0,400,1000N
9820,626,5,DIRG,-,0,400,1000N
9821,626,5,DIRG,-,0,400,1000N
9822,627,5,DIRG,-,1,400,1000N
9823,627,5,DIRG,-,1,400,1000N
9824,627,5,DIRG,-,1,400,1000N
9825,627,5,DIRG,-,1,400,1000N
9826,627,5,DIRG,-,1,400,1000N
9827,627,5,DIRG,-,1,400,1000N
9828,627,5,DIRG,-,1,400,1000N
9829,627,5,DIRG,-,1,400,1000N
9830,627,5,DIRG,-,1,400,1000N
9831,627,5,DIRG,-,1,400,1000N
9832,628,5,DIRG,-,2,400,1000N
9833,628,5,DIRG,-,2,400,1000N
9834,628,5,DIRG,-,2,400,1000N
9835,628,5,DIRG,-,2,400,1000N
9836,628,5,DIRG,-,2,400,1000N
9837,628,5,DIRG,-,2,400,1000N
9838,628,5,DIRG,-,2,400,1000N
9839,628,5,DIRG,-,2,400,1000N
9840,628,5,DIRG,-,2,400,1000N
9841,628,5,DIRG,-,2,400,1000N
9842,629,5,DIRG,-,3,400,1000N
9843,629,5,DIRG,-,3,400,1000N
9844,629,5,DIRG,-,3,400,1000N
9845,629,5,DIRG,-,3,400,1000N
9846,629,5,DIRG,-,3,400,1000N
9847,629,5,DIRG,-,3,400,1000N
9848,629,5,DIRG,-,3,400,1000N
9849,629,5,DIRG,-,3,400,1000N
9850,629,5,DIRG,-,3,400,1000N
9851,629,5,DIRG,-,3,400,1000N
9852,630,5,DIRG,-,4,400,1000N
9853,630,5,DIRG,-,4,400,1000N
9854,630,5,DIRG,-,4,400,1000N
9855,630,5,DIRG,-,4,400,1000N
9856,630,5,DIRG,-,4,400,1000N
9857,630,5,DIRG,-,4,400,1000N
9858,630,5,DIRG,-,4,400,1000N
9859,630,5,DIRG,-,4,400,1000N
9860,630,5,DIRG,-,4,400,1000N
9861,630,5,DIRG,-,4,400,1000N
9862,631,5,DIRG,-,5,400,1000N
9863,631,5,DIRG,-,5,400,1000N
9864,631,5,DIRG,-,5,400,1000N
9865,631,5,DIRG,-,5,400,1000N
9866,631,5,DIRG,-,5,400,1000N
9867,631,5,DIRG,-,5,400,1000N
9868,631,5,DIRG,-,5,400,1000N
9869,631,5,DIRG,-,5,400,1000N
9870,631,5,DIRG,-,5,400,1000N
9871,631,5,DIRG,-,5,400,1000N
9872,632,5,DIRG,-,0,400,1400N
9873,632,5,DIRG,-,0,400,1400N
9874,632,5,DIRG,-,0,400,1400N
9875,632,5,DIRG,-,0,400,1400N
9876,632,5,DIRG,-,0,400,1400N
9877,632,5,DIRG,-,0,400,1400N
9878,632,5,DIRG,-,0,400,1400N
9879,632,5,DIRG,-,0,400,1400N
9880,632,5,DIRG,-,0,400,1400N
9881,632,5,DIRG,-,0,400,1400N
9882,633,5,DIRG,-,1,400,1400N
9883,633,5,DIRG,-,1,400,1400N
9884,633,5,DIRG,-,1,400,1400N
9885,633,5,DIRG,-,1,400,1400N
9886,633,5,DIRG,-,1,400,1400N
9887,633,5,DIRG,-,1,400,1400N
9888,633,5,DIRG,-,1,400,1400N
9889,633,5,DIRG,-,1,400,1400N
9890,633,5,DIRG,-,1,400,1400N
9891,633,5,DIRG,-,1,400,1400N
9892,634,5,DIRG,-,2,400,1400N
9893,634,5,DIRG,-,2,400,1400N
9894,634,5,DIRG,-,2,400,1400N
9895,634,5,DIRG,-,2,400,1400N
9896,634,5,DIRG,-,2,400,1400N
9897,634,5,DIRG,-,2,400,1400N
9898,634,5,DIRG,-,2,400,1400N
9899,634,5,DIRG,-,2,400,1400N
9900,634,5,DIRG,-,2,400,1400N
9901,634,5,DIRG,-,2,400,1400N
9902,635,5,DIRG,-,3,400,1400N
9903,635,5,DIRG,-,3,400,1400N
9904,635,5,DIRG,-,3,400,1400N
9905,635,5,DIRG,-,3,400,1400N
9906,635,5,DIRG,-,3,400,1400N
9907,635,5,DIRG,-,3,400,1400N
9908,635,5,DIRG,-,3,400,1400N
9909,635,5,DIRG,-,3,400,1400N
9910,635,5,DIRG,-,3,400,1400N
9911,635,5,DIRG,-,3,400,1400N
9912,636,5,DIRG,-,4,400,1400N
9913,636,5,DIRG,-,4,400,1400N
9914,636,5,DIRG,-,4,400,1400N
9915,636,5,DIRG,-,4,400,1400N
9916,636,5,DIRG,-,4,400,1400N
9917,636,5,DIRG,-,4,400,1400N
9918,636,5,DIRG,-,4,400,1400N
9919,636,5,DIRG,-,4,400,1400N
9920,636,5,DIRG,-,4,400,1400N
9921,636,5,DIRG,-,4,400,1400N
9922,637,5,DIRG,-,5,400,1400N
9923,637,5,DIRG,-,5,400,1400N
9924,637,5,DIRG,-,5,400,1400N
9925,637,5,DIRG,-,5,400,1400N
9926,637,5,DIRG,-,5,400,1400N
9927,637,5,DIRG,-,5,400,1400N
9928,637,5,DIRG,-,5,400,1400N
9929,637,5,DIRG,-,5,400,1400N
9930,637,5,DIRG,-,5,400,1400N
9931,637,5,DIRG,-,5,400,1400N
9932,638,5,DIRG,-,0,500,0N
9933,638,5,DIRG,-,0,500,0N
9934,638,5,DIRG,-,0,500,0N
9935,638,5,DIRG,-,0,500,0N
9936,638,5,DIRG,-,0,500,0N
9937,638,5,DIRG,-,0,500,0N
9938,638,5,DIRG,-,0,500,0N
9939,638,5,DIRG,-,0,500,0N
9940,638,5,DIRG,-,0,500,0N
9941,638,5,DIRG,-,0,500,0N
9942,639,5,DIRG,-,1,500,0N
9943,639,5,DIRG,-,1,500,0N
9944,639,5,DIRG,-,1,500,0N
9945,639,5,DIRG,-,1,500,0N
9946,639,5,DIRG,-,1,500,0N
9947,639,5,DIRG,-,1,500,0N
9948,639,5,DIRG,-,1,500,0N
9949,639,5,DIRG,-,1,500,0N
9950,639,5,DIRG,-,1,500,0N
9951,639,5,DIRG,-,1,500,0N
9952,640,5,DIRG,-,2,500,0N
9953,640,5,DIRG,-,2,500,0N
9954,640,5,DIRG,-,2,500,0N
9955,640,5,DIRG,-,2,500,0N
9956,640,5,DIRG,-,2,500,0N
9957,640,5,DIRG,-,2,500,0N
9958,640,5,DIRG,-,2,500,0N
9959,640,5,DIRG,-,2,500,0N
9960,640,5,DIRG,-,2,500,0N
9961,640,5,DIRG,-,2,500,0N
9962,641,5,DIRG,-,3,500,0N
9963,641,5,DIRG,-,3,500,0N
9964,641,5,DIRG,-,3,500,0N
9965,641,5,DIRG,-,3,500,0N
9966,641,5,DIRG,-,3,500,0N
9967,641,5,DIRG,-,3,500,0N
9968,641,5,DIRG,-,3,500,0N
9969,641,5,DIRG,-,3,500,0N
9970,641,5,DIRG,-,3,500,0N
9971,641,5,DIRG,-,3,500,0N
9972,642,5,DIRG,-,4,500,0N
9973,642,5,DIRG,-,4,500,0N
9974,642,5,DIRG,-,4,500,0N
9975,642,5,DIRG,-,4,500,0N
9976,642,5,DIRG,-,4,500,0N
9977,642,5,DIRG,-,4,500,0N
9978,642,5,DIRG,-,4,500,0N
9979,642,5,DIRG,-,4,500,0N
9980,642,5,DIRG,-,4,500,0N
9981,642,5,DIRG,-,4,500,0N
9982,643,5,DIRG,-,5,500,0N
9983,643,5,DIRG,-,5,500,0N
9984,643,5,DIRG,-,5,500,0N
9985,643,5,DIRG,-,5,500,0N
9986,643,5,DIRG,-,5,500,0N
9987,643,5,DIRG,-,5,500,0N
9988,643,5,DIRG,-,5,500,0N
9989,643,5,DIRG,-,5,500,0N
9990,643,5,DIRG,-,5,500,0N
9991,643,5,DIRG,-,5,500,0N
9992,644,5,DIRG,-,0,500,1000N
9993,644,5,DIRG,-,0,500,1000N
9994,644,5,DIRG,-,0,500,1000N
9995,644,5,DIRG,-,0,500,1000N
9996,644,5,DIRG,-,0,500,1000N
9997,644,5,DIRG,-,0,500,1000N
9998,644,5,DIRG,-,0,500,1000N
9999,644,5,DIRG,-,0,500,1000N
10000,644,5,DIRG,-,0,500,1000N
10001,644,5,DIRG,-,0,500,1000N
10002,645,5,DIRG,-,1,500,1000N
10003,645,5,DIRG,-,1,500,1000N
10004,645,5,DIRG,-,1,500,1000N
10005,645,5,DIRG,-,1,500,1000N
10006,645,5,DIRG,-,1,500,1000N
10007,645,5,DIRG,-,1,500,1000N
10008,645,5,DIRG,-,1,500,1000N
10009,645,5,DIRG,-,1,500,1000N
10010,645,5,DIRG,-,1,500,1000N
10011,645,5,DIRG,-,1,500,1000N
10012,646,5,DIRG,-,2,500,1000N
10013,646,5,DIRG,-,2,500,1000N
10014,646,5,DIRG,-,2,500,1000N
10015,646,5,DIRG,-,2,500,1000N
10016,646,5,DIRG,-,2,500,1000N
10017,646,5,DIRG,-,2,500,1000N
10018,646,5,DIRG,-,2,500,1000N
10019,646,5,DIRG,-,2,500,1000N
10020,646,5,DIRG,-,2,500,1000N
10021,646,5,DIRG,-,2,500,1000N
10022,647,5,DIRG,-,3,500,1000N
10023,647,5,DIRG,-,3,500,1000N
10024,647,5,DIRG,-,3,500,1000N
10025,647,5,DIRG,-,3,500,1000N
10026,647,5,DIRG,-,3,500,1000N
10027,647,5,DIRG,-,3,500,1000N
10028,647,5,DIRG,-,3,500,1000N
10029,647,5,DIRG,-,3,500,1000N
10030,647,5,DIRG,-,3,500,1000N
10031,647,5,DIRG,-,3,500,1000N
10032,648,5,DIRG,-,4,500,1000N
10033,648,5,DIRG,-,4,500,1000N
10034,648,5,DIRG,-,4,500,1000N
10035,648,5,DIRG,-,4,500,1000N
10036,648,5,DIRG,-,4,500,1000N
10037,648,5,DIRG,-,4,500,1000N
10038,648,5,DIRG,-,4,500,1000N
10039,648,5,DIRG,-,4,500,1000N
10040,648,5,DIRG,-,4,500,1000N
10041,648,5,DIRG,-,4,500,1000N
10042,649,5,DIRG,-,5,500,1000N
10043,649,5,DIRG,-,5,500,1000N
10044,649,5,DIRG,-,5,500,1000N
10045,649,5,DIRG,-,5,500,1000N
10046,649,5,DIRG,-,5,500,1000N
10047,649,5,DIRG,-,5,500,1000N
10048,649,5,DIRG,-,5,500,1000N
10049,649,5,DIRG,-,5,500,1000N
10050,649,5,DIRG,-,5,500,1000N
10051,649,5,DIRG,-,5,500,1000N
10052,650,4,DIRG,-,0,100,0N
10053,650,4,DIRG,-,0,100,0N
10054,650,4,DIRG,-,0,100,0N
10055,650,4,DIRG,-,0,100,0N
10056,650,4,DIRG,-,0,100,0N
10057,650,4,DIRG,-,0,100,0N
10058,650,4,DIRG,-,0,100,0N
10059,650,4,DIRG,-,0,100,0N
10060,650,4,DIRG,-,0,100,0N
10061,650,4,DIRG,-,0,100,0N
10062,651,4,DIRG,-,1,100,0N
10063,651,4,DIRG,-,1,100,0N
10064,651,4,DIRG,-,1,100,0N
10065,651,4,DIRG,-,1,100,0N
10066,651,4,DIRG,-,1,100,0N
10067,651,4,DIRG,-,1,100,0N
10068,651,4,DIRG,-,1,100,0N
10069,651,4,DIRG,-,1,100,0N
10070,651,4,DIRG,-,1,100,0N
10071,651,4,DIRG,-,1,100,0N
10072,652,4,DIRG,-,2,100,0N
10073,652,4,DIRG,-,2,100,0N
10074,652,4,DIRG,-,2,100,0N
10075,652,4,DIRG,-,2,100,0N
10076,652,4,DIRG,-,2,100,0N
10077,652,4,DIRG,-,2,100,0N
10078,652,4,DIRG,-,2,100,0N
10079,652,4,DIRG,-,2,100,0N
10080,652,4,DIRG,-,2,100,0N
10081,652,4,DIRG,-,2,100,0N
10082,653,4,DIRG,-,3,100,0N
10083,653,4,DIRG,-,3,100,0N
10084,653,4,DIRG,-,3,100,0N
10085,653,4,DIRG,-,3,100,0N
10086,653,4,DIRG,-,3,100,0N
10087,653,4,DIRG,-,3,100,0N
10088,653,4,DIRG,-,3,100,0N
10089,653,4,DIRG,-,3,100,0N
10090,653,4,DIRG,-,3,100,0N
10091,653,4,DIRG,-,3,100,0N
10092,654,4,DIRG,-,4,100,0N
10093,654,4,DIRG,-,4,100,0N
10094,654,4,DIRG,-,4,100,0N
10095,654,4,DIRG,-,4,100,0N
10096,654,4,DIRG,-,4,100,0N
10097,654,4,DIRG,-,4,100,0N
10098,654,4,DIRG,-,4,100,0N
10099,654,4,DIRG,-,4,100,0N
10100,654,4,DIRG,-,4,100,0N
10101,654,4,DIRG,-,4,100,0N
10102,655,4,DIRG,-,5,100,0N
10103,655,4,DIRG,-,5,100,0N
10104,655,4,DIRG,-,5,100,0N
10105,655,4,DIRG,-,5,100,0N
10106,655,4,DIRG,-,5,100,0N
10107,655,4,DIRG,-,5,100,0N
10108,655,4,DIRG,-,5,100,0N
10109,655,4,DIRG,-,5,100,0N
10110,655,4,DIRG,-,5,100,0N
10111,655,4,DIRG,-,5,100,0N
10112,656,4,DIRG,-,0,100,1000N
10113,656,4,DIRG,-,0,100,1000N
10114,656,4,DIRG,-,0,100,1000N
10115,656,4,DIRG,-,0,100,1000N
10116,656,4,DIRG,-,0,100,1000N
10117,656,4,DIRG,-,0,100,1000N
10118,656,4,DIRG,-,0,100,1000N
10119,656,4,DIRG,-,0,100,1000N
10120,656,4,DIRG,-,0,100,1000N
10121,656,4,DIRG,-,0,100,1000N
10122,657,4,DIRG,-,1,100,1000N
10123,657,4,DIRG,-,1,100,1000N
10124,657,4,DIRG,-,1,100,1000N
10125,657,4,DIRG,-,1,100,1000N
10126,657,4,DIRG,-,1,100,1000N
10127,657,4,DIRG,-,1,100,1000N
10128,657,4,DIRG,-,1,100,1000N
10129,657,4,DIRG,-,1,100,1000N
10130,657,4,DIRG,-,1,100,1000N
10131,657,4,DIRG,-,1,100,1000N
10132,658,4,DIRG,-,2,100,1000N
10133,658,4,DIRG,-,2,100,1000N
10134,658,4,DIRG,-,2,100,1000N
10135,658,4,DIRG,-,2,100,1000N
10136,658,4,DIRG,-,2,100,1000N
10137,658,4,DIRG,-,2,100,1000N
10138,658,4,DIRG,-,2,100,1000N
10139,658,4,DIRG,-,2,100,1000N
10140,658,4,DIRG,-,2,100,1000N
10141,658,4,DIRG,-,2,100,1000N
10142,659,4,DIRG,-,3,100,1000N
10143,659,4,DIRG,-,3,100,1000N
10144,659,4,DIRG,-,3,100,1000N
10145,659,4,DIRG,-,3,100,1000N
10146,659,4,DIRG,-,3,100,1000N
10147,659,4,DIRG,-,3,100,1000N
10148,659,4,DIRG,-,3,100,1000N
10149,659,4,DIRG,-,3,100,1000N
10150,659,4,DIRG,-,3,100,1000N
10151,659,4,DIRG,-,3,100,1000N
10152,660,4,DIRG,-,4,100,1000N
10153,660,4,DIRG,-,4,100,1000N
10154,660,4,DIRG,-,4,100,1000N
10155,660,4,DIRG,-,4,100,1000N
10156,660,4,DIRG,-,4,100,1000N
10157,660,4,DIRG,-,4,100,1000N
10158,660,4,DIRG,-,4,100,1000N
10159,660,4,DIRG,-,4,100,1000N
10160,660,4,DIRG,-,4,100,1000N
10161,660,4,DIRG,-,4,100,1000N
10162,661,4,DIRG,-,5,100,1000N
10163,661,4,DIRG,-,5,100,1000N
10164,661,4,DIRG,-,5,100,1000N
10165,661,4,DIRG,-,5,100,1000N
10166,661,4,DIRG,-,5,100,1000N
10167,661,4,DIRG,-,5,100,1000N
10168,661,4,DIRG,-,5,100,1000N
10169,661,4,DIRG,-,5,100,1000N
10170,661,4,DIRG,-,5,100,1000N
10171,661,4,DIRG,-,5,100,1000N
10172,662,4,DIRG,-,0,100,1400N
10173,662,4,DIRG,-,0,100,1400N
10174,662,4,DIRG,-,0,100,1400N
10175,662,4,DIRG,-,0,100,1400N
10176,662,4,DIRG,-,0,100,1400N
10177,662,4,DIRG,-,0,100,1400N
10178,662,4,DIRG,-,0,100,1400N
10179,662,4,DIRG,-,0,100,1400N
10180,662,4,DIRG,-,0,100,1400N
10181,662,4,DIRG,-,0,100,1400N
10182,663,4,DIRG,-,1,100,1400N
10183,663,4,DIRG,-,1,100,1400N
10184,663,4,DIRG,-,1,100,1400N
10185,663,4,DIRG,-,1,100,1400N
10186,663,4,DIRG,-,1,100,1400N
10187,663,4,DIRG,-,1,100,1400N
10188,663,4,DIRG,-,1,100,1400N
10189,663,4,DIRG,-,1,100,1400N
10190,663,4,DIRG,-,1,100,1400N
10191,663,4,DIRG,-,1,100,1400N
10192,664,4,DIRG,-,2,100,1400N
10193,664,4,DIRG,-,2,100,1400N
10194,664,4,DIRG,-,2,100,1400N
10195,664,4,DIRG,-,2,100,1400N
10196,664,4,DIRG,-,2,100,1400N
10197,664,4,DIRG,-,2,100,1400N
10198,664,4,DIRG,-,2,100,1400N
10199,664,4,DIRG,-,2,100,1400N
10200,664,4,DIRG,-,2,100,1400N
10201,664,4,DIRG,-,2,100,1400N
10202,665,4,DIRG,-,3,100,1400N
10203,665,4,DIRG,-,3,100,1400N
10204,665,4,DIRG,-,3,100,1400N
10205,665,4,DIRG,-,3,100,1400N
10206,665,4,DIRG,-,3,100,1400N
10207,665,4,DIRG,-,3,100,1400N
10208,665,4,DIRG,-,3,100,1400N
10209,665,4,DIRG,-,3,100,1400N
10210,665,4,DIRG,-,3,100,1400N
10211,665,4,DIRG,-,3,100,1400N
10212,666,4,DIRG,-,4,100,1400N
10213,666,4,DIRG,-,4,100,1400N
10214,666,4,DIRG,-,4,100,1400N
10215,666,4,DIRG,-,4,100,1400N
10216,666,4,DIRG,-,4,100,1400N
10217,666,4,DIRG,-,4,100,1400N
10218,666,4,DIRG,-,4,100,1400N
10219,666,4,DIRG,-,4,100,1400N
10220,666,4,DIRG,-,4,100,1400N
10221,666,4,DIRG,-,4,100,1400N
10222,667,4,DIRG,-,5,100,1400N
10223,667,4,DIRG,-,5,100,1400N
10224,667,4,DIRG,-,5,100,1400N
10225,667,4,DIRG,-,5,100,1400N
10226,667,4,DIRG,-,5,100,1400N
10227,667,4,DIRG,-,5,100,1400N
10228,667,4,DIRG,-,5,100,1400N
10229,667,4,DIRG,-,5,100,1400N
10230,667,4,DIRG,-,5,100,1400N
10231,667,4,DIRG,-,5,100,1400N
10232,668,4,DIRG,-,0,100,1800N
10233,668,4,DIRG,-,0,100,1800N
10234,668,4,DIRG,-,0,100,1800N
10235,668,4,DIRG,-,0,100,1800N
10236,668,4,DIRG,-,0,100,1800N
10237,668,4,DIRG,-,0,100,1800N
10238,668,4,DIRG,-,0,100,1800N
10239,668,4,DIRG,-,0,100,1800N
10240,668,4,DIRG,-,0,100,1800N
10241,668,4,DIRG,-,0,100,1800N
10242,669,4,DIRG,-,1,100,1800N
10243,669,4,DIRG,-,1,100,1800N
10244,669,4,DIRG,-,1,100,1800N
10245,669,4,DIRG,-,1,100,1800N
10246,669,4,DIRG,-,1,100,1800N
10247,669,4,DIRG,-,1,100,1800N
10248,669,4,DIRG,-,1,100,1800N
10249,669,4,DIRG,-,1,100,1800N
10250,669,4,DIRG,-,1,100,1800N
10251,669,4,DIRG,-,1,100,1800N
10252,670,4,DIRG,-,2,100,1800N
10253,670,4,DIRG,-,2,100,1800N
10254,670,4,DIRG,-,2,100,1800N
10255,670,4,DIRG,-,2,100,1800N
10256,670,4,DIRG,-,2,100,1800N
10257,670,4,DIRG,-,2,100,1800N
10258,670,4,DIRG,-,2,100,1800N
10259,670,4,DIRG,-,2,100,1800N
10260,670,4,DIRG,-,2,100,1800N
10261,670,4,DIRG,-,2,100,1800N
10262,671,4,DIRG,-,3,100,1800N
10263,671,4,DIRG,-,3,100,1800N
10264,671,4,DIRG,-,3,100,1800N
10265,671,4,DIRG,-,3,100,1800N
10266,671,4,DIRG,-,3,100,1800N
10267,671,4,DIRG,-,3,100,1800N
10268,671,4,DIRG,-,3,100,1800N
10269,671,4,DIRG,-,3,100,1800N
10270,671,4,DIRG,-,3,100,1800N
10271,671,4,DIRG,-,3,100,1800N
10272,672,4,DIRG,-,4,100,1800N
10273,672,4,DIRG,-,4,100,1800N
10274,672,4,DIRG,-,4,100,1800N
10275,672,4,DIRG,-,4,100,1800N
10276,672,4,DIRG,-,4,100,1800N
10277,672,4,DIRG,-,4,100,1800N
10278,672,4,DIRG,-,4,100,1800N
10279,672,4,DIRG,-,4,100,1800N
10280,672,4,DIRG,-,4,100,1800N
10281,672,4,DIRG,-,4,100,1800N
10282,673,4,DIRG,-,5,100,1800N
10283,673,4,DIRG,-,5,100,1800N
10284,673,4,DIRG,-,5,100,1800N
10285,673,4,DIRG,-,5,100,1800N
10286,673,4,DIRG,-,5,100,1800N
10287,673,4,DIRG,-,5,100,1800N
10288,673,4,DIRG,-,5,100,1800N
10289,673,4,DIRG,-,5,100,1800N
10290,673,4,DIRG,-,5,100,1800N
10291,673,4,DIRG,-,5,100,1800N
10292,674,4,DIRG,-,0,200,0N
10293,674,4,DIRG,-,0,200,0N
10294,674,4,DIRG,-,0,200,0N
10295,674,4,DIRG,-,0,200,0N
10296,674,4,DIRG,-,0,200,0N
10297,674,4,DIRG,-,0,200,0N
10298,674,4,DIRG,-,0,200,0N
10299,674,4,DIRG,-,0,200,0N
10300,674,4,DIRG,-,0,200,0N
10301,674,4,DIRG,-,0,200,0N
10302,675,4,DIRG,-,1,200,0N
10303,675,4,DIRG,-,1,200,0N
10304,675,4,DIRG,-,1,200,0N
10305,675,4,DIRG,-,1,200,0N
10306,675,4,DIRG,-,1,200,0N
10307,675,4,DIRG,-,1,200,0N
10308,675,4,DIRG,-,1,200,0N
10309,675,4,DIRG,-,1,200,0N
10310,675,4,DIRG,-,1,200,0N
10311,675,4,DIRG,-,1,200,0N
10312,676,4,DIRG,-,2,200,0N
10313,676,4,DIRG,-,2,200,0N
10314,676,4,DIRG,-,2,200,0N
10315,676,4,DIRG,-,2,200,0N
10316,676,4,DIRG,-,2,200,0N
10317,676,4,DIRG,-,2,200,0N
10318,676,4,DIRG,-,2,200,0N
10319,676,4,DIRG,-,2,200,0N
10320,676,4,DIRG,-,2,200,0N
10321,676,4,DIRG,-,2,200,0N
10322,677,4,DIRG,-,3,200,0N
10323,677,4,DIRG,-,3,200,0N
10324,677,4,DIRG,-,3,200,0N
10325,677,4,DIRG,-,3,200,0N
10326,677,4,DIRG,-,3,200,0N
10327,677,4,DIRG,-,3,200,0N
10328,677,4,DIRG,-,3,200,0N
10329,677,4,DIRG,-,3,200,0N
10330,677,4,DIRG,-,3,200,0N
10331,677,4,DIRG,-,3,200,0N
10332,678,4,DIRG,-,4,200,0N
10333,678,4,DIRG,-,4,200,0N
10334,678,4,DIRG,-,4,200,0N
10335,678,4,DIRG,-,4,200,0N
10336,678,4,DIRG,-,4,200,0N
10337,678,4,DIRG,-,4,200,0N
10338,678,4,DIRG,-,4,200,0N
10339,678,4,DIRG,-,4,200,0N
10340,678,4,DIRG,-,4,200,0N
10341,678,4,DIRG,-,4,200,0N
10342,679,4,DIRG,-,5,200,0N
10343,679,4,DIRG,-,5,200,0N
10344,679,4,DIRG,-,5,200,0N
10345,679,4,DIRG,-,5,200,0N
10346,679,4,DIRG,-,5,200,0N
10347,679,4,DIRG,-,5,200,0N
10348,679,4,DIRG,-,5,200,0N
10349,679,4,DIRG,-,5,200,0N
10350,679,4,DIRG,-,5,200,0N
10351,679,4,DIRG,-,5,200,0N
10352,680,4,DIRG,-,0,200,1000N
10353,680,4,DIRG,-,0,200,1000N
10354,680,4,DIRG,-,0,200,1000N
10355,680,4,DIRG,-,0,200,1000N
10356,680,4,DIRG,-,0,200,1000N
10357,680,4,DIRG,-,0,200,1000N
10358,680,4,DIRG,-,0,200,1000N
10359,680,4,DIRG,-,0,200,1000N
10360,680,4,DIRG,-,0,200,1000N
10361,680,4,DIRG,-,0,200,1000N
10362,681,4,DIRG,-,1,200,1000N
10363,681,4,DIRG,-,1,200,1000N
10364,681,4,DIRG,-,1,200,1000N
10365,681,4,DIRG,-,1,200,1000N
10366,681,4,DIRG,-,1,200,1000N
10367,681,4,DIRG,-,1,200,1000N
10368,681,4,DIRG,-,1,200,1000N
10369,681,4,DIRG,-,1,200,1000N
10370,681,4,DIRG,-,1,200,1000N
10371,681,4,DIRG,-,1,200,1000N
10372,682,4,DIRG,-,2,200,1000N
10373,682,4,DIRG,-,2,200,1000N
10374,682,4,DIRG,-,2,200,1000N
10375,682,4,DIRG,-,2,200,1000N
10376,682,4,DIRG,-,2,200,1000N
10377,682,4,DIRG,-,2,200,1000N
10378,682,4,DIRG,-,2,200,1000N
10379,682,4,DIRG,-,2,200,1000N
10380,682,4,DIRG,-,2,200,1000N
10381,682,4,DIRG,-,2,200,1000N
10382,683,4,DIRG,-,3,200,1000N
10383,683,4,DIRG,-,3,200,1000N
10384,683,4,DIRG,-,3,200,1000N
10385,683,4,DIRG,-,3,200,1000N
10386,683,4,DIRG,-,3,200,1000N
10387,683,4,DIRG,-,3,200,1000N
10388,683,4,DIRG,-,3,200,1000N
10389,683,4,DIRG,-,3,200,1000N
10390,683,4,DIRG,-,3,200,1000N
10391,683,4,DIRG,-,3,200,1000N
10392,684,4,DIRG,-,4,200,1000N
10393,684,4,DIRG,-,4,200,1000N
10394,684,4,DIRG,-,4,200,1000N
10395,684,4,DIRG,-,4,200,1000N
10396,684,4,DIRG,-,4,200,1000N
10397,684,4,DIRG,-,4,200,1000N
10398,684,4,DIRG,-,4,200,1000N
10399,684,4,DIRG,-,4,200,1000N
10400,684,4,DIRG,-,4,200,1000N
10401,684,4,DIRG,-,4,200,1000N
10402,685,4,DIRG,-,5,200,1000N
10403,685,4,DIRG,-,5,200,1000N
10404,685,4,DIRG,-,5,200,1000N
10405,685,4,DIRG,-,5,200,1000N
10406,685,4,DIRG,-,5,200,1000N
10407,685,4,DIRG,-,5,200,1000N
10408,685,4,DIRG,-,5,200,1000N
10409,685,4,DIRG,-,5,200,1000N
10410,685,4,DIRG,-,5,200,1000N
10411,685,4,DIRG,-,5,200,1000N
10412,686,4,DIRG,-,0,200,1400N
10413,686,4,DIRG,-,0,200,1400N
10414,686,4,DIRG,-,0,200,1400N
10415,686,4,DIRG,-,0,200,1400N
10416,686,4,DIRG,-,0,200,1400N
10417,686,4,DIRG,-,0,200,1400N
10418,686,4,DIRG,-,0,200,1400N
10419,686,4,DIRG,-,0,200,1400N
10420,686,4,DIRG,-,0,200,1400N
10421,686,4,DIRG,-,0,200,1400N
10422,687,4,DIRG,-,1,200,1400N
10423,687,4,DIRG,-,1,200,1400N
10424,687,4,DIRG,-,1,200,1400N
10425,687,4,DIRG,-,1,200,1400N
10426,687,4,DIRG,-,1,200,1400N
10427,687,4,DIRG,-,1,200,1400N
10428,687,4,DIRG,-,1,200,1400N
10429,687,4,DIRG,-,1,200,1400N
10430,687,4,DIRG,-,1,200,1400N
10431,687,4,DIRG,-,1,200,1400N
10432,688,4,DIRG,-,2,200,1400N
10433,688,4,DIRG,-,2,200,1400N
10434,688,4,DIRG,-,2,200,1400N
10435,688,4,DIRG,-,2,200,1400N
10436,688,4,DIRG,-,2,200,1400N
10437,688,4,DIRG,-,2,200,1400N
10438,688,4,DIRG,-,2,200,1400N
10439,688,4,DIRG,-,2,200,1400N
10440,688,4,DIRG,-,2,200,1400N
10441,688,4,DIRG,-,2,200,1400N
10442,689,4,DIRG,-,3,200,1400N
10443,689,4,DIRG,-,3,200,1400N
10444,689,4,DIRG,-,3,200,1400N
10445,689,4,DIRG,-,3,200,1400N
10446,689,4,DIRG,-,3,200,1400N
10447,689,4,DIRG,-,3,200,1400N
10448,689,4,DIRG,-,3,200,1400N
10449,689,4,DIRG,-,3,200,1400N
10450,689,4,DIRG,-,3,200,1400N
10451,689,4,DIRG,-,3,200,1400N
10452,690,4,DIRG,-,4,200,1400N
10453,690,4,DIRG,-,4,200,1400N
10454,690,4,DIRG,-,4,200,1400N
10455,690,4,DIRG,-,4,200,1400N
10456,690,4,DIRG,-,4,200,1400N
10457,690,4,DIRG,-,4,200,1400N
10458,690,4,DIRG,-,4,200,1400N
10459,690,4,DIRG,-,4,200,1400N
10460,690,4,DIRG,-,4,200,1400N
10461,690,4,DIRG,-,4,200,1400N
10462,691,4,DIRG,-,5,200,1400N
10463,691,4,DIRG,-,5,200,1400N
10464,691,4,DIRG,-,5,200,1400N
10465,691,4,DIRG,-,5,200,1400N
10466,691,4,DIRG,-,5,200,1400N
10467,691,4,DIRG,-,5,200,1400N
10468,691,4,DIRG,-,5,200,1400N
10469,691,4,DIRG,-,5,200,1400N
10470,691,4,DIRG,-,5,200,1400N
10471,691,4,DIRG,-,5,200,1400N
10472,692,4,DIRG,-,0,200,1800N
10473,692,4,DIRG,-,0,200,1800N
10474,692,4,DIRG,-,0,200,1800N
10475,692,4,DIRG,-,0,200,1800N
10476,692,4,DIRG,-,0,200,1800N
10477,692,4,DIRG,-,0,200,1800N
10478,692,4,DIRG,-,0,200,1800N
10479,692,4,DIRG,-,0,200,1800N
10480,692,4,DIRG,-,0,200,1800N
10481,692,4,DIRG,-,0,200,1800N
10482,693,4,DIRG,-,1,200,1800N
10483,693,4,DIRG,-,1,200,1800N
10484,693,4,DIRG,-,1,200,1800N
10485,693,4,DIRG,-,1,200,1800N
10486,693,4,DIRG,-,1,200,1800N
10487,693,4,DIRG,-,1,200,1800N
10488,693,4,DIRG,-,1,200,1800N
10489,693,4,DIRG,-,1,200,1800N
10490,693,4,DIRG,-,1,200,1800N
10491,693,4,DIRG,-,1,200,1800N
10492,694,4,DIRG,-,2,200,1800N
10493,694,4,DIRG,-,2,200,1800N
10494,694,4,DIRG,-,2,200,1800N
10495,694,4,DIRG,-,2,200,1800N
10496,694,4,DIRG,-,2,200,1800N
10497,694,4,DIRG,-,2,200,1800N
10498,694,4,DIRG,-,2,200,1800N
10499,694,4,DIRG,-,2,200,1800N
10500,694,4,DIRG,-,2,200,1800N
10501,694,4,DIRG,-,2,200,1800N
10502,695,4,DIRG,-,3,200,1800N
10503,695,4,DIRG,-,3,200,1800N
10504,695,4,DIRG,-,3,200,1800N
10505,695,4,DIRG,-,3,200,1800N
10506,695,4,DIRG,-,3,200,1800N
10507,695,4,DIRG,-,3,200,1800N
10508,695,4,DIRG,-,3,200,1800N
10509,695,4,DIRG,-,3,200,1800N
10510,695,4,DIRG,-,3,200,1800N
10511,695,4,DIRG,-,3,200,1800N
10512,696,4,DIRG,-,4,200,1800N
10513,696,4,DIRG,-,4,200,1800N
10514,696,4,DIRG,-,4,200,1800N
10515,696,4,DIRG,-,4,200,1800N
10516,696,4,DIRG,-,4,200,1800N
10517,696,4,DIRG,-,4,200,1800N
10518,696,4,DIRG,-,4,200,1800N
10519,696,4,DIRG,-,4,200,1800N
10520,696,4,DIRG,-,4,200,1800N
10521,696,4,DIRG,-,4,200,1800N
10522,697,4,DIRG,-,5,200,1800N
10523,697,4,DIRG,-,5,200,1800N
10524,697,4,DIRG,-,5,200,1800N
10525,697,4,DIRG,-,5,200,1800N
10526,697,4,DIRG,-,5,200,1800N
10527,697,4,DIRG,-,5,200,1800N
10528,697,4,DIRG,-,5,200,1800N
10529,697,4,DIRG,-,5,200,1800N
10530,697,4,DIRG,-,5,200,1800N
10531,697,4,DIRG,-,5,200,1800N
10532,698,4,DIRG,-,0,300,0N
10533,698,4,DIRG,-,0,300,0N
10534,698,4,DIRG,-,0,300,0N
10535,698,4,DIRG,-,0,300,0N
10536,698,4,DIRG,-,0,300,0N
10537,698,4,DIRG,-,0,300,0N
10538,698,4,DIRG,-,0,300,0N
10539,698,4,DIRG,-,0,300,0N
10540,698,4,DIRG,-,0,300,0N
10541,698,4,DIRG,-,0,300,0N
10542,699,4,DIRG,-,1,300,0N
10543,699,4,DIRG,-,1,300,0N
10544,699,4,DIRG,-,1,300,0N
10545,699,4,DIRG,-,1,300,0N
10546,699,4,DIRG,-,1,300,0N
10547,699,4,DIRG,-,1,300,0N
10548,699,4,DIRG,-,1,300,0N
10549,699,4,DIRG,-,1,300,0N
10550,699,4,DIRG,-,1,300,0N
10551,699,4,DIRG,-,1,300,0N
10552,700,4,DIRG,-,2,300,0N
10553,700,4,DIRG,-,2,300,0N
10554,700,4,DIRG,-,2,300,0N
10555,700,4,DIRG,-,2,300,0N
10556,700,4,DIRG,-,2,300,0N
10557,700,4,DIRG,-,2,300,0N
10558,700,4,DIRG,-,2,300,0N
10559,700,4,DIRG,-,2,300,0N
10560,700,4,DIRG,-,2,300,0N
10561,700,4,DIRG,-,2,300,0N
10562,701,4,DIRG,-,3,300,0N
10563,701,4,DIRG,-,3,300,0N
10564,701,4,DIRG,-,3,300,0N
10565,701,4,DIRG,-,3,300,0N
10566,701,4,DIRG,-,3,300,0N
10567,701,4,DIRG,-,3,300,0N
10568,701,4,DIRG,-,3,300,0N
10569,701,4,DIRG,-,3,300,0N
10570,701,4,DIRG,-,3,300,0N
10571,701,4,DIRG,-,3,300,0N
10572,702,4,DIRG,-,4,300,0N
10573,702,4,DIRG,-,4,300,0N
10574,702,4,DIRG,-,4,300,0N
10575,702,4,DIRG,-,4,300,0N
10576,702,4,DIRG,-,4,300,0N
10577,702,4,DIRG,-,4,300,0N
10578,702,4,DIRG,-,4,300,0N
10579,702,4,DIRG,-,4,300,0N
10580,702,4,DIRG,-,4,300,0N
10581,702,4,DIRG,-,4,300,0N
10582,703,4,DIRG,-,5,300,0N
10583,703,4,DIRG,-,5,300,0N
10584,703,4,DIRG,-,5,300,0N
10585,703,4,DIRG,-,5,300,0N
10586,703,4,DIRG,-,5,300,0N
10587,703,4,DIRG,-,5,300,0N
10588,703,4,DIRG,-,5,300,0N
10589,703,4,DIRG,-,5,300,0N
10590,703,4,DIRG,-,5,300,0N
10591,703,4,DIRG,-,5,300,0N
10592,704,4,DIRG,-,0,300,1000N
10593,704,4,DIRG,-,0,300,1000N
10594,704,4,DIRG,-,0,300,1000N
10595,704,4,DIRG,-,0,300,1000N
10596,704,4,DIRG,-,0,300,1000N
10597,704,4,DIRG,-,0,300,1000N
10598,704,4,DIRG,-,0,300,1000N
10599,704,4,DIRG,-,0,300,1000N
10600,704,4,DIRG,-,0,300,1000N
10601,704,4,DIRG,-,0,300,1000N
10602,705,4,DIRG,-,1,300,1000N
10603,705,4,DIRG,-,1,300,1000N
10604,705,4,DIRG,-,1,300,1000N
10605,705,4,DIRG,-,1,300,1000N
10606,705,4,DIRG,-,1,300,1000N
10607,705,4,DIRG,-,1,300,1000N
10608,705,4,DIRG,-,1,300,1000N
10609,705,4,DIRG,-,1,300,1000N
10610,705,4,DIRG,-,1,300,1000N
10611,705,4,DIRG,-,1,300,1000N
10612,706,4,DIRG,-,2,300,1000N
10613,706,4,DIRG,-,2,300,1000N
10614,706,4,DIRG,-,2,300,1000N
10615,706,4,DIRG,-,2,300,1000N
10616,706,4,DIRG,-,2,300,1000N
10617,706,4,DIRG,-,2,300,1000N
10618,706,4,DIRG,-,2,300,1000N
10619,706,4,DIRG,-,2,300,1000N
10620,706,4,DIRG,-,2,300,1000N
10621,706,4,DIRG,-,2,300,1000N
10622,707,4,DIRG,-,3,300,1000N
10623,707,4,DIRG,-,3,300,1000N
10624,707,4,DIRG,-,3,300,1000N
10625,707,4,DIRG,-,3,300,1000N
10626,707,4,DIRG,-,3,300,1000N
10627,707,4,DIRG,-,3,300,1000N
10628,707,4,DIRG,-,3,300,1000N
10629,707,4,DIRG,-,3,300,1000N
10630,707,4,DIRG,-,3,300,1000N
10631,707,4,DIRG,-,3,300,1000N
10632,708,4,DIRG,-,4,300,1000N
10633,708,4,DIRG,-,4,300,1000N
10634,708,4,DIRG,-,4,300,1000N
10635,708,4,DIRG,-,4,300,1000N
10636,708,4,DIRG,-,4,300,1000N
10637,708,4,DIRG,-,4,300,1000N
10638,708,4,DIRG,-,4,300,1000N
10639,708,4,DIRG,-,4,300,1000N
10640,708,4,DIRG,-,4,300,1000N
10641,708,4,DIRG,-,4,300,1000N
10642,709,4,DIRG,-,5,300,1000N
10643,709,4,DIRG,-,5,300,1000N
10644,709,4,DIRG,-,5,300,1000N
10645,709,4,DIRG,-,5,300,1000N
10646,709,4,DIRG,-,5,300,1000N
10647,709,4,DIRG,-,5,300,1000N
10648,709,4,DIRG,-,5,300,1000N
10649,709,4,DIRG,-,5,300,1000N
10650,709,4,DIRG,-,5,300,1000N
10651,709,4,DIRG,-,5,300,1000N
10652,710,4,DIRG,-,0,300,1400N
10653,710,4,DIRG,-,0,300,1400N
10654,710,4,DIRG,-,0,300,1400N
10655,710,4,DIRG,-,0,300,1400N
10656,710,4,DIRG,-,0,300,1400N
10657,710,4,DIRG,-,0,300,1400N
10658,710,4,DIRG,-,0,300,1400N
10659,710,4,DIRG,-,0,300,1400N
10660,710,4,DIRG,-,0,300,1400N
10661,710,4,DIRG,-,0,300,1400N
10662,711,4,DIRG,-,1,300,1400N
10663,711,4,DIRG,-,1,300,1400N
10664,711,4,DIRG,-,1,300,1400N
10665,711,4,DIRG,-,1,300,1400N
10666,711,4,DIRG,-,1,300,1400N
10667,711,4,DIRG,-,1,300,1400N
10668,711,4,DIRG,-,1,300,1400N
10669,711,4,DIRG,-,1,300,1400N
10670,711,4,DIRG,-,1,300,1400N
10671,711,4,DIRG,-,1,300,1400N
10672,712,4,DIRG,-,2,300,1400N
10673,712,4,DIRG,-,2,300,1400N
10674,712,4,DIRG,-,2,300,1400N
10675,712,4,DIRG,-,2,300,1400N
10676,712,4,DIRG,-,2,300,1400N
10677,712,4,DIRG,-,2,300,1400N
10678,712,4,DIRG,-,2,300,1400N
10679,712,4,DIRG,-,2,300,1400N
10680,712,4,DIRG,-,2,300,1400N
10681,712,4,DIRG,-,2,300,1400N
10682,713,4,DIRG,-,3,300,1400N
10683,713,4,DIRG,-,3,300,1400N
10684,713,4,DIRG,-,3,300,1400N
10685,713,4,DIRG,-,3,300,1400N
10686,713,4,DIRG,-,3,300,1400N
10687,713,4,DIRG,-,3,300,1400N
10688,713,4,DIRG,-,3,300,1400N
10689,713,4,DIRG,-,3,300,1400N
10690,713,4,DIRG,-,3,300,1400N
10691,713,4,DIRG,-,3,300,1400N
10692,714,4,DIRG,-,4,300,1400N
10693,714,4,DIRG,-,4,300,1400N
10694,714,4,DIRG,-,4,300,1400N
10695,714,4,DIRG,-,4,300,1400N
10696,714,4,DIRG,-,4,300,1400N
10697,714,4,DIRG,-,4,300,1400N
10698,714,4,DIRG,-,4,300,1400N
10699,714,4,DIRG,-,4,300,1400N
10700,714,4,DIRG,-,4,300,1400N
10701,714,4,DIRG,-,4,300,1400N
10702,715,4,DIRG,-,5,300,1400N
10703,715,4,DIRG,-,5,300,1400N
10704,715,4,DIRG,-,5,300,1400N
10705,715,4,DIRG,-,5,300,1400N
10706,715,4,DIRG,-,5,300,1400N
10707,715,4,DIRG,-,5,300,1400N
10708,715,4,DIRG,-,5,300,1400N
10709,715,4,DIRG,-,5,300,1400N
10710,715,4,DIRG,-,5,300,1400N
10711,715,4,DIRG,-,5,300,1400N
10712,716,4,DIRG,-,0,300,1800N
10713,716,4,DIRG,-,0,300,1800N
10714,716,4,DIRG,-,0,300,1800N
10715,716,4,DIRG,-,0,300,1800N
10716,716,4,DIRG,-,0,300,1800N
10717,716,4,DIRG,-,0,300,1800N
10718,716,4,DIRG,-,0,300,1800N
10719,716,4,DIRG,-,0,300,1800N
10720,716,4,DIRG,-,0,300,1800N
10721,716,4,DIRG,-,0,300,1800N
10722,717,4,DIRG,-,1,300,1800N
10723,717,4,DIRG,-,1,300,1800N
10724,717,4,DIRG,-,1,300,1800N
10725,717,4,DIRG,-,1,300,1800N
10726,717,4,DIRG,-,1,300,1800N
10727,717,4,DIRG,-,1,300,1800N
10728,717,4,DIRG,-,1,300,1800N
10729,717,4,DIRG,-,1,300,1800N
10730,717,4,DIRG,-,1,300,1800N
10731,717,4,DIRG,-,1,300,1800N
10732,718,4,DIRG,-,2,300,1800N
10733,718,4,DIRG,-,2,300,1800N
10734,718,4,DIRG,-,2,300,1800N
10735,718,4,DIRG,-,2,300,1800N
10736,718,4,DIRG,-,2,300,1800N
10737,718,4,DIRG,-,2,300,1800N
10738,718,4,DIRG,-,2,300,1800N
10739,718,4,DIRG,-,2,300,1800N
10740,718,4,DIRG,-,2,300,1800N
10741,718,4,DIRG,-,2,300,1800N
10742,719,4,DIRG,-,3,300,1800N
10743,719,4,DIRG,-,3,300,1800N
10744,719,4,DIRG,-,3,300,1800N
10745,719,4,DIRG,-,3,300,1800N
10746,719,4,DIRG,-,3,300,1800N
10747,719,4,DIRG,-,3,300,1800N
10748,719,4,DIRG,-,3,300,1800N
10749,719,4,DIRG,-,3,300,1800N
10750,719,4,DIRG,-,3,300,1800N
10751,719,4,DIRG,-,3,300,1800N
10752,720,4,DIRG,-,4,300,1800N
10753,720,4,DIRG,-,4,300,1800N
10754,720,4,DIRG,-,4,300,1800N
10755,720,4,DIRG,-,4,300,1800N
10756,720,4,DIRG,-,4,300,1800N
10757,720,4,DIRG,-,4,300,1800N
10758,720,4,DIRG,-,4,300,1800N
10759,720,4,DIRG,-,4,300,1800N
10760,720,4,DIRG,-,4,300,1800N
10761,720,4,DIRG,-,4,300,1800N
10762,721,4,DIRG,-,5,300,1800N
10763,721,4,DIRG,-,5,300,1800N
10764,721,4,DIRG,-,5,300,1800N
10765,721,4,DIRG,-,5,300,1800N
10766,721,4,DIRG,-,5,300,1800N
10767,721,4,DIRG,-,5,300,1800N
10768,721,4,DIRG,-,5,300,1800N
10769,721,4,DIRG,-,5,300,1800N
10770,721,4,DIRG,-,5,300,1800N
10771,721,4,DIRG,-,5,300,1800N
10772,722,4,DIRG,-,0,400,0N
10773,722,4,DIRG,-,0,400,0N
10774,722,4,DIRG,-,0,400,0N
10775,722,4,DIRG,-,0,400,0N
10776,722,4,DIRG,-,0,400,0N
10777,722,4,DIRG,-,0,400,0N
10778,722,4,DIRG,-,0,400,0N
10779,722,4,DIRG,-,0,400,0N
10780,722,4,DIRG,-,0,400,0N
10781,722,4,DIRG,-,0,400,0N
10782,723,4,DIRG,-,1,400,0N
10783,723,4,DIRG,-,1,400,0N
10784,723,4,DIRG,-,1,400,0N
10785,723,4,DIRG,-,1,400,0N
10786,723,4,DIRG,-,1,400,0N
10787,723,4,DIRG,-,1,400,0N
10788,723,4,DIRG,-,1,400,0N
10789,723,4,DIRG,-,1,400,0N
10790,723,4,DIRG,-,1,400,0N
10791,723,4,DIRG,-,1,400,0N
10792,724,4,DIRG,-,2,400,0N
10793,724,4,DIRG,-,2,400,0N
10794,724,4,DIRG,-,2,400,0N
10795,724,4,DIRG,-,2,400,0N
10796,724,4,DIRG,-,2,400,0N
10797,724,4,DIRG,-,2,400,0N
10798,724,4,DIRG,-,2,400,0N
10799,724,4,DIRG,-,2,400,0N
10800,724,4,DIRG,-,2,400,0N
10801,724,4,DIRG,-,2,400,0N
10802,725,4,DIRG,-,3,400,0N
10803,725,4,DIRG,-,3,400,0N
10804,725,4,DIRG,-,3,400,0N
10805,725,4,DIRG,-,3,400,0N
10806,725,4,DIRG,-,3,400,0N
10807,725,4,DIRG,-,3,400,0N
10808,725,4,DIRG,-,3,400,0N
10809,725,4,DIRG,-,3,400,0N
10810,725,4,DIRG,-,3,400,0N
10811,725,4,DIRG,-,3,400,0N
10812,726,4,DIRG,-,4,400,0N
10813,726,4,DIRG,-,4,400,0N
10814,726,4,DIRG,-,4,400,0N
10815,726,4,DIRG,-,4,400,0N
10816,726,4,DIRG,-,4,400,0N
10817,726,4,DIRG,-,4,400,0N
10818,726,4,DIRG,-,4,400,0N
10819,726,4,DIRG,-,4,400,0N
10820,726,4,DIRG,-,4,400,0N
10821,726,4,DIRG,-,4,400,0N
10822,727,4,DIRG,-,5,400,0N
10823,727,4,DIRG,-,5,400,0N
10824,727,4,DIRG,-,5,400,0N
10825,727,4,DIRG,-,5,400,0N
10826,727,4,DIRG,-,5,400,0N
10827,727,4,DIRG,-,5,400,0N
10828,727,4,DIRG,-,5,400,0N
10829,727,4,DIRG,-,5,400,0N
10830,727,4,DIRG,-,5,400,0N
10831,727,4,DIRG,-,5,400,0N
10832,728,4,DIRG,-,0,400,1000N
10833,728,4,DIRG,-,0,400,1000N
10834,728,4,DIRG,-,0,400,1000N
10835,728,4,DIRG,-,0,400,1000N
10836,728,4,DIRG,-,0,400,1000N
10837,728,4,DIRG,-,0,400,1000N
10838,728,4,DIRG,-,0,400,1000N
10839,728,4,DIRG,-,0,400,1000N
10840,728,4,DIRG,-,0,400,1000N
10841,728,4,DIRG,-,0,400,1000N
10842,729,4,DIRG,-,1,400,1000N
10843,729,4,DIRG,-,1,400,1000N
10844,729,4,DIRG,-,1,400,1000N
10845,729,4,DIRG,-,1,400,1000N
10846,729,4,DIRG,-,1,400,1000N
10847,729,4,DIRG,-,1,400,1000N
10848,729,4,DIRG,-,1,400,1000N
10849,729,4,DIRG,-,1,400,1000N
10850,729,4,DIRG,-,1,400,1000N
10851,729,4,DIRG,-,1,400,1000N
10852,730,4,DIRG,-,2,400,1000N
10853,730,4,DIRG,-,2,400,1000N
10854,730,4,DIRG,-,2,400,1000N
10855,730,4,DIRG,-,2,400,1000N
10856,730,4,DIRG,-,2,400,1000N
10857,730,4,DIRG,-,2,400,1000N
10858,730,4,DIRG,-,2,400,1000N
10859,730,4,DIRG,-,2,400,1000N
10860,730,4,DIRG,-,2,400,1000N
10861,730,4,DIRG,-,2,400,1000N
10862,731,4,DIRG,-,3,400,1000N
10863,731,4,DIRG,-,3,400,1000N
10864,731,4,DIRG,-,3,400,1000N
10865,731,4,DIRG,-,3,400,1000N
10866,731,4,DIRG,-,3,400,1000N
10867,731,4,DIRG,-,3,400,1000N
10868,731,4,DIRG,-,3,400,1000N
10869,731,4,DIRG,-,3,400,1000N
10870,731,4,DIRG,-,3,400,1000N
10871,731,4,DIRG,-,3,400,1000N
10872,732,4,DIRG,-,4,400,1000N
10873,732,4,DIRG,-,4,400,1000N
10874,732,4,DIRG,-,4,400,1000N
10875,732,4,DIRG,-,4,400,1000N
10876,732,4,DIRG,-,4,400,1000N
10877,732,4,DIRG,-,4,400,1000N
10878,732,4,DIRG,-,4,400,1000N
10879,732,4,DIRG,-,4,400,1000N
10880,732,4,DIRG,-,4,400,1000N
10881,732,4,DIRG,-,4,400,1000N
10882,733,4,DIRG,-,5,400,1000N
10883,733,4,DIRG,-,5,400,1000N
10884,733,4,DIRG,-,5,400,1000N
10885,733,4,DIRG,-,5,400,1000N
10886,733,4,DIRG,-,5,400,1000N
10887,733,4,DIRG,-,5,400,1000N
10888,733,4,DIRG,-,5,400,1000N
10889,733,4,DIRG,-,5,400,1000N
10890,733,4,DIRG,-,5,400,1000N
10891,733,4,DIRG,-,5,400,1000N
10892,734,4,DIRG,-,0,400,1400N
10893,734,4,DIRG,-,0,400,1400N
10894,734,4,DIRG,-,0,400,1400N
10895,734,4,DIRG,-,0,400,1400N
10896,734,4,DIRG,-,0,400,1400N
10897,734,4,DIRG,-,0,400,1400N
10898,734,4,DIRG,-,0,400,1400N
10899,734,4,DIRG,-,0,400,1400N
10900,734,4,DIRG,-,0,400,1400N
10901,734,4,DIRG,-,0,400,1400N
10902,735,4,DIRG,-,1,400,1400N
10903,735,4,DIRG,-,1,400,1400N
10904,735,4,DIRG,-,1,400,1400N
10905,735,4,DIRG,-,1,400,1400N
10906,735,4,DIRG,-,1,400,1400N
10907,735,4,DIRG,-,1,400,1400N
10908,735,4,DIRG,-,1,400,1400N
10909,735,4,DIRG,-,1,400,1400N
10910,735,4,DIRG,-,1,400,1400N
10911,735,4,DIRG,-,1,400,1400N
10912,736,4,DIRG,-,2,400,1400N
10913,736,4,DIRG,-,2,400,1400N
10914,736,4,DIRG,-,2,400,1400N
10915,736,4,DIRG,-,2,400,1400N
10916,736,4,DIRG,-,2,400,1400N
10917,736,4,DIRG,-,2,400,1400N
10918,736,4,DIRG,-,2,400,1400N
10919,736,4,DIRG,-,2,400,1400N
10920,736,4,DIRG,-,2,400,1400N
10921,736,4,DIRG,-,2,400,1400N
10922,737,4,DIRG,-,3,400,1400N
10923,737,4,DIRG,-,3,400,1400N
10924,737,4,DIRG,-,3,400,1400N
10925,737,4,DIRG,-,3,400,1400N
10926,737,4,DIRG,-,3,400,1400N
10927,737,4,DIRG,-,3,400,1400N
10928,737,4,DIRG,-,3,400,1400N
10929,737,4,DIRG,-,3,400,1400N
10930,737,4,DIRG,-,3,400,1400N
10931,737,4,DIRG,-,3,400,1400N
10932,738,4,DIRG,-,4,400,1400N
10933,738,4,DIRG,-,4,400,1400N
10934,738,4,DIRG,-,4,400,1400N
10935,738,4,DIRG,-,4,400,1400N
10936,738,4,DIRG,-,4,400,1400N
10937,738,4,DIRG,-,4,400,1400N
10938,738,4,DIRG,-,4,400,1400N
10939,738,4,DIRG,-,4,400,1400N
10940,738,4,DIRG,-,4,400,1400N
10941,738,4,DIRG,-,4,400,1400N
10942,739,4,DIRG,-,5,400,1400N
10943,739,4,DIRG,-,5,400,1400N
10944,739,4,DIRG,-,5,400,1400N
10945,739,4,DIRG,-,5,400,1400N
10946,739,4,DIRG,-,5,400,1400N
10947,739,4,DIRG,-,5,400,1400N
10948,739,4,DIRG,-,5,400,1400N
10949,739,4,DIRG,-,5,400,1400N
10950,739,4,DIRG,-,5,400,1400N
10951,739,4,DIRG,-,5,400,1400N
10952,740,4,DIRG,-,0,500,0N
10953,740,4,DIRG,-,0,500,0N
10954,740,4,DIRG,-,0,500,0N
10955,740,4,DIRG,-,0,500,0N
10956,740,4,DIRG,-,0,500,0N
10957,740,4,DIRG,-,0,500,0N
10958,740,4,DIRG,-,0,500,0N
10959,740,4,DIRG,-,0,500,0N
10960,740,4,DIRG,-,0,500,0N
10961,740,4,DIRG,-,0,500,0N
10962,741,4,DIRG,-,1,500,0N
10963,741,4,DIRG,-,1,500,0N
10964,741,4,DIRG,-,1,500,0N
10965,741,4,DIRG,-,1,500,0N
10966,741,4,DIRG,-,1,500,0N
10967,741,4,DIRG,-,1,500,0N
10968,741,4,DIRG,-,1,500,0N
10969,741,4,DIRG,-,1,500,0N
10970,741,4,DIRG,-,1,500,0N
10971,741,4,DIRG,-,1,500,0N
10972,742,4,DIRG,-,2,500,0N
10973,742,4,DIRG,-,2,500,0N
10974,742,4,DIRG,-,2,500,0N
10975,742,4,DIRG,-,2,500,0N
10976,742,4,DIRG,-,2,500,0N
10977,742,4,DIRG,-,2,500,0N
10978,742,4,DIRG,-,2,500,0N
10979,742,4,DIRG,-,2,500,0N
10980,742,4,DIRG,-,2,500,0N
10981,742,4,DIRG,-,2,500,0N
10982,743,4,DIRG,-,3,500,0N
10983,743,4,DIRG,-,3,500,0N
10984,743,4,DIRG,-,3,500,0N
10985,743,4,DIRG,-,3,500,0N
10986,743,4,DIRG,-,3,500,0N
10987,743,4,DIRG,-,3,500,0N
10988,743,4,DIRG,-,3,500,0N
10989,743,4,DIRG,-,3,500,0N
10990,743,4,DIRG,-,3,500,0N
10991,743,4,DIRG,-,3,500,0N
10992,744,4,DIRG,-,4,500,0N
10993,744,4,DIRG,-,4,500,0N
10994,744,4,DIRG,-,4,500,0N
10995,744,4,DIRG,-,4,500,0N
10996,744,4,DIRG,-,4,500,0N
10997,744,4,DIRG,-,4,500,0N
10998,744,4,DIRG,-,4,500,0N
10999,744,4,DIRG,-,4,500,0N
11000,744,4,DIRG,-,4,500,0N
11001,744,4,DIRG,-,4,500,0N
11002,745,4,DIRG,-,5,500,0N
11003,745,4,DIRG,-,5,500,0N
11004,745,4,DIRG,-,5,500,0N
11005,745,4,DIRG,-,5,500,0N
11006,745,4,DIRG,-,5,500,0N
11007,745,4,DIRG,-,5,500,0N
11008,745,4,DIRG,-,5,500,0N
11009,745,4,DIRG,-,5,500,0N
11010,745,4,DIRG,-,5,500,0N
11011,745,4,DIRG,-,5,500,0N
11012,746,4,DIRG,-,0,500,1000N
11013,746,4,DIRG,-,0,500,1000N
11014,746,4,DIRG,-,0,500,1000N
11015,746,4,DIRG,-,0,500,1000N
11016,746,4,DIRG,-,0,500,1000N
11017,746,4,DIRG,-,0,500,1000N
11018,746,4,DIRG,-,0,500,1000N
11019,746,4,DIRG,-,0,500,1000N
11020,746,4,DIRG,-,0,500,1000N
11021,746,4,DIRG,-,0,500,1000N
11022,747,4,DIRG,-,1,500,1000N
11023,747,4,DIRG,-,1,500,1000N
11024,747,4,DIRG,-,1,500,1000N
11025,747,4,DIRG,-,1,500,1000N
11026,747,4,DIRG,-,1,500,1000N
11027,747,4,DIRG,-,1,500,1000N
11028,747,4,DIRG,-,1,500,1000N
11029,747,4,DIRG,-,1,500,1000N
11030,747,4,DIRG,-,1,500,1000N
11031,747,4,DIRG,-,1,500,1000N
11032,748,4,DIRG,-,2,500,1000N
11033,748,4,DIRG,-,2,500,1000N
11034,748,4,DIRG,-,2,500,1000N
11035,748,4,DIRG,-,2,500,1000N
11036,748,4,DIRG,-,2,500,1000N
11037,748,4,DIRG,-,2,500,1000N
11038,748,4,DIRG,-,2,500,1000N
11039,748,4,DIRG,-,2,500,1000N
11040,748,4,DIRG,-,2,500,1000N
11041,748,4,DIRG,-,2,500,1000N
11042,749,4,DIRG,-,3,500,1000N
11043,749,4,DIRG,-,3,500,1000N
11044,749,4,DIRG,-,3,500,1000N
11045,749,4,DIRG,-,3,500,1000N
11046,749,4,DIRG,-,3,500,1000N
11047,749,4,DIRG,-,3,500,1000N
11048,749,4,DIRG,-,3,500,1000N
11049,749,4,DIRG,-,3,500,1000N
11050,749,4,DIRG,-,3,500,1000N
11051,749,4,DIRG,-,3,500,1000N
11052,750,4,DIRG,-,4,500,1000N
11053,750,4,DIRG,-,4,500,1000N
11054,750,4,DIRG,-,4,500,1000N
11055,750,4,DIRG,-,4,500,1000N
11056,750,4,DIRG,-,4,500,1000N
11057,750,4,DIRG,-,4,500,1000N
11058,750,4,DIRG,-,4,500,1000N
11059,750,4,DIRG,-,4,500,1000N
11060,750,4,DIRG,-,4,500,1000N
11061,750,4,DIRG,-,4,500,1000N
11062,751,4,DIRG,-,5,500,1000N
11063,751,4,DIRG,-,5,500,1000N
11064,751,4,DIRG,-,5,500,1000N
11065,751,4,DIRG,-,5,500,1000N
11066,751,4,DIRG,-,5,500,1000N
11067,751,4,DIRG,-,5,500,1000N
11068,751,4,DIRG,-,5,500,1000N
11069,751,4,DIRG,-,5,500,1000N
11070,751,4,DIRG,-,5,500,1000N
11071,751,4,DIRG,-,5,500,1000N
111222,845,8,MFPT,NK12/12,0,25,25lbs
111223,845,8,MFPT,NK12/12,0,25,25lbs
111224,845,8,MFPT,NK12/12,0,25,25lbs
111225,846,8,MFPT,NK12/12,0,25,50lbs
111226,846,8,MFPT,NK12/12,0,25,50lbs
111227,846,8,MFPT,NK12/12,0,25,50lbs
111228,846,2,MFPT,NK12/12,0,25,50lbs
111229,846,2,MFPT,NK12/12,0,25,50lbs
111230,846,2,MFPT,NK12/12,0,25,50lbs
111231,847,8,MFPT,NK12/12,0,25,100lbs
111232,847,8,MFPT,NK12/12,0,25,100lbs
111233,847,8,MFPT,NK12/12,0,25,100lbs
111234,847,2,MFPT,NK12/12,0,25,100lbs
111235,847,2,MFPT,NK12/12,0,25,100lbs
111236,847,2,MFPT,NK12/12,0,25,100lbs
111237,848,8,MFPT,NK12/12,0,25,150lbs
111238,848,8,MFPT,NK12/12,0,25,150lbs
111239,848,8,MFPT,NK12/12,0,25,150lbs
111240,848,2,MFPT,NK12/12,0,25,150lbs
111241,848,2,MFPT,NK12/12,0,25,150lbs
111242,848,2,MFPT,NK12/12,0,25,150lbs
111243,849,8,MFPT,NK12/12,0,25,200lbs
111244,849,8,MFPT,NK12/12,0,25,200lbs
111245,849,8,MFPT,NK12/12,0,25,200lbs
111246,849,2,MFPT,NK12/12,0,25,200lbs
111247,849,2,MFPT,NK12/12,0,25,200lbs
111248,849,2,MFPT,NK12/12,0,25,200lbs
111249,850,8,MFPT,NK12/12,0,25,250lbs
111250,850,8,MFPT,NK12/12,0,25,250lbs
111251,850,8,MFPT,NK12/12,0,25,250lbs
111252,850,2,MFPT,NK12/12,0,25,250lbs
111253,850,2,MFPT,NK12/12,0,25,250lbs
111254,850,2,MFPT,NK12/12,0,25,250lbs
111255,851,8,MFPT,NK12/12,0,25,300lbs
111256,851,8,MFPT,NK12/12,0,25,300lbs
111257,851,8,MFPT,NK12/12,0,25,300lbs
111258,851,2,MFPT,NK12/12,0,25,300lbs
111259,851,2,MFPT,NK12/12,0,25,300lbs
111260,851,2,MFPT,NK12/12,0,25,300lbs
111261,852,2,MFPT,NK12/12,0,25,0lbs
111262,852,2,MFPT,NK12/12,0,25,0lbs
111263,852,2,MFPT,NK12/12,0,25,0lbs
111264,853,5,NCEPU,NTN NU204 ET2X,0,16,0-3000N
111265,853,5,NCEPU,NTN NU204 ET2X,0,16,0-3000N
111266,853,5,NCEPU,NTN NU204 ET2X,0,16,0-3000N
111267,853,5,NCEPU,NTN NU204 ET2X,0,16,0-3000N
111268,853,5,NCEPU,NTN NU204 ET2X,0,16,0-3000N
111269,853,5,NCEPU,NTN NU204 ET2X,0,16,0-3000N
111270,853,5,NCEPU,NTN NU204 ET2X,0,16,0-3000N
111271,853,5,NCEPU,NTN NU204 ET2X,0,16,0-3000N
111272,853,5,NCEPU,NTN NU204 ET2X,0,16,0-3000N
111273,853,5,NCEPU,NTN NU204 ET2X,0,16,0-3000N
111274,853,5,NCEPU,NTN NU204 ET2X,0,16,0-3000N
111275,853,5,NCEPU,NTN NU204 ET2X,0,16,0-3000N
111276,853,5,NCEPU,NTN NU204 ET2X,0,16,0-3000N
111277,853,5,NCEPU,NTN NU204 ET2X,0,16,0-3000N
111278,853,5,NCEPU,NTN NU204 ET2X,0,16,0-3000N
111279,853,5,NCEPU,NTN NU204 ET2X,0,16,0-3000N
111280,853,5,NCEPU,NTN NU204 ET2X,0,16,0-3000N
111281,853,5,NCEPU,NTN NU204 ET2X,0,16,0-3000N
111282,853,5,NCEPU,NTN NU204 ET2X,0,16,0-3000N
111283,853,5,NCEPU,NTN NU204 ET2X,0,16,0-3000N
111284,854,5,NCEPU,NTN NU204 ET2X,1,16,0-3000N
111285,854,5,NCEPU,NTN NU204 ET2X,1,16,0-3000N
111286,854,5,NCEPU,NTN NU204 ET2X,1,16,0-3000N
111287,854,5,NCEPU,NTN NU204 ET2X,1,16,0-3000N
111288,854,5,NCEPU,NTN NU204 ET2X,1,16,0-3000N
111289,854,5,NCEPU,NTN NU204 ET2X,1,16,0-3000N
111290,854,5,NCEPU,NTN NU204 ET2X,1,16,0-3000N
111291,854,5,NCEPU,NTN NU204 ET2X,1,16,0-3000N
111292,854,5,NCEPU,NTN NU204 ET2X,1,16,0-3000N
111293,854,5,NCEPU,NTN NU204 ET2X,1,16,0-3000N
111294,854,5,NCEPU,NTN NU204 ET2X,1,16,0-3000N
111295,854,5,NCEPU,NTN NU204 ET2X,1,16,0-3000N
111296,854,5,NCEPU,NTN NU204 ET2X,1,16,0-3000N
111297,854,5,NCEPU,NTN NU204 ET2X,1,16,0-3000N
111298,854,5,NCEPU,NTN NU204 ET2X,1,16,0-3000N
111299,854,5,NCEPU,NTN NU204 ET2X,1,16,0-3000N
111300,854,5,NCEPU,NTN NU204 ET2X,1,16,0-3000N
111301,854,5,NCEPU,NTN NU204 ET2X,1,16,0-3000N
111302,854,5,NCEPU,NTN NU204 ET2X,1,16,0-3000N
111303,854,5,NCEPU,NTN NU204 ET2X,1,16,0-3000N
111304,855,5,NCEPU,NTN NU204 ET2X,2,16,0-3000N
111305,855,5,NCEPU,NTN NU204 ET2X,2,16,0-3000N
111306,855,5,NCEPU,NTN NU204 ET2X,2,16,0-3000N
111307,855,5,NCEPU,NTN NU204 ET2X,2,16,0-3000N
111308,855,5,NCEPU,NTN NU204 ET2X,2,16,0-3000N
111309,855,5,NCEPU,NTN NU204 ET2X,2,16,0-3000N
111310,855,5,NCEPU,NTN NU204 ET2X,2,16,0-3000N
111311,855,5,NCEPU,NTN NU204 ET2X,2,16,0-3000N
111312,855,5,NCEPU,NTN NU204 ET2X,2,16,0-3000N
111313,855,5,NCEPU,NTN NU204 ET2X,2,16,0-3000N
111314,855,5,NCEPU,NTN NU204 ET2X,2,16,0-3000N
111315,855,5,NCEPU,NTN NU204 ET2X,2,16,0-3000N
111316,855,5,NCEPU,NTN NU204 ET2X,2,16,0-3000N
111317,855,5,NCEPU,NTN NU204 ET2X,2,16,0-3000N
111318,855,5,NCEPU,NTN NU204 ET2X,2,16,0-3000N
111319,855,5,NCEPU,NTN NU204 ET2X,2,16,0-3000N
111320,855,5,NCEPU,NTN NU204 ET2X,2,16,0-3000N
111321,855,5,NCEPU,NTN NU204 ET2X,2,16,0-3000N
111322,855,5,NCEPU,NTN NU204 ET2X,2,16,0-3000N
111323,855,5,NCEPU,NTN NU204 ET2X,2,16,0-3000N
111324,856,5,NCEPU,NTN NU204 ET2X,3,16,0-3000N
111325,856,5,NCEPU,NTN NU204 ET2X,3,16,0-3000N
111326,856,5,NCEPU,NTN NU204 ET2X,3,16,0-3000N
111327,856,5,NCEPU,NTN NU204 ET2X,3,16,0-3000N
111328,856,5,NCEPU,NTN NU204 ET2X,3,16,0-3000N
111329,856,5,NCEPU,NTN NU204 ET2X,3,16,0-3000N
111330,856,5,NCEPU,NTN NU204 ET2X,3,16,0-3000N
111331,856,5,NCEPU,NTN NU204 ET2X,3,16,0-3000N
111332,856,5,NCEPU,NTN NU204 ET2X,3,16,0-3000N
111333,856,5,NCEPU,NTN NU204 ET2X,3,16,0-3000N
111334,856,5,NCEPU,NTN NU204 ET2X,3,16,0-3000N
111335,856,5,NCEPU,NTN NU204 ET2X,3,16,0-3000N
111336,856,5,NCEPU,NTN NU204 ET2X,3,16,0-3000N
111337,856,5,NCEPU,NTN NU204 ET2X,3,16,0-3000N
111338,856,5,NCEPU,NTN NU204 ET2X,3,16,0-3000N
111339,856,5,NCEPU,NTN NU204 ET2X,3,16,0-3000N
111340,856,5,NCEPU,NTN NU204 ET2X,3,16,0-3000N
111341,856,5,NCEPU,NTN NU204 ET2X,3,16,0-3000N
111342,856,5,NCEPU,NTN NU204 ET2X,3,16,0-3000N
111343,856,5,NCEPU,NTN NU204 ET2X,3,16,0-3000N
111344,857,5,NCEPU,NTN NU204 ET2X,4,16,0-3000N
111345,857,5,NCEPU,NTN NU204 ET2X,4,16,0-3000N
111346,857,5,NCEPU,NTN NU204 ET2X,4,16,0-3000N
111347,857,5,NCEPU,NTN NU204 ET2X,4,16,0-3000N
111348,857,5,NCEPU,NTN NU204 ET2X,4,16,0-3000N
111349,857,5,NCEPU,NTN NU204 ET2X,4,16,0-3000N
111350,857,5,NCEPU,NTN NU204 ET2X,4,16,0-3000N
111351,857,5,NCEPU,NTN NU204 ET2X,4,16,0-3000N
111352,857,5,NCEPU,NTN NU204 ET2X,4,16,0-3000N
111353,857,5,NCEPU,NTN NU204 ET2X,4,16,0-3000N
111354,857,5,NCEPU,NTN NU204 ET2X,4,16,0-3000N
111355,857,5,NCEPU,NTN NU204 ET2X,4,16,0-3000N
111356,857,5,NCEPU,NTN NU204 ET2X,4,16,0-3000N
111357,857,5,NCEPU,NTN NU204 ET2X,4,16,0-3000N
111358,857,5,NCEPU,NTN NU204 ET2X,4,16,0-3000N
111359,857,5,NCEPU,NTN NU204 ET2X,4,16,0-3000N
111360,857,5,NCEPU,NTN NU204 ET2X,4,16,0-3000N
111361,857,5,NCEPU,NTN NU204 ET2X,4,16,0-3000N
111362,857,5,NCEPU,NTN NU204 ET2X,4,16,0-3000N
111363,857,5,NCEPU,NTN NU204 ET2X,4,16,0-3000N
111364,858,5,NCEPU,NTN NU204 ET2X,0,25,0-3000N
111365,858,5,NCEPU,NTN NU204 ET2X,0,25,0-3000N
111366,858,5,NCEPU,NTN NU204 ET2X,0,25,0-3000N
111367,858,5,NCEPU,NTN NU204 ET2X,0,25,0-3000N
111368,858,5,NCEPU,NTN NU204 ET2X,0,25,0-3000N
111369,858,5,NCEPU,NTN NU204 ET2X,0,25,0-3000N
111370,858,5,NCEPU,NTN NU204 ET2X,0,25,0-3000N
111371,858,5,NCEPU,NTN NU204 ET2X,0,25,0-3000N
111372,858,5,NCEPU,NTN NU204 ET2X,0,25,0-3000N
111373,858,5,NCEPU,NTN NU204 ET2X,0,25,0-3000N
111374,858,5,NCEPU,NTN NU204 ET2X,0,25,0-3000N
111375,858,5,NCEPU,NTN NU204 ET2X,0,25,0-3000N
111376,858,5,NCEPU,NTN NU204 ET2X,0,25,0-3000N
111377,858,5,NCEPU,NTN NU204 ET2X,0,25,0-3000N
111378,858,5,NCEPU,NTN NU204 ET2X,0,25,0-3000N
111379,858,5,NCEPU,NTN NU204 ET2X,0,25,0-3000N
111380,858,5,NCEPU,NTN NU204 ET2X,0,25,0-3000N
111381,858,5,NCEPU,NTN NU204 ET2X,0,25,0-3000N
111382,858,5,NCEPU,NTN NU204 ET2X,0,25,0-3000N
111383,858,5,NCEPU,NTN NU204 ET2X,0,25,0-3000N
111384,859,5,NCEPU,NTN NU204 ET2X,1,25,0-3000N
111385,859,5,NCEPU,NTN NU204 ET2X,1,25,0-3000N
111386,859,5,NCEPU,NTN NU204 ET2X,1,25,0-3000N
111387,859,5,NCEPU,NTN NU204 ET2X,1,25,0-3000N
111388,859,5,NCEPU,NTN NU204 ET2X,1,25,0-3000N
111389,859,5,NCEPU,NTN NU204 ET2X,1,25,0-3000N
111390,859,5,NCEPU,NTN NU204 ET2X,1,25,0-3000N
111391,859,5,NCEPU,NTN NU204 ET2X,1,25,0-3000N
111392,859,5,NCEPU,NTN NU204 ET2X,1,25,0-3000N
111393,859,5,NCEPU,NTN NU204 ET2X,1,25,0-3000N
111394,859,5,NCEPU,NTN NU204 ET2X,1,25,0-3000N
111395,859,5,NCEPU,NTN NU204 ET2X,1,25,0-3000N
111396,859,5,NCEPU,NTN NU204 ET2X,1,25,0-3000N
111397,859,5,NCEPU,NTN NU204 ET2X,1,25,0-3000N
111398,859,5,NCEPU,NTN NU204 ET2X,1,25,0-3000N
111399,859,5,NCEPU,NTN NU204 ET2X,1,25,0-3000N
111400,859,5,NCEPU,NTN NU204 ET2X,1,25,0-3000N
111401,859,5,NCEPU,NTN NU204 ET2X,1,25,0-3000N
111402,859,5,NCEPU,NTN NU204 ET2X,1,25,0-3000N
111403,859,5,NCEPU,NTN NU204 ET2X,1,25,0-3000N
111404,860,5,NCEPU,NTN NU204 ET2X,2,25,0-3000N
111405,860,5,NCEPU,NTN NU204 ET2X,2,25,0-3000N
111406,860,5,NCEPU,NTN NU204 ET2X,2,25,0-3000N
111407,860,5,NCEPU,NTN NU204 ET2X,2,25,0-3000N
111408,860,5,NCEPU,NTN NU204 ET2X,2,25,0-3000N
111409,860,5,NCEPU,NTN NU204 ET2X,2,25,0-3000N
111410,860,5,NCEPU,NTN NU204 ET2X,2,25,0-3000N
111411,860,5,NCEPU,NTN NU204 ET2X,2,25,0-3000N
111412,860,5,NCEPU,NTN NU204 ET2X,2,25,0-3000N
111413,860,5,NCEPU,NTN NU204 ET2X,2,25,0-3000N
111414,860,5,NCEPU,NTN NU204 ET2X,2,25,0-3000N
111415,860,5,NCEPU,NTN NU204 ET2X,2,25,0-3000N
111416,860,5,NCEPU,NTN NU204 ET2X,2,25,0-3000N
111417,860,5,NCEPU,NTN NU204 ET2X,2,25,0-3000N
111418,860,5,NCEPU,NTN NU204 ET2X,2,25,0-3000N
111419,860,5,NCEPU,NTN NU204 ET2X,2,25,0-3000N
111420,860,5,NCEPU,NTN NU204 ET2X,2,25,0-3000N
111421,860,5,NCEPU,NTN NU204 ET2X,2,25,0-3000N
111422,860,5,NCEPU,NTN NU204 ET2X,2,25,0-3000N
111423,860,5,NCEPU,NTN NU204 ET2X,2,25,0-3000N
111424,861,5,NCEPU,NTN NU204 ET2X,3,25,0-3000N
111425,861,5,NCEPU,NTN NU204 ET2X,3,25,0-3000N
111426,861,5,NCEPU,NTN NU204 ET2X,3,25,0-3000N
111427,861,5,NCEPU,NTN NU204 ET2X,3,25,0-3000N
111428,861,5,NCEPU,NTN NU204 ET2X,3,25,0-3000N
111429,861,5,NCEPU,NTN NU204 ET2X,3,25,0-3000N
111430,861,5,NCEPU,NTN NU204 ET2X,3,25,0-3000N
111431,861,5,NCEPU,NTN NU204 ET2X,3,25,0-3000N
111432,861,5,NCEPU,NTN NU204 ET2X,3,25,0-3000N
111433,861,5,NCEPU,NTN NU204 ET2X,3,25,0-3000N
111434,861,5,NCEPU,NTN NU204 ET2X,3,25,0-3000N
111435,861,5,NCEPU,NTN NU204 ET2X,3,25,0-3000N
111436,861,5,NCEPU,NTN NU204 ET2X,3,25,0-3000N
111437,861,5,NCEPU,NTN NU204 ET2X,3,25,0-3000N
111438,861,5,NCEPU,NTN NU204 ET2X,3,25,0-3000N
111439,861,5,NCEPU,NTN NU204 ET2X,3,25,0-3000N
111440,861,5,NCEPU,NTN NU204 ET2X,3,25,0-3000N
111441,861,5,NCEPU,NTN NU204 ET2X,3,25,0-3000N
111442,861,5,NCEPU,NTN NU204 ET2X,3,25,0-3000N
111443,861,5,NCEPU,NTN NU204 ET2X,3,25,0-3000N
111444,862,5,NCEPU,NTN NU204 ET2X,4,25,0-3000N
111445,862,5,NCEPU,NTN NU204 ET2X,4,25,0-3000N
111446,862,5,NCEPU,NTN NU204 ET2X,4,25,0-3000N
111447,862,5,NCEPU,NTN NU204 ET2X,4,25,0-3000N
111448,862,5,NCEPU,NTN NU204 ET2X,4,25,0-3000N
111449,862,5,NCEPU,NTN NU204 ET2X,4,25,0-3000N
111450,862,5,NCEPU,NTN NU204 ET2X,4,25,0-3000N
111451,862,5,NCEPU,NTN NU204 ET2X,4,25,0-3000N
111452,862,5,NCEPU,NTN NU204 ET2X,4,25,0-3000N
111453,862,5,NCEPU,NTN NU204 ET2X,4,25,0-3000N
111454,862,5,NCEPU,NTN NU204 ET2X,4,25,0-3000N
111455,862,5,NCEPU,NTN NU204 ET2X,4,25,0-3000N
111456,862,5,NCEPU,NTN NU204 ET2X,4,25,0-3000N
111457,862,5,NCEPU,NTN NU204 ET2X,4,25,0-3000N
111458,862,5,NCEPU,NTN NU204 ET2X,4,25,0-3000N
111459,862,5,NCEPU,NTN NU204 ET2X,4,25,0-3000N
111460,862,5,NCEPU,NTN NU204 ET2X,4,25,0-3000N
111461,862,5,NCEPU,NTN NU204 ET2X,4,25,0-3000N
111462,862,5,NCEPU,NTN NU204 ET2X,4,25,0-3000N
111463,862,5,NCEPU,NTN NU204 ET2X,4,25,0-3000N
111464,863,5,NCEPU,NTN NU204 ET2X,0,8,0-3000N
111465,863,5,NCEPU,NTN NU204 ET2X,0,8,0-3000N
111466,863,5,NCEPU,NTN NU204 ET2X,0,8,0-3000N
111467,863,5,NCEPU,NTN NU204 ET2X,0,8,0-3000N
111468,863,5,NCEPU,NTN NU204 ET2X,0,8,0-3000N
111469,863,5,NCEPU,NTN NU204 ET2X,0,8,0-3000N
111470,863,5,NCEPU,NTN NU204 ET2X,0,8,0-3000N
111471,863,5,NCEPU,NTN NU204 ET2X,0,8,0-3000N
111472,863,5,NCEPU,NTN NU204 ET2X,0,8,0-3000N
111473,863,5,NCEPU,NTN NU204 ET2X,0,8,0-3000N
111474,863,5,NCEPU,NTN NU204 ET2X,0,8,0-3000N
111475,863,5,NCEPU,NTN NU204 ET2X,0,8,0-3000N
111476,863,5,NCEPU,NTN NU204 ET2X,0,8,0-3000N
111477,863,5,NCEPU,NTN NU204 ET2X,0,8,0-3000N
111478,863,5,NCEPU,NTN NU204 ET2X,0,8,0-3000N
111479,863,5,NCEPU,NTN NU204 ET2X,0,8,0-3000N
111480,863,5,NCEPU,NTN NU204 ET2X,0,8,0-3000N
111481,863,5,NCEPU,NTN NU204 ET2X,0,8,0-3000N
111482,863,5,NCEPU,NTN NU204 ET2X,0,8,0-3000N
111483,863,5,NCEPU,NTN NU204 ET2X,0,8,0-3000N
111484,864,5,NCEPU,NTN NU204 ET2X,1,8,0-3000N
111485,864,5,NCEPU,NTN NU204 ET2X,1,8,0-3000N
111486,864,5,NCEPU,NTN NU204 ET2X,1,8,0-3000N
111487,864,5,NCEPU,NTN NU204 ET2X,1,8,0-3000N
111488,864,5,NCEPU,NTN NU204 ET2X,1,8,0-3000N
111489,864,5,NCEPU,NTN NU204 ET2X,1,8,0-3000N
111490,864,5,NCEPU,NTN NU204 ET2X,1,8,0-3000N
111491,864,5,NCEPU,NTN NU204 ET2X,1,8,0-3000N
111492,864,5,NCEPU,NTN NU204 ET2X,1,8,0-3000N
111493,864,5,NCEPU,NTN NU204 ET2X,1,8,0-3000N
111494,864,5,NCEPU,NTN NU204 ET2X,1,8,0-3000N
111495,864,5,NCEPU,NTN NU204 ET2X,1,8,0-3000N
111496,864,5,NCEPU,NTN NU204 ET2X,1,8,0-3000N
111497,864,5,NCEPU,NTN NU204 ET2X,1,8,0-3000N
111498,864,5,NCEPU,NTN NU204 ET2X,1,8,0-3000N
111499,864,5,NCEPU,NTN NU204 ET2X,1,8,0-3000N
111500,864,5,NCEPU,NTN NU204 ET2X,1,8,0-3000N
111501,864,5,NCEPU,NTN NU204 ET2X,1,8,0-3000N
111502,864,5,NCEPU,NTN NU204 ET2X,1,8,0-3000N
111503,864,5,NCEPU,NTN NU204 ET2X,1,8,0-3000N
111504,865,5,NCEPU,NTN NU204 ET2X,2,8,0-3000N
111505,865,5,NCEPU,NTN NU204 ET2X,2,8,0-3000N
111506,865,5,NCEPU,NTN NU204 ET2X,2,8,0-3000N
111507,865,5,NCEPU,NTN NU204 ET2X,2,8,0-3000N
111508,865,5,NCEPU,NTN NU204 ET2X,2,8,0-3000N
111509,865,5,NCEPU,NTN NU204 ET2X,2,8,0-3000N
111510,865,5,NCEPU,NTN NU204 ET2X,2,8,0-3000N
111511,865,5,NCEPU,NTN NU204 ET2X,2,8,0-3000N
111512,865,5,NCEPU,NTN NU204 ET2X,2,8,0-3000N
111513,865,5,NCEPU,NTN NU204 ET2X,2,8,0-3000N
111514,865,5,NCEPU,NTN NU204 ET2X,2,8,0-3000N
111515,865,5,NCEPU,NTN NU204 ET2X,2,8,0-3000N
111516,865,5,NCEPU,NTN NU204 ET2X,2,8,0-3000N
111517,865,5,NCEPU,NTN NU204 ET2X,2,8,0-3000N
111518,865,5,NCEPU,NTN NU204 ET2X,2,8,0-3000N
111519,865,5,NCEPU,NTN NU204 ET2X,2,8,0-3000N
111520,865,5,NCEPU,NTN NU204 ET2X,2,8,0-3000N
111521,865,5,NCEPU,NTN NU204 ET2X,2,8,0-3000N
111522,865,5,NCEPU,NTN NU204 ET2X,2,8,0-3000N
111523,865,5,NCEPU,NTN NU204 ET2X,2,8,0-3000N
111524,866,5,NCEPU,NTN NU204 ET2X,3,8,0-3000N
111525,866,5,NCEPU,NTN NU204 ET2X,3,8,0-3000N
111526,866,5,NCEPU,NTN NU204 ET2X,3,8,0-3000N
111527,866,5,NCEPU,NTN NU204 ET2X,3,8,0-3000N
111528,866,5,NCEPU,NTN NU204 ET2X,3,8,0-3000N
111529,866,5,NCEPU,NTN NU204 ET2X,3,8,0-3000N
111530,866,5,NCEPU,NTN NU204 ET2X,3,8,0-3000N
111531,866,5,NCEPU,NTN NU204 ET2X,3,8,0-3000N
111532,866,5,NCEPU,NTN NU204 ET2X,3,8,0-3000N
111533,866,5,NCEPU,NTN NU204 ET2X,3,8,0-3000N
111534,866,5,NCEPU,NTN NU204 ET2X,3,8,0-3000N
111535,866,5,NCEPU,NTN NU204 ET2X,3,8,0-3000N
111536,866,5,NCEPU,NTN NU204 ET2X,3,8,0-3000N
111537,866,5,NCEPU,NTN NU204 ET2X,3,8,0-3000N
111538,866,5,NCEPU,NTN NU204 ET2X,3,8,0-3000N
111539,866,5,NCEPU,NTN NU204 ET2X,3,8,0-3000N
111540,866,5,NCEPU,NTN NU204 ET2X,3,8,0-3000N
111541,866,5,NCEPU,NTN NU204 ET2X,3,8,0-3000N
111542,866,5,NCEPU,NTN NU204 ET2X,3,8,0-3000N
111543,866,5,NCEPU,NTN NU204 ET2X,3,8,0-3000N
111544,867,5,NCEPU,NTN NU204 ET2X,4,8,0-3000N
111545,867,5,NCEPU,NTN NU204 ET2X,4,8,0-3000N
111546,867,5,NCEPU,NTN NU204 ET2X,4,8,0-3000N
111547,867,5,NCEPU,NTN NU204 ET2X,4,8,0-3000N
111548,867,5,NCEPU,NTN NU204 ET2X,4,8,0-3000N
111549,867,5,NCEPU,NTN NU204 ET2X,4,8,0-3000N
111550,867,5,NCEPU,NTN NU204 ET2X,4,8,0-3000N
111551,867,5,NCEPU,NTN NU204 ET2X,4,8,0-3000N
111552,867,5,NCEPU,NTN NU204 ET2X,4,8,0-3000N
111553,867,5,NCEPU,NTN NU204 ET2X,4,8,0-3000N
111554,867,5,NCEPU,NTN NU204 ET2X,4,8,0-3000N
111555,867,5,NCEPU,NTN NU204 ET2X,4,8,0-3000N
111556,867,5,NCEPU,NTN NU204 ET2X,4,8,0-3000N
111557,867,5,NCEPU,NTN NU204 ET2X,4,8,0-3000N
111558,867,5,NCEPU,NTN NU204 ET2X,4,8,0-3000N
111559,867,5,NCEPU,NTN NU204 ET2X,4,8,0-3000N
111560,867,5,NCEPU,NTN NU204 ET2X,4,8,0-3000N
111561,867,5,NCEPU,NTN NU204 ET2X,4,8,0-3000N
111562,867,5,NCEPU,NTN NU204 ET2X,4,8,0-3000N
111563,867,5,NCEPU,NTN NU204 ET2X,4,8,0-3000N
111564,868,5,NCEPU,NTN NU204 ET2X,0,16,0
111565,868,5,NCEPU,NTN NU204 ET2X,0,16,0
111566,868,5,NCEPU,NTN NU204 ET2X,0,16,0
111567,868,5,NCEPU,NTN NU204 ET2X,0,16,0
111568,868,5,NCEPU,NTN NU204 ET2X,0,16,0
111569,868,5,NCEPU,NTN NU204 ET2X,0,16,0
111570,868,5,NCEPU,NTN NU204 ET2X,0,16,0
111571,868,5,NCEPU,NTN NU204 ET2X,0,16,0
111572,868,5,NCEPU,NTN NU204 ET2X,0,16,0
111573,868,5,NCEPU,NTN NU204 ET2X,0,16,0
111574,868,5,NCEPU,NTN NU204 ET2X,0,16,0
111575,868,5,NCEPU,NTN NU204 ET2X,0,16,0
111576,868,5,NCEPU,NTN NU204 ET2X,0,16,0
111577,868,5,NCEPU,NTN NU204 ET2X,0,16,0
111578,868,5,NCEPU,NTN NU204 ET2X,0,16,0
111579,868,5,NCEPU,NTN NU204 ET2X,0,16,0
111580,868,5,NCEPU,NTN NU204 ET2X,0,16,0
111581,868,5,NCEPU,NTN NU204 ET2X,0,16,0
111582,868,5,NCEPU,NTN NU204 ET2X,0,16,0
111583,868,5,NCEPU,NTN NU204 ET2X,0,16,0
111584,869,5,NCEPU,NTN NU204 ET2X,1,16,0
111585,869,5,NCEPU,NTN NU204 ET2X,1,16,0
111586,869,5,NCEPU,NTN NU204 ET2X,1,16,0
111587,869,5,NCEPU,NTN NU204 ET2X,1,16,0
111588,869,5,NCEPU,NTN NU204 ET2X,1,16,0
111589,869,5,NCEPU,NTN NU204 ET2X,1,16,0
111590,869,5,NCEPU,NTN NU204 ET2X,1,16,0
111591,869,5,NCEPU,NTN NU204 ET2X,1,16,0
111592,869,5,NCEPU,NTN NU204 ET2X,1,16,0
111593,869,5,NCEPU,NTN NU204 ET2X,1,16,0
111594,869,5,NCEPU,NTN NU204 ET2X,1,16,0
111595,869,5,NCEPU,NTN NU204 ET2X,1,16,0
111596,869,5,NCEPU,NTN NU204 ET2X,1,16,0
111597,869,5,NCEPU,NTN NU204 ET2X,1,16,0
111598,869,5,NCEPU,NTN NU204 ET2X,1,16,0
111599,869,5,NCEPU,NTN NU204 ET2X,1,16,0
111600,869,5,NCEPU,NTN NU204 ET2X,1,16,0
111601,869,5,NCEPU,NTN NU204 ET2X,1,16,0
111602,869,5,NCEPU,NTN NU204 ET2X,1,16,0
111603,869,5,NCEPU,NTN NU204 ET2X,1,16,0
111604,870,5,NCEPU,NTN NU204 ET2X,2,16,0
111605,870,5,NCEPU,NTN NU204 ET2X,2,16,0
111606,870,5,NCEPU,NTN NU204 ET2X,2,16,0
111607,870,5,NCEPU,NTN NU204 ET2X,2,16,0
111608,870,5,NCEPU,NTN NU204 ET2X,2,16,0
111609,870,5,NCEPU,NTN NU204 ET2X,2,16,0
111610,870,5,NCEPU,NTN NU204 ET2X,2,16,0
111611,870,5,NCEPU,NTN NU204 ET2X,2,16,0
111612,870,5,NCEPU,NTN NU204 ET2X,2,16,0
111613,870,5,NCEPU,NTN NU204 ET2X,2,16,0
111614,870,5,NCEPU,NTN NU204 ET2X,2,16,0
111615,870,5,NCEPU,NTN NU204 ET2X,2,16,0
111616,870,5,NCEPU,NTN NU204 ET2X,2,16,0
111617,870,5,NCEPU,NTN NU204 ET2X,2,16,0
111618,870,5,NCEPU,NTN NU204 ET2X,2,16,0
111619,870,5,NCEPU,NTN NU204 ET2X,2,16,0
111620,870,5,NCEPU,NTN NU204 ET2X,2,16,0
111621,870,5,NCEPU,NTN NU204 ET2X,2,16,0
111622,870,5,NCEPU,NTN NU204 ET2X,2,16,0
111623,870,5,NCEPU,NTN NU204 ET2X,2,16,0
111624,871,5,NCEPU,NTN NU204 ET2X,3,16,0
111625,871,5,NCEPU,NTN NU204 ET2X,3,16,0
111626,871,5,NCEPU,NTN NU204 ET2X,3,16,0
111627,871,5,NCEPU,NTN NU204 ET2X,3,16,0
111628,871,5,NCEPU,NTN NU204 ET2X,3,16,0
111629,871,5,NCEPU,NTN NU204 ET2X,3,16,0
111630,871,5,NCEPU,NTN NU204 ET2X,3,16,0
111631,871,5,NCEPU,NTN NU204 ET2X,3,16,0
111632,871,5,NCEPU,NTN NU204 ET2X,3,16,0
111633,871,5,NCEPU,NTN NU204 ET2X,3,16,0
111634,871,5,NCEPU,NTN NU204 ET2X,3,16,0
111635,871,5,NCEPU,NTN NU204 ET2X,3,16,0
111636,871,5,NCEPU,NTN NU204 ET2X,3,16,0
111637,871,5,NCEPU,NTN NU204 ET2X,3,16,0
111638,871,5,NCEPU,NTN NU204 ET2X,3,16,0
111639,871,5,NCEPU,NTN NU204 ET2X,3,16,0
111640,871,5,NCEPU,NTN NU204 ET2X,3,16,0
111641,871,5,NCEPU,NTN NU204 ET2X,3,16,0
111642,871,5,NCEPU,NTN NU204 ET2X,3,16,0
111643,871,5,NCEPU,NTN NU204 ET2X,3,16,0
111644,872,5,NCEPU,NTN NU204 ET2X,4,16,0
111645,872,5,NCEPU,NTN NU204 ET2X,4,16,0
111646,872,5,NCEPU,NTN NU204 ET2X,4,16,0
111647,872,5,NCEPU,NTN NU204 ET2X,4,16,0
111648,872,5,NCEPU,NTN NU204 ET2X,4,16,0
111649,872,5,NCEPU,NTN NU204 ET2X,4,16,0
111650,872,5,NCEPU,NTN NU204 ET2X,4,16,0
111651,872,5,NCEPU,NTN NU204 ET2X,4,16,0
111652,872,5,NCEPU,NTN NU204 ET2X,4,16,0
111653,872,5,NCEPU,NTN NU204 ET2X,4,16,0
111654,872,5,NCEPU,NTN NU204 ET2X,4,16,0
111655,872,5,NCEPU,NTN NU204 ET2X,4,16,0
111656,872,5,NCEPU,NTN NU204 ET2X,4,16,0
111657,872,5,NCEPU,NTN NU204 ET2X,4,16,0
111658,872,5,NCEPU,NTN NU204 ET2X,4,16,0
111659,872,5,NCEPU,NTN NU204 ET2X,4,16,0
111660,872,5,NCEPU,NTN NU204 ET2X,4,16,0
111661,872,5,NCEPU,NTN NU204 ET2X,4,16,0
111662,872,5,NCEPU,NTN NU204 ET2X,4,16,0
111663,872,5,NCEPU,NTN NU204 ET2X,4,16,0
111664,873,5,NCEPU,NTN NU204 ET2X,0,25,0
111665,873,5,NCEPU,NTN NU204 ET2X,0,25,0
111666,873,5,NCEPU,NTN NU204 ET2X,0,25,0
111667,873,5,NCEPU,NTN NU204 ET2X,0,25,0
111668,873,5,NCEPU,NTN NU204 ET2X,0,25,0
111669,873,5,NCEPU,NTN NU204 ET2X,0,25,0
111670,873,5,NCEPU,NTN NU204 ET2X,0,25,0
111671,873,5,NCEPU,NTN NU204 ET2X,0,25,0
111672,873,5,NCEPU,NTN NU204 ET2X,0,25,0
111673,873,5,NCEPU,NTN NU204 ET2X,0,25,0
111674,873,5,NCEPU,NTN NU204 ET2X,0,25,0
111675,873,5,NCEPU,NTN NU204 ET2X,0,25,0
111676,873,5,NCEPU,NTN NU204 ET2X,0,25,0
111677,873,5,NCEPU,NTN NU204 ET2X,0,25,0
111678,873,5,NCEPU,NTN NU204 ET2X,0,25,0
111679,873,5,NCEPU,NTN NU204 ET2X,0,25,0
111680,873,5,NCEPU,NTN NU204 ET2X,0,25,0
111681,873,5,NCEPU,NTN NU204 ET2X,0,25,0
111682,873,5,NCEPU,NTN NU204 ET2X,0,25,0
111683,873,5,NCEPU,NTN NU204 ET2X,0,25,0
111684,874,5,NCEPU,NTN NU204 ET2X,1,25,0
111685,874,5,NCEPU,NTN NU204 ET2X,1,25,0
111686,874,5,NCEPU,NTN NU204 ET2X,1,25,0
111687,874,5,NCEPU,NTN NU204 ET2X,1,25,0
111688,874,5,NCEPU,NTN NU204 ET2X,1,25,0
111689,874,5,NCEPU,NTN NU204 ET2X,1,25,0
111690,874,5,NCEPU,NTN NU204 ET2X,1,25,0
111691,874,5,NCEPU,NTN NU204 ET2X,1,25,0
111692,874,5,NCEPU,NTN NU204 ET2X,1,25,0
111693,874,5,NCEPU,NTN NU204 ET2X,1,25,0
111694,874,5,NCEPU,NTN NU204 ET2X,1,25,0
111695,874,5,NCEPU,NTN NU204 ET2X,1,25,0
111696,874,5,NCEPU,NTN NU204 ET2X,1,25,0
111697,874,5,NCEPU,NTN NU204 ET2X,1,25,0
111698,874,5,NCEPU,NTN NU204 ET2X,1,25,0
111699,874,5,NCEPU,NTN NU204 ET2X,1,25,0
111700,874,5,NCEPU,NTN NU204 ET2X,1,25,0
111701,874,5,NCEPU,NTN NU204 ET2X,1,25,0
111702,874,5,NCEPU,NTN NU204 ET2X,1,25,0
111703,874,5,NCEPU,NTN NU204 ET2X,1,25,0
111704,875,5,NCEPU,NTN NU204 ET2X,2,25,0
111705,875,5,NCEPU,NTN NU204 ET2X,2,25,0
111706,875,5,NCEPU,NTN NU204 ET2X,2,25,0
111707,875,5,NCEPU,NTN NU204 ET2X,2,25,0
111708,875,5,NCEPU,NTN NU204 ET2X,2,25,0
111709,875,5,NCEPU,NTN NU204 ET2X,2,25,0
111710,875,5,NCEPU,NTN NU204 ET2X,2,25,0
111711,875,5,NCEPU,NTN NU204 ET2X,2,25,0
111712,875,5,NCEPU,NTN NU204 ET2X,2,25,0
111713,875,5,NCEPU,NTN NU204 ET2X,2,25,0
111714,875,5,NCEPU,NTN NU204 ET2X,2,25,0
111715,875,5,NCEPU,NTN NU204 ET2X,2,25,0
111716,875,5,NCEPU,NTN NU204 ET2X,2,25,0
111717,875,5,NCEPU,NTN NU204 ET2X,2,25,0
111718,875,5,NCEPU,NTN NU204 ET2X,2,25,0
111719,875,5,NCEPU,NTN NU204 ET2X,2,25,0
111720,875,5,NCEPU,NTN NU204 ET2X,2,25,0
111721,875,5,NCEPU,NTN NU204 ET2X,2,25,0
111722,875,5,NCEPU,NTN NU204 ET2X,2,25,0
111723,875,5,NCEPU,NTN NU204 ET2X,2,25,0
111724,876,5,NCEPU,NTN NU204 ET2X,3,25,0
111725,876,5,NCEPU,NTN NU204 ET2X,3,25,0
111726,876,5,NCEPU,NTN NU204 ET2X,3,25,0
111727,876,5,NCEPU,NTN NU204 ET2X,3,25,0
111728,876,5,NCEPU,NTN NU204 ET2X,3,25,0
111729,876,5,NCEPU,NTN NU204 ET2X,3,25,0
111730,876,5,NCEPU,NTN NU204 ET2X,3,25,0
111731,876,5,NCEPU,NTN NU204 ET2X,3,25,0
111732,876,5,NCEPU,NTN NU204 ET2X,3,25,0
111733,876,5,NCEPU,NTN NU204 ET2X,3,25,0
111734,876,5,NCEPU,NTN NU204 ET2X,3,25,0
111735,876,5,NCEPU,NTN NU204 ET2X,3,25,0
111736,876,5,NCEPU,NTN NU204 ET2X,3,25,0
111737,876,5,NCEPU,NTN NU204 ET2X,3,25,0
111738,876,5,NCEPU,NTN NU204 ET2X,3,25,0
111739,876,5,NCEPU,NTN NU204 ET2X,3,25,0
111740,876,5,NCEPU,NTN NU204 ET2X,3,25,0
111741,876,5,NCEPU,NTN NU204 ET2X,3,25,0
111742,876,5,NCEPU,NTN NU204 ET2X,3,25,0
111743,876,5,NCEPU,NTN NU204 ET2X,3,25,0
111744,877,5,NCEPU,NTN NU204 ET2X,4,25,0
111745,877,5,NCEPU,NTN NU204 ET2X,4,25,0
111746,877,5,NCEPU,NTN NU204 ET2X,4,25,0
111747,877,5,NCEPU,NTN NU204 ET2X,4,25,0
111748,877,5,NCEPU,NTN NU204 ET2X,4,25,0
111749,877,5,NCEPU,NTN NU204 ET2X,4,25,0
111750,877,5,NCEPU,NTN NU204 ET2X,4,25,0
111751,877,5,NCEPU,NTN NU204 ET2X,4,25,0
111752,877,5,NCEPU,NTN NU204 ET2X,4,25,0
111753,877,5,NCEPU,NTN NU204 ET2X,4,25,0
111754,877,5,NCEPU,NTN NU204 ET2X,4,25,0
111755,877,5,NCEPU,NTN NU204 ET2X,4,25,0
111756,877,5,NCEPU,NTN NU204 ET2X,4,25,0
111757,877,5,NCEPU,NTN NU204 ET2X,4,25,0
111758,877,5,NCEPU,NTN NU204 ET2X,4,25,0
111759,877,5,NCEPU,NTN NU204 ET2X,4,25,0
111760,877,5,NCEPU,NTN NU204 ET2X,4,25,0
111761,877,5,NCEPU,NTN NU204 ET2X,4,25,0
111762,877,5,NCEPU,NTN NU204 ET2X,4,25,0
111763,877,5,NCEPU,NTN NU204 ET2X,4,25,0
111764,878,5,NCEPU,NTN NU204 ET2X,0,8,0
111765,878,5,NCEPU,NTN NU204 ET2X,0,8,0
111766,878,5,NCEPU,NTN NU204 ET2X,0,8,0
111767,878,5,NCEPU,NTN NU204 ET2X,0,8,0
111768,878,5,NCEPU,NTN NU204 ET2X,0,8,0
111769,878,5,NCEPU,NTN NU204 ET2X,0,8,0
111770,878,5,NCEPU,NTN NU204 ET2X,0,8,0
111771,878,5,NCEPU,NTN NU204 ET2X,0,8,0
111772,878,5,NCEPU,NTN NU204 ET2X,0,8,0
111773,878,5,NCEPU,NTN NU204 ET2X,0,8,0
111774,878,5,NCEPU,NTN NU204 ET2X,0,8,0
111775,878,5,NCEPU,NTN NU204 ET2X,0,8,0
111776,878,5,NCEPU,NTN NU204 ET2X,0,8,0
111777,878,5,NCEPU,NTN NU204 ET2X,0,8,0
111778,878,5,NCEPU,NTN NU204 ET2X,0,8,0
111779,878,5,NCEPU,NTN NU204 ET2X,0,8,0
111780,878,5,NCEPU,NTN NU204 ET2X,0,8,0
111781,878,5,NCEPU,NTN NU204 ET2X,0,8,0
111782,878,5,NCEPU,NTN NU204 ET2X,0,8,0
111783,878,5,NCEPU,NTN NU204 ET2X,0,8,0
111784,879,5,NCEPU,NTN NU204 ET2X,1,8,0
111785,879,5,NCEPU,NTN NU204 ET2X,1,8,0
111786,879,5,NCEPU,NTN NU204 ET2X,1,8,0
111787,879,5,NCEPU,NTN NU204 ET2X,1,8,0
111788,879,5,NCEPU,NTN NU204 ET2X,1,8,0
111789,879,5,NCEPU,NTN NU204 ET2X,1,8,0
111790,879,5,NCEPU,NTN NU204 ET2X,1,8,0
111791,879,5,NCEPU,NTN NU204 ET2X,1,8,0
111792,879,5,NCEPU,NTN NU204 ET2X,1,8,0
111793,879,5,NCEPU,NTN NU204 ET2X,1,8,0
111794,879,5,NCEPU,NTN NU204 ET2X,1,8,0
111795,879,5,NCEPU,NTN NU204 ET2X,1,8,0
111796,879,5,NCEPU,NTN NU204 ET2X,1,8,0
111797,879,5,NCEPU,NTN NU204 ET2X,1,8,0
111798,879,5,NCEPU,NTN NU204 ET2X,1,8,0
111799,879,5,NCEPU,NTN NU204 ET2X,1,8,0
111800,879,5,NCEPU,NTN NU204 ET2X,1,8,0
111801,879,5,NCEPU,NTN NU204 ET2X,1,8,0
111802,879,5,NCEPU,NTN NU204 ET2X,1,8,0
111803,879,5,NCEPU,NTN NU204 ET2X,1,8,0
111804,880,5,NCEPU,NTN NU204 ET2X,2,8,0
111805,880,5,NCEPU,NTN NU204 ET2X,2,8,0
111806,880,5,NCEPU,NTN NU204 ET2X,2,8,0
111807,880,5,NCEPU,NTN NU204 ET2X,2,8,0
111808,880,5,NCEPU,NTN NU204 ET2X,2,8,0
111809,880,5,NCEPU,NTN NU204 ET2X,2,8,0
111810,880,5,NCEPU,NTN NU204 ET2X,2,8,0
111811,880,5,NCEPU,NTN NU204 ET2X,2,8,0
111812,880,5,NCEPU,NTN NU204 ET2X,2,8,0
111813,880,5,NCEPU,NTN NU204 ET2X,2,8,0
111814,880,5,NCEPU,NTN NU204 ET2X,2,8,0
111815,880,5,NCEPU,NTN NU204 ET2X,2,8,0
111816,880,5,NCEPU,NTN NU204 ET2X,2,8,0
111817,880,5,NCEPU,NTN NU204 ET2X,2,8,0
111818,880,5,NCEPU,NTN NU204 ET2X,2,8,0
111819,880,5,NCEPU,NTN NU204 ET2X,2,8,0
111820,880,5,NCEPU,NTN NU204 ET2X,2,8,0
111821,880,5,NCEPU,NTN NU204 ET2X,2,8,0
111822,880,5,NCEPU,NTN NU204 ET2X,2,8,0
111823,880,5,NCEPU,NTN NU204 ET2X,2,8,0
111824,881,5,NCEPU,NTN NU204 ET2X,3,8,0
111825,881,5,NCEPU,NTN NU204 ET2X,3,8,0
111826,881,5,NCEPU,NTN NU204 ET2X,3,8,0
111827,881,5,NCEPU,NTN NU204 ET2X,3,8,0
111828,881,5,NCEPU,NTN NU204 ET2X,3,8,0
111829,881,5,NCEPU,NTN NU204 ET2X,3,8,0
111830,881,5,NCEPU,NTN NU204 ET2X,3,8,0
111831,881,5,NCEPU,NTN NU204 ET2X,3,8,0
111832,881,5,NCEPU,NTN NU204 ET2X,3,8,0
111833,881,5,NCEPU,NTN NU204 ET2X,3,8,0
111834,881,5,NCEPU,NTN NU204 ET2X,3,8,0
111835,881,5,NCEPU,NTN NU204 ET2X,3,8,0
111836,881,5,NCEPU,NTN NU204 ET2X,3,8,0
111837,881,5,NCEPU,NTN NU204 ET2X,3,8,0
111838,881,5,NCEPU,NTN NU204 ET2X,3,8,0
111839,881,5,NCEPU,NTN NU204 ET2X,3,8,0
111840,881,5,NCEPU,NTN NU204 ET2X,3,8,0
111841,881,5,NCEPU,NTN NU204 ET2X,3,8,0
111842,881,5,NCEPU,NTN NU204 ET2X,3,8,0
111843,881,5,NCEPU,NTN NU204 ET2X,3,8,0
111844,882,5,NCEPU,NTN NU204 ET2X,4,8,0
111845,882,5,NCEPU,NTN NU204 ET2X,4,8,0
111846,882,5,NCEPU,NTN NU204 ET2X,4,8,0
111847,882,5,NCEPU,NTN NU204 ET2X,4,8,0
111848,882,5,NCEPU,NTN NU204 ET2X,4,8,0
111849,882,5,NCEPU,NTN NU204 ET2X,4,8,0
111850,882,5,NCEPU,NTN NU204 ET2X,4,8,0
111851,882,5,NCEPU,NTN NU204 ET2X,4,8,0
111852,882,5,NCEPU,NTN NU204 ET2X,4,8,0
111853,882,5,NCEPU,NTN NU204 ET2X,4,8,0
111854,882,5,NCEPU,NTN NU204 ET2X,4,8,0
111855,882,5,NCEPU,NTN NU204 ET2X,4,8,0
111856,882,5,NCEPU,NTN NU204 ET2X,4,8,0
111857,882,5,NCEPU,NTN NU204 ET2X,4,8,0
111858,882,5,NCEPU,NTN NU204 ET2X,4,8,0
111859,882,5,NCEPU,NTN NU204 ET2X,4,8,0
111860,882,5,NCEPU,NTN NU204 ET2X,4,8,0
111861,882,5,NCEPU,NTN NU204 ET2X,4,8,0
111862,882,5,NCEPU,NTN NU204 ET2X,4,8,0
111863,882,5,NCEPU,NTN NU204 ET2X,4,8,0
111864,883,5,NCEPU,NTN NU204 ET2X,0,16,1500N
111865,883,5,NCEPU,NTN NU204 ET2X,0,16,1500N
111866,883,5,NCEPU,NTN NU204 ET2X,0,16,1500N
111867,883,5,NCEPU,NTN NU204 ET2X,0,16,1500N
111868,883,5,NCEPU,NTN NU204 ET2X,0,16,1500N
111869,883,5,NCEPU,NTN NU204 ET2X,0,16,1500N
111870,883,5,NCEPU,NTN NU204 ET2X,0,16,1500N
111871,883,5,NCEPU,NTN NU204 ET2X,0,16,1500N
111872,883,5,NCEPU,NTN NU204 ET2X,0,16,1500N
111873,883,5,NCEPU,NTN NU204 ET2X,0,16,1500N
111874,883,5,NCEPU,NTN NU204 ET2X,0,16,1500N
111875,883,5,NCEPU,NTN NU204 ET2X,0,16,1500N
111876,883,5,NCEPU,NTN NU204 ET2X,0,16,1500N
111877,883,5,NCEPU,NTN NU204 ET2X,0,16,1500N
111878,883,5,NCEPU,NTN NU204 ET2X,0,16,1500N
111879,883,5,NCEPU,NTN NU204 ET2X,0,16,1500N
111880,883,5,NCEPU,NTN NU204 ET2X,0,16,1500N
111881,883,5,NCEPU,NTN NU204 ET2X,0,16,1500N
111882,883,5,NCEPU,NTN NU204 ET2X,0,16,1500N
111883,883,5,NCEPU,NTN NU204 ET2X,0,16,1500N
111884,884,5,NCEPU,NTN NU204 ET2X,1,16,1500N
111885,884,5,NCEPU,NTN NU204 ET2X,1,16,1500N
111886,884,5,NCEPU,NTN NU204 ET2X,1,16,1500N
111887,884,5,NCEPU,NTN NU204 ET2X,1,16,1500N
111888,884,5,NCEPU,NTN NU204 ET2X,1,16,1500N
111889,884,5,NCEPU,NTN NU204 ET2X,1,16,1500N
111890,884,5,NCEPU,NTN NU204 ET2X,1,16,1500N
111891,884,5,NCEPU,NTN NU204 ET2X,1,16,1500N
111892,884,5,NCEPU,NTN NU204 ET2X,1,16,1500N
111893,884,5,NCEPU,NTN NU204 ET2X,1,16,1500N
111894,884,5,NCEPU,NTN NU204 ET2X,1,16,1500N
111895,884,5,NCEPU,NTN NU204 ET2X,1,16,1500N
111896,884,5,NCEPU,NTN NU204 ET2X,1,16,1500N
111897,884,5,NCEPU,NTN NU204 ET2X,1,16,1500N
111898,884,5,NCEPU,NTN NU204 ET2X,1,16,1500N
111899,884,5,NCEPU,NTN NU204 ET2X,1,16,1500N
111900,884,5,NCEPU,NTN NU204 ET2X,1,16,1500N
111901,884,5,NCEPU,NTN NU204 ET2X,1,16,1500N
111902,884,5,NCEPU,NTN NU204 ET2X,1,16,1500N
111903,884,5,NCEPU,NTN NU204 ET2X,1,16,1500N
111904,885,5,NCEPU,NTN NU204 ET2X,2,16,1500N
111905,885,5,NCEPU,NTN NU204 ET2X,2,16,1500N
111906,885,5,NCEPU,NTN NU204 ET2X,2,16,1500N
111907,885,5,NCEPU,NTN NU204 ET2X,2,16,1500N
111908,885,5,NCEPU,NTN NU204 ET2X,2,16,1500N
111909,885,5,NCEPU,NTN NU204 ET2X,2,16,1500N
111910,885,5,NCEPU,NTN NU204 ET2X,2,16,1500N
111911,885,5,NCEPU,NTN NU204 ET2X,2,16,1500N
111912,885,5,NCEPU,NTN NU204 ET2X,2,16,1500N
111913,885,5,NCEPU,NTN NU204 ET2X,2,16,1500N
111914,885,5,NCEPU,NTN NU204 ET2X,2,16,1500N
111915,885,5,NCEPU,NTN NU204 ET2X,2,16,1500N
111916,885,5,NCEPU,NTN NU204 ET2X,2,16,1500N
111917,885,5,NCEPU,NTN NU204 ET2X,2,16,1500N
111918,885,5,NCEPU,NTN NU204 ET2X,2,16,1500N
111919,885,5,NCEPU,NTN NU204 ET2X,2,16,1500N
111920,885,5,NCEPU,NTN NU204 ET2X,2,16,1500N
111921,885,5,NCEPU,NTN NU204 ET2X,2,16,1500N
111922,885,5,NCEPU,NTN NU204 ET2X,2,16,1500N
111923,885,5,NCEPU,NTN NU204 ET2X,2,16,1500N
111924,886,5,NCEPU,NTN NU204 ET2X,3,16,1500N
111925,886,5,NCEPU,NTN NU204 ET2X,3,16,1500N
111926,886,5,NCEPU,NTN NU204 ET2X,3,16,1500N
111927,886,5,NCEPU,NTN NU204 ET2X,3,16,1500N
111928,886,5,NCEPU,NTN NU204 ET2X,3,16,1500N
111929,886,5,NCEPU,NTN NU204 ET2X,3,16,1500N
111930,886,5,NCEPU,NTN NU204 ET2X,3,16,1500N
111931,886,5,NCEPU,NTN NU204 ET2X,3,16,1500N
111932,886,5,NCEPU,NTN NU204 ET2X,3,16,1500N
111933,886,5,NCEPU,NTN NU204 ET2X,3,16,1500N
111934,886,5,NCEPU,NTN NU204 ET2X,3,16,1500N
111935,886,5,NCEPU,NTN NU204 ET2X,3,16,1500N
111936,886,5,NCEPU,NTN NU204 ET2X,3,16,1500N
111937,886,5,NCEPU,NTN NU204 ET2X,3,16,1500N
111938,886,5,NCEPU,NTN NU204 ET2X,3,16,1500N
111939,886,5,NCEPU,NTN NU204 ET2X,3,16,1500N
111940,886,5,NCEPU,NTN NU204 ET2X,3,16,1500N
111941,886,5,NCEPU,NTN NU204 ET2X,3,16,1500N
111942,886,5,NCEPU,NTN NU204 ET2X,3,16,1500N
111943,886,5,NCEPU,NTN NU204 ET2X,3,16,1500N
111944,887,5,NCEPU,NTN NU204 ET2X,4,16,1500N
111945,887,5,NCEPU,NTN NU204 ET2X,4,16,1500N
111946,887,5,NCEPU,NTN NU204 ET2X,4,16,1500N
111947,887,5,NCEPU,NTN NU204 ET2X,4,16,1500N
111948,887,5,NCEPU,NTN NU204 ET2X,4,16,1500N
111949,887,5,NCEPU,NTN NU204 ET2X,4,16,1500N
111950,887,5,NCEPU,NTN NU204 ET2X,4,16,1500N
111951,887,5,NCEPU,NTN NU204 ET2X,4,16,1500N
111952,887,5,NCEPU,NTN NU204 ET2X,4,16,1500N
111953,887,5,NCEPU,NTN NU204 ET2X,4,16,1500N
111954,887,5,NCEPU,NTN NU204 ET2X,4,16,1500N
111955,887,5,NCEPU,NTN NU204 ET2X,4,16,1500N
111956,887,5,NCEPU,NTN NU204 ET2X,4,16,1500N
111957,887,5,NCEPU,NTN NU204 ET2X,4,16,1500N
111958,887,5,NCEPU,NTN NU204 ET2X,4,16,1500N
111959,887,5,NCEPU,NTN NU204 ET2X,4,16,1500N
111960,887,5,NCEPU,NTN NU204 ET2X,4,16,1500N
111961,887,5,NCEPU,NTN NU204 ET2X,4,16,1500N
111962,887,5,NCEPU,NTN NU204 ET2X,4,16,1500N
111963,887,5,NCEPU,NTN NU204 ET2X,4,16,1500N
111964,888,5,NCEPU,NTN NU204 ET2X,0,25,1500N
111965,888,5,NCEPU,NTN NU204 ET2X,0,25,1500N
111966,888,5,NCEPU,NTN NU204 ET2X,0,25,1500N
111967,888,5,NCEPU,NTN NU204 ET2X,0,25,1500N
111968,888,5,NCEPU,NTN NU204 ET2X,0,25,1500N
111969,888,5,NCEPU,NTN NU204 ET2X,0,25,1500N
111970,888,5,NCEPU,NTN NU204 ET2X,0,25,1500N
111971,888,5,NCEPU,NTN NU204 ET2X,0,25,1500N
111972,888,5,NCEPU,NTN NU204 ET2X,0,25,1500N
111973,888,5,NCEPU,NTN NU204 ET2X,0,25,1500N
111974,888,5,NCEPU,NTN NU204 ET2X,0,25,1500N
111975,888,5,NCEPU,NTN NU204 ET2X,0,25,1500N
111976,888,5,NCEPU,NTN NU204 ET2X,0,25,1500N
111977,888,5,NCEPU,NTN NU204 ET2X,0,25,1500N
111978,888,5,NCEPU,NTN NU204 ET2X,0,25,1500N
111979,888,5,NCEPU,NTN NU204 ET2X,0,25,1500N
111980,888,5,NCEPU,NTN NU204 ET2X,0,25,1500N
111981,888,5,NCEPU,NTN NU204 ET2X,0,25,1500N
111982,888,5,NCEPU,NTN NU204 ET2X,0,25,1500N
111983,888,5,NCEPU,NTN NU204 ET2X,0,25,1500N
111984,889,5,NCEPU,NTN NU204 ET2X,1,25,1500N
111985,889,5,NCEPU,NTN NU204 ET2X,1,25,1500N
111986,889,5,NCEPU,NTN NU204 ET2X,1,25,1500N
111987,889,5,NCEPU,NTN NU204 ET2X,1,25,1500N
111988,889,5,NCEPU,NTN NU204 ET2X,1,25,1500N
111989,889,5,NCEPU,NTN NU204 ET2X,1,25,1500N
111990,889,5,NCEPU,NTN NU204 ET2X,1,25,1500N
111991,889,5,NCEPU,NTN NU204 ET2X,1,25,1500N
111992,889,5,NCEPU,NTN NU204 ET2X,1,25,1500N
111993,889,5,NCEPU,NTN NU204 ET2X,1,25,1500N
111994,889,5,NCEPU,NTN NU204 ET2X,1,25,1500N
111995,889,5,NCEPU,NTN NU204 ET2X,1,25,1500N
111996,889,5,NCEPU,NTN NU204 ET2X,1,25,1500N
111997,889,5,NCEPU,NTN NU204 ET2X,1,25,1500N
111998,889,5,NCEPU,NTN NU204 ET2X,1,25,1500N
111999,889,5,NCEPU,NTN NU204 ET2X,1,25,1500N
112000,889,5,NCEPU,NTN NU204 ET2X,1,25,1500N
112001,889,5,NCEPU,NTN NU204 ET2X,1,25,1500N
112002,889,5,NCEPU,NTN NU204 ET2X,1,25,1500N
112003,889,5,NCEPU,NTN NU204 ET2X,1,25,1500N
112004,890,5,NCEPU,NTN NU204 ET2X,2,25,1500N
112005,890,5,NCEPU,NTN NU204 ET2X,2,25,1500N
112006,890,5,NCEPU,NTN NU204 ET2X,2,25,1500N
112007,890,5,NCEPU,NTN NU204 ET2X,2,25,1500N
112008,890,5,NCEPU,NTN NU204 ET2X,2,25,1500N
112009,890,5,NCEPU,NTN NU204 ET2X,2,25,1500N
112010,890,5,NCEPU,NTN NU204 ET2X,2,25,1500N
112011,890,5,NCEPU,NTN NU204 ET2X,2,25,1500N
112012,890,5,NCEPU,NTN NU204 ET2X,2,25,1500N
112013,890,5,NCEPU,NTN NU204 ET2X,2,25,1500N
112014,890,5,NCEPU,NTN NU204 ET2X,2,25,1500N
112015,890,5,NCEPU,NTN NU204 ET2X,2,25,1500N
112016,890,5,NCEPU,NTN NU204 ET2X,2,25,1500N
112017,890,5,NCEPU,NTN NU204 ET2X,2,25,1500N
112018,890,5,NCEPU,NTN NU204 ET2X,2,25,1500N
112019,890,5,NCEPU,NTN NU204 ET2X,2,25,1500N
112020,890,5,NCEPU,NTN NU204 ET2X,2,25,1500N
112021,890,5,NCEPU,NTN NU204 ET2X,2,25,1500N
112022,890,5,NCEPU,NTN NU204 ET2X,2,25,1500N
112023,890,5,NCEPU,NTN NU204 ET2X,2,25,1500N
112024,891,5,NCEPU,NTN NU204 ET2X,3,25,1500N
112025,891,5,NCEPU,NTN NU204 ET2X,3,25,1500N
112026,891,5,NCEPU,NTN NU204 ET2X,3,25,1500N
112027,891,5,NCEPU,NTN NU204 ET2X,3,25,1500N
112028,891,5,NCEPU,NTN NU204 ET2X,3,25,1500N
112029,891,5,NCEPU,NTN NU204 ET2X,3,25,1500N
112030,891,5,NCEPU,NTN NU204 ET2X,3,25,1500N
112031,891,5,NCEPU,NTN NU204 ET2X,3,25,1500N
112032,891,5,NCEPU,NTN NU204 ET2X,3,25,1500N
112033,891,5,NCEPU,NTN NU204 ET2X,3,25,1500N
112034,891,5,NCEPU,NTN NU204 ET2X,3,25,1500N
112035,891,5,NCEPU,NTN NU204 ET2X,3,25,1500N
112036,891,5,NCEPU,NTN NU204 ET2X,3,25,1500N
112037,891,5,NCEPU,NTN NU204 ET2X,3,25,1500N
112038,891,5,NCEPU,NTN NU204 ET2X,3,25,1500N
112039,891,5,NCEPU,NTN NU204 ET2X,3,25,1500N
112040,891,5,NCEPU,NTN NU204 ET2X,3,25,1500N
112041,891,5,NCEPU,NTN NU204 ET2X,3,25,1500N
112042,891,5,NCEPU,NTN NU204 ET2X,3,25,1500N
112043,891,5,NCEPU,NTN NU204 ET2X,3,25,1500N
112044,892,5,NCEPU,NTN NU204 ET2X,4,25,1500N
112045,892,5,NCEPU,NTN NU204 ET2X,4,25,1500N
112046,892,5,NCEPU,NTN NU204 ET2X,4,25,1500N
112047,892,5,NCEPU,NTN NU204 ET2X,4,25,1500N
112048,892,5,NCEPU,NTN NU204 ET2X,4,25,1500N
112049,892,5,NCEPU,NTN NU204 ET2X,4,25,1500N
112050,892,5,NCEPU,NTN NU204 ET2X,4,25,1500N
112051,892,5,NCEPU,NTN NU204 ET2X,4,25,1500N
112052,892,5,NCEPU,NTN NU204 ET2X,4,25,1500N
112053,892,5,NCEPU,NTN NU204 ET2X,4,25,1500N
112054,892,5,NCEPU,NTN NU204 ET2X,4,25,1500N
112055,892,5,NCEPU,NTN NU204 ET2X,4,25,1500N
112056,892,5,NCEPU,NTN NU204 ET2X,4,25,1500N
112057,892,5,NCEPU,NTN NU204 ET2X,4,25,1500N
112058,892,5,NCEPU,NTN NU204 ET2X,4,25,1500N
112059,892,5,NCEPU,NTN NU204 ET2X,4,25,1500N
112060,892,5,NCEPU,NTN NU204 ET2X,4,25,1500N
112061,892,5,NCEPU,NTN NU204 ET2X,4,25,1500N
112062,892,5,NCEPU,NTN NU204 ET2X,4,25,1500N
112063,892,5,NCEPU,NTN NU204 ET2X,4,25,1500N
112064,893,5,NCEPU,NTN NU204 ET2X,0,8,1500N
112065,893,5,NCEPU,NTN NU204 ET2X,0,8,1500N
112066,893,5,NCEPU,NTN NU204 ET2X,0,8,1500N
112067,893,5,NCEPU,NTN NU204 ET2X,0,8,1500N
112068,893,5,NCEPU,NTN NU204 ET2X,0,8,1500N
112069,893,5,NCEPU,NTN NU204 ET2X,0,8,1500N
112070,893,5,NCEPU,NTN NU204 ET2X,0,8,1500N
112071,893,5,NCEPU,NTN NU204 ET2X,0,8,1500N
112072,893,5,NCEPU,NTN NU204 ET2X,0,8,1500N
112073,893,5,NCEPU,NTN NU204 ET2X,0,8,1500N
112074,893,5,NCEPU,NTN NU204 ET2X,0,8,1500N
112075,893,5,NCEPU,NTN NU204 ET2X,0,8,1500N
112076,893,5,NCEPU,NTN NU204 ET2X,0,8,1500N
112077,893,5,NCEPU,NTN NU204 ET2X,0,8,1500N
112078,893,5,NCEPU,NTN NU204 ET2X,0,8,1500N
112079,893,5,NCEPU,NTN NU204 ET2X,0,8,1500N
112080,893,5,NCEPU,NTN NU204 ET2X,0,8,1500N
112081,893,5,NCEPU,NTN NU204 ET2X,0,8,1500N
112082,893,5,NCEPU,NTN NU204 ET2X,0,8,1500N
112083,893,5,NCEPU,NTN NU204 ET2X,0,8,1500N
112084,894,5,NCEPU,NTN NU204 ET2X,1,8,1500N
112085,894,5,NCEPU,NTN NU204 ET2X,1,8,1500N
112086,894,5,NCEPU,NTN NU204 ET2X,1,8,1500N
112087,894,5,NCEPU,NTN NU204 ET2X,1,8,1500N
112088,894,5,NCEPU,NTN NU204 ET2X,1,8,1500N
112089,894,5,NCEPU,NTN NU204 ET2X,1,8,1500N
112090,894,5,NCEPU,NTN NU204 ET2X,1,8,1500N
112091,894,5,NCEPU,NTN NU204 ET2X,1,8,1500N
112092,894,5,NCEPU,NTN NU204 ET2X,1,8,1500N
112093,894,5,NCEPU,NTN NU204 ET2X,1,8,1500N
112094,894,5,NCEPU,NTN NU204 ET2X,1,8,1500N
112095,894,5,NCEPU,NTN NU204 ET2X,1,8,1500N
112096,894,5,NCEPU,NTN NU204 ET2X,1,8,1500N
112097,894,5,NCEPU,NTN NU204 ET2X,1,8,1500N
112098,894,5,NCEPU,NTN NU204 ET2X,1,8,1500N
112099,894,5,NCEPU,NTN NU204 ET2X,1,8,1500N
112100,894,5,NCEPU,NTN NU204 ET2X,1,8,1500N
112101,894,5,NCEPU,NTN NU204 ET2X,1,8,1500N
112102,894,5,NCEPU,NTN NU204 ET2X,1,8,1500N
112103,894,5,NCEPU,NTN NU204 ET2X,1,8,1500N
112104,895,5,NCEPU,NTN NU204 ET2X,2,8,1500N
112105,895,5,NCEPU,NTN NU204 ET2X,2,8,1500N
112106,895,5,NCEPU,NTN NU204 ET2X,2,8,1500N
112107,895,5,NCEPU,NTN NU204 ET2X,2,8,1500N
112108,895,5,NCEPU,NTN NU204 ET2X,2,8,1500N
112109,895,5,NCEPU,NTN NU204 ET2X,2,8,1500N
112110,895,5,NCEPU,NTN NU204 ET2X,2,8,1500N
112111,895,5,NCEPU,NTN NU204 ET2X,2,8,1500N
112112,895,5,NCEPU,NTN NU204 ET2X,2,8,1500N
112113,895,5,NCEPU,NTN NU204 ET2X,2,8,1500N
112114,895,5,NCEPU,NTN NU204 ET2X,2,8,1500N
112115,895,5,NCEPU,NTN NU204 ET2X,2,8,1500N
112116,895,5,NCEPU,NTN NU204 ET2X,2,8,1500N
112117,895,5,NCEPU,NTN NU204 ET2X,2,8,1500N
112118,895,5,NCEPU,NTN NU204 ET2X,2,8,1500N
112119,895,5,NCEPU,NTN NU204 ET2X,2,8,1500N
112120,895,5,NCEPU,NTN NU204 ET2X,2,8,1500N
112121,895,5,NCEPU,NTN NU204 ET2X,2,8,1500N
112122,895,5,NCEPU,NTN NU204 ET2X,2,8,1500N
112123,895,5,NCEPU,NTN NU204 ET2X,2,8,1500N
112124,896,5,NCEPU,NTN NU204 ET2X,3,8,1500N
112125,896,5,NCEPU,NTN NU204 ET2X,3,8,1500N
112126,896,5,NCEPU,NTN NU204 ET2X,3,8,1500N
112127,896,5,NCEPU,NTN NU204 ET2X,3,8,1500N
112128,896,5,NCEPU,NTN NU204 ET2X,3,8,1500N
112129,896,5,NCEPU,NTN NU204 ET2X,3,8,1500N
112130,896,5,NCEPU,NTN NU204 ET2X,3,8,1500N
112131,896,5,NCEPU,NTN NU204 ET2X,3,8,1500N
112132,896,5,NCEPU,NTN NU204 ET2X,3,8,1500N
112133,896,5,NCEPU,NTN NU204 ET2X,3,8,1500N
112134,896,5,NCEPU,NTN NU204 ET2X,3,8,1500N
112135,896,5,NCEPU,NTN NU204 ET2X,3,8,1500N
112136,896,5,NCEPU,NTN NU204 ET2X,3,8,1500N
112137,896,5,NCEPU,NTN NU204 ET2X,3,8,1500N
112138,896,5,NCEPU,NTN NU204 ET2X,3,8,1500N
112139,896,5,NCEPU,NTN NU204 ET2X,3,8,1500N
112140,896,5,NCEPU,NTN NU204 ET2X,3,8,1500N
112141,896,5,NCEPU,NTN NU204 ET2X,3,8,1500N
112142,896,5,NCEPU,NTN NU204 ET2X,3,8,1500N
112143,896,5,NCEPU,NTN NU204 ET2X,3,8,1500N
112144,897,5,NCEPU,NTN NU204 ET2X,4,8,1500N
112145,897,5,NCEPU,NTN NU204 ET2X,4,8,1500N
112146,897,5,NCEPU,NTN NU204 ET2X,4,8,1500N
112147,897,5,NCEPU,NTN NU204 ET2X,4,8,1500N
112148,897,5,NCEPU,NTN NU204 ET2X,4,8,1500N
112149,897,5,NCEPU,NTN NU204 ET2X,4,8,1500N
112150,897,5,NCEPU,NTN NU204 ET2X,4,8,1500N
112151,897,5,NCEPU,NTN NU204 ET2X,4,8,1500N
112152,897,5,NCEPU,NTN NU204 ET2X,4,8,1500N
112153,897,5,NCEPU,NTN NU204 ET2X,4,8,1500N
112154,897,5,NCEPU,NTN NU204 ET2X,4,8,1500N
112155,897,5,NCEPU,NTN NU204 ET2X,4,8,1500N
112156,897,5,NCEPU,NTN NU204 ET2X,4,8,1500N
112157,897,5,NCEPU,NTN NU204 ET2X,4,8,1500N
112158,897,5,NCEPU,NTN NU204 ET2X,4,8,1500N
112159,897,5,NCEPU,NTN NU204 ET2X,4,8,1500N
112160,897,5,NCEPU,NTN NU204 ET2X,4,8,1500N
112161,897,5,NCEPU,NTN NU204 ET2X,4,8,1500N
112162,897,5,NCEPU,NTN NU204 ET2X,4,8,1500N
112163,897,5,NCEPU,NTN NU204 ET2X,4,8,1500N
112164,898,2,NCEPU,NTN NU204 ET2X,0,16,0-3000N
112165,898,2,NCEPU,NTN NU204 ET2X,0,16,0-3000N
112166,898,2,NCEPU,NTN NU204 ET2X,0,16,0-3000N
112167,898,2,NCEPU,NTN NU204 ET2X,0,16,0-3000N
112168,898,2,NCEPU,NTN NU204 ET2X,0,16,0-3000N
112169,898,2,NCEPU,NTN NU204 ET2X,0,16,0-3000N
112170,898,2,NCEPU,NTN NU204 ET2X,0,16,0-3000N
112171,898,2,NCEPU,NTN NU204 ET2X,0,16,0-3000N
112172,898,2,NCEPU,NTN NU204 ET2X,0,16,0-3000N
112173,898,2,NCEPU,NTN NU204 ET2X,0,16,0-3000N
112174,898,2,NCEPU,NTN NU204 ET2X,0,16,0-3000N
112175,898,2,NCEPU,NTN NU204 ET2X,0,16,0-3000N
112176,898,2,NCEPU,NTN NU204 ET2X,0,16,0-3000N
112177,898,2,NCEPU,NTN NU204 ET2X,0,16,0-3000N
112178,898,2,NCEPU,NTN NU204 ET2X,0,16,0-3000N
112179,898,2,NCEPU,NTN NU204 ET2X,0,16,0-3000N
112180,898,2,NCEPU,NTN NU204 ET2X,0,16,0-3000N
112181,898,2,NCEPU,NTN NU204 ET2X,0,16,0-3000N
112182,898,2,NCEPU,NTN NU204 ET2X,0,16,0-3000N
112183,898,2,NCEPU,NTN NU204 ET2X,0,16,0-3000N
112184,899,2,NCEPU,NTN NU204 ET2X,1,16,0-3000N
112185,899,2,NCEPU,NTN NU204 ET2X,1,16,0-3000N
112186,899,2,NCEPU,NTN NU204 ET2X,1,16,0-3000N
112187,899,2,NCEPU,NTN NU204 ET2X,1,16,0-3000N
112188,899,2,NCEPU,NTN NU204 ET2X,1,16,0-3000N
112189,899,2,NCEPU,NTN NU204 ET2X,1,16,0-3000N
112190,899,2,NCEPU,NTN NU204 ET2X,1,16,0-3000N
112191,899,2,NCEPU,NTN NU204 ET2X,1,16,0-3000N
112192,899,2,NCEPU,NTN NU204 ET2X,1,16,0-3000N
112193,899,2,NCEPU,NTN NU204 ET2X,1,16,0-3000N
112194,899,2,NCEPU,NTN NU204 ET2X,1,16,0-3000N
112195,899,2,NCEPU,NTN NU204 ET2X,1,16,0-3000N
112196,899,2,NCEPU,NTN NU204 ET2X,1,16,0-3000N
112197,899,2,NCEPU,NTN NU204 ET2X,1,16,0-3000N
112198,899,2,NCEPU,NTN NU204 ET2X,1,16,0-3000N
112199,899,2,NCEPU,NTN NU204 ET2X,1,16,0-3000N
112200,899,2,NCEPU,NTN NU204 ET2X,1,16,0-3000N
112201,899,2,NCEPU,NTN NU204 ET2X,1,16,0-3000N
112202,899,2,NCEPU,NTN NU204 ET2X,1,16,0-3000N
112203,899,2,NCEPU,NTN NU204 ET2X,1,16,0-3000N
112204,900,2,NCEPU,NTN NU204 ET2X,2,16,0-3000N
112205,900,2,NCEPU,NTN NU204 ET2X,2,16,0-3000N
112206,900,2,NCEPU,NTN NU204 ET2X,2,16,0-3000N
112207,900,2,NCEPU,NTN NU204 ET2X,2,16,0-3000N
112208,900,2,NCEPU,NTN NU204 ET2X,2,16,0-3000N
112209,900,2,NCEPU,NTN NU204 ET2X,2,16,0-3000N
112210,900,2,NCEPU,NTN NU204 ET2X,2,16,0-3000N
112211,900,2,NCEPU,NTN NU204 ET2X,2,16,0-3000N
112212,900,2,NCEPU,NTN NU204 ET2X,2,16,0-3000N
112213,900,2,NCEPU,NTN NU204 ET2X,2,16,0-3000N
112214,900,2,NCEPU,NTN NU204 ET2X,2,16,0-3000N
112215,900,2,NCEPU,NTN NU204 ET2X,2,16,0-3000N
112216,900,2,NCEPU,NTN NU204 ET2X,2,16,0-3000N
112217,900,2,NCEPU,NTN NU204 ET2X,2,16,0-3000N
112218,900,2,NCEPU,NTN NU204 ET2X,2,16,0-3000N
112219,900,2,NCEPU,NTN NU204 ET2X,2,16,0-3000N
112220,900,2,NCEPU,NTN NU204 ET2X,2,16,0-3000N
112221,900,2,NCEPU,NTN NU204 ET2X,2,16,0-3000N
112222,900,2,NCEPU,NTN NU204 ET2X,2,16,0-3000N
112223,900,2,NCEPU,NTN NU204 ET2X,2,16,0-3000N
112224,901,2,NCEPU,NTN NU204 ET2X,3,16,0-3000N
112225,901,2,NCEPU,NTN NU204 ET2X,3,16,0-3000N
112226,901,2,NCEPU,NTN NU204 ET2X,3,16,0-3000N
112227,901,2,NCEPU,NTN NU204 ET2X,3,16,0-3000N
112228,901,2,NCEPU,NTN NU204 ET2X,3,16,0-3000N
112229,901,2,NCEPU,NTN NU204 ET2X,3,16,0-3000N
112230,901,2,NCEPU,NTN NU204 ET2X,3,16,0-3000N
112231,901,2,NCEPU,NTN NU204 ET2X,3,16,0-3000N
112232,901,2,NCEPU,NTN NU204 ET2X,3,16,0-3000N
112233,901,2,NCEPU,NTN NU204 ET2X,3,16,0-3000N
112234,901,2,NCEPU,NTN NU204 ET2X,3,16,0-3000N
112235,901,2,NCEPU,NTN NU204 ET2X,3,16,0-3000N
112236,901,2,NCEPU,NTN NU204 ET2X,3,16,0-3000N
112237,901,2,NCEPU,NTN NU204 ET2X,3,16,0-3000N
112238,901,2,NCEPU,NTN NU204 ET2X,3,16,0-3000N
112239,901,2,NCEPU,NTN NU204 ET2X,3,16,0-3000N
112240,901,2,NCEPU,NTN NU204 ET2X,3,16,0-3000N
112241,901,2,NCEPU,NTN NU204 ET2X,3,16,0-3000N
112242,901,2,NCEPU,NTN NU204 ET2X,3,16,0-3000N
112243,901,2,NCEPU,NTN NU204 ET2X,3,16,0-3000N
112244,902,2,NCEPU,NTN NU204 ET2X,4,16,0-3000N
112245,902,2,NCEPU,NTN NU204 ET2X,4,16,0-3000N
112246,902,2,NCEPU,NTN NU204 ET2X,4,16,0-3000N
112247,902,2,NCEPU,NTN NU204 ET2X,4,16,0-3000N
112248,902,2,NCEPU,NTN NU204 ET2X,4,16,0-3000N
112249,902,2,NCEPU,NTN NU204 ET2X,4,16,0-3000N
112250,902,2,NCEPU,NTN NU204 ET2X,4,16,0-3000N
112251,902,2,NCEPU,NTN NU204 ET2X,4,16,0-3000N
112252,902,2,NCEPU,NTN NU204 ET2X,4,16,0-3000N
112253,902,2,NCEPU,NTN NU204 ET2X,4,16,0-3000N
112254,902,2,NCEPU,NTN NU204 ET2X,4,16,0-3000N
112255,902,2,NCEPU,NTN NU204 ET2X,4,16,0-3000N
112256,902,2,NCEPU,NTN NU204 ET2X,4,16,0-3000N
112257,902,2,NCEPU,NTN NU204 ET2X,4,16,0-3000N
112258,902,2,NCEPU,NTN NU204 ET2X,4,16,0-3000N
112259,902,2,NCEPU,NTN NU204 ET2X,4,16,0-3000N
112260,902,2,NCEPU,NTN NU204 ET2X,4,16,0-3000N
112261,902,2,NCEPU,NTN NU204 ET2X,4,16,0-3000N
112262,902,2,NCEPU,NTN NU204 ET2X,4,16,0-3000N
112263,902,2,NCEPU,NTN NU204 ET2X,4,16,0-3000N
112264,903,2,NCEPU,NTN NU204 ET2X,0,25,0-3000N
112265,903,2,NCEPU,NTN NU204 ET2X,0,25,0-3000N
112266,903,2,NCEPU,NTN NU204 ET2X,0,25,0-3000N
112267,903,2,NCEPU,NTN NU204 ET2X,0,25,0-3000N
112268,903,2,NCEPU,NTN NU204 ET2X,0,25,0-3000N
112269,903,2,NCEPU,NTN NU204 ET2X,0,25,0-3000N
112270,903,2,NCEPU,NTN NU204 ET2X,0,25,0-3000N
112271,903,2,NCEPU,NTN NU204 ET2X,0,25,0-3000N
112272,903,2,NCEPU,NTN NU204 ET2X,0,25,0-3000N
112273,903,2,NCEPU,NTN NU204 ET2X,0,25,0-3000N
112274,903,2,NCEPU,NTN NU204 ET2X,0,25,0-3000N
112275,903,2,NCEPU,NTN NU204 ET2X,0,25,0-3000N
112276,903,2,NCEPU,NTN NU204 ET2X,0,25,0-3000N
112277,903,2,NCEPU,NTN NU204 ET2X,0,25,0-3000N
112278,903,2,NCEPU,NTN NU204 ET2X,0,25,0-3000N
112279,903,2,NCEPU,NTN NU204 ET2X,0,25,0-3000N
112280,903,2,NCEPU,NTN NU204 ET2X,0,25,0-3000N
112281,903,2,NCEPU,NTN NU204 ET2X,0,25,0-3000N
112282,903,2,NCEPU,NTN NU204 ET2X,0,25,0-3000N
112283,903,2,NCEPU,NTN NU204 ET2X,0,25,0-3000N
112284,904,2,NCEPU,NTN NU204 ET2X,1,25,0-3000N
112285,904,2,NCEPU,NTN NU204 ET2X,1,25,0-3000N
112286,904,2,NCEPU,NTN NU204 ET2X,1,25,0-3000N
112287,904,2,NCEPU,NTN NU204 ET2X,1,25,0-3000N
112288,904,2,NCEPU,NTN NU204 ET2X,1,25,0-3000N
112289,904,2,NCEPU,NTN NU204 ET2X,1,25,0-3000N
112290,904,2,NCEPU,NTN NU204 ET2X,1,25,0-3000N
112291,904,2,NCEPU,NTN NU204 ET2X,1,25,0-3000N
112292,904,2,NCEPU,NTN NU204 ET2X,1,25,0-3000N
112293,904,2,NCEPU,NTN NU204 ET2X,1,25,0-3000N
112294,904,2,NCEPU,NTN NU204 ET2X,1,25,0-3000N
112295,904,2,NCEPU,NTN NU204 ET2X,1,25,0-3000N
112296,904,2,NCEPU,NTN NU204 ET2X,1,25,0-3000N
112297,904,2,NCEPU,NTN NU204 ET2X,1,25,0-3000N
112298,904,2,NCEPU,NTN NU204 ET2X,1,25,0-3000N
112299,904,2,NCEPU,NTN NU204 ET2X,1,25,0-3000N
112300,904,2,NCEPU,NTN NU204 ET2X,1,25,0-3000N
112301,904,2,NCEPU,NTN NU204 ET2X,1,25,0-3000N
112302,904,2,NCEPU,NTN NU204 ET2X,1,25,0-3000N
112303,904,2,NCEPU,NTN NU204 ET2X,1,25,0-3000N
112304,905,2,NCEPU,NTN NU204 ET2X,2,25,0-3000N
112305,905,2,NCEPU,NTN NU204 ET2X,2,25,0-3000N
112306,905,2,NCEPU,NTN NU204 ET2X,2,25,0-3000N
112307,905,2,NCEPU,NTN NU204 ET2X,2,25,0-3000N
112308,905,2,NCEPU,NTN NU204 ET2X,2,25,0-3000N
112309,905,2,NCEPU,NTN NU204 ET2X,2,25,0-3000N
112310,905,2,NCEPU,NTN NU204 ET2X,2,25,0-3000N
112311,905,2,NCEPU,NTN NU204 ET2X,2,25,0-3000N
112312,905,2,NCEPU,NTN NU204 ET2X,2,25,0-3000N
112313,905,2,NCEPU,NTN NU204 ET2X,2,25,0-3000N
112314,905,2,NCEPU,NTN NU204 ET2X,2,25,0-3000N
112315,905,2,NCEPU,NTN NU204 ET2X,2,25,0-3000N
112316,905,2,NCEPU,NTN NU204 ET2X,2,25,0-3000N
112317,905,2,NCEPU,NTN NU204 ET2X,2,25,0-3000N
112318,905,2,NCEPU,NTN NU204 ET2X,2,25,0-3000N
112319,905,2,NCEPU,NTN NU204 ET2X,2,25,0-3000N
112320,905,2,NCEPU,NTN NU204 ET2X,2,25,0-3000N
112321,905,2,NCEPU,NTN NU204 ET2X,2,25,0-3000N
112322,905,2,NCEPU,NTN NU204 ET2X,2,25,0-3000N
112323,905,2,NCEPU,NTN NU204 ET2X,2,25,0-3000N
112324,906,2,NCEPU,NTN NU204 ET2X,3,25,0-3000N
112325,906,2,NCEPU,NTN NU204 ET2X,3,25,0-3000N
112326,906,2,NCEPU,NTN NU204 ET2X,3,25,0-3000N
112327,906,2,NCEPU,NTN NU204 ET2X,3,25,0-3000N
112328,906,2,NCEPU,NTN NU204 ET2X,3,25,0-3000N
112329,906,2,NCEPU,NTN NU204 ET2X,3,25,0-3000N
112330,906,2,NCEPU,NTN NU204 ET2X,3,25,0-3000N
112331,906,2,NCEPU,NTN NU204 ET2X,3,25,0-3000N
112332,906,2,NCEPU,NTN NU204 ET2X,3,25,0-3000N
112333,906,2,NCEPU,NTN NU204 ET2X,3,25,0-3000N
112334,906,2,NCEPU,NTN NU204 ET2X,3,25,0-3000N
112335,906,2,NCEPU,NTN NU204 ET2X,3,25,0-3000N
112336,906,2,NCEPU,NTN NU204 ET2X,3,25,0-3000N
112337,906,2,NCEPU,NTN NU204 ET2X,3,25,0-3000N
112338,906,2,NCEPU,NTN NU204 ET2X,3,25,0-3000N
112339,906,2,NCEPU,NTN NU204 ET2X,3,25,0-3000N
112340,906,2,NCEPU,NTN NU204 ET2X,3,25,0-3000N
112341,906,2,NCEPU,NTN NU204 ET2X,3,25,0-3000N
112342,906,2,NCEPU,NTN NU204 ET2X,3,25,0-3000N
112343,906,2,NCEPU,NTN NU204 ET2X,3,25,0-3000N
112344,907,2,NCEPU,NTN NU204 ET2X,4,25,0-3000N
112345,907,2,NCEPU,NTN NU204 ET2X,4,25,0-3000N
112346,907,2,NCEPU,NTN NU204 ET2X,4,25,0-3000N
112347,907,2,NCEPU,NTN NU204 ET2X,4,25,0-3000N
112348,907,2,NCEPU,NTN NU204 ET2X,4,25,0-3000N
112349,907,2,NCEPU,NTN NU204 ET2X,4,25,0-3000N
112350,907,2,NCEPU,NTN NU204 ET2X,4,25,0-3000N
112351,907,2,NCEPU,NTN NU204 ET2X,4,25,0-3000N
112352,907,2,NCEPU,NTN NU204 ET2X,4,25,0-3000N
112353,907,2,NCEPU,NTN NU204 ET2X,4,25,0-3000N
112354,907,2,NCEPU,NTN NU204 ET2X,4,25,0-3000N
112355,907,2,NCEPU,NTN NU204 ET2X,4,25,0-3000N
112356,907,2,NCEPU,NTN NU204 ET2X,4,25,0-3000N
112357,907,2,NCEPU,NTN NU204 ET2X,4,25,0-3000N
112358,907,2,NCEPU,NTN NU204 ET2X,4,25,0-3000N
112359,907,2,NCEPU,NTN NU204 ET2X,4,25,0-3000N
112360,907,2,NCEPU,NTN NU204 ET2X,4,25,0-3000N
112361,907,2,NCEPU,NTN NU204 ET2X,4,25,0-3000N
112362,907,2,NCEPU,NTN NU204 ET2X,4,25,0-3000N
112363,907,2,NCEPU,NTN NU204 ET2X,4,25,0-3000N
112364,908,2,NCEPU,NTN NU204 ET2X,0,8,0-3000N
112365,908,2,NCEPU,NTN NU204 ET2X,0,8,0-3000N
112366,908,2,NCEPU,NTN NU204 ET2X,0,8,0-3000N
112367,908,2,NCEPU,NTN NU204 ET2X,0,8,0-3000N
112368,908,2,NCEPU,NTN NU204 ET2X,0,8,0-3000N
112369,908,2,NCEPU,NTN NU204 ET2X,0,8,0-3000N
112370,908,2,NCEPU,NTN NU204 ET2X,0,8,0-3000N
112371,908,2,NCEPU,NTN NU204 ET2X,0,8,0-3000N
112372,908,2,NCEPU,NTN NU204 ET2X,0,8,0-3000N
112373,908,2,NCEPU,NTN NU204 ET2X,0,8,0-3000N
112374,908,2,NCEPU,NTN NU204 ET2X,0,8,0-3000N
112375,908,2,NCEPU,NTN NU204 ET2X,0,8,0-3000N
112376,908,2,NCEPU,NTN NU204 ET2X,0,8,0-3000N
112377,908,2,NCEPU,NTN NU204 ET2X,0,8,0-3000N
112378,908,2,NCEPU,NTN NU204 ET2X,0,8,0-3000N
112379,908,2,NCEPU,NTN NU204 ET2X,0,8,0-3000N
112380,908,2,NCEPU,NTN NU204 ET2X,0,8,0-3000N
112381,908,2,NCEPU,NTN NU204 ET2X,0,8,0-3000N
112382,908,2,NCEPU,NTN NU204 ET2X,0,8,0-3000N
112383,908,2,NCEPU,NTN NU204 ET2X,0,8,0-3000N
112384,909,2,NCEPU,NTN NU204 ET2X,1,8,0-3000N
112385,909,2,NCEPU,NTN NU204 ET2X,1,8,0-3000N
112386,909,2,NCEPU,NTN NU204 ET2X,1,8,0-3000N
112387,909,2,NCEPU,NTN NU204 ET2X,1,8,0-3000N
112388,909,2,NCEPU,NTN NU204 ET2X,1,8,0-3000N
112389,909,2,NCEPU,NTN NU204 ET2X,1,8,0-3000N
112390,909,2,NCEPU,NTN NU204 ET2X,1,8,0-3000N
112391,909,2,NCEPU,NTN NU204 ET2X,1,8,0-3000N
112392,909,2,NCEPU,NTN NU204 ET2X,1,8,0-3000N
112393,909,2,NCEPU,NTN NU204 ET2X,1,8,0-3000N
112394,909,2,NCEPU,NTN NU204 ET2X,1,8,0-3000N
112395,909,2,NCEPU,NTN NU204 ET2X,1,8,0-3000N
112396,909,2,NCEPU,NTN NU204 ET2X,1,8,0-3000N
112397,909,2,NCEPU,NTN NU204 ET2X,1,8,0-3000N
112398,909,2,NCEPU,NTN NU204 ET2X,1,8,0-3000N
112399,909,2,NCEPU,NTN NU204 ET2X,1,8,0-3000N
112400,909,2,NCEPU,NTN NU204 ET2X,1,8,0-3000N
112401,909,2,NCEPU,NTN NU204 ET2X,1,8,0-3000N
112402,909,2,NCEPU,NTN NU204 ET2X,1,8,0-3000N
112403,909,2,NCEPU,NTN NU204 ET2X,1,8,0-3000N
112404,910,2,NCEPU,NTN NU204 ET2X,2,8,0-3000N
112405,910,2,NCEPU,NTN NU204 ET2X,2,8,0-3000N
112406,910,2,NCEPU,NTN NU204 ET2X,2,8,0-3000N
112407,910,2,NCEPU,NTN NU204 ET2X,2,8,0-3000N
112408,910,2,NCEPU,NTN NU204 ET2X,2,8,0-3000N
112409,910,2,NCEPU,NTN NU204 ET2X,2,8,0-3000N
112410,910,2,NCEPU,NTN NU204 ET2X,2,8,0-3000N
112411,910,2,NCEPU,NTN NU204 ET2X,2,8,0-3000N
112412,910,2,NCEPU,NTN NU204 ET2X,2,8,0-3000N
112413,910,2,NCEPU,NTN NU204 ET2X,2,8,0-3000N
112414,910,2,NCEPU,NTN NU204 ET2X,2,8,0-3000N
112415,910,2,NCEPU,NTN NU204 ET2X,2,8,0-3000N
112416,910,2,NCEPU,NTN NU204 ET2X,2,8,0-3000N
112417,910,2,NCEPU,NTN NU204 ET2X,2,8,0-3000N
112418,910,2,NCEPU,NTN NU204 ET2X,2,8,0-3000N
112419,910,2,NCEPU,NTN NU204 ET2X,2,8,0-3000N
112420,910,2,NCEPU,NTN NU204 ET2X,2,8,0-3000N
112421,910,2,NCEPU,NTN NU204 ET2X,2,8,0-3000N
112422,910,2,NCEPU,NTN NU204 ET2X,2,8,0-3000N
112423,910,2,NCEPU,NTN NU204 ET2X,2,8,0-3000N
112424,911,2,NCEPU,NTN NU204 ET2X,3,8,0-3000N
112425,911,2,NCEPU,NTN NU204 ET2X,3,8,0-3000N
112426,911,2,NCEPU,NTN NU204 ET2X,3,8,0-3000N
112427,911,2,NCEPU,NTN NU204 ET2X,3,8,0-3000N
112428,911,2,NCEPU,NTN NU204 ET2X,3,8,0-3000N
112429,911,2,NCEPU,NTN NU204 ET2X,3,8,0-3000N
112430,911,2,NCEPU,NTN NU204 ET2X,3,8,0-3000N
112431,911,2,NCEPU,NTN NU204 ET2X,3,8,0-3000N
112432,911,2,NCEPU,NTN NU204 ET2X,3,8,0-3000N
112433,911,2,NCEPU,NTN NU204 ET2X,3,8,0-3000N
112434,911,2,NCEPU,NTN NU204 ET2X,3,8,0-3000N
112435,911,2,NCEPU,NTN NU204 ET2X,3,8,0-3000N
112436,911,2,NCEPU,NTN NU204 ET2X,3,8,0-3000N
112437,911,2,NCEPU,NTN NU204 ET2X,3,8,0-3000N
112438,911,2,NCEPU,NTN NU204 ET2X,3,8,0-3000N
112439,911,2,NCEPU,NTN NU204 ET2X,3,8,0-3000N
112440,911,2,NCEPU,NTN NU204 ET2X,3,8,0-3000N
112441,911,2,NCEPU,NTN NU204 ET2X,3,8,0-3000N
112442,911,2,NCEPU,NTN NU204 ET2X,3,8,0-3000N
112443,911,2,NCEPU,NTN NU204 ET2X,3,8,0-3000N
112444,912,2,NCEPU,NTN NU204 ET2X,4,8,0-3000N
112445,912,2,NCEPU,NTN NU204 ET2X,4,8,0-3000N
112446,912,2,NCEPU,NTN NU204 ET2X,4,8,0-3000N
112447,912,2,NCEPU,NTN NU204 ET2X,4,8,0-3000N
112448,912,2,NCEPU,NTN NU204 ET2X,4,8,0-3000N
112449,912,2,NCEPU,NTN NU204 ET2X,4,8,0-3000N
112450,912,2,NCEPU,NTN NU204 ET2X,4,8,0-3000N
112451,912,2,NCEPU,NTN NU204 ET2X,4,8,0-3000N
112452,912,2,NCEPU,NTN NU204 ET2X,4,8,0-3000N
112453,912,2,NCEPU,NTN NU204 ET2X,4,8,0-3000N
112454,912,2,NCEPU,NTN NU204 ET2X,4,8,0-3000N
112455,912,2,NCEPU,NTN NU204 ET2X,4,8,0-3000N
112456,912,2,NCEPU,NTN NU204 ET2X,4,8,0-3000N
112457,912,2,NCEPU,NTN NU204 ET2X,4,8,0-3000N
112458,912,2,NCEPU,NTN NU204 ET2X,4,8,0-3000N
112459,912,2,NCEPU,NTN NU204 ET2X,4,8,0-3000N
112460,912,2,NCEPU,NTN NU204 ET2X,4,8,0-3000N
112461,912,2,NCEPU,NTN NU204 ET2X,4,8,0-3000N
112462,912,2,NCEPU,NTN NU204 ET2X,4,8,0-3000N
112463,912,2,NCEPU,NTN NU204 ET2X,4,8,0-3000N
112464,913,2,NCEPU,NTN NU204 ET2X,0,16,1500N
112465,913,2,NCEPU,NTN NU204 ET2X,0,16,1500N
112466,913,2,NCEPU,NTN NU204 ET2X,0,16,1500N
112467,913,2,NCEPU,NTN NU204 ET2X,0,16,1500N
112468,913,2,NCEPU,NTN NU204 ET2X,0,16,1500N
112469,913,2,NCEPU,NTN NU204 ET2X,0,16,1500N
112470,913,2,NCEPU,NTN NU204 ET2X,0,16,1500N
112471,913,2,NCEPU,NTN NU204 ET2X,0,16,1500N
112472,913,2,NCEPU,NTN NU204 ET2X,0,16,1500N
112473,913,2,NCEPU,NTN NU204 ET2X,0,16,1500N
112474,913,2,NCEPU,NTN NU204 ET2X,0,16,1500N
112475,913,2,NCEPU,NTN NU204 ET2X,0,16,1500N
112476,913,2,NCEPU,NTN NU204 ET2X,0,16,1500N
112477,913,2,NCEPU,NTN NU204 ET2X,0,16,1500N
112478,913,2,NCEPU,NTN NU204 ET2X,0,16,1500N
112479,913,2,NCEPU,NTN NU204 ET2X,0,16,1500N
112480,913,2,NCEPU,NTN NU204 ET2X,0,16,1500N
112481,913,2,NCEPU,NTN NU204 ET2X,0,16,1500N
112482,913,2,NCEPU,NTN NU204 ET2X,0,16,1500N
112483,913,2,NCEPU,NTN NU204 ET2X,0,16,1500N
112484,914,2,NCEPU,NTN NU204 ET2X,1,16,1500N
112485,914,2,NCEPU,NTN NU204 ET2X,1,16,1500N
112486,914,2,NCEPU,NTN NU204 ET2X,1,16,1500N
112487,914,2,NCEPU,NTN NU204 ET2X,1,16,1500N
112488,914,2,NCEPU,NTN NU204 ET2X,1,16,1500N
112489,914,2,NCEPU,NTN NU204 ET2X,1,16,1500N
112490,914,2,NCEPU,NTN NU204 ET2X,1,16,1500N
112491,914,2,NCEPU,NTN NU204 ET2X,1,16,1500N
112492,914,2,NCEPU,NTN NU204 ET2X,1,16,1500N
112493,914,2,NCEPU,NTN NU204 ET2X,1,16,1500N
112494,914,2,NCEPU,NTN NU204 ET2X,1,16,1500N
112495,914,2,NCEPU,NTN NU204 ET2X,1,16,1500N
112496,914,2,NCEPU,NTN NU204 ET2X,1,16,1500N
112497,914,2,NCEPU,NTN NU204 ET2X,1,16,1500N
112498,914,2,NCEPU,NTN NU204 ET2X,1,16,1500N
112499,914,2,NCEPU,NTN NU204 ET2X,1,16,1500N
112500,914,2,NCEPU,NTN NU204 ET2X,1,16,1500N
112501,914,2,NCEPU,NTN NU204 ET2X,1,16,1500N
112502,914,2,NCEPU,NTN NU204 ET2X,1,16,1500N
112503,914,2,NCEPU,NTN NU204 ET2X,1,16,1500N
112504,915,2,NCEPU,NTN NU204 ET2X,2,16,1500N
112505,915,2,NCEPU,NTN NU204 ET2X,2,16,1500N
112506,915,2,NCEPU,NTN NU204 ET2X,2,16,1500N
112507,915,2,NCEPU,NTN NU204 ET2X,2,16,1500N
112508,915,2,NCEPU,NTN NU204 ET2X,2,16,1500N
112509,915,2,NCEPU,NTN NU204 ET2X,2,16,1500N
112510,915,2,NCEPU,NTN NU204 ET2X,2,16,1500N
112511,915,2,NCEPU,NTN NU204 ET2X,2,16,1500N
112512,915,2,NCEPU,NTN NU204 ET2X,2,16,1500N
112513,915,2,NCEPU,NTN NU204 ET2X,2,16,1500N
112514,915,2,NCEPU,NTN NU204 ET2X,2,16,1500N
112515,915,2,NCEPU,NTN NU204 ET2X,2,16,1500N
112516,915,2,NCEPU,NTN NU204 ET2X,2,16,1500N
112517,915,2,NCEPU,NTN NU204 ET2X,2,16,1500N
112518,915,2,NCEPU,NTN NU204 ET2X,2,16,1500N
112519,915,2,NCEPU,NTN NU204 ET2X,2,16,1500N
112520,915,2,NCEPU,NTN NU204 ET2X,2,16,1500N
112521,915,2,NCEPU,NTN NU204 ET2X,2,16,1500N
112522,915,2,NCEPU,NTN NU204 ET2X,2,16,1500N
112523,915,2,NCEPU,NTN NU204 ET2X,2,16,1500N
112524,916,2,NCEPU,NTN NU204 ET2X,3,16,1500N
112525,916,2,NCEPU,NTN NU204 ET2X,3,16,1500N
112526,916,2,NCEPU,NTN NU204 ET2X,3,16,1500N
112527,916,2,NCEPU,NTN NU204 ET2X,3,16,1500N
112528,916,2,NCEPU,NTN NU204 ET2X,3,16,1500N
112529,916,2,NCEPU,NTN NU204 ET2X,3,16,1500N
112530,916,2,NCEPU,NTN NU204 ET2X,3,16,1500N
112531,916,2,NCEPU,NTN NU204 ET2X,3,16,1500N
112532,916,2,NCEPU,NTN NU204 ET2X,3,16,1500N
112533,916,2,NCEPU,NTN NU204 ET2X,3,16,1500N
112534,916,2,NCEPU,NTN NU204 ET2X,3,16,1500N
112535,916,2,NCEPU,NTN NU204 ET2X,3,16,1500N
112536,916,2,NCEPU,NTN NU204 ET2X,3,16,1500N
112537,916,2,NCEPU,NTN NU204 ET2X,3,16,1500N
112538,916,2,NCEPU,NTN NU204 ET2X,3,16,1500N
112539,916,2,NCEPU,NTN NU204 ET2X,3,16,1500N
112540,916,2,NCEPU,NTN NU204 ET2X,3,16,1500N
112541,916,2,NCEPU,NTN NU204 ET2X,3,16,1500N
112542,916,2,NCEPU,NTN NU204 ET2X,3,16,1500N
112543,916,2,NCEPU,NTN NU204 ET2X,3,16,1500N
112544,917,2,NCEPU,NTN NU204 ET2X,4,16,1500N
112545,917,2,NCEPU,NTN NU204 ET2X,4,16,1500N
112546,917,2,NCEPU,NTN NU204 ET2X,4,16,1500N
112547,917,2,NCEPU,NTN NU204 ET2X,4,16,1500N
112548,917,2,NCEPU,NTN NU204 ET2X,4,16,1500N
112549,917,2,NCEPU,NTN NU204 ET2X,4,16,1500N
112550,917,2,NCEPU,NTN NU204 ET2X,4,16,1500N
112551,917,2,NCEPU,NTN NU204 ET2X,4,16,1500N
112552,917,2,NCEPU,NTN NU204 ET2X,4,16,1500N
112553,917,2,NCEPU,NTN NU204 ET2X,4,16,1500N
112554,917,2,NCEPU,NTN NU204 ET2X,4,16,1500N
112555,917,2,NCEPU,NTN NU204 ET2X,4,16,1500N
112556,917,2,NCEPU,NTN NU204 ET2X,4,16,1500N
112557,917,2,NCEPU,NTN NU204 ET2X,4,16,1500N
112558,917,2,NCEPU,NTN NU204 ET2X,4,16,1500N
112559,917,2,NCEPU,NTN NU204 ET2X,4,16,1500N
112560,917,2,NCEPU,NTN NU204 ET2X,4,16,1500N
112561,917,2,NCEPU,NTN NU204 ET2X,4,16,1500N
112562,917,2,NCEPU,NTN NU204 ET2X,4,16,1500N
112563,917,2,NCEPU,NTN NU204 ET2X,4,16,1500N
112564,918,2,NCEPU,NTN NU204 ET2X,0,25,1500N
112565,918,2,NCEPU,NTN NU204 ET2X,0,25,1500N
112566,918,2,NCEPU,NTN NU204 ET2X,0,25,1500N
112567,918,2,NCEPU,NTN NU204 ET2X,0,25,1500N
112568,918,2,NCEPU,NTN NU204 ET2X,0,25,1500N
112569,918,2,NCEPU,NTN NU204 ET2X,0,25,1500N
112570,918,2,NCEPU,NTN NU204 ET2X,0,25,1500N
112571,918,2,NCEPU,NTN NU204 ET2X,0,25,1500N
112572,918,2,NCEPU,NTN NU204 ET2X,0,25,1500N
112573,918,2,NCEPU,NTN NU204 ET2X,0,25,1500N
112574,918,2,NCEPU,NTN NU204 ET2X,0,25,1500N
112575,918,2,NCEPU,NTN NU204 ET2X,0,25,1500N
112576,918,2,NCEPU,NTN NU204 ET2X,0,25,1500N
112577,918,2,NCEPU,NTN NU204 ET2X,0,25,1500N
112578,918,2,NCEPU,NTN NU204 ET2X,0,25,1500N
112579,918,2,NCEPU,NTN NU204 ET2X,0,25,1500N
112580,918,2,NCEPU,NTN NU204 ET2X,0,25,1500N
112581,918,2,NCEPU,NTN NU204 ET2X,0,25,1500N
112582,918,2,NCEPU,NTN NU204 ET2X,0,25,1500N
112583,918,2,NCEPU,NTN NU204 ET2X,0,25,1500N
112584,919,2,NCEPU,NTN NU204 ET2X,1,25,1500N
112585,919,2,NCEPU,NTN NU204 ET2X,1,25,1500N
112586,919,2,NCEPU,NTN NU204 ET2X,1,25,1500N
112587,919,2,NCEPU,NTN NU204 ET2X,1,25,1500N
112588,919,2,NCEPU,NTN NU204 ET2X,1,25,1500N
112589,919,2,NCEPU,NTN NU204 ET2X,1,25,1500N
112590,919,2,NCEPU,NTN NU204 ET2X,1,25,1500N
112591,919,2,NCEPU,NTN NU204 ET2X,1,25,1500N
112592,919,2,NCEPU,NTN NU204 ET2X,1,25,1500N
112593,919,2,NCEPU,NTN NU204 ET2X,1,25,1500N
112594,919,2,NCEPU,NTN NU204 ET2X,1,25,1500N
112595,919,2,NCEPU,NTN NU204 ET2X,1,25,1500N
112596,919,2,NCEPU,NTN NU204 ET2X,1,25,1500N
112597,919,2,NCEPU,NTN NU204 ET2X,1,25,1500N
112598,919,2,NCEPU,NTN NU204 ET2X,1,25,1500N
112599,919,2,NCEPU,NTN NU204 ET2X,1,25,1500N
112600,919,2,NCEPU,NTN NU204 ET2X,1,25,1500N
112601,919,2,NCEPU,NTN NU204 ET2X,1,25,1500N
112602,919,2,NCEPU,NTN NU204 ET2X,1,25,1500N
112603,919,2,NCEPU,NTN NU204 ET2X,1,25,1500N
112604,920,2,NCEPU,NTN NU204 ET2X,2,25,1500N
112605,920,2,NCEPU,NTN NU204 ET2X,2,25,1500N
112606,920,2,NCEPU,NTN NU204 ET2X,2,25,1500N
112607,920,2,NCEPU,NTN NU204 ET2X,2,25,1500N
112608,920,2,NCEPU,NTN NU204 ET2X,2,25,1500N
112609,920,2,NCEPU,NTN NU204 ET2X,2,25,1500N
112610,920,2,NCEPU,NTN NU204 ET2X,2,25,1500N
112611,920,2,NCEPU,NTN NU204 ET2X,2,25,1500N
112612,920,2,NCEPU,NTN NU204 ET2X,2,25,1500N
112613,920,2,NCEPU,NTN NU204 ET2X,2,25,1500N
112614,920,2,NCEPU,NTN NU204 ET2X,2,25,1500N
112615,920,2,NCEPU,NTN NU204 ET2X,2,25,1500N
112616,920,2,NCEPU,NTN NU204 ET2X,2,25,1500N
112617,920,2,NCEPU,NTN NU204 ET2X,2,25,1500N
112618,920,2,NCEPU,NTN NU204 ET2X,2,25,1500N
112619,920,2,NCEPU,NTN NU204 ET2X,2,25,1500N
112620,920,2,NCEPU,NTN NU204 ET2X,2,25,1500N
112621,920,2,NCEPU,NTN NU204 ET2X,2,25,1500N
112622,920,2,NCEPU,NTN NU204 ET2X,2,25,1500N
112623,920,2,NCEPU,NTN NU204 ET2X,2,25,1500N
112624,921,2,NCEPU,NTN NU204 ET2X,3,25,1500N
112625,921,2,NCEPU,NTN NU204 ET2X,3,25,1500N
112626,921,2,NCEPU,NTN NU204 ET2X,3,25,1500N
112627,921,2,NCEPU,NTN NU204 ET2X,3,25,1500N
112628,921,2,NCEPU,NTN NU204 ET2X,3,25,1500N
112629,921,2,NCEPU,NTN NU204 ET2X,3,25,1500N
112630,921,2,NCEPU,NTN NU204 ET2X,3,25,1500N
112631,921,2,NCEPU,NTN NU204 ET2X,3,25,1500N
112632,921,2,NCEPU,NTN NU204 ET2X,3,25,1500N
112633,921,2,NCEPU,NTN NU204 ET2X,3,25,1500N
112634,921,2,NCEPU,NTN NU204 ET2X,3,25,1500N
112635,921,2,NCEPU,NTN NU204 ET2X,3,25,1500N
112636,921,2,NCEPU,NTN NU204 ET2X,3,25,1500N
112637,921,2,NCEPU,NTN NU204 ET2X,3,25,1500N
112638,921,2,NCEPU,NTN NU204 ET2X,3,25,1500N
112639,921,2,NCEPU,NTN NU204 ET2X,3,25,1500N
112640,921,2,NCEPU,NTN NU204 ET2X,3,25,1500N
112641,921,2,NCEPU,NTN NU204 ET2X,3,25,1500N
112642,921,2,NCEPU,NTN NU204 ET2X,3,25,1500N
112643,921,2,NCEPU,NTN NU204 ET2X,3,25,1500N
112644,922,2,NCEPU,NTN NU204 ET2X,4,25,1500N
112645,922,2,NCEPU,NTN NU204 ET2X,4,25,1500N
112646,922,2,NCEPU,NTN NU204 ET2X,4,25,1500N
112647,922,2,NCEPU,NTN NU204 ET2X,4,25,1500N
112648,922,2,NCEPU,NTN NU204 ET2X,4,25,1500N
112649,922,2,NCEPU,NTN NU204 ET2X,4,25,1500N
112650,922,2,NCEPU,NTN NU204 ET2X,4,25,1500N
112651,922,2,NCEPU,NTN NU204 ET2X,4,25,1500N
112652,922,2,NCEPU,NTN NU204 ET2X,4,25,1500N
112653,922,2,NCEPU,NTN NU204 ET2X,4,25,1500N
112654,922,2,NCEPU,NTN NU204 ET2X,4,25,1500N
112655,922,2,NCEPU,NTN NU204 ET2X,4,25,1500N
112656,922,2,NCEPU,NTN NU204 ET2X,4,25,1500N
112657,922,2,NCEPU,NTN NU204 ET2X,4,25,1500N
112658,922,2,NCEPU,NTN NU204 ET2X,4,25,1500N
112659,922,2,NCEPU,NTN NU204 ET2X,4,25,1500N
112660,922,2,NCEPU,NTN NU204 ET2X,4,25,1500N
112661,922,2,NCEPU,NTN NU204 ET2X,4,25,1500N
112662,922,2,NCEPU,NTN NU204 ET2X,4,25,1500N
112663,922,2,NCEPU,NTN NU204 ET2X,4,25,1500N
112664,923,2,NCEPU,NTN NU204 ET2X,0,8,1500N
112665,923,2,NCEPU,NTN NU204 ET2X,0,8,1500N
112666,923,2,NCEPU,NTN NU204 ET2X,0,8,1500N
112667,923,2,NCEPU,NTN NU204 ET2X,0,8,1500N
112668,923,2,NCEPU,NTN NU204 ET2X,0,8,1500N
112669,923,2,NCEPU,NTN NU204 ET2X,0,8,1500N
112670,923,2,NCEPU,NTN NU204 ET2X,0,8,1500N
112671,923,2,NCEPU,NTN NU204 ET2X,0,8,1500N
112672,923,2,NCEPU,NTN NU204 ET2X,0,8,1500N
112673,923,2,NCEPU,NTN NU204 ET2X,0,8,1500N
112674,923,2,NCEPU,NTN NU204 ET2X,0,8,1500N
112675,923,2,NCEPU,NTN NU204 ET2X,0,8,1500N
112676,923,2,NCEPU,NTN NU204 ET2X,0,8,1500N
112677,923,2,NCEPU,NTN NU204 ET2X,0,8,1500N
112678,923,2,NCEPU,NTN NU204 ET2X,0,8,1500N
112679,923,2,NCEPU,NTN NU204 ET2X,0,8,1500N
112680,923,2,NCEPU,NTN NU204 ET2X,0,8,1500N
112681,923,2,NCEPU,NTN NU204 ET2X,0,8,1500N
112682,923,2,NCEPU,NTN NU204 ET2X,0,8,1500N
112683,923,2,NCEPU,NTN NU204 ET2X,0,8,1500N
112684,924,2,NCEPU,NTN NU204 ET2X,1,8,1500N
112685,924,2,NCEPU,NTN NU204 ET2X,1,8,1500N
112686,924,2,NCEPU,NTN NU204 ET2X,1,8,1500N
112687,924,2,NCEPU,NTN NU204 ET2X,1,8,1500N
112688,924,2,NCEPU,NTN NU204 ET2X,1,8,1500N
112689,924,2,NCEPU,NTN NU204 ET2X,1,8,1500N
112690,924,2,NCEPU,NTN NU204 ET2X,1,8,1500N
112691,924,2,NCEPU,NTN NU204 ET2X,1,8,1500N
112692,924,2,NCEPU,NTN NU204 ET2X,1,8,1500N
112693,924,2,NCEPU,NTN NU204 ET2X,1,8,1500N
112694,924,2,NCEPU,NTN NU204 ET2X,1,8,1500N
112695,924,2,NCEPU,NTN NU204 ET2X,1,8,1500N
112696,924,2,NCEPU,NTN NU204 ET2X,1,8,1500N
112697,924,2,NCEPU,NTN NU204 ET2X,1,8,1500N
112698,924,2,NCEPU,NTN NU204 ET2X,1,8,1500N
112699,924,2,NCEPU,NTN NU204 ET2X,1,8,1500N
112700,924,2,NCEPU,NTN NU204 ET2X,1,8,1500N
112701,924,2,NCEPU,NTN NU204 ET2X,1,8,1500N
112702,924,2,NCEPU,NTN NU204 ET2X,1,8,1500N
112703,924,2,NCEPU,NTN NU204 ET2X,1,8,1500N
112704,925,2,NCEPU,NTN NU204 ET2X,2,8,1500N
112705,925,2,NCEPU,NTN NU204 ET2X,2,8,1500N
112706,925,2,NCEPU,NTN NU204 ET2X,2,8,1500N
112707,925,2,NCEPU,NTN NU204 ET2X,2,8,1500N
112708,925,2,NCEPU,NTN NU204 ET2X,2,8,1500N
112709,925,2,NCEPU,NTN NU204 ET2X,2,8,1500N
112710,925,2,NCEPU,NTN NU204 ET2X,2,8,1500N
112711,925,2,NCEPU,NTN NU204 ET2X,2,8,1500N
112712,925,2,NCEPU,NTN NU204 ET2X,2,8,1500N
112713,925,2,NCEPU,NTN NU204 ET2X,2,8,1500N
112714,925,2,NCEPU,NTN NU204 ET2X,2,8,1500N
112715,925,2,NCEPU,NTN NU204 ET2X,2,8,1500N
112716,925,2,NCEPU,NTN NU204 ET2X,2,8,1500N
112717,925,2,NCEPU,NTN NU204 ET2X,2,8,1500N
112718,925,2,NCEPU,NTN NU204 ET2X,2,8,1500N
112719,925,2,NCEPU,NTN NU204 ET2X,2,8,1500N
112720,925,2,NCEPU,NTN NU204 ET2X,2,8,1500N
112721,925,2,NCEPU,NTN NU204 ET2X,2,8,1500N
112722,925,2,NCEPU,NTN NU204 ET2X,2,8,1500N
112723,925,2,NCEPU,NTN NU204 ET2X,2,8,1500N
112724,926,2,NCEPU,NTN NU204 ET2X,3,8,1500N
112725,926,2,NCEPU,NTN NU204 ET2X,3,8,1500N
112726,926,2,NCEPU,NTN NU204 ET2X,3,8,1500N
112727,926,2,NCEPU,NTN NU204 ET2X,3,8,1500N
112728,926,2,NCEPU,NTN NU204 ET2X,3,8,1500N
112729,926,2,NCEPU,NTN NU204 ET2X,3,8,1500N
112730,926,2,NCEPU,NTN NU204 ET2X,3,8,1500N
112731,926,2,NCEPU,NTN NU204 ET2X,3,8,1500N
112732,926,2,NCEPU,NTN NU204 ET2X,3,8,1500N
112733,926,2,NCEPU,NTN NU204 ET2X,3,8,1500N
112734,926,2,NCEPU,NTN NU204 ET2X,3,8,1500N
112735,926,2,NCEPU,NTN NU204 ET2X,3,8,1500N
112736,926,2,NCEPU,NTN NU204 ET2X,3,8,1500N
112737,926,2,NCEPU,NTN NU204 ET2X,3,8,1500N
112738,926,2,NCEPU,NTN NU204 ET2X,3,8,1500N
112739,926,2,NCEPU,NTN NU204 ET2X,3,8,1500N
112740,926,2,NCEPU,NTN NU204 ET2X,3,8,1500N
112741,926,2,NCEPU,NTN NU204 ET2X,3,8,1500N
112742,926,2,NCEPU,NTN NU204 ET2X,3,8,1500N
112743,926,2,NCEPU,NTN NU204 ET2X,3,8,1500N
112744,927,2,NCEPU,NTN NU204 ET2X,4,8,1500N
112745,927,2,NCEPU,NTN NU204 ET2X,4,8,1500N
112746,927,2,NCEPU,NTN NU204 ET2X,4,8,1500N
112747,927,2,NCEPU,NTN NU204 ET2X,4,8,1500N
112748,927,2,NCEPU,NTN NU204 ET2X,4,8,1500N
112749,927,2,NCEPU,NTN NU204 ET2X,4,8,1500N
112750,927,2,NCEPU,NTN NU204 ET2X,4,8,1500N
112751,927,2,NCEPU,NTN NU204 ET2X,4,8,1500N
112752,927,2,NCEPU,NTN NU204 ET2X,4,8,1500N
112753,927,2,NCEPU,NTN NU204 ET2X,4,8,1500N
112754,927,2,NCEPU,NTN NU204 ET2X,4,8,1500N
112755,927,2,NCEPU,NTN NU204 ET2X,4,8,1500N
112756,927,2,NCEPU,NTN NU204 ET2X,4,8,1500N
112757,927,2,NCEPU,NTN NU204 ET2X,4,8,1500N
112758,927,2,NCEPU,NTN NU204 ET2X,4,8,1500N
112759,927,2,NCEPU,NTN NU204 ET2X,4,8,1500N
112760,927,2,NCEPU,NTN NU204 ET2X,4,8,1500N
112761,927,2,NCEPU,NTN NU204 ET2X,4,8,1500N
112762,927,2,NCEPU,NTN NU204 ET2X,4,8,1500N
112763,927,2,NCEPU,NTN NU204 ET2X,4,8,1500N
112764,928,2,NCEPU,NTN NU204 ET2X,0,16,0
112765,928,2,NCEPU,NTN NU204 ET2X,0,16,0
112766,928,2,NCEPU,NTN NU204 ET2X,0,16,0
112767,928,2,NCEPU,NTN NU204 ET2X,0,16,0
112768,928,2,NCEPU,NTN NU204 ET2X,0,16,0
112769,928,2,NCEPU,NTN NU204 ET2X,0,16,0
112770,928,2,NCEPU,NTN NU204 ET2X,0,16,0
112771,928,2,NCEPU,NTN NU204 ET2X,0,16,0
112772,928,2,NCEPU,NTN NU204 ET2X,0,16,0
112773,928,2,NCEPU,NTN NU204 ET2X,0,16,0
112774,928,2,NCEPU,NTN NU204 ET2X,0,16,0
112775,928,2,NCEPU,NTN NU204 ET2X,0,16,0
112776,928,2,NCEPU,NTN NU204 ET2X,0,16,0
112777,928,2,NCEPU,NTN NU204 ET2X,0,16,0
112778,928,2,NCEPU,NTN NU204 ET2X,0,16,0
112779,928,2,NCEPU,NTN NU204 ET2X,0,16,0
112780,928,2,NCEPU,NTN NU204 ET2X,0,16,0
112781,928,2,NCEPU,NTN NU204 ET2X,0,16,0
112782,928,2,NCEPU,NTN NU204 ET2X,0,16,0
112783,928,2,NCEPU,NTN NU204 ET2X,0,16,0
112784,929,2,NCEPU,NTN NU204 ET2X,1,16,0
112785,929,2,NCEPU,NTN NU204 ET2X,1,16,0
112786,929,2,NCEPU,NTN NU204 ET2X,1,16,0
112787,929,2,NCEPU,NTN NU204 ET2X,1,16,0
112788,929,2,NCEPU,NTN NU204 ET2X,1,16,0
112789,929,2,NCEPU,NTN NU204 ET2X,1,16,0
112790,929,2,NCEPU,NTN NU204 ET2X,1,16,0
112791,929,2,NCEPU,NTN NU204 ET2X,1,16,0
112792,929,2,NCEPU,NTN NU204 ET2X,1,16,0
112793,929,2,NCEPU,NTN NU204 ET2X,1,16,0
112794,929,2,NCEPU,NTN NU204 ET2X,1,16,0
112795,929,2,NCEPU,NTN NU204 ET2X,1,16,0
112796,929,2,NCEPU,NTN NU204 ET2X,1,16,0
112797,929,2,NCEPU,NTN NU204 ET2X,1,16,0
112798,929,2,NCEPU,NTN NU204 ET2X,1,16,0
112799,929,2,NCEPU,NTN NU204 ET2X,1,16,0
112800,929,2,NCEPU,NTN NU204 ET2X,1,16,0
112801,929,2,NCEPU,NTN NU204 ET2X,1,16,0
112802,929,2,NCEPU,NTN NU204 ET2X,1,16,0
112803,929,2,NCEPU,NTN NU204 ET2X,1,16,0
112804,930,2,NCEPU,NTN NU204 ET2X,2,16,0
112805,930,2,NCEPU,NTN NU204 ET2X,2,16,0
112806,930,2,NCEPU,NTN NU204 ET2X,2,16,0
112807,930,2,NCEPU,NTN NU204 ET2X,2,16,0
112808,930,2,NCEPU,NTN NU204 ET2X,2,16,0
112809,930,2,NCEPU,NTN NU204 ET2X,2,16,0
112810,930,2,NCEPU,NTN NU204 ET2X,2,16,0
112811,930,2,NCEPU,NTN NU204 ET2X,2,16,0
112812,930,2,NCEPU,NTN NU204 ET2X,2,16,0
112813,930,2,NCEPU,NTN NU204 ET2X,2,16,0
112814,930,2,NCEPU,NTN NU204 ET2X,2,16,0
112815,930,2,NCEPU,NTN NU204 ET2X,2,16,0
112816,930,2,NCEPU,NTN NU204 ET2X,2,16,0
112817,930,2,NCEPU,NTN NU204 ET2X,2,16,0
112818,930,2,NCEPU,NTN NU204 ET2X,2,16,0
112819,930,2,NCEPU,NTN NU204 ET2X,2,16,0
112820,930,2,NCEPU,NTN NU204 ET2X,2,16,0
112821,930,2,NCEPU,NTN NU204 ET2X,2,16,0
112822,930,2,NCEPU,NTN NU204 ET2X,2,16,0
112823,930,2,NCEPU,NTN NU204 ET2X,2,16,0
112824,931,2,NCEPU,NTN NU204 ET2X,3,16,0
112825,931,2,NCEPU,NTN NU204 ET2X,3,16,0
112826,931,2,NCEPU,NTN NU204 ET2X,3,16,0
112827,931,2,NCEPU,NTN NU204 ET2X,3,16,0
112828,931,2,NCEPU,NTN NU204 ET2X,3,16,0
112829,931,2,NCEPU,NTN NU204 ET2X,3,16,0
112830,931,2,NCEPU,NTN NU204 ET2X,3,16,0
112831,931,2,NCEPU,NTN NU204 ET2X,3,16,0
112832,931,2,NCEPU,NTN NU204 ET2X,3,16,0
112833,931,2,NCEPU,NTN NU204 ET2X,3,16,0
112834,931,2,NCEPU,NTN NU204 ET2X,3,16,0
112835,931,2,NCEPU,NTN NU204 ET2X,3,16,0
112836,931,2,NCEPU,NTN NU204 ET2X,3,16,0
112837,931,2,NCEPU,NTN NU204 ET2X,3,16,0
112838,931,2,NCEPU,NTN NU204 ET2X,3,16,0
112839,931,2,NCEPU,NTN NU204 ET2X,3,16,0
112840,931,2,NCEPU,NTN NU204 ET2X,3,16,0
112841,931,2,NCEPU,NTN NU204 ET2X,3,16,0
112842,931,2,NCEPU,NTN NU204 ET2X,3,16,0
112843,931,2,NCEPU,NTN NU204 ET2X,3,16,0
112844,932,2,NCEPU,NTN NU204 ET2X,4,16,0
112845,932,2,NCEPU,NTN NU204 ET2X,4,16,0
112846,932,2,NCEPU,NTN NU204 ET2X,4,16,0
112847,932,2,NCEPU,NTN NU204 ET2X,4,16,0
112848,932,2,NCEPU,NTN NU204 ET2X,4,16,0
112849,932,2,NCEPU,NTN NU204 ET2X,4,16,0
112850,932,2,NCEPU,NTN NU204 ET2X,4,16,0
112851,932,2,NCEPU,NTN NU204 ET2X,4,16,0
112852,932,2,NCEPU,NTN NU204 ET2X,4,16,0
112853,932,2,NCEPU,NTN NU204 ET2X,4,16,0
112854,932,2,NCEPU,NTN NU204 ET2X,4,16,0
112855,932,2,NCEPU,NTN NU204 ET2X,4,16,0
112856,932,2,NCEPU,NTN NU204 ET2X,4,16,0
112857,932,2,NCEPU,NTN NU204 ET2X,4,16,0
112858,932,2,NCEPU,NTN NU204 ET2X,4,16,0
112859,932,2,NCEPU,NTN NU204 ET2X,4,16,0
112860,932,2,NCEPU,NTN NU204 ET2X,4,16,0
112861,932,2,NCEPU,NTN NU204 ET2X,4,16,0
112862,932,2,NCEPU,NTN NU204 ET2X,4,16,0
112863,932,2,NCEPU,NTN NU204 ET2X,4,16,0
112864,933,2,NCEPU,NTN NU204 ET2X,0,25,0
112865,933,2,NCEPU,NTN NU204 ET2X,0,25,0
112866,933,2,NCEPU,NTN NU204 ET2X,0,25,0
112867,933,2,NCEPU,NTN NU204 ET2X,0,25,0
112868,933,2,NCEPU,NTN NU204 ET2X,0,25,0
112869,933,2,NCEPU,NTN NU204 ET2X,0,25,0
112870,933,2,NCEPU,NTN NU204 ET2X,0,25,0
112871,933,2,NCEPU,NTN NU204 ET2X,0,25,0
112872,933,2,NCEPU,NTN NU204 ET2X,0,25,0
112873,933,2,NCEPU,NTN NU204 ET2X,0,25,0
112874,933,2,NCEPU,NTN NU204 ET2X,0,25,0
112875,933,2,NCEPU,NTN NU204 ET2X,0,25,0
112876,933,2,NCEPU,NTN NU204 ET2X,0,25,0
112877,933,2,NCEPU,NTN NU204 ET2X,0,25,0
112878,933,2,NCEPU,NTN NU204 ET2X,0,25,0
112879,933,2,NCEPU,NTN NU204 ET2X,0,25,0
112880,933,2,NCEPU,NTN NU204 ET2X,0,25,0
112881,933,2,NCEPU,NTN NU204 ET2X,0,25,0
112882,933,2,NCEPU,NTN NU204 ET2X,0,25,0
112883,933,2,NCEPU,NTN NU204 ET2X,0,25,0
112884,934,2,NCEPU,NTN NU204 ET2X,1,25,0
112885,934,2,NCEPU,NTN NU204 ET2X,1,25,0
112886,934,2,NCEPU,NTN NU204 ET2X,1,25,0
112887,934,2,NCEPU,NTN NU204 ET2X,1,25,0
112888,934,2,NCEPU,NTN NU204 ET2X,1,25,0
112889,934,2,NCEPU,NTN NU204 ET2X,1,25,0
112890,934,2,NCEPU,NTN NU204 ET2X,1,25,0
112891,934,2,NCEPU,NTN NU204 ET2X,1,25,0
112892,934,2,NCEPU,NTN NU204 ET2X,1,25,0
112893,934,2,NCEPU,NTN NU204 ET2X,1,25,0
112894,934,2,NCEPU,NTN NU204 ET2X,1,25,0
112895,934,2,NCEPU,NTN NU204 ET2X,1,25,0
112896,934,2,NCEPU,NTN NU204 ET2X,1,25,0
112897,934,2,NCEPU,NTN NU204 ET2X,1,25,0
112898,934,2,NCEPU,NTN NU204 ET2X,1,25,0
112899,934,2,NCEPU,NTN NU204 ET2X,1,25,0
112900,934,2,NCEPU,NTN NU204 ET2X,1,25,0
112901,934,2,NCEPU,NTN NU204 ET2X,1,25,0
112902,934,2,NCEPU,NTN NU204 ET2X,1,25,0
112903,934,2,NCEPU,NTN NU204 ET2X,1,25,0
112904,935,2,NCEPU,NTN NU204 ET2X,2,25,0
112905,935,2,NCEPU,NTN NU204 ET2X,2,25,0
112906,935,2,NCEPU,NTN NU204 ET2X,2,25,0
112907,935,2,NCEPU,NTN NU204 ET2X,2,25,0
112908,935,2,NCEPU,NTN NU204 ET2X,2,25,0
112909,935,2,NCEPU,NTN NU204 ET2X,2,25,0
112910,935,2,NCEPU,NTN NU204 ET2X,2,25,0
112911,935,2,NCEPU,NTN NU204 ET2X,2,25,0
112912,935,2,NCEPU,NTN NU204 ET2X,2,25,0
112913,935,2,NCEPU,NTN NU204 ET2X,2,25,0
112914,935,2,NCEPU,NTN NU204 ET2X,2,25,0
112915,935,2,NCEPU,NTN NU204 ET2X,2,25,0
112916,935,2,NCEPU,NTN NU204 ET2X,2,25,0
112917,935,2,NCEPU,NTN NU204 ET2X,2,25,0
112918,935,2,NCEPU,NTN NU204 ET2X,2,25,0
112919,935,2,NCEPU,NTN NU204 ET2X,2,25,0
112920,935,2,NCEPU,NTN NU204 ET2X,2,25,0
112921,935,2,NCEPU,NTN NU204 ET2X,2,25,0
112922,935,2,NCEPU,NTN NU204 ET2X,2,25,0
112923,935,2,NCEPU,NTN NU204 ET2X,2,25,0
112924,936,2,NCEPU,NTN NU204 ET2X,3,25,0
112925,936,2,NCEPU,NTN NU204 ET2X,3,25,0
112926,936,2,NCEPU,NTN NU204 ET2X,3,25,0
112927,936,2,NCEPU,NTN NU204 ET2X,3,25,0
112928,936,2,NCEPU,NTN NU204 ET2X,3,25,0
112929,936,2,NCEPU,NTN NU204 ET2X,3,25,0
112930,936,2,NCEPU,NTN NU204 ET2X,3,25,0
112931,936,2,NCEPU,NTN NU204 ET2X,3,25,0
112932,936,2,NCEPU,NTN NU204 ET2X,3,25,0
112933,936,2,NCEPU,NTN NU204 ET2X,3,25,0
112934,936,2,NCEPU,NTN NU204 ET2X,3,25,0
112935,936,2,NCEPU,NTN NU204 ET2X,3,25,0
112936,936,2,NCEPU,NTN NU204 ET2X,3,25,0
112937,936,2,NCEPU,NTN NU204 ET2X,3,25,0
112938,936,2,NCEPU,NTN NU204 ET2X,3,25,0
112939,936,2,NCEPU,NTN NU204 ET2X,3,25,0
112940,936,2,NCEPU,NTN NU204 ET2X,3,25,0
112941,936,2,NCEPU,NTN NU204 ET2X,3,25,0
112942,936,2,NCEPU,NTN NU204 ET2X,3,25,0
112943,936,2,NCEPU,NTN NU204 ET2X,3,25,0
112944,937,2,NCEPU,NTN NU204 ET2X,4,25,0
112945,937,2,NCEPU,NTN NU204 ET2X,4,25,0
112946,937,2,NCEPU,NTN NU204 ET2X,4,25,0
112947,937,2,NCEPU,NTN NU204 ET2X,4,25,0
112948,937,2,NCEPU,NTN NU204 ET2X,4,25,0
112949,937,2,NCEPU,NTN NU204 ET2X,4,25,0
112950,937,2,NCEPU,NTN NU204 ET2X,4,25,0
112951,937,2,NCEPU,NTN NU204 ET2X,4,25,0
112952,937,2,NCEPU,NTN NU204 ET2X,4,25,0
112953,937,2,NCEPU,NTN NU204 ET2X,4,25,0
112954,937,2,NCEPU,NTN NU204 ET2X,4,25,0
112955,937,2,NCEPU,NTN NU204 ET2X,4,25,0
112956,937,2,NCEPU,NTN NU204 ET2X,4,25,0
112957,937,2,NCEPU,NTN NU204 ET2X,4,25,0
112958,937,2,NCEPU,NTN NU204 ET2X,4,25,0
112959,937,2,NCEPU,NTN NU204 ET2X,4,25,0
112960,937,2,NCEPU,NTN NU204 ET2X,4,25,0
112961,937,2,NCEPU,NTN NU204 ET2X,4,25,0
112962,937,2,NCEPU,NTN NU204 ET2X,4,25,0
112963,937,2,NCEPU,NTN NU204 ET2X,4,25,0
112964,938,2,NCEPU,NTN NU204 ET2X,0,8,0
112965,938,2,NCEPU,NTN NU204 ET2X,0,8,0
112966,938,2,NCEPU,NTN NU204 ET2X,0,8,0
112967,938,2,NCEPU,NTN NU204 ET2X,0,8,0
112968,938,2,NCEPU,NTN NU204 ET2X,0,8,0
112969,938,2,NCEPU,NTN NU204 ET2X,0,8,0
112970,938,2,NCEPU,NTN NU204 ET2X,0,8,0
112971,938,2,NCEPU,NTN NU204 ET2X,0,8,0
112972,938,2,NCEPU,NTN NU204 ET2X,0,8,0
112973,938,2,NCEPU,NTN NU204 ET2X,0,8,0
112974,938,2,NCEPU,NTN NU204 ET2X,0,8,0
112975,938,2,NCEPU,NTN NU204 ET2X,0,8,0
112976,938,2,NCEPU,NTN NU204 ET2X,0,8,0
112977,938,2,NCEPU,NTN NU204 ET2X,0,8,0
112978,938,2,NCEPU,NTN NU204 ET2X,0,8,0
112979,938,2,NCEPU,NTN NU204 ET2X,0,8,0
112980,938,2,NCEPU,NTN NU204 ET2X,0,8,0
112981,938,2,NCEPU,NTN NU204 ET2X,0,8,0
112982,938,2,NCEPU,NTN NU204 ET2X,0,8,0
112983,938,2,NCEPU,NTN NU204 ET2X,0,8,0
112984,939,2,NCEPU,NTN NU204 ET2X,1,8,0
112985,939,2,NCEPU,NTN NU204 ET2X,1,8,0
112986,939,2,NCEPU,NTN NU204 ET2X,1,8,0
112987,939,2,NCEPU,NTN NU204 ET2X,1,8,0
112988,939,2,NCEPU,NTN NU204 ET2X,1,8,0
112989,939,2,NCEPU,NTN NU204 ET2X,1,8,0
112990,939,2,NCEPU,NTN NU204 ET2X,1,8,0
112991,939,2,NCEPU,NTN NU204 ET2X,1,8,0
112992,939,2,NCEPU,NTN NU204 ET2X,1,8,0
112993,939,2,NCEPU,NTN NU204 ET2X,1,8,0
112994,939,2,NCEPU,NTN NU204 ET2X,1,8,0
112995,939,2,NCEPU,NTN NU204 ET2X,1,8,0
112996,939,2,NCEPU,NTN NU204 ET2X,1,8,0
112997,939,2,NCEPU,NTN NU204 ET2X,1,8,0
112998,939,2,NCEPU,NTN NU204 ET2X,1,8,0
112999,939,2,NCEPU,NTN NU204 ET2X,1,8,0
113000,939,2,NCEPU,NTN NU204 ET2X,1,8,0
113001,939,2,NCEPU,NTN NU204 ET2X,1,8,0
113002,939,2,NCEPU,NTN NU204 ET2X,1,8,0
113003,939,2,NCEPU,NTN NU204 ET2X,1,8,0
113004,940,2,NCEPU,NTN NU204 ET2X,2,8,0
113005,940,2,NCEPU,NTN NU204 ET2X,2,8,0
113006,940,2,NCEPU,NTN NU204 ET2X,2,8,0
113007,940,2,NCEPU,NTN NU204 ET2X,2,8,0
113008,940,2,NCEPU,NTN NU204 ET2X,2,8,0
113009,940,2,NCEPU,NTN NU204 ET2X,2,8,0
113010,940,2,NCEPU,NTN NU204 ET2X,2,8,0
113011,940,2,NCEPU,NTN NU204 ET2X,2,8,0
113012,940,2,NCEPU,NTN NU204 ET2X,2,8,0
113013,940,2,NCEPU,NTN NU204 ET2X,2,8,0
113014,940,2,NCEPU,NTN NU204 ET2X,2,8,0
113015,940,2,NCEPU,NTN NU204 ET2X,2,8,0
113016,940,2,NCEPU,NTN NU204 ET2X,2,8,0
113017,940,2,NCEPU,NTN NU204 ET2X,2,8,0
113018,940,2,NCEPU,NTN NU204 ET2X,2,8,0
113019,940,2,NCEPU,NTN NU204 ET2X,2,8,0
113020,940,2,NCEPU,NTN NU204 ET2X,2,8,0
113021,940,2,NCEPU,NTN NU204 ET2X,2,8,0
113022,940,2,NCEPU,NTN NU204 ET2X,2,8,0
113023,940,2,NCEPU,NTN NU204 ET2X,2,8,0
113024,941,2,NCEPU,NTN NU204 ET2X,3,8,0
113025,941,2,NCEPU,NTN NU204 ET2X,3,8,0
113026,941,2,NCEPU,NTN NU204 ET2X,3,8,0
113027,941,2,NCEPU,NTN NU204 ET2X,3,8,0
113028,941,2,NCEPU,NTN NU204 ET2X,3,8,0
113029,941,2,NCEPU,NTN NU204 ET2X,3,8,0
113030,941,2,NCEPU,NTN NU204 ET2X,3,8,0
113031,941,2,NCEPU,NTN NU204 ET2X,3,8,0
113032,941,2,NCEPU,NTN NU204 ET2X,3,8,0
113033,941,2,NCEPU,NTN NU204 ET2X,3,8,0
113034,941,2,NCEPU,NTN NU204 ET2X,3,8,0
113035,941,2,NCEPU,NTN NU204 ET2X,3,8,0
113036,941,2,NCEPU,NTN NU204 ET2X,3,8,0
113037,941,2,NCEPU,NTN NU204 ET2X,3,8,0
113038,941,2,NCEPU,NTN NU204 ET2X,3,8,0
113039,941,2,NCEPU,NTN NU204 ET2X,3,8,0
113040,941,2,NCEPU,NTN NU204 ET2X,3,8,0
113041,941,2,NCEPU,NTN NU204 ET2X,3,8,0
113042,941,2,NCEPU,NTN NU204 ET2X,3,8,0
113043,941,2,NCEPU,NTN NU204 ET2X,3,8,0
113044,942,2,NCEPU,NTN NU204 ET2X,4,8,0
113045,942,2,NCEPU,NTN NU204 ET2X,4,8,0
113046,942,2,NCEPU,NTN NU204 ET2X,4,8,0
113047,942,2,NCEPU,NTN NU204 ET2X,4,8,0
113048,942,2,NCEPU,NTN NU204 ET2X,4,8,0
113049,942,2,NCEPU,NTN NU204 ET2X,4,8,0
113050,942,2,NCEPU,NTN NU204 ET2X,4,8,0
113051,942,2,NCEPU,NTN NU204 ET2X,4,8,0
113052,942,2,NCEPU,NTN NU204 ET2X,4,8,0
113053,942,2,NCEPU,NTN NU204 ET2X,4,8,0
113054,942,2,NCEPU,NTN NU204 ET2X,4,8,0
113055,942,2,NCEPU,NTN NU204 ET2X,4,8,0
113056,942,2,NCEPU,NTN NU204 ET2X,4,8,0
113057,942,2,NCEPU,NTN NU204 ET2X,4,8,0
113058,942,2,NCEPU,NTN NU204 ET2X,4,8,0
113059,942,2,NCEPU,NTN NU204 ET2X,4,8,0
113060,942,2,NCEPU,NTN NU204 ET2X,4,8,0
113061,942,2,NCEPU,NTN NU204 ET2X,4,8,0
113062,942,2,NCEPU,NTN NU204 ET2X,4,8,0
113063,942,2,NCEPU,NTN NU204 ET2X,4,8,0
113064,943,8,NCEPU,NTN NU204 ET2X,0,16,0-3000N
113065,943,8,NCEPU,NTN NU204 ET2X,0,16,0-3000N
113066,943,8,NCEPU,NTN NU204 ET2X,0,16,0-3000N
113067,943,8,NCEPU,NTN NU204 ET2X,0,16,0-3000N
113068,943,8,NCEPU,NTN NU204 ET2X,0,16,0-3000N
113069,943,8,NCEPU,NTN NU204 ET2X,0,16,0-3000N
113070,943,8,NCEPU,NTN NU204 ET2X,0,16,0-3000N
113071,943,8,NCEPU,NTN NU204 ET2X,0,16,0-3000N
113072,943,8,NCEPU,NTN NU204 ET2X,0,16,0-3000N
113073,943,8,NCEPU,NTN NU204 ET2X,0,16,0-3000N
113074,943,8,NCEPU,NTN NU204 ET2X,0,16,0-3000N
113075,943,8,NCEPU,NTN NU204 ET2X,0,16,0-3000N
113076,943,8,NCEPU,NTN NU204 ET2X,0,16,0-3000N
113077,943,8,NCEPU,NTN NU204 ET2X,0,16,0-3000N
113078,943,8,NCEPU,NTN NU204 ET2X,0,16,0-3000N
113079,943,8,NCEPU,NTN NU204 ET2X,0,16,0-3000N
113080,943,8,NCEPU,NTN NU204 ET2X,0,16,0-3000N
113081,943,8,NCEPU,NTN NU204 ET2X,0,16,0-3000N
113082,943,8,NCEPU,NTN NU204 ET2X,0,16,0-3000N
113083,943,8,NCEPU,NTN NU204 ET2X,0,16,0-3000N
113084,944,8,NCEPU,NTN NU204 ET2X,1,16,0-3000N
113085,944,8,NCEPU,NTN NU204 ET2X,1,16,0-3000N
113086,944,8,NCEPU,NTN NU204 ET2X,1,16,0-3000N
113087,944,8,NCEPU,NTN NU204 ET2X,1,16,0-3000N
113088,944,8,NCEPU,NTN NU204 ET2X,1,16,0-3000N
113089,944,8,NCEPU,NTN NU204 ET2X,1,16,0-3000N
113090,944,8,NCEPU,NTN NU204 ET2X,1,16,0-3000N
113091,944,8,NCEPU,NTN NU204 ET2X,1,16,0-3000N
113092,944,8,NCEPU,NTN NU204 ET2X,1,16,0-3000N
113093,944,8,NCEPU,NTN NU204 ET2X,1,16,0-3000N
113094,944,8,NCEPU,NTN NU204 ET2X,1,16,0-3000N
113095,944,8,NCEPU,NTN NU204 ET2X,1,16,0-3000N
113096,944,8,NCEPU,NTN NU204 ET2X,1,16,0-3000N
113097,944,8,NCEPU,NTN NU204 ET2X,1,16,0-3000N
113098,944,8,NCEPU,NTN NU204 ET2X,1,16,0-3000N
113099,944,8,NCEPU,NTN NU204 ET2X,1,16,0-3000N
113100,944,8,NCEPU,NTN NU204 ET2X,1,16,0-3000N
113101,944,8,NCEPU,NTN NU204 ET2X,1,16,0-3000N
113102,944,8,NCEPU,NTN NU204 ET2X,1,16,0-3000N
113103,944,8,NCEPU,NTN NU204 ET2X,1,16,0-3000N
113104,945,8,NCEPU,NTN NU204 ET2X,2,16,0-3000N
113105,945,8,NCEPU,NTN NU204 ET2X,2,16,0-3000N
113106,945,8,NCEPU,NTN NU204 ET2X,2,16,0-3000N
113107,945,8,NCEPU,NTN NU204 ET2X,2,16,0-3000N
113108,945,8,NCEPU,NTN NU204 ET2X,2,16,0-3000N
113109,945,8,NCEPU,NTN NU204 ET2X,2,16,0-3000N
113110,945,8,NCEPU,NTN NU204 ET2X,2,16,0-3000N
113111,945,8,NCEPU,NTN NU204 ET2X,2,16,0-3000N
113112,945,8,NCEPU,NTN NU204 ET2X,2,16,0-3000N
113113,945,8,NCEPU,NTN NU204 ET2X,2,16,0-3000N
113114,945,8,NCEPU,NTN NU204 ET2X,2,16,0-3000N
113115,945,8,NCEPU,NTN NU204 ET2X,2,16,0-3000N
113116,945,8,NCEPU,NTN NU204 ET2X,2,16,0-3000N
113117,945,8,NCEPU,NTN NU204 ET2X,2,16,0-3000N
113118,945,8,NCEPU,NTN NU204 ET2X,2,16,0-3000N
113119,945,8,NCEPU,NTN NU204 ET2X,2,16,0-3000N
113120,945,8,NCEPU,NTN NU204 ET2X,2,16,0-3000N
113121,945,8,NCEPU,NTN NU204 ET2X,2,16,0-3000N
113122,945,8,NCEPU,NTN NU204 ET2X,2,16,0-3000N
113123,945,8,NCEPU,NTN NU204 ET2X,2,16,0-3000N
113124,946,8,NCEPU,NTN NU204 ET2X,3,16,0-3000N
113125,946,8,NCEPU,NTN NU204 ET2X,3,16,0-3000N
113126,946,8,NCEPU,NTN NU204 ET2X,3,16,0-3000N
113127,946,8,NCEPU,NTN NU204 ET2X,3,16,0-3000N
113128,946,8,NCEPU,NTN NU204 ET2X,3,16,0-3000N
113129,946,8,NCEPU,NTN NU204 ET2X,3,16,0-3000N
113130,946,8,NCEPU,NTN NU204 ET2X,3,16,0-3000N
113131,946,8,NCEPU,NTN NU204 ET2X,3,16,0-3000N
113132,946,8,NCEPU,NTN NU204 ET2X,3,16,0-3000N
113133,946,8,NCEPU,NTN NU204 ET2X,3,16,0-3000N
113134,946,8,NCEPU,NTN NU204 ET2X,3,16,0-3000N
113135,946,8,NCEPU,NTN NU204 ET2X,3,16,0-3000N
113136,946,8,NCEPU,NTN NU204 ET2X,3,16,0-3000N
113137,946,8,NCEPU,NTN NU204 ET2X,3,16,0-3000N
113138,946,8,NCEPU,NTN NU204 ET2X,3,16,0-3000N
113139,946,8,NCEPU,NTN NU204 ET2X,3,16,0-3000N
113140,946,8,NCEPU,NTN NU204 ET2X,3,16,0-3000N
113141,946,8,NCEPU,NTN NU204 ET2X,3,16,0-3000N
113142,946,8,NCEPU,NTN NU204 ET2X,3,16,0-3000N
113143,946,8,NCEPU,NTN NU204 ET2X,3,16,0-3000N
113144,947,8,NCEPU,NTN NU204 ET2X,4,16,0-3000N
113145,947,8,NCEPU,NTN NU204 ET2X,4,16,0-3000N
113146,947,8,NCEPU,NTN NU204 ET2X,4,16,0-3000N
113147,947,8,NCEPU,NTN NU204 ET2X,4,16,0-3000N
113148,947,8,NCEPU,NTN NU204 ET2X,4,16,0-3000N
113149,947,8,NCEPU,NTN NU204 ET2X,4,16,0-3000N
113150,947,8,NCEPU,NTN NU204 ET2X,4,16,0-3000N
113151,947,8,NCEPU,NTN NU204 ET2X,4,16,0-3000N
113152,947,8,NCEPU,NTN NU204 ET2X,4,16,0-3000N
113153,947,8,NCEPU,NTN NU204 ET2X,4,16,0-3000N
113154,947,8,NCEPU,NTN NU204 ET2X,4,16,0-3000N
113155,947,8,NCEPU,NTN NU204 ET2X,4,16,0-3000N
113156,947,8,NCEPU,NTN NU204 ET2X,4,16,0-3000N
113157,947,8,NCEPU,NTN NU204 ET2X,4,16,0-3000N
113158,947,8,NCEPU,NTN NU204 ET2X,4,16,0-3000N
113159,947,8,NCEPU,NTN NU204 ET2X,4,16,0-3000N
113160,947,8,NCEPU,NTN NU204 ET2X,4,16,0-3000N
113161,947,8,NCEPU,NTN NU204 ET2X,4,16,0-3000N
113162,947,8,NCEPU,NTN NU204 ET2X,4,16,0-3000N
113163,947,8,NCEPU,NTN NU204 ET2X,4,16,0-3000N
113164,948,8,NCEPU,NTN NU204 ET2X,0,25,0-3000N
113165,948,8,NCEPU,NTN NU204 ET2X,0,25,0-3000N
113166,948,8,NCEPU,NTN NU204 ET2X,0,25,0-3000N
113167,948,8,NCEPU,NTN NU204 ET2X,0,25,0-3000N
113168,948,8,NCEPU,NTN NU204 ET2X,0,25,0-3000N
113169,948,8,NCEPU,NTN NU204 ET2X,0,25,0-3000N
113170,948,8,NCEPU,NTN NU204 ET2X,0,25,0-3000N
113171,948,8,NCEPU,NTN NU204 ET2X,0,25,0-3000N
113172,948,8,NCEPU,NTN NU204 ET2X,0,25,0-3000N
113173,948,8,NCEPU,NTN NU204 ET2X,0,25,0-3000N
113174,948,8,NCEPU,NTN NU204 ET2X,0,25,0-3000N
113175,948,8,NCEPU,NTN NU204 ET2X,0,25,0-3000N
113176,948,8,NCEPU,NTN NU204 ET2X,0,25,0-3000N
113177,948,8,NCEPU,NTN NU204 ET2X,0,25,0-3000N
113178,948,8,NCEPU,NTN NU204 ET2X,0,25,0-3000N
113179,948,8,NCEPU,NTN NU204 ET2X,0,25,0-3000N
113180,948,8,NCEPU,NTN NU204 ET2X,0,25,0-3000N
113181,948,8,NCEPU,NTN NU204 ET2X,0,25,0-3000N
113182,948,8,NCEPU,NTN NU204 ET2X,0,25,0-3000N
113183,948,8,NCEPU,NTN NU204 ET2X,0,25,0-3000N
113184,949,8,NCEPU,NTN NU204 ET2X,1,25,0-3000N
113185,949,8,NCEPU,NTN NU204 ET2X,1,25,0-3000N
113186,949,8,NCEPU,NTN NU204 ET2X,1,25,0-3000N
113187,949,8,NCEPU,NTN NU204 ET2X,1,25,0-3000N
113188,949,8,NCEPU,NTN NU204 ET2X,1,25,0-3000N
113189,949,8,NCEPU,NTN NU204 ET2X,1,25,0-3000N
113190,949,8,NCEPU,NTN NU204 ET2X,1,25,0-3000N
113191,949,8,NCEPU,NTN NU204 ET2X,1,25,0-3000N
113192,949,8,NCEPU,NTN NU204 ET2X,1,25,0-3000N
113193,949,8,NCEPU,NTN NU204 ET2X,1,25,0-3000N
113194,949,8,NCEPU,NTN NU204 ET2X,1,25,0-3000N
113195,949,8,NCEPU,NTN NU204 ET2X,1,25,0-3000N
113196,949,8,NCEPU,NTN NU204 ET2X,1,25,0-3000N
113197,949,8,NCEPU,NTN NU204 ET2X,1,25,0-3000N
113198,949,8,NCEPU,NTN NU204 ET2X,1,25,0-3000N
113199,949,8,NCEPU,NTN NU204 ET2X,1,25,0-3000N
113200,949,8,NCEPU,NTN NU204 ET2X,1,25,0-3000N
113201,949,8,NCEPU,NTN NU204 ET2X,1,25,0-3000N
113202,949,8,NCEPU,NTN NU204 ET2X,1,25,0-3000N
113203,949,8,NCEPU,NTN NU204 ET2X,1,25,0-3000N
113204,950,8,NCEPU,NTN NU204 ET2X,2,25,0-3000N
113205,950,8,NCEPU,NTN NU204 ET2X,2,25,0-3000N
113206,950,8,NCEPU,NTN NU204 ET2X,2,25,0-3000N
113207,950,8,NCEPU,NTN NU204 ET2X,2,25,0-3000N
113208,950,8,NCEPU,NTN NU204 ET2X,2,25,0-3000N
113209,950,8,NCEPU,NTN NU204 ET2X,2,25,0-3000N
113210,950,8,NCEPU,NTN NU204 ET2X,2,25,0-3000N
113211,950,8,NCEPU,NTN NU204 ET2X,2,25,0-3000N
113212,950,8,NCEPU,NTN NU204 ET2X,2,25,0-3000N
113213,950,8,NCEPU,NTN NU204 ET2X,2,25,0-3000N
113214,950,8,NCEPU,NTN NU204 ET2X,2,25,0-3000N
113215,950,8,NCEPU,NTN NU204 ET2X,2,25,0-3000N
113216,950,8,NCEPU,NTN NU204 ET2X,2,25,0-3000N
113217,950,8,NCEPU,NTN NU204 ET2X,2,25,0-3000N
113218,950,8,NCEPU,NTN NU204 ET2X,2,25,0-3000N
113219,950,8,NCEPU,NTN NU204 ET2X,2,25,0-3000N
113220,950,8,NCEPU,NTN NU204 ET2X,2,25,0-3000N
113221,950,8,NCEPU,NTN NU204 ET2X,2,25,0-3000N
113222,950,8,NCEPU,NTN NU204 ET2X,2,25,0-3000N
113223,950,8,NCEPU,NTN NU204 ET2X,2,25,0-3000N
113224,951,8,NCEPU,NTN NU204 ET2X,3,25,0-3000N
113225,951,8,NCEPU,NTN NU204 ET2X,3,25,0-3000N
113226,951,8,NCEPU,NTN NU204 ET2X,3,25,0-3000N
113227,951,8,NCEPU,NTN NU204 ET2X,3,25,0-3000N
113228,951,8,NCEPU,NTN NU204 ET2X,3,25,0-3000N
113229,951,8,NCEPU,NTN NU204 ET2X,3,25,0-3000N
113230,951,8,NCEPU,NTN NU204 ET2X,3,25,0-3000N
113231,951,8,NCEPU,NTN NU204 ET2X,3,25,0-3000N
113232,951,8,NCEPU,NTN NU204 ET2X,3,25,0-3000N
113233,951,8,NCEPU,NTN NU204 ET2X,3,25,0-3000N
113234,951,8,NCEPU,NTN NU204 ET2X,3,25,0-3000N
113235,951,8,NCEPU,NTN NU204 ET2X,3,25,0-3000N
113236,951,8,NCEPU,NTN NU204 ET2X,3,25,0-3000N
113237,951,8,NCEPU,NTN NU204 ET2X,3,25,0-3000N
113238,951,8,NCEPU,NTN NU204 ET2X,3,25,0-3000N
113239,951,8,NCEPU,NTN NU204 ET2X,3,25,0-3000N
113240,951,8,NCEPU,NTN NU204 ET2X,3,25,0-3000N
113241,951,8,NCEPU,NTN NU204 ET2X,3,25,0-3000N
113242,951,8,NCEPU,NTN NU204 ET2X,3,25,0-3000N
113243,951,8,NCEPU,NTN NU204 ET2X,3,25,0-3000N
113244,952,8,NCEPU,NTN NU204 ET2X,4,25,0-3000N
113245,952,8,NCEPU,NTN NU204 ET2X,4,25,0-3000N
113246,952,8,NCEPU,NTN NU204 ET2X,4,25,0-3000N
113247,952,8,NCEPU,NTN NU204 ET2X,4,25,0-3000N
113248,952,8,NCEPU,NTN NU204 ET2X,4,25,0-3000N
113249,952,8,NCEPU,NTN NU204 ET2X,4,25,0-3000N
113250,952,8,NCEPU,NTN NU204 ET2X,4,25,0-3000N
113251,952,8,NCEPU,NTN NU204 ET2X,4,25,0-3000N
113252,952,8,NCEPU,NTN NU204 ET2X,4,25,0-3000N
113253,952,8,NCEPU,NTN NU204 ET2X,4,25,0-3000N
113254,952,8,NCEPU,NTN NU204 ET2X,4,25,0-3000N
113255,952,8,NCEPU,NTN NU204 ET2X,4,25,0-3000N
113256,952,8,NCEPU,NTN NU204 ET2X,4,25,0-3000N
113257,952,8,NCEPU,NTN NU204 ET2X,4,25,0-3000N
113258,952,8,NCEPU,NTN NU204 ET2X,4,25,0-3000N
113259,952,8,NCEPU,NTN NU204 ET2X,4,25,0-3000N
113260,952,8,NCEPU,NTN NU204 ET2X,4,25,0-3000N
113261,952,8,NCEPU,NTN NU204 ET2X,4,25,0-3000N
113262,952,8,NCEPU,NTN NU204 ET2X,4,25,0-3000N
113263,952,8,NCEPU,NTN NU204 ET2X,4,25,0-3000N
113264,953,8,NCEPU,NTN NU204 ET2X,0,8,0-3000N
113265,953,8,NCEPU,NTN NU204 ET2X,0,8,0-3000N
113266,953,8,NCEPU,NTN NU204 ET2X,0,8,0-3000N
113267,953,8,NCEPU,NTN NU204 ET2X,0,8,0-3000N
113268,953,8,NCEPU,NTN NU204 ET2X,0,8,0-3000N
113269,953,8,NCEPU,NTN NU204 ET2X,0,8,0-3000N
113270,953,8,NCEPU,NTN NU204 ET2X,0,8,0-3000N
113271,953,8,NCEPU,NTN NU204 ET2X,0,8,0-3000N
113272,953,8,NCEPU,NTN NU204 ET2X,0,8,0-3000N
113273,953,8,NCEPU,NTN NU204 ET2X,0,8,0-3000N
113274,953,8,NCEPU,NTN NU204 ET2X,0,8,0-3000N
113275,953,8,NCEPU,NTN NU204 ET2X,0,8,0-3000N
113276,953,8,NCEPU,NTN NU204 ET2X,0,8,0-3000N
113277,953,8,NCEPU,NTN NU204 ET2X,0,8,0-3000N
113278,953,8,NCEPU,NTN NU204 ET2X,0,8,0-3000N
113279,953,8,NCEPU,NTN NU204 ET2X,0,8,0-3000N
113280,953,8,NCEPU,NTN NU204 ET2X,0,8,0-3000N
113281,953,8,NCEPU,NTN NU204 ET2X,0,8,0-3000N
113282,953,8,NCEPU,NTN NU204 ET2X,0,8,0-3000N
113283,953,8,NCEPU,NTN NU204 ET2X,0,8,0-3000N
113284,954,8,NCEPU,NTN NU204 ET2X,1,8,0-3000N
113285,954,8,NCEPU,NTN NU204 ET2X,1,8,0-3000N
113286,954,8,NCEPU,NTN NU204 ET2X,1,8,0-3000N
113287,954,8,NCEPU,NTN NU204 ET2X,1,8,0-3000N
113288,954,8,NCEPU,NTN NU204 ET2X,1,8,0-3000N
113289,954,8,NCEPU,NTN NU204 ET2X,1,8,0-3000N
113290,954,8,NCEPU,NTN NU204 ET2X,1,8,0-3000N
113291,954,8,NCEPU,NTN NU204 ET2X,1,8,0-3000N
113292,954,8,NCEPU,NTN NU204 ET2X,1,8,0-3000N
113293,954,8,NCEPU,NTN NU204 ET2X,1,8,0-3000N
113294,954,8,NCEPU,NTN NU204 ET2X,1,8,0-3000N
113295,954,8,NCEPU,NTN NU204 ET2X,1,8,0-3000N
113296,954,8,NCEPU,NTN NU204 ET2X,1,8,0-3000N
113297,954,8,NCEPU,NTN NU204 ET2X,1,8,0-3000N
113298,954,8,NCEPU,NTN NU204 ET2X,1,8,0-3000N
113299,954,8,NCEPU,NTN NU204 ET2X,1,8,0-3000N
113300,954,8,NCEPU,NTN NU204 ET2X,1,8,0-3000N
113301,954,8,NCEPU,NTN NU204 ET2X,1,8,0-3000N
113302,954,8,NCEPU,NTN NU204 ET2X,1,8,0-3000N
113303,954,8,NCEPU,NTN NU204 ET2X,1,8,0-3000N
113304,955,8,NCEPU,NTN NU204 ET2X,2,8,0-3000N
113305,955,8,NCEPU,NTN NU204 ET2X,2,8,0-3000N
113306,955,8,NCEPU,NTN NU204 ET2X,2,8,0-3000N
113307,955,8,NCEPU,NTN NU204 ET2X,2,8,0-3000N
113308,955,8,NCEPU,NTN NU204 ET2X,2,8,0-3000N
113309,955,8,NCEPU,NTN NU204 ET2X,2,8,0-3000N
113310,955,8,NCEPU,NTN NU204 ET2X,2,8,0-3000N
113311,955,8,NCEPU,NTN NU204 ET2X,2,8,0-3000N
113312,955,8,NCEPU,NTN NU204 ET2X,2,8,0-3000N
113313,955,8,NCEPU,NTN NU204 ET2X,2,8,0-3000N
113314,955,8,NCEPU,NTN NU204 ET2X,2,8,0-3000N
113315,955,8,NCEPU,NTN NU204 ET2X,2,8,0-3000N
113316,955,8,NCEPU,NTN NU204 ET2X,2,8,0-3000N
113317,955,8,NCEPU,NTN NU204 ET2X,2,8,0-3000N
113318,955,8,NCEPU,NTN NU204 ET2X,2,8,0-3000N
113319,955,8,NCEPU,NTN NU204 ET2X,2,8,0-3000N
113320,955,8,NCEPU,NTN NU204 ET2X,2,8,0-3000N
113321,955,8,NCEPU,NTN NU204 ET2X,2,8,0-3000N
113322,955,8,NCEPU,NTN NU204 ET2X,2,8,0-3000N
113323,955,8,NCEPU,NTN NU204 ET2X,2,8,0-3000N
113324,956,8,NCEPU,NTN NU204 ET2X,3,8,0-3000N
113325,956,8,NCEPU,NTN NU204 ET2X,3,8,0-3000N
113326,956,8,NCEPU,NTN NU204 ET2X,3,8,0-3000N
113327,956,8,NCEPU,NTN NU204 ET2X,3,8,0-3000N
113328,956,8,NCEPU,NTN NU204 ET2X,3,8,0-3000N
113329,956,8,NCEPU,NTN NU204 ET2X,3,8,0-3000N
113330,956,8,NCEPU,NTN NU204 ET2X,3,8,0-3000N
113331,956,8,NCEPU,NTN NU204 ET2X,3,8,0-3000N
113332,956,8,NCEPU,NTN NU204 ET2X,3,8,0-3000N
113333,956,8,NCEPU,NTN NU204 ET2X,3,8,0-3000N
113334,956,8,NCEPU,NTN NU204 ET2X,3,8,0-3000N
113335,956,8,NCEPU,NTN NU204 ET2X,3,8,0-3000N
113336,956,8,NCEPU,NTN NU204 ET2X,3,8,0-3000N
113337,956,8,NCEPU,NTN NU204 ET2X,3,8,0-3000N
113338,956,8,NCEPU,NTN NU204 ET2X,3,8,0-3000N
113339,956,8,NCEPU,NTN NU204 ET2X,3,8,0-3000N
113340,956,8,NCEPU,NTN NU204 ET2X,3,8,0-3000N
113341,956,8,NCEPU,NTN NU204 ET2X,3,8,0-3000N
113342,956,8,NCEPU,NTN NU204 ET2X,3,8,0-3000N
113343,956,8,NCEPU,NTN NU204 ET2X,3,8,0-3000N
113344,957,8,NCEPU,NTN NU204 ET2X,4,8,0-3000N
113345,957,8,NCEPU,NTN NU204 ET2X,4,8,0-3000N
113346,957,8,NCEPU,NTN NU204 ET2X,4,8,0-3000N
113347,957,8,NCEPU,NTN NU204 ET2X,4,8,0-3000N
113348,957,8,NCEPU,NTN NU204 ET2X,4,8,0-3000N
113349,957,8,NCEPU,NTN NU204 ET2X,4,8,0-3000N
113350,957,8,NCEPU,NTN NU204 ET2X,4,8,0-3000N
113351,957,8,NCEPU,NTN NU204 ET2X,4,8,0-3000N
113352,957,8,NCEPU,NTN NU204 ET2X,4,8,0-3000N
113353,957,8,NCEPU,NTN NU204 ET2X,4,8,0-3000N
113354,957,8,NCEPU,NTN NU204 ET2X,4,8,0-3000N
113355,957,8,NCEPU,NTN NU204 ET2X,4,8,0-3000N
113356,957,8,NCEPU,NTN NU204 ET2X,4,8,0-3000N
113357,957,8,NCEPU,NTN NU204 ET2X,4,8,0-3000N
113358,957,8,NCEPU,NTN NU204 ET2X,4,8,0-3000N
113359,957,8,NCEPU,NTN NU204 ET2X,4,8,0-3000N
113360,957,8,NCEPU,NTN NU204 ET2X,4,8,0-3000N
113361,957,8,NCEPU,NTN NU204 ET2X,4,8,0-3000N
113362,957,8,NCEPU,NTN NU204 ET2X,4,8,0-3000N
113363,957,8,NCEPU,NTN NU204 ET2X,4,8,0-3000N
113364,958,8,NCEPU,NTN NU204 ET2X,0,16,1500N
113365,958,8,NCEPU,NTN NU204 ET2X,0,16,1500N
113366,958,8,NCEPU,NTN NU204 ET2X,0,16,1500N
113367,958,8,NCEPU,NTN NU204 ET2X,0,16,1500N
113368,958,8,NCEPU,NTN NU204 ET2X,0,16,1500N
113369,958,8,NCEPU,NTN NU204 ET2X,0,16,1500N
113370,958,8,NCEPU,NTN NU204 ET2X,0,16,1500N
113371,958,8,NCEPU,NTN NU204 ET2X,0,16,1500N
113372,958,8,NCEPU,NTN NU204 ET2X,0,16,1500N
113373,958,8,NCEPU,NTN NU204 ET2X,0,16,1500N
113374,958,8,NCEPU,NTN NU204 ET2X,0,16,1500N
113375,958,8,NCEPU,NTN NU204 ET2X,0,16,1500N
113376,958,8,NCEPU,NTN NU204 ET2X,0,16,1500N
113377,958,8,NCEPU,NTN NU204 ET2X,0,16,1500N
113378,958,8,NCEPU,NTN NU204 ET2X,0,16,1500N
113379,958,8,NCEPU,NTN NU204 ET2X,0,16,1500N
113380,958,8,NCEPU,NTN NU204 ET2X,0,16,1500N
113381,958,8,NCEPU,NTN NU204 ET2X,0,16,1500N
113382,958,8,NCEPU,NTN NU204 ET2X,0,16,1500N
113383,958,8,NCEPU,NTN NU204 ET2X,0,16,1500N
113384,959,8,NCEPU,NTN NU204 ET2X,1,16,1500N
113385,959,8,NCEPU,NTN NU204 ET2X,1,16,1500N
113386,959,8,NCEPU,NTN NU204 ET2X,1,16,1500N
113387,959,8,NCEPU,NTN NU204 ET2X,1,16,1500N
113388,959,8,NCEPU,NTN NU204 ET2X,1,16,1500N
113389,959,8,NCEPU,NTN NU204 ET2X,1,16,1500N
113390,959,8,NCEPU,NTN NU204 ET2X,1,16,1500N
113391,959,8,NCEPU,NTN NU204 ET2X,1,16,1500N
113392,959,8,NCEPU,NTN NU204 ET2X,1,16,1500N
113393,959,8,NCEPU,NTN NU204 ET2X,1,16,1500N
113394,959,8,NCEPU,NTN NU204 ET2X,1,16,1500N
113395,959,8,NCEPU,NTN NU204 ET2X,1,16,1500N
113396,959,8,NCEPU,NTN NU204 ET2X,1,16,1500N
113397,959,8,NCEPU,NTN NU204 ET2X,1,16,1500N
113398,959,8,NCEPU,NTN NU204 ET2X,1,16,1500N
113399,959,8,NCEPU,NTN NU204 ET2X,1,16,1500N
113400,959,8,NCEPU,NTN NU204 ET2X,1,16,1500N
113401,959,8,NCEPU,NTN NU204 ET2X,1,16,1500N
113402,959,8,NCEPU,NTN NU204 ET2X,1,16,1500N
113403,959,8,NCEPU,NTN NU204 ET2X,1,16,1500N
113404,960,8,NCEPU,NTN NU204 ET2X,2,16,1500N
113405,960,8,NCEPU,NTN NU204 ET2X,2,16,1500N
113406,960,8,NCEPU,NTN NU204 ET2X,2,16,1500N
113407,960,8,NCEPU,NTN NU204 ET2X,2,16,1500N
113408,960,8,NCEPU,NTN NU204 ET2X,2,16,1500N
113409,960,8,NCEPU,NTN NU204 ET2X,2,16,1500N
113410,960,8,NCEPU,NTN NU204 ET2X,2,16,1500N
113411,960,8,NCEPU,NTN NU204 ET2X,2,16,1500N
113412,960,8,NCEPU,NTN NU204 ET2X,2,16,1500N
113413,960,8,NCEPU,NTN NU204 ET2X,2,16,1500N
113414,960,8,NCEPU,NTN NU204 ET2X,2,16,1500N
113415,960,8,NCEPU,NTN NU204 ET2X,2,16,1500N
113416,960,8,NCEPU,NTN NU204 ET2X,2,16,1500N
113417,960,8,NCEPU,NTN NU204 ET2X,2,16,1500N
113418,960,8,NCEPU,NTN NU204 ET2X,2,16,1500N
113419,960,8,NCEPU,NTN NU204 ET2X,2,16,1500N
113420,960,8,NCEPU,NTN NU204 ET2X,2,16,1500N
113421,960,8,NCEPU,NTN NU204 ET2X,2,16,1500N
113422,960,8,NCEPU,NTN NU204 ET2X,2,16,1500N
113423,960,8,NCEPU,NTN NU204 ET2X,2,16,1500N
113424,961,8,NCEPU,NTN NU204 ET2X,3,16,1500N
113425,961,8,NCEPU,NTN NU204 ET2X,3,16,1500N
113426,961,8,NCEPU,NTN NU204 ET2X,3,16,1500N
113427,961,8,NCEPU,NTN NU204 ET2X,3,16,1500N
113428,961,8,NCEPU,NTN NU204 ET2X,3,16,1500N
113429,961,8,NCEPU,NTN NU204 ET2X,3,16,1500N
113430,961,8,NCEPU,NTN NU204 ET2X,3,16,1500N
113431,961,8,NCEPU,NTN NU204 ET2X,3,16,1500N
113432,961,8,NCEPU,NTN NU204 ET2X,3,16,1500N
113433,961,8,NCEPU,NTN NU204 ET2X,3,16,1500N
113434,961,8,NCEPU,NTN NU204 ET2X,3,16,1500N
113435,961,8,NCEPU,NTN NU204 ET2X,3,16,1500N
113436,961,8,NCEPU,NTN NU204 ET2X,3,16,1500N
113437,961,8,NCEPU,NTN NU204 ET2X,3,16,1500N
113438,961,8,NCEPU,NTN NU204 ET2X,3,16,1500N
113439,961,8,NCEPU,NTN NU204 ET2X,3,16,1500N
113440,961,8,NCEPU,NTN NU204 ET2X,3,16,1500N
113441,961,8,NCEPU,NTN NU204 ET2X,3,16,1500N
113442,961,8,NCEPU,NTN NU204 ET2X,3,16,1500N
113443,961,8,NCEPU,NTN NU204 ET2X,3,16,1500N
113444,962,8,NCEPU,NTN NU204 ET2X,4,16,1500N
113445,962,8,NCEPU,NTN NU204 ET2X,4,16,1500N
113446,962,8,NCEPU,NTN NU204 ET2X,4,16,1500N
113447,962,8,NCEPU,NTN NU204 ET2X,4,16,1500N
113448,962,8,NCEPU,NTN NU204 ET2X,4,16,1500N
113449,962,8,NCEPU,NTN NU204 ET2X,4,16,1500N
113450,962,8,NCEPU,NTN NU204 ET2X,4,16,1500N
113451,962,8,NCEPU,NTN NU204 ET2X,4,16,1500N
113452,962,8,NCEPU,NTN NU204 ET2X,4,16,1500N
113453,962,8,NCEPU,NTN NU204 ET2X,4,16,1500N
113454,962,8,NCEPU,NTN NU204 ET2X,4,16,1500N
113455,962,8,NCEPU,NTN NU204 ET2X,4,16,1500N
113456,962,8,NCEPU,NTN NU204 ET2X,4,16,1500N
113457,962,8,NCEPU,NTN NU204 ET2X,4,16,1500N
113458,962,8,NCEPU,NTN NU204 ET2X,4,16,1500N
113459,962,8,NCEPU,NTN NU204 ET2X,4,16,1500N
113460,962,8,NCEPU,NTN NU204 ET2X,4,16,1500N
113461,962,8,NCEPU,NTN NU204 ET2X,4,16,1500N
113462,962,8,NCEPU,NTN NU204 ET2X,4,16,1500N
113463,962,8,NCEPU,NTN NU204 ET2X,4,16,1500N
113464,963,8,NCEPU,NTN NU204 ET2X,0,25,1500N
113465,963,8,NCEPU,NTN NU204 ET2X,0,25,1500N
113466,963,8,NCEPU,NTN NU204 ET2X,0,25,1500N
113467,963,8,NCEPU,NTN NU204 ET2X,0,25,1500N
113468,963,8,NCEPU,NTN NU204 ET2X,0,25,1500N
113469,963,8,NCEPU,NTN NU204 ET2X,0,25,1500N
113470,963,8,NCEPU,NTN NU204 ET2X,0,25,1500N
113471,963,8,NCEPU,NTN NU204 ET2X,0,25,1500N
113472,963,8,NCEPU,NTN NU204 ET2X,0,25,1500N
113473,963,8,NCEPU,NTN NU204 ET2X,0,25,1500N
113474,963,8,NCEPU,NTN NU204 ET2X,0,25,1500N
113475,963,8,NCEPU,NTN NU204 ET2X,0,25,1500N
113476,963,8,NCEPU,NTN NU204 ET2X,0,25,1500N
113477,963,8,NCEPU,NTN NU204 ET2X,0,25,1500N
113478,963,8,NCEPU,NTN NU204 ET2X,0,25,1500N
113479,963,8,NCEPU,NTN NU204 ET2X,0,25,1500N
113480,963,8,NCEPU,NTN NU204 ET2X,0,25,1500N
113481,963,8,NCEPU,NTN NU204 ET2X,0,25,1500N
113482,963,8,NCEPU,NTN NU204 ET2X,0,25,1500N
113483,963,8,NCEPU,NTN NU204 ET2X,0,25,1500N
113484,964,8,NCEPU,NTN NU204 ET2X,1,25,1500N
113485,964,8,NCEPU,NTN NU204 ET2X,1,25,1500N
113486,964,8,NCEPU,NTN NU204 ET2X,1,25,1500N
113487,964,8,NCEPU,NTN NU204 ET2X,1,25,1500N
113488,964,8,NCEPU,NTN NU204 ET2X,1,25,1500N
113489,964,8,NCEPU,NTN NU204 ET2X,1,25,1500N
113490,964,8,NCEPU,NTN NU204 ET2X,1,25,1500N
113491,964,8,NCEPU,NTN NU204 ET2X,1,25,1500N
113492,964,8,NCEPU,NTN NU204 ET2X,1,25,1500N
113493,964,8,NCEPU,NTN NU204 ET2X,1,25,1500N
113494,964,8,NCEPU,NTN NU204 ET2X,1,25,1500N
113495,964,8,NCEPU,NTN NU204 ET2X,1,25,1500N
113496,964,8,NCEPU,NTN NU204 ET2X,1,25,1500N
113497,964,8,NCEPU,NTN NU204 ET2X,1,25,1500N
113498,964,8,NCEPU,NTN NU204 ET2X,1,25,1500N
113499,964,8,NCEPU,NTN NU204 ET2X,1,25,1500N
113500,964,8,NCEPU,NTN NU204 ET2X,1,25,1500N
113501,964,8,NCEPU,NTN NU204 ET2X,1,25,1500N
113502,964,8,NCEPU,NTN NU204 ET2X,1,25,1500N
113503,964,8,NCEPU,NTN NU204 ET2X,1,25,1500N
113504,965,8,NCEPU,NTN NU204 ET2X,2,25,1500N
113505,965,8,NCEPU,NTN NU204 ET2X,2,25,1500N
113506,965,8,NCEPU,NTN NU204 ET2X,2,25,1500N
113507,965,8,NCEPU,NTN NU204 ET2X,2,25,1500N
113508,965,8,NCEPU,NTN NU204 ET2X,2,25,1500N
113509,965,8,NCEPU,NTN NU204 ET2X,2,25,1500N
113510,965,8,NCEPU,NTN NU204 ET2X,2,25,1500N
113511,965,8,NCEPU,NTN NU204 ET2X,2,25,1500N
113512,965,8,NCEPU,NTN NU204 ET2X,2,25,1500N
113513,965,8,NCEPU,NTN NU204 ET2X,2,25,1500N
113514,965,8,NCEPU,NTN NU204 ET2X,2,25,1500N
113515,965,8,NCEPU,NTN NU204 ET2X,2,25,1500N
113516,965,8,NCEPU,NTN NU204 ET2X,2,25,1500N
113517,965,8,NCEPU,NTN NU204 ET2X,2,25,1500N
113518,965,8,NCEPU,NTN NU204 ET2X,2,25,1500N
113519,965,8,NCEPU,NTN NU204 ET2X,2,25,1500N
113520,965,8,NCEPU,NTN NU204 ET2X,2,25,1500N
113521,965,8,NCEPU,NTN NU204 ET2X,2,25,1500N
113522,965,8,NCEPU,NTN NU204 ET2X,2,25,1500N
113523,965,8,NCEPU,NTN NU204 ET2X,2,25,1500N
113524,966,8,NCEPU,NTN NU204 ET2X,3,25,1500N
113525,966,8,NCEPU,NTN NU204 ET2X,3,25,1500N
113526,966,8,NCEPU,NTN NU204 ET2X,3,25,1500N
113527,966,8,NCEPU,NTN NU204 ET2X,3,25,1500N
113528,966,8,NCEPU,NTN NU204 ET2X,3,25,1500N
113529,966,8,NCEPU,NTN NU204 ET2X,3,25,1500N
113530,966,8,NCEPU,NTN NU204 ET2X,3,25,1500N
113531,966,8,NCEPU,NTN NU204 ET2X,3,25,1500N
113532,966,8,NCEPU,NTN NU204 ET2X,3,25,1500N
113533,966,8,NCEPU,NTN NU204 ET2X,3,25,1500N
113534,966,8,NCEPU,NTN NU204 ET2X,3,25,1500N
113535,966,8,NCEPU,NTN NU204 ET2X,3,25,1500N
113536,966,8,NCEPU,NTN NU204 ET2X,3,25,1500N
113537,966,8,NCEPU,NTN NU204 ET2X,3,25,1500N
113538,966,8,NCEPU,NTN NU204 ET2X,3,25,1500N
113539,966,8,NCEPU,NTN NU204 ET2X,3,25,1500N
113540,966,8,NCEPU,NTN NU204 ET2X,3,25,1500N
113541,966,8,NCEPU,NTN NU204 ET2X,3,25,1500N
113542,966,8,NCEPU,NTN NU204 ET2X,3,25,1500N
113543,966,8,NCEPU,NTN NU204 ET2X,3,25,1500N
113544,967,8,NCEPU,NTN NU204 ET2X,4,25,1500N
113545,967,8,NCEPU,NTN NU204 ET2X,4,25,1500N
113546,967,8,NCEPU,NTN NU204 ET2X,4,25,1500N
113547,967,8,NCEPU,NTN NU204 ET2X,4,25,1500N
113548,967,8,NCEPU,NTN NU204 ET2X,4,25,1500N
113549,967,8,NCEPU,NTN NU204 ET2X,4,25,1500N
113550,967,8,NCEPU,NTN NU204 ET2X,4,25,1500N
113551,967,8,NCEPU,NTN NU204 ET2X,4,25,1500N
113552,967,8,NCEPU,NTN NU204 ET2X,4,25,1500N
113553,967,8,NCEPU,NTN NU204 ET2X,4,25,1500N
113554,967,8,NCEPU,NTN NU204 ET2X,4,25,1500N
113555,967,8,NCEPU,NTN NU204 ET2X,4,25,1500N
113556,967,8,NCEPU,NTN NU204 ET2X,4,25,1500N
113557,967,8,NCEPU,NTN NU204 ET2X,4,25,1500N
113558,967,8,NCEPU,NTN NU204 ET2X,4,25,1500N
113559,967,8,NCEPU,NTN NU204 ET2X,4,25,1500N
113560,967,8,NCEPU,NTN NU204 ET2X,4,25,1500N
113561,967,8,NCEPU,NTN NU204 ET2X,4,25,1500N
113562,967,8,NCEPU,NTN NU204 ET2X,4,25,1500N
113563,967,8,NCEPU,NTN NU204 ET2X,4,25,1500N
113564,968,8,NCEPU,NTN NU204 ET2X,0,8,1500N
113565,968,8,NCEPU,NTN NU204 ET2X,0,8,1500N
113566,968,8,NCEPU,NTN NU204 ET2X,0,8,1500N
113567,968,8,NCEPU,NTN NU204 ET2X,0,8,1500N
113568,968,8,NCEPU,NTN NU204 ET2X,0,8,1500N
113569,968,8,NCEPU,NTN NU204 ET2X,0,8,1500N
113570,968,8,NCEPU,NTN NU204 ET2X,0,8,1500N
113571,968,8,NCEPU,NTN NU204 ET2X,0,8,1500N
113572,968,8,NCEPU,NTN NU204 ET2X,0,8,1500N
113573,968,8,NCEPU,NTN NU204 ET2X,0,8,1500N
113574,968,8,NCEPU,NTN NU204 ET2X,0,8,1500N
113575,968,8,NCEPU,NTN NU204 ET2X,0,8,1500N
113576,968,8,NCEPU,NTN NU204 ET2X,0,8,1500N
113577,968,8,NCEPU,NTN NU204 ET2X,0,8,1500N
113578,968,8,NCEPU,NTN NU204 ET2X,0,8,1500N
113579,968,8,NCEPU,NTN NU204 ET2X,0,8,1500N
113580,968,8,NCEPU,NTN NU204 ET2X,0,8,1500N
113581,968,8,NCEPU,NTN NU204 ET2X,0,8,1500N
113582,968,8,NCEPU,NTN NU204 ET2X,0,8,1500N
113583,968,8,NCEPU,NTN NU204 ET2X,0,8,1500N
113584,969,8,NCEPU,NTN NU204 ET2X,1,8,1500N
113585,969,8,NCEPU,NTN NU204 ET2X,1,8,1500N
113586,969,8,NCEPU,NTN NU204 ET2X,1,8,1500N
113587,969,8,NCEPU,NTN NU204 ET2X,1,8,1500N
113588,969,8,NCEPU,NTN NU204 ET2X,1,8,1500N
113589,969,8,NCEPU,NTN NU204 ET2X,1,8,1500N
113590,969,8,NCEPU,NTN NU204 ET2X,1,8,1500N
113591,969,8,NCEPU,NTN NU204 ET2X,1,8,1500N
113592,969,8,NCEPU,NTN NU204 ET2X,1,8,1500N
113593,969,8,NCEPU,NTN NU204 ET2X,1,8,1500N
113594,969,8,NCEPU,NTN NU204 ET2X,1,8,1500N
113595,969,8,NCEPU,NTN NU204 ET2X,1,8,1500N
113596,969,8,NCEPU,NTN NU204 ET2X,1,8,1500N
113597,969,8,NCEPU,NTN NU204 ET2X,1,8,1500N
113598,969,8,NCEPU,NTN NU204 ET2X,1,8,1500N
113599,969,8,NCEPU,NTN NU204 ET2X,1,8,1500N
113600,969,8,NCEPU,NTN NU204 ET2X,1,8,1500N
113601,969,8,NCEPU,NTN NU204 ET2X,1,8,1500N
113602,969,8,NCEPU,NTN NU204 ET2X,1,8,1500N
113603,969,8,NCEPU,NTN NU204 ET2X,1,8,1500N
113604,970,8,NCEPU,NTN NU204 ET2X,2,8,1500N
113605,970,8,NCEPU,NTN NU204 ET2X,2,8,1500N
113606,970,8,NCEPU,NTN NU204 ET2X,2,8,1500N
113607,970,8,NCEPU,NTN NU204 ET2X,2,8,1500N
113608,970,8,NCEPU,NTN NU204 ET2X,2,8,1500N
113609,970,8,NCEPU,NTN NU204 ET2X,2,8,1500N
113610,970,8,NCEPU,NTN NU204 ET2X,2,8,1500N
113611,970,8,NCEPU,NTN NU204 ET2X,2,8,1500N
113612,970,8,NCEPU,NTN NU204 ET2X,2,8,1500N
113613,970,8,NCEPU,NTN NU204 ET2X,2,8,1500N
113614,970,8,NCEPU,NTN NU204 ET2X,2,8,1500N
113615,970,8,NCEPU,NTN NU204 ET2X,2,8,1500N
113616,970,8,NCEPU,NTN NU204 ET2X,2,8,1500N
113617,970,8,NCEPU,NTN NU204 ET2X,2,8,1500N
113618,970,8,NCEPU,NTN NU204 ET2X,2,8,1500N
113619,970,8,NCEPU,NTN NU204 ET2X,2,8,1500N
113620,970,8,NCEPU,NTN NU204 ET2X,2,8,1500N
113621,970,8,NCEPU,NTN NU204 ET2X,2,8,1500N
113622,970,8,NCEPU,NTN NU204 ET2X,2,8,1500N
113623,970,8,NCEPU,NTN NU204 ET2X,2,8,1500N
113624,971,8,NCEPU,NTN NU204 ET2X,3,8,1500N
113625,971,8,NCEPU,NTN NU204 ET2X,3,8,1500N
113626,971,8,NCEPU,NTN NU204 ET2X,3,8,1500N
113627,971,8,NCEPU,NTN NU204 ET2X,3,8,1500N
113628,971,8,NCEPU,NTN NU204 ET2X,3,8,1500N
113629,971,8,NCEPU,NTN NU204 ET2X,3,8,1500N
113630,971,8,NCEPU,NTN NU204 ET2X,3,8,1500N
113631,971,8,NCEPU,NTN NU204 ET2X,3,8,1500N
113632,971,8,NCEPU,NTN NU204 ET2X,3,8,1500N
113633,971,8,NCEPU,NTN NU204 ET2X,3,8,1500N
113634,971,8,NCEPU,NTN NU204 ET2X,3,8,1500N
113635,971,8,NCEPU,NTN NU204 ET2X,3,8,1500N
113636,971,8,NCEPU,NTN NU204 ET2X,3,8,1500N
113637,971,8,NCEPU,NTN NU204 ET2X,3,8,1500N
113638,971,8,NCEPU,NTN NU204 ET2X,3,8,1500N
113639,971,8,NCEPU,NTN NU204 ET2X,3,8,1500N
113640,971,8,NCEPU,NTN NU204 ET2X,3,8,1500N
113641,971,8,NCEPU,NTN NU204 ET2X,3,8,1500N
113642,971,8,NCEPU,NTN NU204 ET2X,3,8,1500N
113643,971,8,NCEPU,NTN NU204 ET2X,3,8,1500N
113644,972,8,NCEPU,NTN NU204 ET2X,4,8,1500N
113645,972,8,NCEPU,NTN NU204 ET2X,4,8,1500N
113646,972,8,NCEPU,NTN NU204 ET2X,4,8,1500N
113647,972,8,NCEPU,NTN NU204 ET2X,4,8,1500N
113648,972,8,NCEPU,NTN NU204 ET2X,4,8,1500N
113649,972,8,NCEPU,NTN NU204 ET2X,4,8,1500N
113650,972,8,NCEPU,NTN NU204 ET2X,4,8,1500N
113651,972,8,NCEPU,NTN NU204 ET2X,4,8,1500N
113652,972,8,NCEPU,NTN NU204 ET2X,4,8,1500N
113653,972,8,NCEPU,NTN NU204 ET2X,4,8,1500N
113654,972,8,NCEPU,NTN NU204 ET2X,4,8,1500N
113655,972,8,NCEPU,NTN NU204 ET2X,4,8,1500N
113656,972,8,NCEPU,NTN NU204 ET2X,4,8,1500N
113657,972,8,NCEPU,NTN NU204 ET2X,4,8,1500N
113658,972,8,NCEPU,NTN NU204 ET2X,4,8,1500N
113659,972,8,NCEPU,NTN NU204 ET2X,4,8,1500N
113660,972,8,NCEPU,NTN NU204 ET2X,4,8,1500N
113661,972,8,NCEPU,NTN NU204 ET2X,4,8,1500N
113662,972,8,NCEPU,NTN NU204 ET2X,4,8,1500N
113663,972,8,NCEPU,NTN NU204 ET2X,4,8,1500N
113664,973,8,NCEPU,NTN NU204 ET2X,0,16,0
113665,973,8,NCEPU,NTN NU204 ET2X,0,16,0
113666,973,8,NCEPU,NTN NU204 ET2X,0,16,0
113667,973,8,NCEPU,NTN NU204 ET2X,0,16,0
113668,973,8,NCEPU,NTN NU204 ET2X,0,16,0
113669,973,8,NCEPU,NTN NU204 ET2X,0,16,0
113670,973,8,NCEPU,NTN NU204 ET2X,0,16,0
113671,973,8,NCEPU,NTN NU204 ET2X,0,16,0
113672,973,8,NCEPU,NTN NU204 ET2X,0,16,0
113673,973,8,NCEPU,NTN NU204 ET2X,0,16,0
113674,973,8,NCEPU,NTN NU204 ET2X,0,16,0
113675,973,8,NCEPU,NTN NU204 ET2X,0,16,0
113676,973,8,NCEPU,NTN NU204 ET2X,0,16,0
113677,973,8,NCEPU,NTN NU204 ET2X,0,16,0
113678,973,8,NCEPU,NTN NU204 ET2X,0,16,0
113679,973,8,NCEPU,NTN NU204 ET2X,0,16,0
113680,973,8,NCEPU,NTN NU204 ET2X,0,16,0
113681,973,8,NCEPU,NTN NU204 ET2X,0,16,0
113682,973,8,NCEPU,NTN NU204 ET2X,0,16,0
113683,973,8,NCEPU,NTN NU204 ET2X,0,16,0
113684,974,8,NCEPU,NTN NU204 ET2X,1,16,0
113685,974,8,NCEPU,NTN NU204 ET2X,1,16,0
113686,974,8,NCEPU,NTN NU204 ET2X,1,16,0
113687,974,8,NCEPU,NTN NU204 ET2X,1,16,0
113688,974,8,NCEPU,NTN NU204 ET2X,1,16,0
113689,974,8,NCEPU,NTN NU204 ET2X,1,16,0
113690,974,8,NCEPU,NTN NU204 ET2X,1,16,0
113691,974,8,NCEPU,NTN NU204 ET2X,1,16,0
113692,974,8,NCEPU,NTN NU204 ET2X,1,16,0
113693,974,8,NCEPU,NTN NU204 ET2X,1,16,0
113694,974,8,NCEPU,NTN NU204 ET2X,1,16,0
113695,974,8,NCEPU,NTN NU204 ET2X,1,16,0
113696,974,8,NCEPU,NTN NU204 ET2X,1,16,0
113697,974,8,NCEPU,NTN NU204 ET2X,1,16,0
113698,974,8,NCEPU,NTN NU204 ET2X,1,16,0
113699,974,8,NCEPU,NTN NU204 ET2X,1,16,0
113700,974,8,NCEPU,NTN NU204 ET2X,1,16,0
113701,974,8,NCEPU,NTN NU204 ET2X,1,16,0
113702,974,8,NCEPU,NTN NU204 ET2X,1,16,0
113703,974,8,NCEPU,NTN NU204 ET2X,1,16,0
113704,975,8,NCEPU,NTN NU204 ET2X,2,16,0
113705,975,8,NCEPU,NTN NU204 ET2X,2,16,0
113706,975,8,NCEPU,NTN NU204 ET2X,2,16,0
113707,975,8,NCEPU,NTN NU204 ET2X,2,16,0
113708,975,8,NCEPU,NTN NU204 ET2X,2,16,0
113709,975,8,NCEPU,NTN NU204 ET2X,2,16,0
113710,975,8,NCEPU,NTN NU204 ET2X,2,16,0
113711,975,8,NCEPU,NTN NU204 ET2X,2,16,0
113712,975,8,NCEPU,NTN NU204 ET2X,2,16,0
113713,975,8,NCEPU,NTN NU204 ET2X,2,16,0
113714,975,8,NCEPU,NTN NU204 ET2X,2,16,0
113715,975,8,NCEPU,NTN NU204 ET2X,2,16,0
113716,975,8,NCEPU,NTN NU204 ET2X,2,16,0
113717,975,8,NCEPU,NTN NU204 ET2X,2,16,0
113718,975,8,NCEPU,NTN NU204 ET2X,2,16,0
113719,975,8,NCEPU,NTN NU204 ET2X,2,16,0
113720,975,8,NCEPU,NTN NU204 ET2X,2,16,0
113721,975,8,NCEPU,NTN NU204 ET2X,2,16,0
113722,975,8,NCEPU,NTN NU204 ET2X,2,16,0
113723,975,8,NCEPU,NTN NU204 ET2X,2,16,0
113724,976,8,NCEPU,NTN NU204 ET2X,3,16,0
113725,976,8,NCEPU,NTN NU204 ET2X,3,16,0
113726,976,8,NCEPU,NTN NU204 ET2X,3,16,0
113727,976,8,NCEPU,NTN NU204 ET2X,3,16,0
113728,976,8,NCEPU,NTN NU204 ET2X,3,16,0
113729,976,8,NCEPU,NTN NU204 ET2X,3,16,0
113730,976,8,NCEPU,NTN NU204 ET2X,3,16,0
113731,976,8,NCEPU,NTN NU204 ET2X,3,16,0
113732,976,8,NCEPU,NTN NU204 ET2X,3,16,0
113733,976,8,NCEPU,NTN NU204 ET2X,3,16,0
113734,976,8,NCEPU,NTN NU204 ET2X,3,16,0
113735,976,8,NCEPU,NTN NU204 ET2X,3,16,0
113736,976,8,NCEPU,NTN NU204 ET2X,3,16,0
113737,976,8,NCEPU,NTN NU204 ET2X,3,16,0
113738,976,8,NCEPU,NTN NU204 ET2X,3,16,0
113739,976,8,NCEPU,NTN NU204 ET2X,3,16,0
113740,976,8,NCEPU,NTN NU204 ET2X,3,16,0
113741,976,8,NCEPU,NTN NU204 ET2X,3,16,0
113742,976,8,NCEPU,NTN NU204 ET2X,3,16,0
113743,976,8,NCEPU,NTN NU204 ET2X,3,16,0
113744,977,8,NCEPU,NTN NU204 ET2X,4,16,0
113745,977,8,NCEPU,NTN NU204 ET2X,4,16,0
113746,977,8,NCEPU,NTN NU204 ET2X,4,16,0
113747,977,8,NCEPU,NTN NU204 ET2X,4,16,0
113748,977,8,NCEPU,NTN NU204 ET2X,4,16,0
113749,977,8,NCEPU,NTN NU204 ET2X,4,16,0
113750,977,8,NCEPU,NTN NU204 ET2X,4,16,0
113751,977,8,NCEPU,NTN NU204 ET2X,4,16,0
113752,977,8,NCEPU,NTN NU204 ET2X,4,16,0
113753,977,8,NCEPU,NTN NU204 ET2X,4,16,0
113754,977,8,NCEPU,NTN NU204 ET2X,4,16,0
113755,977,8,NCEPU,NTN NU204 ET2X,4,16,0
113756,977,8,NCEPU,NTN NU204 ET2X,4,16,0
113757,977,8,NCEPU,NTN NU204 ET2X,4,16,0
113758,977,8,NCEPU,NTN NU204 ET2X,4,16,0
113759,977,8,NCEPU,NTN NU204 ET2X,4,16,0
113760,977,8,NCEPU,NTN NU204 ET2X,4,16,0
113761,977,8,NCEPU,NTN NU204 ET2X,4,16,0
113762,977,8,NCEPU,NTN NU204 ET2X,4,16,0
113763,977,8,NCEPU,NTN NU204 ET2X,4,16,0
113764,978,8,NCEPU,NTN NU204 ET2X,0,25,0
113765,978,8,NCEPU,NTN NU204 ET2X,0,25,0
113766,978,8,NCEPU,NTN NU204 ET2X,0,25,0
113767,978,8,NCEPU,NTN NU204 ET2X,0,25,0
113768,978,8,NCEPU,NTN NU204 ET2X,0,25,0
113769,978,8,NCEPU,NTN NU204 ET2X,0,25,0
113770,978,8,NCEPU,NTN NU204 ET2X,0,25,0
113771,978,8,NCEPU,NTN NU204 ET2X,0,25,0
113772,978,8,NCEPU,NTN NU204 ET2X,0,25,0
113773,978,8,NCEPU,NTN NU204 ET2X,0,25,0
113774,978,8,NCEPU,NTN NU204 ET2X,0,25,0
113775,978,8,NCEPU,NTN NU204 ET2X,0,25,0
113776,978,8,NCEPU,NTN NU204 ET2X,0,25,0
113777,978,8,NCEPU,NTN NU204 ET2X,0,25,0
113778,978,8,NCEPU,NTN NU204 ET2X,0,25,0
113779,978,8,NCEPU,NTN NU204 ET2X,0,25,0
113780,978,8,NCEPU,NTN NU204 ET2X,0,25,0
113781,978,8,NCEPU,NTN NU204 ET2X,0,25,0
113782,978,8,NCEPU,NTN NU204 ET2X,0,25,0
113783,978,8,NCEPU,NTN NU204 ET2X,0,25,0
113784,979,8,NCEPU,NTN NU204 ET2X,1,25,0
113785,979,8,NCEPU,NTN NU204 ET2X,1,25,0
113786,979,8,NCEPU,NTN NU204 ET2X,1,25,0
113787,979,8,NCEPU,NTN NU204 ET2X,1,25,0
113788,979,8,NCEPU,NTN NU204 ET2X,1,25,0
113789,979,8,NCEPU,NTN NU204 ET2X,1,25,0
113790,979,8,NCEPU,NTN NU204 ET2X,1,25,0
113791,979,8,NCEPU,NTN NU204 ET2X,1,25,0
113792,979,8,NCEPU,NTN NU204 ET2X,1,25,0
113793,979,8,NCEPU,NTN NU204 ET2X,1,25,0
113794,979,8,NCEPU,NTN NU204 ET2X,1,25,0
113795,979,8,NCEPU,NTN NU204 ET2X,1,25,0
113796,979,8,NCEPU,NTN NU204 ET2X,1,25,0
113797,979,8,NCEPU,NTN NU204 ET2X,1,25,0
113798,979,8,NCEPU,NTN NU204 ET2X,1,25,0
113799,979,8,NCEPU,NTN NU204 ET2X,1,25,0
113800,979,8,NCEPU,NTN NU204 ET2X,1,25,0
113801,979,8,NCEPU,NTN NU204 ET2X,1,25,0
113802,979,8,NCEPU,NTN NU204 ET2X,1,25,0
113803,979,8,NCEPU,NTN NU204 ET2X,1,25,0
113804,980,8,NCEPU,NTN NU204 ET2X,2,25,0
113805,980,8,NCEPU,NTN NU204 ET2X,2,25,0
113806,980,8,NCEPU,NTN NU204 ET2X,2,25,0
113807,980,8,NCEPU,NTN NU204 ET2X,2,25,0
113808,980,8,NCEPU,NTN NU204 ET2X,2,25,0
113809,980,8,NCEPU,NTN NU204 ET2X,2,25,0
113810,980,8,NCEPU,NTN NU204 ET2X,2,25,0
113811,980,8,NCEPU,NTN NU204 ET2X,2,25,0
113812,980,8,NCEPU,NTN NU204 ET2X,2,25,0
113813,980,8,NCEPU,NTN NU204 ET2X,2,25,0
113814,980,8,NCEPU,NTN NU204 ET2X,2,25,0
113815,980,8,NCEPU,NTN NU204 ET2X,2,25,0
113816,980,8,NCEPU,NTN NU204 ET2X,2,25,0
113817,980,8,NCEPU,NTN NU204 ET2X,2,25,0
113818,980,8,NCEPU,NTN NU204 ET2X,2,25,0
113819,980,8,NCEPU,NTN NU204 ET2X,2,25,0
113820,980,8,NCEPU,NTN NU204 ET2X,2,25,0
113821,980,8,NCEPU,NTN NU204 ET2X,2,25,0
113822,980,8,NCEPU,NTN NU204 ET2X,2,25,0
113823,980,8,NCEPU,NTN NU204 ET2X,2,25,0
113824,981,8,NCEPU,NTN NU204 ET2X,3,25,0
113825,981,8,NCEPU,NTN NU204 ET2X,3,25,0
113826,981,8,NCEPU,NTN NU204 ET2X,3,25,0
113827,981,8,NCEPU,NTN NU204 ET2X,3,25,0
113828,981,8,NCEPU,NTN NU204 ET2X,3,25,0
113829,981,8,NCEPU,NTN NU204 ET2X,3,25,0
113830,981,8,NCEPU,NTN NU204 ET2X,3,25,0
113831,981,8,NCEPU,NTN NU204 ET2X,3,25,0
113832,981,8,NCEPU,NTN NU204 ET2X,3,25,0
113833,981,8,NCEPU,NTN NU204 ET2X,3,25,0
113834,981,8,NCEPU,NTN NU204 ET2X,3,25,0
113835,981,8,NCEPU,NTN NU204 ET2X,3,25,0
113836,981,8,NCEPU,NTN NU204 ET2X,3,25,0
113837,981,8,NCEPU,NTN NU204 ET2X,3,25,0
113838,981,8,NCEPU,NTN NU204 ET2X,3,25,0
113839,981,8,NCEPU,NTN NU204 ET2X,3,25,0
113840,981,8,NCEPU,NTN NU204 ET2X,3,25,0
113841,981,8,NCEPU,NTN NU204 ET2X,3,25,0
113842,981,8,NCEPU,NTN NU204 ET2X,3,25,0
113843,981,8,NCEPU,NTN NU204 ET2X,3,25,0
113844,982,8,NCEPU,NTN NU204 ET2X,4,25,0
113845,982,8,NCEPU,NTN NU204 ET2X,4,25,0
113846,982,8,NCEPU,NTN NU204 ET2X,4,25,0
113847,982,8,NCEPU,NTN NU204 ET2X,4,25,0
113848,982,8,NCEPU,NTN NU204 ET2X,4,25,0
113849,982,8,NCEPU,NTN NU204 ET2X,4,25,0
113850,982,8,NCEPU,NTN NU204 ET2X,4,25,0
113851,982,8,NCEPU,NTN NU204 ET2X,4,25,0
113852,982,8,NCEPU,NTN NU204 ET2X,4,25,0
113853,982,8,NCEPU,NTN NU204 ET2X,4,25,0
113854,982,8,NCEPU,NTN NU204 ET2X,4,25,0
113855,982,8,NCEPU,NTN NU204 ET2X,4,25,0
113856,982,8,NCEPU,NTN NU204 ET2X,4,25,0
113857,982,8,NCEPU,NTN NU204 ET2X,4,25,0
113858,982,8,NCEPU,NTN NU204 ET2X,4,25,0
113859,982,8,NCEPU,NTN NU204 ET2X,4,25,0
113860,982,8,NCEPU,NTN NU204 ET2X,4,25,0
113861,982,8,NCEPU,NTN NU204 ET2X,4,25,0
113862,982,8,NCEPU,NTN NU204 ET2X,4,25,0
113863,982,8,NCEPU,NTN NU204 ET2X,4,25,0
113864,983,8,NCEPU,NTN NU204 ET2X,0,8,0
113865,983,8,NCEPU,NTN NU204 ET2X,0,8,0
113866,983,8,NCEPU,NTN NU204 ET2X,0,8,0
113867,983,8,NCEPU,NTN NU204 ET2X,0,8,0
113868,983,8,NCEPU,NTN NU204 ET2X,0,8,0
113869,983,8,NCEPU,NTN NU204 ET2X,0,8,0
113870,983,8,NCEPU,NTN NU204 ET2X,0,8,0
113871,983,8,NCEPU,NTN NU204 ET2X,0,8,0
113872,983,8,NCEPU,NTN NU204 ET2X,0,8,0
113873,983,8,NCEPU,NTN NU204 ET2X,0,8,0
113874,983,8,NCEPU,NTN NU204 ET2X,0,8,0
113875,983,8,NCEPU,NTN NU204 ET2X,0,8,0
113876,983,8,NCEPU,NTN NU204 ET2X,0,8,0
113877,983,8,NCEPU,NTN NU204 ET2X,0,8,0
113878,983,8,NCEPU,NTN NU204 ET2X,0,8,0
113879,983,8,NCEPU,NTN NU204 ET2X,0,8,0
113880,983,8,NCEPU,NTN NU204 ET2X,0,8,0
113881,983,8,NCEPU,NTN NU204 ET2X,0,8,0
113882,983,8,NCEPU,NTN NU204 ET2X,0,8,0
113883,983,8,NCEPU,NTN NU204 ET2X,0,8,0
113884,984,8,NCEPU,NTN NU204 ET2X,1,8,0
113885,984,8,NCEPU,NTN NU204 ET2X,1,8,0
113886,984,8,NCEPU,NTN NU204 ET2X,1,8,0
113887,984,8,NCEPU,NTN NU204 ET2X,1,8,0
113888,984,8,NCEPU,NTN NU204 ET2X,1,8,0
113889,984,8,NCEPU,NTN NU204 ET2X,1,8,0
113890,984,8,NCEPU,NTN NU204 ET2X,1,8,0
113891,984,8,NCEPU,NTN NU204 ET2X,1,8,0
113892,984,8,NCEPU,NTN NU204 ET2X,1,8,0
113893,984,8,NCEPU,NTN NU204 ET2X,1,8,0
113894,984,8,NCEPU,NTN NU204 ET2X,1,8,0
113895,984,8,NCEPU,NTN NU204 ET2X,1,8,0
113896,984,8,NCEPU,NTN NU204 ET2X,1,8,0
113897,984,8,NCEPU,NTN NU204 ET2X,1,8,0
113898,984,8,NCEPU,NTN NU204 ET2X,1,8,0
113899,984,8,NCEPU,NTN NU204 ET2X,1,8,0
113900,984,8,NCEPU,NTN NU204 ET2X,1,8,0
113901,984,8,NCEPU,NTN NU204 ET2X,1,8,0
113902,984,8,NCEPU,NTN NU204 ET2X,1,8,0
113903,984,8,NCEPU,NTN NU204 ET2X,1,8,0
113904,985,8,NCEPU,NTN NU204 ET2X,2,8,0
113905,985,8,NCEPU,NTN NU204 ET2X,2,8,0
113906,985,8,NCEPU,NTN NU204 ET2X,2,8,0
113907,985,8,NCEPU,NTN NU204 ET2X,2,8,0
113908,985,8,NCEPU,NTN NU204 ET2X,2,8,0
113909,985,8,NCEPU,NTN NU204 ET2X,2,8,0
113910,985,8,NCEPU,NTN NU204 ET2X,2,8,0
113911,985,8,NCEPU,NTN NU204 ET2X,2,8,0
113912,985,8,NCEPU,NTN NU204 ET2X,2,8,0
113913,985,8,NCEPU,NTN NU204 ET2X,2,8,0
113914,985,8,NCEPU,NTN NU204 ET2X,2,8,0
113915,985,8,NCEPU,NTN NU204 ET2X,2,8,0
113916,985,8,NCEPU,NTN NU204 ET2X,2,8,0
113917,985,8,NCEPU,NTN NU204 ET2X,2,8,0
113918,985,8,NCEPU,NTN NU204 ET2X,2,8,0
113919,985,8,NCEPU,NTN NU204 ET2X,2,8,0
113920,985,8,NCEPU,NTN NU204 ET2X,2,8,0
113921,985,8,NCEPU,NTN NU204 ET2X,2,8,0
113922,985,8,NCEPU,NTN NU204 ET2X,2,8,0
113923,985,8,NCEPU,NTN NU204 ET2X,2,8,0
113924,986,8,NCEPU,NTN NU204 ET2X,3,8,0
113925,986,8,NCEPU,NTN NU204 ET2X,3,8,0
113926,986,8,NCEPU,NTN NU204 ET2X,3,8,0
113927,986,8,NCEPU,NTN NU204 ET2X,3,8,0
113928,986,8,NCEPU,NTN NU204 ET2X,3,8,0
113929,986,8,NCEPU,NTN NU204 ET2X,3,8,0
113930,986,8,NCEPU,NTN NU204 ET2X,3,8,0
113931,986,8,NCEPU,NTN NU204 ET2X,3,8,0
113932,986,8,NCEPU,NTN NU204 ET2X,3,8,0
113933,986,8,NCEPU,NTN NU204 ET2X,3,8,0
113934,986,8,NCEPU,NTN NU204 ET2X,3,8,0
113935,986,8,NCEPU,NTN NU204 ET2X,3,8,0
113936,986,8,NCEPU,NTN NU204 ET2X,3,8,0
113937,986,8,NCEPU,NTN NU204 ET2X,3,8,0
113938,986,8,NCEPU,NTN NU204 ET2X,3,8,0
113939,986,8,NCEPU,NTN NU204 ET2X,3,8,0
113940,986,8,NCEPU,NTN NU204 ET2X,3,8,0
113941,986,8,NCEPU,NTN NU204 ET2X,3,8,0
113942,986,8,NCEPU,NTN NU204 ET2X,3,8,0
113943,986,8,NCEPU,NTN NU204 ET2X,3,8,0
113944,987,8,NCEPU,NTN NU204 ET2X,4,8,0
113945,987,8,NCEPU,NTN NU204 ET2X,4,8,0
113946,987,8,NCEPU,NTN NU204 ET2X,4,8,0
113947,987,8,NCEPU,NTN NU204 ET2X,4,8,0
113948,987,8,NCEPU,NTN NU204 ET2X,4,8,0
113949,987,8,NCEPU,NTN NU204 ET2X,4,8,0
113950,987,8,NCEPU,NTN NU204 ET2X,4,8,0
113951,987,8,NCEPU,NTN NU204 ET2X,4,8,0
113952,987,8,NCEPU,NTN NU204 ET2X,4,8,0
113953,987,8,NCEPU,NTN NU204 ET2X,4,8,0
113954,987,8,NCEPU,NTN NU204 ET2X,4,8,0
113955,987,8,NCEPU,NTN NU204 ET2X,4,8,0
113956,987,8,NCEPU,NTN NU204 ET2X,4,8,0
113957,987,8,NCEPU,NTN NU204 ET2X,4,8,0
113958,987,8,NCEPU,NTN NU204 ET2X,4,8,0
113959,987,8,NCEPU,NTN NU204 ET2X,4,8,0
113960,987,8,NCEPU,NTN NU204 ET2X,4,8,0
113961,987,8,NCEPU,NTN NU204 ET2X,4,8,0
113962,987,8,NCEPU,NTN NU204 ET2X,4,8,0
113963,987,8,NCEPU,NTN NU204 ET2X,4,8,0
