task,fold,method,seed,feature,role,bag_id,state,label,prediction,n_windows,geometry_valid,mse_standardized,mse_raw,cos_standardized,cos_raw,true_class_margin,contact_true_class_margin,p0,p1,p2,p3
four_class_provisional_roi,115200_to_460800,embedding_only,42,frame_shape,train,20260920-184058-normal-11520,normal,0,2,61,True,0.00020959723042324185,0.0001510479487478733,0.999980628490448,0.9999984502792358,-12.364405632019043,-12.347940444946289,4.24498330175993e-06,0.004992362577468157,0.9922782182693481,0.002725206781178713
four_class_provisional_roi,115200_to_460800,embedding_only,42,frame_shape,test,20260920-184857-normal-460800,normal,0,2,48,True,0.15667761862277985,0.13750290870666504,0.6357239484786987,0.9989444613456726,-12.393549919128418,-12.759894371032715,4.125645318708848e-06,0.005077654030174017,0.9922327399253845,0.002685579704120755
four_class_provisional_roi,115200_to_460800,embedding_only,42,frame_shape,train,20260920-190512-outBroken-115200,outBroken,2,2,50,False,8.546607568860054e-05,4.8301240894943476e-05,0.9999873042106628,0.9999992847442627,1.6732687950134277,1.7076377868652344,1.6805252016638406e-05,0.15304014086723328,0.8151623606681824,0.031780876219272614
four_class_provisional_roi,115200_to_460800,embedding_only,42,frame_shape,test,20260920-190913-outBroken-460800,outBroken,2,2,50,False,0.24819844961166382,0.21258467435836792,0.741532027721405,0.9996427893638611,2.0046653747558594,2.040010929107666,9.874109309748746e-06,0.11876600235700607,0.8603940010070801,0.020830219611525536
four_class_provisional_roi,115200_to_460800,embedding_only,42,frame_shape,train,20260920-192216-inBroken-115200,inBroken,1,2,50,True,2.53502803388983e-05,2.6844572857953608e-05,0.999991774559021,0.9999995827674866,-3.798630714416504,-3.798983573913574,5.035132844000145e-08,0.021907662972807884,0.9777721166610718,0.00032010592985898256
four_class_provisional_roi,115200_to_460800,embedding_only,42,frame_shape,test,20260920-192610-inBroken-460800,inBroken,1,2,51,True,0.07073463499546051,0.04249827563762665,0.9027190208435059,0.9994781017303467,-3.7881555557250977,-3.0298943519592285,8.098266590650383e-08,0.022137030959129333,0.9774016737937927,0.00046109265531413257
four_class_provisional_roi,115200_to_460800,embedding_only,42,frame_shape,train,20260920-193718-roll-115200,roll,3,2,51,True,2.8940876291017048e-05,2.3984270228538662e-05,0.9999135732650757,0.9999997615814209,-5.044225215911865,-5.041689872741699,9.89649038274365e-07,0.03461192548274994,0.9591953754425049,0.006191843654960394
four_class_provisional_roi,115200_to_460800,embedding_only,42,frame_shape,test,20260920-194108-roll-460800,roll,3,2,51,True,0.8539266586303711,0.6349775791168213,0.6473470330238342,0.9968726634979248,-5.085956573486328,-3.6439247131347656,9.46254431255511e-07,0.03480228781700134,0.9592397212982178,0.005957202985882759
four_class_provisional_roi,115200_to_460800,ce_only,42,frame_shape,train,20260920-184058-normal-11520,normal,0,0,61,True,11.115408897399902,11.588418960571289,0.31981024146080017,0.816203236579895,8.137162208557129,-12.347940444946289,0.9995923638343811,9.21214606819376e-08,3.020262226982595e-07,0.00040737329982221127
four_class_provisional_roi,115200_to_460800,ce_only,42,frame_shape,test,20260920-184857-normal-460800,normal,0,0,48,True,11.159136772155762,11.552019119262695,0.23848624527454376,0.8073156476020813,7.924996376037598,-12.759894371032715,0.9995892643928528,1.241504179461117e-07,4.4278465338720707e-07,0.0004100558871868998
four_class_provisional_roi,115200_to_460800,ce_only,42,frame_shape,train,20260920-190512-outBroken-115200,outBroken,2,2,50,False,2.547077178955078,2.205026388168335,-0.4976867139339447,0.9673299193382263,10.10744857788086,1.7076377868652344,8.176338078813572e-11,4.168508166912943e-05,0.9999533891677856,5.002311809221283e-06
four_class_provisional_roi,115200_to_460800,ce_only,42,frame_shape,test,20260920-190913-outBroken-460800,outBroken,2,2,50,False,2.1300668716430664,1.9439314603805542,-0.3823050558567047,0.9770538210868835,8.919485092163086,2.040010929107666,1.961096174341037e-09,0.0005332595901563764,0.9994345307350159,3.238792123738676e-05
four_class_provisional_roi,115200_to_460800,ce_only,42,frame_shape,train,20260920-192216-inBroken-115200,inBroken,1,1,50,True,3.1968166828155518,2.4177498817443848,-0.23467664420604706,0.9569458365440369,8.4140625,-3.798983573913574,3.1721164361897536e-08,0.9996727705001831,8.624203474028036e-05,0.00024097856658045202
four_class_provisional_roi,115200_to_460800,ce_only,42,frame_shape,test,20260920-192610-inBroken-460800,inBroken,1,1,51,True,2.6781527996063232,2.1104836463928223,-0.23459425568580627,0.9621447324752808,5.760289669036865,-3.0298943519592285,1.2087720051567885e-06,0.9947824478149414,0.0006026431219652295,0.004613824188709259
four_class_provisional_roi,115200_to_460800,ce_only,42,frame_shape,train,20260920-193718-roll-115200,roll,3,3,51,True,4.129284858703613,3.79001522064209,0.04273369535803795,0.9356410503387451,8.445592880249023,-5.041689872741699,0.0002630010130815208,0.00022602651733905077,7.736842962913215e-05,0.9994336366653442
four_class_provisional_roi,115200_to_460800,ce_only,42,frame_shape,test,20260920-194108-roll-460800,roll,3,3,51,True,4.738829612731934,3.9535038471221924,0.13132943212985992,0.9474278688430786,8.361908912658691,-3.6439247131347656,0.0001879852352431044,0.0002558359410613775,7.028094114502892e-05,0.9994856715202332
four_class_provisional_roi,115200_to_460800,ce_feat_0p1,42,frame_shape,train,20260920-184058-normal-11520,normal,0,0,61,True,2.819014072418213,3.1801106929779053,0.5510146021842957,0.9485463500022888,3.271987199783325,-12.347940444946289,0.9562318921089172,0.0014083385467529297,0.036598145961761475,0.005761611741036177
four_class_provisional_roi,115200_to_460800,ce_feat_0p1,42,frame_shape,test,20260920-184857-normal-460800,normal,0,0,48,True,3.186528205871582,3.3259847164154053,0.33813655376434326,0.9426034092903137,3.037121534347534,-12.759894371032715,0.9447665214538574,0.0018437624676153064,0.046529799699783325,0.006859844084829092
four_class_provisional_roi,115200_to_460800,ce_feat_0p1,42,frame_shape,train,20260920-190512-outBroken-115200,outBroken,2,2,50,False,0.12901052832603455,0.15876802802085876,0.8100948333740234,0.9972490668296814,5.061346054077148,1.7076377868652344,3.467107035248773e-06,0.006287178490310907,0.9908944964408875,0.0028147960547357798
four_class_provisional_roi,115200_to_460800,ce_feat_0p1,42,frame_shape,test,20260920-190913-outBroken-460800,outBroken,2,2,50,False,0.31924915313720703,0.3236443102359772,0.6362118721008301,0.9982708096504211,4.625128269195557,2.040010929107666,2.8598294647963485e-06,0.011467894539237022,0.9855510592460632,0.0029781716875731945
four_class_provisional_roi,115200_to_460800,ce_feat_0p1,42,frame_shape,train,20260920-192216-inBroken-115200,inBroken,1,1,50,True,0.6270637512207031,0.8980792164802551,0.6477076411247253,0.9824753403663635,4.047647953033447,-3.798983573913574,6.524665696616694e-09,0.9825746417045593,0.01732178032398224,0.00010371345706516877
four_class_provisional_roi,115200_to_460800,ce_feat_0p1,42,frame_shape,test,20260920-192610-inBroken-460800,inBroken,1,1,51,True,0.49447476863861084,0.7069718837738037,0.6562346816062927,0.987608015537262,3.3636116981506348,-3.0298943519592285,1.5804907604888285e-08,0.9649913907051086,0.03471439331769943,0.00029421935323625803
four_class_provisional_roi,115200_to_460800,ce_feat_0p1,42,frame_shape,train,20260920-193718-roll-115200,roll,3,3,51,True,0.8988678455352783,0.9180331230163574,0.609476625919342,0.9858055710792542,4.1145524978637695,-5.041689872741699,2.4818742531351745e-05,0.004488751757889986,0.01625734567642212,0.979229211807251
four_class_provisional_roi,115200_to_460800,ce_feat_0p1,42,frame_shape,test,20260920-194108-roll-460800,roll,3,3,51,True,1.484934687614441,0.9710032343864441,0.42121565341949463,0.9886550903320312,3.991427421569824,-3.6439247131347656,3.9406924656759657e-07,0.0057856435887515545,0.01876143552362919,0.9754526615142822
four_class_provisional_roi,115200_to_460800,ce_feat_1,42,frame_shape,train,20260920-184058-normal-11520,normal,0,0,61,True,1.894479751586914,2.220696449279785,0.5219268798828125,0.9643561244010925,0.7572126388549805,-12.347940444946289,0.6388183236122131,0.015969980508089066,0.3002723753452301,0.04493943974375725
four_class_provisional_roi,115200_to_460800,ce_feat_1,42,frame_shape,test,20260920-184857-normal-460800,normal,0,0,48,True,2.159550189971924,2.327777862548828,0.3216235339641571,0.9592151641845703,0.5391683578491211,-12.759894371032715,0.5882348418235779,0.01884477213025093,0.34387829899787903,0.049042124301195145
four_class_provisional_roi,115200_to_460800,ce_feat_1,42,frame_shape,train,20260920-190512-outBroken-115200,outBroken,2,2,50,False,0.034005049616098404,0.04338619112968445,0.9497910141944885,0.9992544054985046,3.471590042114258,1.7076377868652344,9.19070043892134e-06,0.029829537495970726,0.9591620564460754,0.010999117977917194
four_class_provisional_roi,115200_to_460800,ce_feat_1,42,frame_shape,test,20260920-190913-outBroken-460800,outBroken,2,2,50,False,0.267053484916687,0.24877271056175232,0.7154044508934021,0.9994673132896423,3.1251840591430664,2.040010929107666,5.580108791036764e-06,0.04483509063720703,0.9454471468925476,0.009712186641991138
four_class_provisional_roi,115200_to_460800,ce_feat_1,42,frame_shape,train,20260920-192216-inBroken-115200,inBroken,1,1,50,True,0.3410245180130005,0.4706651270389557,0.725229024887085,0.990870475769043,2.07354736328125,-3.798983573913574,3.44389938788936e-08,0.8877649903297424,0.11180238425731659,0.00043275774805806577
four_class_provisional_roi,115200_to_460800,ce_feat_1,42,frame_shape,test,20260920-192610-inBroken-460800,inBroken,1,1,51,True,0.25822174549102783,0.3478444814682007,0.7415680289268494,0.9941959977149963,1.3566064834594727,-3.0298943519592285,7.279268743332068e-08,0.7913410067558289,0.20783528685569763,0.0008235544664785266
four_class_provisional_roi,115200_to_460800,ce_feat_1,42,frame_shape,train,20260920-193718-roll-115200,roll,3,3,51,True,0.467122346162796,0.47548508644104004,0.6078441739082336,0.9923465251922607,1.850362777709961,-5.041689872741699,1.628635436645709e-05,0.02968495897948742,0.13211579620838165,0.838182806968689
four_class_provisional_roi,115200_to_460800,ce_feat_1,42,frame_shape,test,20260920-194108-roll-460800,roll,3,3,51,True,1.1468111276626587,0.7252247333526611,0.44130921363830566,0.9935305118560791,1.7740602493286133,-3.6439247131347656,2.1627024580084253e-06,0.033759407699108124,0.14154766499996185,0.8246906399726868
four_class_provisional_roi,115200_to_460800,ce_feat_10,42,frame_shape,train,20260920-184058-normal-11520,normal,0,2,61,True,0.21982264518737793,0.26257163286209106,0.7871813178062439,0.9960527420043945,-7.814695835113525,-12.347940444946289,0.00039464066503569484,0.015578336082398891,0.9663352966308594,0.017691731452941895
four_class_provisional_roi,115200_to_460800,ce_feat_10,42,frame_shape,test,20260920-184857-normal-460800,normal,0,2,48,True,0.4040217995643616,0.3922751843929291,0.49594947695732117,0.9936371445655823,-7.964218616485596,-12.759894371032715,0.00034194477484561503,0.016252968460321426,0.9662811160087585,0.017123950645327568
four_class_provisional_roi,115200_to_460800,ce_feat_10,42,frame_shape,train,20260920-190512-outBroken-115200,outBroken,2,2,50,False,0.002857447601854801,0.003848053514957428,0.9959759712219238,0.9999333620071411,2.2228641510009766,1.7076377868652344,1.4466981156147085e-05,0.0953626036643982,0.8802263140678406,0.0243966244161129
four_class_provisional_roi,115200_to_460800,ce_feat_10,42,frame_shape,test,20260920-190913-outBroken-460800,outBroken,2,2,50,False,0.25651443004608154,0.22901052236557007,0.7255576252937317,0.9996920824050903,2.3023743629455566,2.040010929107666,9.473940735915676e-06,0.0892324224114418,0.8914715051651001,0.019286522641777992
four_class_provisional_roi,115200_to_460800,ce_feat_10,42,frame_shape,train,20260920-192216-inBroken-115200,inBroken,1,2,50,True,0.10382816195487976,0.14211666584014893,0.8915565609931946,0.9972832798957825,-0.5246896743774414,-3.798983573913574,9.181332671914788e-08,0.37148013710975647,0.6276916265487671,0.0008280849433504045
four_class_provisional_roi,115200_to_460800,ce_feat_10,42,frame_shape,test,20260920-192610-inBroken-460800,inBroken,1,2,51,True,0.11198262125253677,0.11860311031341553,0.8517805933952332,0.9983493089675903,-0.9027872085571289,-3.0298943519592285,1.480738518466751e-07,0.2887663245201111,0.7100322246551514,0.0012012944789603353
four_class_provisional_roi,115200_to_460800,ce_feat_10,42,frame_shape,train,20260920-193718-roll-115200,roll,3,2,51,True,0.144461989402771,0.1442902386188507,0.7607278823852539,0.9976097941398621,-1.111496925354004,-5.041689872741699,4.762799562740838e-06,0.09505345672369003,0.6807195544242859,0.224222332239151
four_class_provisional_roi,115200_to_460800,ce_feat_10,42,frame_shape,test,20260920-194108-roll-460800,roll,3,2,51,True,0.8873752355575562,0.5748724937438965,0.5524911284446716,0.997062087059021,-1.216759204864502,-3.6439247131347656,4.576076662488049e-06,0.09693340212106705,0.6951320767402649,0.20792989432811737
four_class_provisional_roi,115200_to_460800,ce_feat_1_kd,42,frame_shape,train,20260920-184058-normal-11520,normal,0,2,61,True,1.5931894779205322,1.832271695137024,0.5647146701812744,0.9707956910133362,-0.5727019309997559,-12.347940444946289,0.34843015670776367,0.011736498214304447,0.616819441318512,0.023013947531580925
four_class_provisional_roi,115200_to_460800,ce_feat_1_kd,42,frame_shape,test,20260920-184857-normal-460800,normal,0,2,48,True,1.8820852041244507,1.967237949371338,0.3438293933868408,0.9655658006668091,-0.7611422538757324,-12.759894371032715,0.30770599842071533,0.012960960157215595,0.6553708910942078,0.023962242528796196
four_class_provisional_roi,115200_to_460800,ce_feat_1_kd,42,frame_shape,train,20260920-190512-outBroken-115200,outBroken,2,2,50,False,0.010852580890059471,0.013975616544485092,0.9842838644981384,0.9997576475143433,2.4949917793273926,1.7076377868652344,1.2679475730692502e-05,0.0747174322605133,0.905387282371521,0.019882574677467346
four_class_provisional_roi,115200_to_460800,ce_feat_1_kd,42,frame_shape,test,20260920-190913-outBroken-460800,outBroken,2,2,50,False,0.24695736169815063,0.22262367606163025,0.7447170615196228,0.9996789693832397,2.2822651863098145,2.040010929107666,6.632013082707999e-06,0.09329689294099808,0.8911482095718384,0.015548128634691238
four_class_provisional_roi,115200_to_460800,ce_feat_1_kd,42,frame_shape,train,20260920-192216-inBroken-115200,inBroken,1,1,50,True,0.17448163032531738,0.23821154236793518,0.830704391002655,0.9954155087471008,0.32677650451660156,-3.798983573913574,8.242941618163968e-08,0.5805138945579529,0.41873490810394287,0.0007512614247389138
four_class_provisional_roi,115200_to_460800,ce_feat_1_kd,42,frame_shape,test,20260920-192610-inBroken-460800,inBroken,1,2,51,True,0.14124137163162231,0.17303213477134705,0.8310316801071167,0.9973861575126648,-0.23926496505737305,-3.0298943519592285,1.2367966917281592e-07,0.440582811832428,0.5583757162094116,0.0010412478586658835
four_class_provisional_roi,115200_to_460800,ce_feat_1_kd,42,frame_shape,train,20260920-193718-roll-115200,roll,3,3,51,True,0.30326277017593384,0.3005010783672333,0.6270012855529785,0.9951186776161194,0.32387351989746094,-5.041689872741699,1.301403153775027e-05,0.045847419649362564,0.4005492627620697,0.5535904169082642
four_class_provisional_roi,115200_to_460800,ce_feat_1_kd,42,frame_shape,test,20260920-194108-roll-460800,roll,3,3,51,True,1.0520211458206177,0.6597647666931152,0.4515047073364258,0.9949209690093994,0.28309011459350586,-3.6439247131347656,3.832220500044059e-06,0.0492568239569664,0.4086522161960602,0.5420870780944824
four_class_provisional_roi,115200_to_460800,phase_ce_feat_1,42,shape_phase,train,20260920-184058-normal-11520,normal,0,0,61,True,2.008784055709839,2.3392858505249023,0.5185357928276062,0.9623774290084839,1.139420986175537,-12.347940444946289,0.7169985771179199,0.012973600067198277,0.22978903353214264,0.04023867845535278
four_class_provisional_roi,115200_to_460800,phase_ce_feat_1,42,shape_phase,test,20260920-184857-normal-460800,normal,0,0,48,True,2.327625274658203,2.503847122192383,0.31436583399772644,0.9562400579452515,1.0625686645507812,-12.759894371032715,0.6956790089607239,0.013786095194518566,0.24226093292236328,0.048273976892232895
four_class_provisional_roi,115200_to_460800,phase_ce_feat_1,42,shape_phase,train,20260920-190512-outBroken-115200,outBroken,2,2,50,False,0.033691611140966415,0.04261152818799019,0.9504309892654419,0.9992684125900269,3.462125778198242,1.7076377868652344,8.994746167445555e-06,0.030075829476118088,0.9588994383811951,0.011015724390745163
four_class_provisional_roi,115200_to_460800,phase_ce_feat_1,42,shape_phase,test,20260920-190913-outBroken-460800,outBroken,2,2,50,False,0.2783087491989136,0.26852986216545105,0.6938891410827637,0.9993767142295837,3.3750710487365723,2.040010929107666,6.0980751186434645e-06,0.03304808586835861,0.9574983716011047,0.009447429329156876
four_class_provisional_roi,115200_to_460800,phase_ce_feat_1,42,shape_phase,train,20260920-192216-inBroken-115200,inBroken,1,1,50,True,0.3461942672729492,0.47969624400138855,0.7260778546333313,0.9906971454620361,2.115588665008545,-3.798983573913574,3.245892088443725e-08,0.8919724225997925,0.10762901604175568,0.0003988202952314168
four_class_provisional_roi,115200_to_460800,phase_ce_feat_1,42,shape_phase,test,20260920-192610-inBroken-460800,inBroken,1,1,51,True,0.2686857581138611,0.35484641790390015,0.7232797741889954,0.9941169619560242,1.4356331825256348,-3.0298943519592285,8.672358120520585e-08,0.8030932545661926,0.1961027979850769,0.0008038649102672935
four_class_provisional_roi,115200_to_460800,phase_ce_feat_1,42,shape_phase,train,20260920-193718-roll-115200,roll,3,3,51,True,0.4852674603462219,0.4962765574455261,0.6030707955360413,0.9920142292976379,1.9828753471374512,-5.041689872741699,4.1517550926073454e-06,0.02720159851014614,0.11788012832403183,0.854914128780365
four_class_provisional_roi,115200_to_460800,phase_ce_feat_1,42,shape_phase,test,20260920-194108-roll-460800,roll,3,3,51,True,1.1512465476989746,0.7315898537635803,0.444423109292984,0.9933561086654663,1.9429740905761719,-3.6439247131347656,2.212554136349354e-06,0.02879125438630581,0.12223279476165771,0.8489736914634705
four_class_provisional_roi,115200_to_460800,smooth_ce_feat_1,42,smooth_shape,train,20260920-184058-normal-11520,normal,0,0,61,True,1.9118951559066772,2.229745864868164,0.5220138430595398,0.9642056822776794,0.8125171661376953,-12.347940444946289,0.6507636904716492,0.015326938591897488,0.2895629107952118,0.04434632137417793
four_class_provisional_roi,115200_to_460800,smooth_ce_feat_1,42,smooth_shape,test,20260920-184857-normal-460800,normal,0,0,48,True,2.2098846435546875,2.367708683013916,0.32406115531921387,0.9585375189781189,0.6807041168212891,-12.759894371032715,0.6222780346870422,0.016674363985657692,0.3160163462162018,0.045031365007162094
four_class_provisional_roi,115200_to_460800,smooth_ce_feat_1,42,smooth_shape,train,20260920-190512-outBroken-115200,outBroken,2,2,50,False,0.03354276716709137,0.04315752908587456,0.9504436254501343,0.9992587566375732,3.4612174034118652,1.7076377868652344,9.346710612589959e-06,0.030125390738248825,0.9586467146873474,0.011218368075788021
four_class_provisional_roi,115200_to_460800,smooth_ce_feat_1,42,smooth_shape,test,20260920-190913-outBroken-460800,outBroken,2,2,50,False,0.26881664991378784,0.25024712085723877,0.709419846534729,0.9994538426399231,3.193392753601074,2.040010929107666,6.300882887444459e-06,0.04138465225696564,0.9491936564445496,0.009415632113814354
four_class_provisional_roi,115200_to_460800,smooth_ce_feat_1,42,smooth_shape,train,20260920-192216-inBroken-115200,inBroken,1,1,50,True,0.3427044749259949,0.474430650472641,0.7257744669914246,0.9907987117767334,2.087238311767578,-3.798983573913574,3.380314694823028e-08,0.8890959024429321,0.11049208790063858,0.0004120897501707077
four_class_provisional_roi,115200_to_460800,smooth_ce_feat_1,42,smooth_shape,test,20260920-192610-inBroken-460800,inBroken,1,1,51,True,0.2875118553638458,0.3881368637084961,0.7311469316482544,0.9934827089309692,1.6546916961669922,-3.0298943519592285,5.252180201864576e-08,0.8368555903434753,0.16239774227142334,0.0007468545809388161
four_class_provisional_roi,115200_to_460800,smooth_ce_feat_1,42,smooth_shape,train,20260920-193718-roll-115200,roll,3,3,51,True,0.4634227454662323,0.4718386232852936,0.6087082624435425,0.9924043416976929,1.8256912231445312,-5.041689872741699,1.9136212358716875e-05,0.030306879431009293,0.1349598914384842,0.8347140550613403
four_class_provisional_roi,115200_to_460800,smooth_ce_feat_1,42,smooth_shape,test,20260920-194108-roll-460800,roll,3,3,51,True,1.1448832750320435,0.7229907512664795,0.44308385252952576,0.9935091733932495,1.766280174255371,-3.6439247131347656,1.9018806369786034e-06,0.03306348994374275,0.14246872067451477,0.8244660496711731
four_class_provisional_roi,460800_to_115200,embedding_only,42,frame_shape,test,20260920-184058-normal-11520,normal,0,2,61,True,0.19709104299545288,0.13165773451328278,0.8113013505935669,0.9988864064216614,-12.66296100616455,-12.347940444946289,3.092423639827757e-06,0.026822999119758606,0.9692033529281616,0.00397050566971302
four_class_provisional_roi,460800_to_115200,embedding_only,42,frame_shape,train,20260920-184857-normal-460800,normal,0,2,48,True,8.514973160345107e-05,4.497270128922537e-05,0.9999366402626038,0.9999995827674866,-12.755102157592773,-12.759894371032715,2.8184310849610483e-06,0.022301308810710907,0.9743881821632385,0.003307475708425045
four_class_provisional_roi,460800_to_115200,embedding_only,42,frame_shape,test,20260920-190512-outBroken-115200,outBroken,2,2,50,False,0.24068892002105713,0.21860913932323456,0.7192037105560303,0.9996472597122192,2.0537238121032715,1.7076377868652344,1.7552139979670756e-05,0.11064562201499939,0.8624770641326904,0.026859913021326065
four_class_provisional_roi,460800_to_115200,embedding_only,42,frame_shape,train,20260920-190913-outBroken-460800,outBroken,2,2,50,False,0.0001405711518600583,0.00011241754691582173,0.9999848008155823,0.9999986886978149,2.025327205657959,2.040010929107666,1.953811624844093e-05,0.1131853461265564,0.8577451109886169,0.02905002422630787
four_class_provisional_roi,460800_to_115200,embedding_only,42,frame_shape,test,20260920-192216-inBroken-115200,inBroken,1,2,50,True,0.11878155171871185,0.08626256883144379,0.9680520296096802,0.9985884428024292,-2.8655104637145996,-3.798983573913574,3.061942948079377e-07,0.05406183749437332,0.9446978569030762,0.001240042387507856
four_class_provisional_roi,460800_to_115200,embedding_only,42,frame_shape,train,20260920-192610-inBroken-460800,inBroken,1,2,51,True,9.91794076981023e-05,7.126473065000027e-05,0.999988853931427,0.9999987483024597,-3.0323243141174316,-3.0298943519592285,5.4102599733596435e-08,0.04598412662744522,0.9536498785018921,0.00036586247733794153
four_class_provisional_roi,460800_to_115200,embedding_only,42,frame_shape,test,20260920-193718-roll-115200,roll,3,2,51,True,0.5253710746765137,0.42944860458374023,0.36705440282821655,0.9978139996528625,-3.8197884559631348,-5.041689872741699,4.262402853782987e-06,0.1319061517715454,0.84897780418396,0.019111735746264458
four_class_provisional_roi,460800_to_115200,embedding_only,42,frame_shape,train,20260920-194108-roll-460800,roll,3,2,51,True,0.00018809553876053542,0.0001827043161028996,0.9999887347221375,0.9999990463256836,-3.6535162925720215,-3.6439247131347656,4.147043455304811e-06,0.14946968853473663,0.8290272951126099,0.02149880677461624
four_class_provisional_roi,460800_to_115200,ce_only,42,frame_shape,test,20260920-184058-normal-11520,normal,0,0,61,True,9.313164710998535,10.393308639526367,0.3001991808414459,0.826939582824707,7.0817437171936035,-12.347940444946289,0.996460497379303,1.6935396160988603e-06,3.65539835911477e-06,0.0035340064205229282
four_class_provisional_roi,460800_to_115200,ce_only,42,frame_shape,train,20260920-184857-normal-460800,normal,0,0,48,True,10.190857887268066,10.889787673950195,0.20853650569915771,0.8072044253349304,8.00279712677002,-12.759894371032715,0.9996421337127686,5.018218871555291e-07,1.2520167729235254e-06,0.0003561060584615916
four_class_provisional_roi,460800_to_115200,ce_only,42,frame_shape,test,20260920-190512-outBroken-115200,outBroken,2,2,50,False,2.107698440551758,1.8753061294555664,-0.325829416513443,0.9730322957038879,9.284159660339355,1.7076377868652344,1.8653195654749766e-10,9.530824900139123e-05,0.9998886585235596,1.5978275769157335e-05
four_class_provisional_roi,460800_to_115200,ce_only,42,frame_shape,train,20260920-190913-outBroken-460800,outBroken,2,2,50,False,2.2241101264953613,2.3338985443115234,-0.2150205671787262,0.9742819666862488,9.544371604919434,2.040010929107666,1.3714235302941802e-10,7.239926344482228e-05,0.9999146461486816,1.3020634469285142e-05
four_class_provisional_roi,460800_to_115200,ce_only,42,frame_shape,test,20260920-192216-inBroken-115200,inBroken,1,1,50,True,0.8040158748626709,0.5470981597900391,0.09706022590398788,0.9925578236579895,1.3614115715026855,-3.798983573913574,9.020608615628589e-08,0.7010190486907959,0.29799240827560425,0.0009883885504677892
four_class_provisional_roi,460800_to_115200,ce_only,42,frame_shape,train,20260920-192610-inBroken-460800,inBroken,1,1,51,True,2.9205703735351562,2.0897958278656006,-0.1482570618391037,0.9641326665878296,9.454869270324707,-3.0298943519592285,3.71669783838513e-09,0.9998719692230225,4.5232871343614534e-05,8.267715747933835e-05
four_class_provisional_roi,460800_to_115200,ce_only,42,frame_shape,test,20260920-193718-roll-115200,roll,3,3,51,True,4.6836042404174805,4.4292988777160645,-0.04489636421203613,0.9233459234237671,6.732992172241211,-5.041689872741699,0.04062451049685478,0.00017217932327184826,0.00012077956489520147,0.9590826630592346
four_class_provisional_roi,460800_to_115200,ce_only,42,frame_shape,train,20260920-194108-roll-460800,roll,3,3,51,True,4.470993518829346,4.173500061035156,0.11763209104537964,0.9456801414489746,8.714128494262695,-3.6439247131347656,0.00022204083506949246,0.00017151550855487585,6.435700197471306e-05,0.9995422959327698
four_class_provisional_roi,460800_to_115200,ce_feat_0p1,42,frame_shape,test,20260920-184058-normal-11520,normal,0,0,61,True,2.6442975997924805,3.898390531539917,0.44528505206108093,0.9377954006195068,3.015838861465454,-12.347940444946289,0.911754846572876,0.008077546022832394,0.05254673585295677,0.02762078121304512
four_class_provisional_roi,460800_to_115200,ce_feat_0p1,42,frame_shape,train,20260920-184857-normal-460800,normal,0,0,48,True,2.908550500869751,4.00543212890625,0.45295825600624084,0.9271091222763062,3.37100887298584,-12.759894371032715,0.957120954990387,0.004723224323242903,0.03305284306406975,0.005102955270558596
four_class_provisional_roi,460800_to_115200,ce_feat_0p1,42,frame_shape,test,20260920-190512-outBroken-115200,outBroken,2,2,50,False,0.38639160990715027,0.3593999445438385,0.5856502652168274,0.9962660074234009,5.155463218688965,1.7076377868652344,4.150745098741027e-06,0.005745897069573402,0.9917548298835754,0.0024950378574430943
four_class_provisional_roi,460800_to_115200,ce_feat_0p1,42,frame_shape,train,20260920-190913-outBroken-460800,outBroken,2,2,50,False,0.11449164152145386,0.13723592460155487,0.8927972316741943,0.9972023963928223,5.241938591003418,2.040010929107666,3.8411985769926105e-06,0.005259996745735407,0.9922367334365845,0.0024996441788971424
four_class_provisional_roi,460800_to_115200,ce_feat_0p1,42,frame_shape,test,20260920-192216-inBroken-115200,inBroken,1,1,50,True,0.38452059030532837,0.3849145770072937,0.5986844897270203,0.9929602742195129,1.3905696868896484,-3.798983573913574,2.1349870849007857e-07,0.7731729745864868,0.2254101186990738,0.0014166050823405385
four_class_provisional_roi,460800_to_115200,ce_feat_0p1,42,frame_shape,train,20260920-192610-inBroken-460800,inBroken,1,1,51,True,0.5334299206733704,0.7171893119812012,0.6694908738136292,0.9869436621665955,4.149472713470459,-3.0298943519592285,6.089848181289881e-09,0.9842756390571594,0.015610259026288986,0.00011413611355237663
four_class_provisional_roi,460800_to_115200,ce_feat_0p1,42,frame_shape,test,20260920-193718-roll-115200,roll,3,3,51,True,1.4093860387802124,1.4975285530090332,0.25294336676597595,0.9824938774108887,3.862318992614746,-5.041689872741699,0.012765211053192616,0.010833032429218292,0.035327643156051636,0.941074013710022
four_class_provisional_roi,460800_to_115200,ce_feat_0p1,42,frame_shape,train,20260920-194108-roll-460800,roll,3,3,51,True,0.7039000988006592,0.7681937217712402,0.7790977358818054,0.9902181029319763,4.474893569946289,-3.6439247131347656,2.5594722501409706e-06,0.006625310052186251,0.011296487413346767,0.9820756912231445
four_class_provisional_roi,460800_to_115200,ce_feat_1,42,frame_shape,test,20260920-184058-normal-11520,normal,0,0,61,True,1.866593599319458,2.8008947372436523,0.3959183692932129,0.9580244421958923,0.5612237453460693,-12.347940444946289,0.569720983505249,0.04904519021511078,0.3178952932357788,0.06333844363689423
four_class_provisional_roi,460800_to_115200,ce_feat_1,42,frame_shape,train,20260920-184857-normal-460800,normal,0,0,48,True,1.969600796699524,2.800973892211914,0.4009492099285126,0.9501783847808838,0.8768930435180664,-12.759894371032715,0.6492579579353333,0.04088246449828148,0.27027907967567444,0.039580486714839935
four_class_provisional_roi,460800_to_115200,ce_feat_1,42,frame_shape,test,20260920-190512-outBroken-115200,outBroken,2,2,50,False,0.2799581289291382,0.25284117460250854,0.6729829907417297,0.9986613392829895,3.578416347503662,1.7076377868652344,9.809241419134196e-06,0.026919782161712646,0.9634162187576294,0.009654099121689796
four_class_provisional_roi,460800_to_115200,ce_feat_1,42,frame_shape,train,20260920-190913-outBroken-460800,outBroken,2,2,50,False,0.026484835892915726,0.03246191889047623,0.9732576608657837,0.9993293285369873,3.603506326675415,2.040010929107666,9.841716746450402e-06,0.02625436522066593,0.9638622403144836,0.009873412549495697
four_class_provisional_roi,460800_to_115200,ce_feat_1,42,frame_shape,test,20260920-192216-inBroken-115200,inBroken,1,1,50,True,0.30290648341178894,0.28156399726867676,0.6825911402702332,0.994907796382904,0.42777442932128906,-3.798983573913574,3.2588152976131823e-07,0.6002929210662842,0.39755579829216003,0.0021507791243493557
four_class_provisional_roi,460800_to_115200,ce_feat_1,42,frame_shape,train,20260920-192610-inBroken-460800,inBroken,1,1,51,True,0.27507922053337097,0.3641592860221863,0.7683793902397156,0.9933671355247498,2.1628665924072266,-3.0298943519592285,3.019882655053152e-08,0.8963839411735535,0.10321212559938431,0.0004039019695483148
four_class_provisional_roi,460800_to_115200,ce_feat_1,42,frame_shape,test,20260920-193718-roll-115200,roll,3,3,51,True,1.0204260349273682,1.026049017906189,0.2777392566204071,0.9885542988777161,1.7981557846069336,-5.041689872741699,0.0038719037547707558,0.054206788539886475,0.1533566266298294,0.7885646224021912
four_class_provisional_roi,460800_to_115200,ce_feat_1,42,frame_shape,train,20260920-194108-roll-460800,roll,3,3,51,True,0.3610166013240814,0.3890414834022522,0.8548928499221802,0.9949182868003845,2.2549233436584473,-3.6439247131347656,7.437610747729195e-06,0.04676463082432747,0.0906921997666359,0.862535834312439
four_class_provisional_roi,460800_to_115200,ce_feat_10,42,frame_shape,test,20260920-184058-normal-11520,normal,0,2,61,True,0.3524301052093506,0.4439683258533478,0.6249834299087524,0.9958229660987854,-8.278080940246582,-12.347940444946289,0.0002457458758726716,0.06498979777097702,0.9134700894355774,0.021294398233294487
four_class_provisional_roi,460800_to_115200,ce_feat_10,42,frame_shape,train,20260920-184857-normal-460800,normal,0,2,48,True,0.22912997007369995,0.33006608486175537,0.7264621257781982,0.9947435259819031,-8.012889862060547,-12.759894371032715,0.0003061217430513352,0.06035315617918968,0.9198021292686462,0.019538428634405136
four_class_provisional_roi,460800_to_115200,ce_feat_10,42,frame_shape,test,20260920-190512-outBroken-115200,outBroken,2,2,50,False,0.2555237114429474,0.23147200047969818,0.7060644030570984,0.999468207359314,2.497366428375244,1.7076377868652344,1.4853972061246168e-05,0.0744979977607727,0.9050139784812927,0.02047307975590229
four_class_provisional_roi,460800_to_115200,ce_feat_10,42,frame_shape,train,20260920-190913-outBroken-460800,outBroken,2,2,50,False,0.002288136398419738,0.0027806339785456657,0.9978691935539246,0.9999419450759888,2.4797329902648926,2.040010929107666,1.6554251487832516e-05,0.07558198273181915,0.9022232294082642,0.022178247570991516
four_class_provisional_roi,460800_to_115200,ce_feat_10,42,frame_shape,test,20260920-192216-inBroken-115200,inBroken,1,2,50,True,0.17864620685577393,0.14769408106803894,0.8535599112510681,0.9973770380020142,-0.980290412902832,-3.798983573913574,3.512051591769705e-07,0.275829553604126,0.722322940826416,0.001847329898737371
four_class_provisional_roi,460800_to_115200,ce_feat_10,42,frame_shape,train,20260920-192610-inBroken-460800,inBroken,1,2,51,True,0.07805410027503967,0.10298410058021545,0.9188583493232727,0.9981335997581482,-0.24723148345947266,-3.0298943519592285,8.049715916058631e-08,0.4381813108921051,0.5610452890396118,0.000773415551520884
four_class_provisional_roi,460800_to_115200,ce_feat_10,42,frame_shape,test,20260920-193718-roll-115200,roll,3,2,51,True,0.7013735771179199,0.659305214881897,0.34441128373146057,0.9948456883430481,-0.8285698890686035,-5.041689872741699,1.5540357708232477e-05,0.18529845774173737,0.5569673180580139,0.25771865248680115
four_class_provisional_roi,460800_to_115200,ce_feat_10,42,frame_shape,train,20260920-194108-roll-460800,roll,3,2,51,True,0.10022827237844467,0.10642902553081512,0.9491952061653137,0.9985852837562561,-0.4588031768798828,-3.6439247131347656,1.068028541340027e-05,0.19485019147396088,0.49325472116470337,0.3118843138217926
four_class_provisional_roi,460800_to_115200,ce_feat_1_kd,42,frame_shape,test,20260920-184058-normal-11520,normal,0,2,61,True,1.5391778945922852,2.3474349975585938,0.43910181522369385,0.9660233855247498,-0.8699562549591064,-12.347940444946289,0.2867259085178375,0.039424821734428406,0.6438799500465393,0.02996912971138954
four_class_provisional_roi,460800_to_115200,ce_feat_1_kd,42,frame_shape,train,20260920-184857-normal-460800,normal,0,2,48,True,1.6427236795425415,2.3457512855529785,0.4434991180896759,0.958797037601471,-0.5728600025177002,-12.759894371032715,0.34042635560035706,0.03465418890118599,0.6033902764320374,0.021529167890548706
four_class_provisional_roi,460800_to_115200,ce_feat_1_kd,42,frame_shape,test,20260920-190512-outBroken-115200,outBroken,2,2,50,False,0.2605609893798828,0.22752150893211365,0.6956618428230286,0.9992106556892395,2.7958760261535645,1.7076377868652344,1.3776210835203528e-05,0.056478023529052734,0.9247878193855286,0.01872052624821663
four_class_provisional_roi,460800_to_115200,ce_feat_1_kd,42,frame_shape,train,20260920-190913-outBroken-460800,outBroken,2,2,50,False,0.008168485015630722,0.01039397157728672,0.9917914271354675,0.999786913394928,2.797171115875244,2.040010929107666,1.4077064406592399e-05,0.05636832118034363,0.9242398738861084,0.019377723336219788
four_class_provisional_roi,460800_to_115200,ce_feat_1_kd,42,frame_shape,test,20260920-192216-inBroken-115200,inBroken,1,2,50,True,0.22945311665534973,0.19575832784175873,0.7863017916679382,0.9965209364891052,-0.5036373138427734,-3.798983573913574,3.7648905504283903e-07,0.37859100103378296,0.6191700100898743,0.0022385360207408667
four_class_provisional_roi,460800_to_115200,ce_feat_1_kd,42,frame_shape,train,20260920-192610-inBroken-460800,inBroken,1,1,51,True,0.12753726541996002,0.166205495595932,0.876153826713562,0.99698406457901,0.43300914764404297,-3.0298943519592285,7.066839202707342e-08,0.6061582565307617,0.3931625485420227,0.00067902822047472
four_class_provisional_roi,460800_to_115200,ce_feat_1_kd,42,frame_shape,test,20260920-193718-roll-115200,roll,3,3,51,True,0.8317678570747375,0.7729657888412476,0.2646658718585968,0.991723358631134,0.284975528717041,-5.041689872741699,0.0016729694325476885,0.10084160417318344,0.38402047753334045,0.5134648084640503
four_class_provisional_roi,460800_to_115200,ce_feat_1_kd,42,frame_shape,train,20260920-194108-roll-460800,roll,3,3,51,True,0.22182311117649078,0.2380683273077011,0.8916423916816711,0.9968212842941284,0.6930222511291504,-3.6439247131347656,1.481258550484199e-05,0.10570253431797028,0.2982293367385864,0.5960533022880554
four_class_provisional_roi,460800_to_115200,phase_ce_feat_1,42,shape_phase,test,20260920-184058-normal-11520,normal,0,0,61,True,1.9753096103668213,2.988959789276123,0.39913445711135864,0.9548642039299011,0.9540855884552002,-12.347940444946289,0.6599876284599304,0.03754620999097824,0.2562565505504608,0.046209584921598434
four_class_provisional_roi,460800_to_115200,phase_ce_feat_1,42,shape_phase,train,20260920-184857-normal-460800,normal,0,0,48,True,2.052398920059204,2.9220328330993652,0.4007572829723358,0.9478473663330078,1.1690640449523926,-12.759894371032715,0.7107287049293518,0.03356345742940903,0.22116820514202118,0.03453950956463814
four_class_provisional_roi,460800_to_115200,phase_ce_feat_1,42,shape_phase,test,20260920-190512-outBroken-115200,outBroken,2,2,50,False,0.2773321568965912,0.24963146448135376,0.6767048835754395,0.9986783266067505,3.578164577484131,1.7076377868652344,9.962403964891564e-06,0.026904623955488205,0.9631420969963074,0.00994318537414074
four_class_provisional_roi,460800_to_115200,phase_ce_feat_1,42,shape_phase,train,20260920-190913-outBroken-460800,outBroken,2,2,50,False,0.025743305683135986,0.031213168054819107,0.9737851619720459,0.9993681907653809,3.566260814666748,2.040010929107666,9.67516371019883e-06,0.027227021753787994,0.9628968834877014,0.009866461157798767
four_class_provisional_roi,460800_to_115200,phase_ce_feat_1,42,shape_phase,test,20260920-192216-inBroken-115200,inBroken,1,1,50,True,0.27132195234298706,0.24979405105113983,0.7224072217941284,0.9954714179039001,0.3310384750366211,-3.798983573913574,1.7306778943293466e-07,0.5787590146064758,0.4196382761001587,0.0016025220975279808
four_class_provisional_roi,460800_to_115200,phase_ce_feat_1,42,shape_phase,train,20260920-192610-inBroken-460800,inBroken,1,1,51,True,0.27607259154319763,0.366233229637146,0.7685197591781616,0.9933288097381592,2.1719970703125,-3.0298943519592285,3.003361825903994e-08,0.8973019123077393,0.102299764752388,0.00039824185660108924
four_class_provisional_roi,460800_to_115200,phase_ce_feat_1,42,shape_phase,test,20260920-193718-roll-115200,roll,3,3,51,True,1.0792992115020752,1.1062697172164917,0.2975418269634247,0.9885676503181458,1.9949655532836914,-5.041689872741699,0.0002020799438469112,0.04745731130242348,0.12248075753450394,0.8298599123954773
four_class_provisional_roi,460800_to_115200,phase_ce_feat_1,42,shape_phase,train,20260920-194108-roll-460800,roll,3,3,51,True,0.37403494119644165,0.4049243927001953,0.8541408181190491,0.9947383999824524,2.361550807952881,-3.6439247131347656,6.191393822518876e-06,0.04357873275876045,0.08253711462020874,0.8738779425621033
four_class_provisional_roi,460800_to_115200,smooth_ce_feat_1,42,smooth_shape,test,20260920-184058-normal-11520,normal,0,0,61,True,1.8960981369018555,2.8627452850341797,0.3973463177680969,0.9569496512413025,0.6784062385559082,-12.347940444946289,0.5951241850852966,0.04596029967069626,0.30073508620262146,0.05818043649196625
four_class_provisional_roi,460800_to_115200,smooth_ce_feat_1,42,smooth_shape,train,20260920-184857-normal-460800,normal,0,0,48,True,1.9736473560333252,2.819200038909912,0.4035496413707733,0.9498143196105957,0.9012792110443115,-12.759894371032715,0.6555507779121399,0.039763715118169785,0.26646557450294495,0.03821991756558418
four_class_provisional_roi,460800_to_115200,smooth_ce_feat_1,42,smooth_shape,test,20260920-190512-outBroken-115200,outBroken,2,2,50,False,0.28066396713256836,0.2529679536819458,0.6729737520217896,0.9986910223960876,3.563218832015991,1.7076377868652344,1.0047353498521261e-05,0.02735114097595215,0.9628185033798218,0.009820356033742428
four_class_provisional_roi,460800_to_115200,smooth_ce_feat_1,42,smooth_shape,train,20260920-190913-outBroken-460800,outBroken,2,2,50,False,0.026323821395635605,0.032162897288799286,0.9733209609985352,0.9993383884429932,3.5964648723602295,2.040010929107666,9.725104973767884e-06,0.026455814018845558,0.9636775255203247,0.009857040829956532
four_class_provisional_roi,460800_to_115200,smooth_ce_feat_1,42,smooth_shape,test,20260920-192216-inBroken-115200,inBroken,1,1,50,True,0.3309798240661621,0.34036827087402344,0.66838139295578,0.993897557258606,1.1511168479919434,-3.798983573913574,1.2901996626624168e-07,0.7527471780776978,0.24588800966739655,0.0013648159801959991
four_class_provisional_roi,460800_to_115200,smooth_ce_feat_1,42,smooth_shape,train,20260920-192610-inBroken-460800,inBroken,1,1,51,True,0.27652186155319214,0.3664390742778778,0.7688958048820496,0.9933255314826965,2.1758370399475098,-3.0298943519592285,2.9360831987901292e-08,0.8975547552108765,0.10204777121543884,0.0003974843421019614
four_class_provisional_roi,460800_to_115200,smooth_ce_feat_1,42,smooth_shape,test,20260920-193718-roll-115200,roll,3,3,51,True,1.0454483032226562,1.0550897121429443,0.28218206763267517,0.9884055852890015,1.9137840270996094,-5.041689872741699,0.0039754449389874935,0.05258633568882942,0.13295245170593262,0.8104857802391052
four_class_provisional_roi,460800_to_115200,smooth_ce_feat_1,42,smooth_shape,train,20260920-194108-roll-460800,roll,3,3,51,True,0.3581100106239319,0.3856916129589081,0.8554151058197021,0.9949566721916199,2.2318015098571777,-3.6439247131347656,7.211490355985006e-06,0.04771983250975609,0.09246338903903961,0.8598095178604126
four_class_provisional_roi,all_known,embedding_only,42,frame_shape,train,20260920-184058-normal-11520,normal,0,2,61,True,0.002475057728588581,0.002258595312014222,0.9980977177619934,0.9999844431877136,-12.422121047973633,-12.347940444946289,4.030448508274276e-06,0.006107891909778118,0.9912000894546509,0.00268790521658957
four_class_provisional_roi,all_known,embedding_only,42,frame_shape,train,20260920-184857-normal-460800,normal,0,2,48,True,0.0005876471404917538,0.0005206228815950453,0.9984515309333801,0.9999955296516418,-12.800622940063477,-12.759894371032715,2.696362344067893e-06,0.024438785389065742,0.9722884297370911,0.0032699175644665956
four_class_provisional_roi,all_known,embedding_only,42,frame_shape,train,20260920-190512-outBroken-115200,outBroken,2,2,50,False,0.0003039106377400458,0.0002840976812876761,0.9996321201324463,0.9999984502792358,1.7226033210754395,1.7076377868652344,1.57760878209956e-05,0.14715172350406647,0.8227890729904175,0.03004349209368229
four_class_provisional_roi,all_known,embedding_only,42,frame_shape,train,20260920-190913-outBroken-460800,outBroken,2,2,50,False,0.00042752252193167806,0.00027184488135389984,0.9996840357780457,0.9999943375587463,2.097888469696045,2.040010929107666,1.7471127648605034e-05,0.10700836032629013,0.8665258288383484,0.026448342949151993
four_class_provisional_roi,all_known,embedding_only,42,frame_shape,train,20260920-192216-inBroken-115200,inBroken,1,2,50,True,3.899604780599475e-05,2.4323286197613925e-05,0.9999784827232361,0.9999995827674866,-3.7756295204162598,-3.798983573913574,5.463660812665694e-08,0.022558337077498436,0.9771049618721008,0.00033670716220512986
four_class_provisional_roi,all_known,embedding_only,42,frame_shape,train,20260920-192610-inBroken-460800,inBroken,1,2,51,True,5.849099034094252e-05,4.8344274546252564e-05,0.999943196773529,0.999999463558197,-3.012953758239746,-3.0298943519592285,5.72273251009392e-08,0.046968020498752594,0.952655553817749,0.00037632943713106215
four_class_provisional_roi,all_known,embedding_only,42,frame_shape,train,20260920-193718-roll-115200,roll,3,2,51,True,0.0007276814430952072,0.0005982918664813042,0.998885452747345,0.9999940395355225,-5.077696323394775,-5.041689872741699,1.050075638886483e-06,0.03541681915521622,0.9583775401115417,0.006204486358910799
four_class_provisional_roi,all_known,embedding_only,42,frame_shape,train,20260920-194108-roll-460800,roll,3,2,51,True,0.0006999188335612416,0.0006549358367919922,0.999979555606842,0.9999970197677612,-3.6728925704956055,-3.6439247131347656,4.176559286861448e-06,0.1513335406780243,0.8272106647491455,0.021451594308018684
four_class_provisional_roi,all_known,embedding_only,42,frame_shape,external,20260920-195424-keep-115200,keep,-1,2,51,False,0.7582794427871704,0.5004045367240906,-0.02227729558944702,0.9919678568840027,,,8.952256393968128e-06,0.10745014995336533,0.8752332925796509,0.017307588830590248
four_class_provisional_roi,all_known,embedding_only,42,frame_shape,external,20260920-195753-keep-460800,keep,-1,2,51,False,0.9447970390319824,0.6946041584014893,-0.20763978362083435,0.9901645183563232,,,1.0308152923244052e-05,0.12701888382434845,0.8515977263450623,0.021372951567173004
four_class_provisional_roi,all_known,embedding_only,42,frame_shape,external,20260920-201757-bigNormal-115200,bigNormal,0,2,50,True,7409.51416015625,26.304553985595703,0.027175694704055786,0.7811307311058044,-12.299610137939453,-29.05007553100586,4.19883963331813e-06,0.09145906567573547,0.8952922821044922,0.013244650326669216
four_class_provisional_roi,all_known,embedding_only,42,frame_shape,external,20260920-202115-bigNormal-460800,bigNormal,0,2,50,True,8697.4267578125,29.48232650756836,0.0642472505569458,0.7705504894256592,-12.118490219116211,-32.951595306396484,5.033544766774867e-06,0.08863804489374161,0.8975093960762024,0.013847418129444122
four_class_provisional_roi,all_known,ce_only,42,frame_shape,train,20260920-184058-normal-11520,normal,0,0,61,True,11.15186882019043,12.130542755126953,0.30039191246032715,0.8046377897262573,7.91274356842041,-12.347940444946289,0.9994654059410095,1.0558814977912334e-07,2.4345533233827155e-07,0.0005341045325621963
four_class_provisional_roi,all_known,ce_only,42,frame_shape,train,20260920-184857-normal-460800,normal,0,0,48,True,11.587846755981445,12.348490715026855,0.21147838234901428,0.7906264066696167,8.165281295776367,-12.759894371032715,0.9997039437294006,8.872356715983187e-08,2.1134540872935759e-07,0.0002958560944534838
four_class_provisional_roi,all_known,ce_only,42,frame_shape,train,20260920-190512-outBroken-115200,outBroken,2,2,50,False,2.5758347511291504,2.3492941856384277,-0.4341457188129425,0.9661226272583008,9.843175888061523,1.7076377868652344,4.1960230429127776e-11,5.374437751015648e-05,0.9999427199363708,3.4833833524317015e-06
four_class_provisional_roi,all_known,ce_only,42,frame_shape,train,20260920-190913-outBroken-460800,outBroken,2,2,50,False,2.5757029056549072,2.582789659500122,-0.314574271440506,0.970111072063446,9.714632034301758,2.040010929107666,6.213096009899388e-11,6.340995605569333e-05,0.9999322295188904,4.317450475355145e-06
four_class_provisional_roi,all_known,ce_only,42,frame_shape,train,20260920-192216-inBroken-115200,inBroken,1,1,50,True,3.000368595123291,2.2522079944610596,-0.2344282567501068,0.9609338045120239,9.045167922973633,-3.798983573913574,1.0696442842572651e-08,0.9997771382331848,9.044273610925302e-05,0.0001322743482887745
four_class_provisional_roi,all_known,ce_only,42,frame_shape,train,20260920-192610-inBroken-460800,inBroken,1,1,51,True,3.0699241161346436,2.321028232574463,-0.18703722953796387,0.9593514800071716,8.601373672485352,-3.0298943519592285,2.1663996818688247e-08,0.9997619390487671,4.253318547853269e-05,0.00019556672486942261
four_class_provisional_roi,all_known,ce_only,42,frame_shape,train,20260920-193718-roll-115200,roll,3,3,51,True,4.120737552642822,3.74609375,-0.0049525415524840355,0.9359740614891052,8.289457321166992,-5.041689872741699,0.0004963328246958554,0.00027881283313035965,9.300414239987731e-05,0.9991317391395569
four_class_provisional_roi,all_known,ce_only,42,frame_shape,train,20260920-194108-roll-460800,roll,3,3,51,True,4.54041862487793,4.0151872634887695,0.13551519811153412,0.9469309449195862,8.407309532165527,-3.6439247131347656,0.00016975186008494347,0.00023342177155427635,5.051742846262641e-05,0.9995461106300354
four_class_provisional_roi,all_known,ce_only,42,frame_shape,external,20260920-195424-keep-115200,keep,-1,2,51,False,1.7088583707809448,1.6192487478256226,0.09843771904706955,0.9837339520454407,,,2.0449585080850596e-10,0.0001661494025029242,0.9998245239257812,9.322556252300274e-06
four_class_provisional_roi,all_known,ce_only,42,frame_shape,external,20260920-195753-keep-460800,keep,-1,2,51,False,1.7458993196487427,1.728930950164795,0.15965060889720917,0.9837164282798767,,,9.45664171969618e-11,0.00010389085218776017,0.9998899698257446,5.862885245733196e-06
four_class_provisional_roi,all_known,ce_only,42,frame_shape,external,20260920-201757-bigNormal-115200,bigNormal,0,2,50,True,7406.556640625,26.06252098083496,0.07246293872594833,0.78121417760849,-15.988306045532227,-29.05007553100586,3.345844277191645e-07,0.04983697831630707,0.9410030245780945,0.009159618057310581
four_class_provisional_roi,all_known,ce_only,42,frame_shape,external,20260920-202115-bigNormal-460800,bigNormal,0,2,50,True,8694.357421875,28.812484741210938,0.07271397858858109,0.7714331150054932,-17.55071449279785,-32.951595306396484,6.2985840543206e-08,0.020147912204265594,0.9781891703605652,0.0016629110323265195
four_class_provisional_roi,all_known,ce_feat_0p1,42,frame_shape,train,20260920-184058-normal-11520,normal,0,0,61,True,2.8564510345458984,3.554918050765991,0.5055528283119202,0.9423489570617676,3.6522881984710693,-12.347940444946289,0.9677866101264954,0.0019113057060167193,0.025418806821107864,0.004883142188191414
four_class_provisional_roi,all_known,ce_feat_0p1,42,frame_shape,train,20260920-184857-normal-460800,normal,0,0,48,True,3.130077838897705,3.547665596008301,0.40404829382896423,0.9363538026809692,3.521883487701416,-12.759894371032715,0.9646777510643005,0.0021241845097392797,0.02872898429632187,0.004469165112823248
four_class_provisional_roi,all_known,ce_feat_0p1,42,frame_shape,train,20260920-190512-outBroken-115200,outBroken,2,2,50,False,0.19469410181045532,0.19880929589271545,0.7160864472389221,0.9969743490219116,5.076889991760254,1.7076377868652344,3.7332397369027603e-06,0.006200715899467468,0.9910368919372559,0.002758680609986186
four_class_provisional_roi,all_known,ce_feat_0p1,42,frame_shape,train,20260920-190913-outBroken-460800,outBroken,2,2,50,False,0.1574515700340271,0.1922648549079895,0.825054407119751,0.9975662231445312,5.153677940368652,2.040010929107666,3.800993226832361e-06,0.005757966544479132,0.9915481805801392,0.0026900977827608585
four_class_provisional_roi,all_known,ce_feat_0p1,42,frame_shape,train,20260920-192216-inBroken-115200,inBroken,1,1,50,True,0.6368224620819092,0.8251556158065796,0.6080144047737122,0.9840863943099976,4.075984954833984,-3.798983573913574,6.062218727009849e-09,0.9828985333442688,0.017005568370223045,9.582973143551499e-05
four_class_provisional_roi,all_known,ce_feat_0p1,42,frame_shape,train,20260920-192610-inBroken-460800,inBroken,1,1,51,True,0.5400749444961548,0.75738126039505,0.6774260401725769,0.986215353012085,4.146284580230713,-3.0298943519592285,5.6992903729735644e-09,0.984236478805542,0.01565566100180149,0.00010798860603244975
four_class_provisional_roi,all_known,ce_feat_0p1,42,frame_shape,train,20260920-193718-roll-115200,roll,3,3,51,True,1.0522267818450928,1.2001011371612549,0.5118333697319031,0.985589325428009,4.05693244934082,-5.041689872741699,9.169877012027428e-05,0.006804589182138443,0.017376286908984184,0.9757273197174072
four_class_provisional_roi,all_known,ce_feat_0p1,42,frame_shape,train,20260920-194108-roll-460800,roll,3,3,51,True,0.8138645887374878,0.7127039432525635,0.6825629472732544,0.9903677105903625,4.3387837409973145,-3.6439247131347656,7.695282988606778e-07,0.005684495437890291,0.01300065964460373,0.9813141226768494
four_class_provisional_roi,all_known,ce_feat_0p1,42,frame_shape,external,20260920-195424-keep-115200,keep,-1,2,51,False,0.9414721131324768,0.6924522519111633,-0.06804662197828293,0.9872117042541504,,,2.79661198874237e-05,0.010368578135967255,0.9850178956985474,0.004585426766425371
four_class_provisional_roi,all_known,ce_feat_0p1,42,frame_shape,external,20260920-195753-keep-460800,keep,-1,2,51,False,0.9452008008956909,0.7105225920677185,-0.06085330620408058,0.9871578216552734,,,1.1668164916045498e-05,0.009388257749378681,0.9866363406181335,0.003963650204241276
four_class_provisional_roi,all_known,ce_feat_0p1,42,frame_shape,external,20260920-201757-bigNormal-115200,bigNormal,0,2,50,True,7405.47021484375,26.202836990356445,0.08587172627449036,0.7817338109016418,-13.256908416748047,-29.05007553100586,1.6655260424158769e-06,0.04099845886230469,0.933346152305603,0.025653734803199768
four_class_provisional_roi,all_known,ce_feat_0p1,42,frame_shape,external,20260920-202115-bigNormal-460800,bigNormal,0,2,50,True,8692.2431640625,28.897327423095703,0.1298781782388687,0.7768776416778564,-13.084197998046875,-32.951595306396484,2.024322157012648e-06,0.0330144427716732,0.9571648240089417,0.009818759746849537
four_class_provisional_roi,all_known,ce_feat_1,42,frame_shape,train,20260920-184058-normal-11520,normal,0,0,61,True,1.9234240055084229,2.5263266563415527,0.4659139811992645,0.9604381322860718,1.0357675552368164,-12.347940444946289,0.6940798163414001,0.021977076306939125,0.24699053168296814,0.03695259988307953
four_class_provisional_roi,all_known,ce_feat_1,42,frame_shape,train,20260920-184857-normal-460800,normal,0,0,48,True,2.065215826034546,2.491366386413574,0.3753731846809387,0.9553152918815613,0.908743143081665,-12.759894371032715,0.6650093197822571,0.026593022048473358,0.26846984028816223,0.03992779552936554
four_class_provisional_roi,all_known,ce_feat_1,42,frame_shape,train,20260920-190512-outBroken-115200,outBroken,2,2,50,False,0.03547774255275726,0.04249844700098038,0.943904459476471,0.9992488026618958,3.4711475372314453,1.7076377868652344,9.376045454700943e-06,0.02987118437886238,0.9591337442398071,0.010985711589455605
four_class_provisional_roi,all_known,ce_feat_1,42,frame_shape,train,20260920-190913-outBroken-460800,outBroken,2,2,50,False,0.02619156241416931,0.030452437698841095,0.9728237390518188,0.9993668794631958,3.595731258392334,2.040010929107666,9.621901881473605e-06,0.02662571147084236,0.9622968435287476,0.011067735962569714
four_class_provisional_roi,all_known,ce_feat_1,42,frame_shape,train,20260920-192216-inBroken-115200,inBroken,1,1,50,True,0.33809447288513184,0.44531166553497314,0.7299003005027771,0.991372287273407,2.0490798950195312,-3.798983573913574,4.097928041346677e-08,0.8848437666893005,0.1146811693906784,0.00047505952534265816
four_class_provisional_roi,all_known,ce_feat_1,42,frame_shape,train,20260920-192610-inBroken-460800,inBroken,1,1,51,True,0.2741871476173401,0.36495107412338257,0.7584995031356812,0.9933525323867798,2.1900391578674316,-3.0298943519592285,2.78918577123477e-08,0.8987465500831604,0.10088752210140228,0.00036600910243578255
four_class_provisional_roi,all_known,ce_feat_1,42,frame_shape,train,20260920-193718-roll-115200,roll,3,3,51,True,0.4686642289161682,0.4873782694339752,0.558152973651886,0.9921598434448242,1.9087409973144531,-5.041689872741699,2.1466845282702707e-05,0.03286349028348923,0.12593406438827515,0.8411809802055359
four_class_provisional_roi,all_known,ce_feat_1,42,frame_shape,train,20260920-194108-roll-460800,roll,3,3,51,True,0.3578052520751953,0.3690810203552246,0.8658331036567688,0.9951747059822083,2.2327075004577637,-3.6439247131347656,7.692763574596029e-06,0.0430489107966423,0.09308066964149475,0.8638625741004944
four_class_provisional_roi,all_known,ce_feat_1,42,frame_shape,external,20260920-195424-keep-115200,keep,-1,2,51,False,0.9781854152679443,0.7030555009841919,-0.1924194097518921,0.9877950549125671,,,5.499030157807283e-05,0.04050604999065399,0.9288404583930969,0.03059842810034752
four_class_provisional_roi,all_known,ce_feat_1,42,frame_shape,external,20260920-195753-keep-460800,keep,-1,2,51,False,0.9848507046699524,0.7407476305961609,-0.23918572068214417,0.9882639646530151,,,2.2443433408625424e-05,0.0376000851392746,0.9422730803489685,0.02010434679687023
four_class_provisional_roi,all_known,ce_feat_1,42,frame_shape,external,20260920-201757-bigNormal-115200,bigNormal,0,2,50,True,7412.2763671875,26.741134643554688,-0.028780583292245865,0.7745322585105896,-12.60280990600586,-29.05007553100586,2.8993410978728207e-06,0.08658695966005325,0.8544380068778992,0.05897226929664612
four_class_provisional_roi,all_known,ce_feat_1,42,frame_shape,external,20260920-202115-bigNormal-460800,bigNormal,0,2,50,True,8698.2529296875,29.47426414489746,0.05797530710697174,0.7684833407402039,-12.497928619384766,-32.951595306396484,3.3838939543784363e-06,0.07682722061872482,0.8945988416671753,0.02857048809528351
four_class_provisional_roi,all_known,ce_feat_10,42,frame_shape,train,20260920-184058-normal-11520,normal,0,2,61,True,0.22812993824481964,0.29893428087234497,0.7914068102836609,0.9957115054130554,-7.658512115478516,-12.347940444946289,0.0004642060084734112,0.01918208599090576,0.9616748094558716,0.018678797408938408
four_class_provisional_roi,all_known,ce_feat_10,42,frame_shape,train,20260920-184857-normal-460800,normal,0,2,48,True,0.22113138437271118,0.28694480657577515,0.7001978158950806,0.9954216480255127,-8.14235782623291,-12.759894371032715,0.00027210477855987847,0.06211690604686737,0.918083667755127,0.01952735148370266
four_class_provisional_roi,all_known,ce_feat_10,42,frame_shape,train,20260920-190512-outBroken-115200,outBroken,2,2,50,False,0.003399627050384879,0.00396338663995266,0.9953519105911255,0.9999305009841919,2.2450437545776367,1.7076377868652344,1.3785707778879441e-05,0.09360765665769577,0.8830369710922241,0.02334161475300789
four_class_provisional_roi,all_known,ce_feat_10,42,frame_shape,train,20260920-190913-outBroken-460800,outBroken,2,2,50,False,0.0028448812663555145,0.002993508940562606,0.9971818327903748,0.9999366402626038,2.5177741050720215,2.040010929107666,1.5484220057260245e-05,0.07308075577020645,0.9057862758636475,0.02111753262579441
four_class_provisional_roi,all_known,ce_feat_10,42,frame_shape,train,20260920-192216-inBroken-115200,inBroken,1,2,50,True,0.10014650225639343,0.13075615465641022,0.8988226056098938,0.9974877834320068,-0.579322338104248,-3.798983573913574,9.971071790459973e-08,0.3591007590293884,0.6400010585784912,0.0008980813436210155
four_class_provisional_roi,all_known,ce_feat_10,42,frame_shape,train,20260920-192610-inBroken-460800,inBroken,1,2,51,True,0.07792410999536514,0.10315757244825363,0.9143216609954834,0.9981418251991272,-0.22037792205810547,-3.0298943519592285,7.626291420592679e-08,0.44483232498168945,0.5544535517692566,0.0007139632944017649
four_class_provisional_roi,all_known,ce_feat_10,42,frame_shape,train,20260920-193718-roll-115200,roll,3,2,51,True,0.13804464042186737,0.13796666264533997,0.7151035666465759,0.9976876974105835,-1.1857757568359375,-5.041689872741699,4.8409660848847125e-06,0.09985072910785675,0.6885078549385071,0.21163663268089294
four_class_provisional_roi,all_known,ce_feat_10,42,frame_shape,train,20260920-194108-roll-460800,roll,3,2,51,True,0.1013372540473938,0.1005835011601448,0.9525299072265625,0.9986544251441956,-0.45099544525146484,-3.6439247131347656,1.1413371794333216e-05,0.1839575320482254,0.4984804391860962,0.3175506591796875
four_class_provisional_roi,all_known,ce_feat_10,42,frame_shape,external,20260920-195424-keep-115200,keep,-1,2,51,False,0.8487159013748169,0.5698159337043762,-0.05933884158730507,0.9899159073829651,,,1.876793976407498e-05,0.09069491177797318,0.8800533413887024,0.029232898727059364
four_class_provisional_roi,all_known,ce_feat_10,42,frame_shape,external,20260920-195753-keep-460800,keep,-1,2,51,False,0.9919257760047913,0.7282904386520386,-0.21868668496608734,0.9888249039649963,,,1.4866389392409474e-05,0.0954136848449707,0.8771169781684875,0.02745463140308857
four_class_provisional_roi,all_known,ce_feat_10,42,frame_shape,external,20260920-201757-bigNormal-115200,bigNormal,0,2,50,True,7414.2919921875,27.05408477783203,-0.043762579560279846,0.7685619592666626,-11.805120468139648,-29.05007553100586,5.950708327873144e-06,0.14820842444896698,0.7884471416473389,0.06333848834037781
four_class_provisional_roi,all_known,ce_feat_10,42,frame_shape,external,20260920-202115-bigNormal-460800,bigNormal,0,2,50,True,8701.2216796875,30.032268524169922,-0.003996606450527906,0.7594762444496155,-11.862242698669434,-32.951595306396484,5.837201115355128e-06,0.13601133227348328,0.817269504070282,0.046713314950466156
four_class_provisional_roi,all_known,ce_feat_1_kd,42,frame_shape,train,20260920-184058-normal-11520,normal,0,2,61,True,1.5974304676055908,2.0783352851867676,0.5127145648002625,0.9680531620979309,-0.41408443450927734,-12.347940444946289,0.38359296321868896,0.01656501367688179,0.5797535181045532,0.02008839137852192
four_class_provisional_roi,all_known,ce_feat_1_kd,42,frame_shape,train,20260920-184857-normal-460800,normal,0,2,48,True,1.751875638961792,2.078839063644409,0.40869206190109253,0.9628871083259583,-0.48937392234802246,-12.759894371032715,0.3629198372364044,0.02458362840116024,0.5911936163902283,0.021302906796336174
four_class_provisional_roi,all_known,ce_feat_1_kd,42,frame_shape,train,20260920-190512-outBroken-115200,outBroken,2,2,50,False,0.013577497564256191,0.01566452905535698,0.9790582060813904,0.9997259378433228,2.5219106674194336,1.7076377868652344,1.2605204574356321e-05,0.07308400422334671,0.9067556858062744,0.020147724077105522
four_class_provisional_roi,all_known,ce_feat_1_kd,42,frame_shape,train,20260920-190913-outBroken-460800,outBroken,2,2,50,False,0.009214399382472038,0.010454270988702774,0.9905838966369629,0.9997822642326355,2.8482370376586914,2.040010929107666,1.396346851834096e-05,0.05381932854652405,0.9254010915756226,0.020765705034136772
four_class_provisional_roi,all_known,ce_feat_1_kd,42,frame_shape,train,20260920-192216-inBroken-115200,inBroken,1,1,50,True,0.17440086603164673,0.22602444887161255,0.8380794525146484,0.9956836104393005,0.3070859909057617,-3.798983573913574,9.573351178460143e-08,0.5756636261940002,0.42355453968048096,0.0007818101439625025
four_class_provisional_roi,all_known,ce_feat_1_kd,42,frame_shape,train,20260920-192610-inBroken-460800,inBroken,1,1,51,True,0.12905701994895935,0.16729822754859924,0.867874801158905,0.9969666004180908,0.46416187286376953,-3.0298943519592285,6.481768366484175e-08,0.6135653257369995,0.38580307364463806,0.0006316335056908429
four_class_provisional_roi,all_known,ce_feat_1_kd,42,frame_shape,train,20260920-193718-roll-115200,roll,3,3,51,True,0.29422855377197266,0.2956814169883728,0.5883947014808655,0.9951462149620056,0.2496652603149414,-5.041689872741699,1.0913655387412291e-05,0.04892241582274437,0.41694092750549316,0.5341256260871887
four_class_provisional_roi,all_known,ce_feat_1_kd,42,frame_shape,train,20260920-194108-roll-460800,roll,3,3,51,True,0.2175549417734146,0.2190241515636444,0.8995371460914612,0.9970682859420776,0.6161823272705078,-3.6439247131347656,1.4641387679148465e-05,0.10183899849653244,0.3154151439666748,0.5827311873435974
four_class_provisional_roi,all_known,ce_feat_1_kd,42,frame_shape,external,20260920-195424-keep-115200,keep,-1,2,51,False,0.9511053562164307,0.6821346282958984,-0.12724615633487701,0.9882174134254456,,,4.8396595957456157e-05,0.08765561878681183,0.8699737191200256,0.04232229292392731
four_class_provisional_roi,all_known,ce_feat_1_kd,42,frame_shape,external,20260920-195753-keep-460800,keep,-1,2,51,False,0.9951712489128113,0.7473157644271851,-0.18935051560401917,0.9881223440170288,,,2.431038774375338e-05,0.08840616792440414,0.8781304955482483,0.03343884274363518
four_class_provisional_roi,all_known,ce_feat_1_kd,42,frame_shape,external,20260920-201757-bigNormal-115200,bigNormal,0,2,50,True,7412.794921875,26.668109893798828,-0.03275540471076965,0.7744091749191284,-11.859338760375977,-29.05007553100586,5.661944669554941e-06,0.15413260459899902,0.7840974926948547,0.06176425889134407
four_class_provisional_roi,all_known,ce_feat_1_kd,42,frame_shape,external,20260920-202115-bigNormal-460800,bigNormal,0,2,50,True,8699.0166015625,29.559226989746094,0.03232366219162941,0.7659306526184082,-11.758743286132812,-32.951595306396484,6.505716100946302e-06,0.15163864195346832,0.8121906518936157,0.03616419434547424
four_class_provisional_roi,all_known,phase_ce_feat_1,42,shape_phase,train,20260920-184058-normal-11520,normal,0,0,61,True,1.9519798755645752,2.5374555587768555,0.4673064351081848,0.9600136876106262,1.1413002014160156,-12.347940444946289,0.7154274582862854,0.018614212051033974,0.229120135307312,0.036838460713624954
four_class_provisional_roi,all_known,phase_ce_feat_1,42,shape_phase,train,20260920-184857-normal-460800,normal,0,0,48,True,2.083909511566162,2.5355491638183594,0.37534281611442566,0.9545066952705383,0.9872219562530518,-12.759894371032715,0.6802813410758972,0.027404973283410072,0.25401943922042847,0.03829442337155342
four_class_provisional_roi,all_known,phase_ce_feat_1,42,shape_phase,train,20260920-190512-outBroken-115200,outBroken,2,2,50,False,0.033609554171562195,0.04076547920703888,0.9469507932662964,0.9992805123329163,3.4456615447998047,1.7076377868652344,9.229796887666453e-06,0.030560538172721863,0.9582273364067078,0.011202948167920113
four_class_provisional_roi,all_known,phase_ce_feat_1,42,shape_phase,train,20260920-190913-outBroken-460800,outBroken,2,2,50,False,0.02663174644112587,0.03107777237892151,0.9723353385925293,0.9993553161621094,3.603294849395752,2.040010929107666,9.260919796361122e-06,0.026258135214447975,0.9635693430900574,0.010163303464651108
four_class_provisional_roi,all_known,phase_ce_feat_1,42,shape_phase,train,20260920-192216-inBroken-115200,inBroken,1,1,50,True,0.3306124210357666,0.4331360459327698,0.7306913137435913,0.9915955662727356,1.9828124046325684,-3.798983573913574,4.1452587140611286e-08,0.8782575726509094,0.12125151604413986,0.0004908927949145436
four_class_provisional_roi,all_known,phase_ce_feat_1,42,shape_phase,train,20260920-192610-inBroken-460800,inBroken,1,1,51,True,0.26901862025260925,0.35687392950057983,0.7595363855361938,0.9935001134872437,2.136992931365967,-3.0298943519592285,2.940855203803494e-08,0.8938629031181335,0.10576996207237244,0.0003672251768875867
four_class_provisional_roi,all_known,phase_ce_feat_1,42,shape_phase,train,20260920-193718-roll-115200,roll,3,3,51,True,0.4768584370613098,0.49832621216773987,0.5563852787017822,0.9920614361763,1.9507231712341309,-5.041689872741699,4.261693447915604e-06,0.03119301237165928,0.12113101780414581,0.8476716876029968
four_class_provisional_roi,all_known,phase_ce_feat_1,42,shape_phase,train,20260920-194108-roll-460800,roll,3,3,51,True,0.36597740650177,0.38426584005355835,0.8697119355201721,0.9950623512268066,2.3036932945251465,-3.6439247131347656,6.553789262397913e-06,0.04103104770183563,0.08745496720075607,0.871507465839386
four_class_provisional_roi,all_known,phase_ce_feat_1,42,shape_phase,external,20260920-195424-keep-115200,keep,-1,2,51,False,1.1204824447631836,0.8115452527999878,-0.26394200325012207,0.9850801229476929,,,0.0007883630460128188,0.043880391865968704,0.9402953386306763,0.015036175958812237
four_class_provisional_roi,all_known,phase_ce_feat_1,42,shape_phase,external,20260920-195753-keep-460800,keep,-1,2,51,False,1.1075400114059448,0.8371191024780273,-0.3479563891887665,0.9862293004989624,,,0.0004134739574510604,0.03595796599984169,0.9526470899581909,0.010981504805386066
four_class_provisional_roi,all_known,phase_ce_feat_1,42,shape_phase,external,20260920-201757-bigNormal-115200,bigNormal,0,2,50,True,7405.236328125,25.97602653503418,0.12298765778541565,0.7857971787452698,-12.910806655883789,-29.05007553100586,2.2972212718741503e-06,0.06948371231555939,0.9074636101722717,0.023050449788570404
four_class_provisional_roi,all_known,phase_ce_feat_1,42,shape_phase,external,20260920-202115-bigNormal-460800,bigNormal,0,2,50,True,8692.935546875,28.873775482177734,0.14325028657913208,0.7784503698348999,-12.586905479431152,-32.951595306396484,3.3114433790615294e-06,0.05655224248766899,0.9322574138641357,0.011187037453055382
four_class_provisional_roi,all_known,smooth_ce_feat_1,42,smooth_shape,train,20260920-184058-normal-11520,normal,0,0,61,True,1.913954496383667,2.503819704055786,0.4694867730140686,0.9607216119766235,1.0060622692108154,-12.347940444946289,0.6894111633300781,0.020750345662236214,0.25277450680732727,0.03706393018364906
four_class_provisional_roi,all_known,smooth_ce_feat_1,42,smooth_shape,train,20260920-184857-normal-460800,normal,0,0,48,True,2.049126386642456,2.483407497406006,0.3778833746910095,0.9554679989814758,0.8743717670440674,-12.759894371032715,0.656473696231842,0.02907506935298443,0.2743668854236603,0.04008432850241661
four_class_provisional_roi,all_known,smooth_ce_feat_1,42,smooth_shape,train,20260920-190512-outBroken-115200,outBroken,2,2,50,False,0.03519067540764809,0.04203810170292854,0.9443822503089905,0.9992568492889404,3.4639344215393066,1.7076377868652344,8.999774763651658e-06,0.03010644018650055,0.9592415690422058,0.010642942041158676
four_class_provisional_roi,all_known,smooth_ce_feat_1,42,smooth_shape,train,20260920-190913-outBroken-460800,outBroken,2,2,50,False,0.028196461498737335,0.03261588141322136,0.970924437046051,0.999313235282898,3.6503939628601074,2.040010929107666,9.683053576736711e-06,0.025281354784965515,0.9644744396209717,0.010234441608190536
four_class_provisional_roi,all_known,smooth_ce_feat_1,42,smooth_shape,train,20260920-192216-inBroken-115200,inBroken,1,1,50,True,0.33576148748397827,0.44251590967178345,0.7310590744018555,0.9914234280586243,2.0362296104431152,-3.798983573913574,3.989879004961949e-08,0.8836285471916199,0.11589379608631134,0.0004777843423653394
four_class_provisional_roi,all_known,smooth_ce_feat_1,42,smooth_shape,train,20260920-192610-inBroken-460800,inBroken,1,1,51,True,0.27314215898513794,0.36501288414001465,0.7624343037605286,0.9933509230613708,2.1860876083374023,-3.0298943519592285,2.7749909037311227e-08,0.8984066247940063,0.10124864429235458,0.0003446113259997219
four_class_provisional_roi,all_known,smooth_ce_feat_1,42,smooth_shape,train,20260920-193718-roll-115200,roll,3,3,51,True,0.4612971842288971,0.48269376158714294,0.5606841444969177,0.9922308921813965,1.8568525314331055,-5.041689872741699,5.359055649023503e-05,0.034010376781225204,0.13179710507392883,0.834138810634613
four_class_provisional_roi,all_known,smooth_ce_feat_1,42,smooth_shape,train,20260920-194108-roll-460800,roll,3,3,51,True,0.3544420301914215,0.3641994595527649,0.8651609420776367,0.995223343372345,2.1961770057678223,-3.6439247131347656,8.168111889972351e-06,0.04328274354338646,0.09624294936656952,0.8604661822319031
four_class_provisional_roi,all_known,smooth_ce_feat_1,42,smooth_shape,external,20260920-195424-keep-115200,keep,-1,2,51,False,0.9390048980712891,0.6379810571670532,-0.11450840532779694,0.9887445569038391,,,3.359747279318981e-05,0.04338495060801506,0.9296621680259705,0.026919309049844742
four_class_provisional_roi,all_known,smooth_ce_feat_1,42,smooth_shape,external,20260920-195753-keep-460800,keep,-1,2,51,False,1.0386981964111328,0.7712937593460083,-0.23063482344150543,0.9880850911140442,,,9.880587640509475e-06,0.037681449204683304,0.943636953830719,0.018671708181500435
four_class_provisional_roi,all_known,smooth_ce_feat_1,42,smooth_shape,external,20260920-201757-bigNormal-115200,bigNormal,0,2,50,True,7410.810546875,26.695457458496094,0.0004929897258989513,0.7734918594360352,-12.53036117553711,-29.05007553100586,3.159262178087374e-06,0.07651801407337189,0.8457709550857544,0.07770779728889465
four_class_provisional_roi,all_known,smooth_ce_feat_1,42,smooth_shape,external,20260920-202115-bigNormal-460800,bigNormal,0,2,50,True,8696.939453125,29.408946990966797,0.06393034756183624,0.7691323757171631,-12.325589179992676,-32.951595306396484,4.148372227064101e-06,0.05991125479340553,0.905855655670166,0.034228887408971786
three_class_geometry_compatible,115200_to_460800,embedding_only,42,frame_shape,train,20260920-184058-normal-11520,normal,0,2,61,True,5.760162457590923e-05,3.573906724341214e-05,0.9999819993972778,0.9999995827674866,-12.361465454101562,-12.347940444946289,4.256552074366482e-06,0.004777612164616585,0.9925545454025269,0.002663582796230912
three_class_geometry_compatible,115200_to_460800,embedding_only,42,frame_shape,test,20260920-184857-normal-460800,normal,0,2,48,True,0.16709311306476593,0.1413002908229828,0.6424687504768372,0.99892657995224,-12.397080421447754,-12.759894371032715,4.114810508326627e-06,0.004846641793847084,0.9925362467765808,0.0026129393372684717
three_class_geometry_compatible,115200_to_460800,embedding_only,42,frame_shape,train,20260920-192216-inBroken-115200,inBroken,1,2,50,True,0.00011918984819203615,0.0001131584431277588,0.9999696016311646,0.9999983906745911,-3.795943260192871,-3.798983573913574,4.953035315224952e-08,0.021961942315101624,0.9777222275733948,0.0003159266198053956
three_class_geometry_compatible,115200_to_460800,embedding_only,42,frame_shape,test,20260920-192610-inBroken-460800,inBroken,1,2,51,True,0.08278436958789825,0.044151902198791504,0.8350079655647278,0.9994536638259888,-3.8446617126464844,-3.0298943519592285,7.906265864221496e-08,0.02093852311372757,0.9786291122436523,0.00043231333256699145
three_class_geometry_compatible,115200_to_460800,embedding_only,42,frame_shape,train,20260920-193718-roll-115200,roll,3,2,51,True,0.0001793942356016487,0.00018861293210648,0.9998037815093994,0.9999979138374329,-4.990468502044678,-5.041689872741699,1.05454614640621e-06,0.034289728850126266,0.9591777324676514,0.006531566847115755
three_class_geometry_compatible,115200_to_460800,embedding_only,42,frame_shape,test,20260920-194108-roll-460800,roll,3,2,51,True,1.0072667598724365,0.612352728843689,0.7365458011627197,0.9969667196273804,-5.043002605438232,-3.6439247131347656,1.009505808724498e-06,0.033862002193927765,0.9599044919013977,0.0062324912287294865
three_class_geometry_compatible,115200_to_460800,ce_only,42,frame_shape,train,20260920-184058-normal-11520,normal,0,0,61,True,9.78760814666748,11.185144424438477,0.4694478213787079,0.8226763010025024,8.428606986999512,-12.347940444946289,0.9996691346168518,1.7457166734402563e-07,6.135877015367441e-07,0.00032986298901960254
three_class_geometry_compatible,115200_to_460800,ce_only,42,frame_shape,test,20260920-184857-normal-460800,normal,0,0,48,True,9.859757423400879,11.084235191345215,0.39917299151420593,0.8151836395263672,8.373008728027344,-12.759894371032715,0.9997550845146179,2.3819211492082104e-07,9.04489695585653e-07,0.00024349013983737677
three_class_geometry_compatible,115200_to_460800,ce_only,42,frame_shape,train,20260920-192216-inBroken-115200,inBroken,1,1,50,True,2.699773073196411,2.2465462684631348,-0.12559033930301666,0.9602962732315063,8.785675048828125,-3.798983573913574,1.4269710746361852e-08,0.9996869564056396,0.0001569428131915629,0.00015615556912962347
three_class_geometry_compatible,115200_to_460800,ce_only,42,frame_shape,test,20260920-192610-inBroken-460800,inBroken,1,1,51,True,2.102902412414551,1.7369043827056885,0.06545785069465637,0.9693058729171753,7.942843914031982,-3.0298943519592285,2.1604650513040724e-08,0.9994113445281982,0.0003831986687146127,0.00020527573360595852
three_class_geometry_compatible,115200_to_460800,ce_only,42,frame_shape,train,20260920-193718-roll-115200,roll,3,3,51,True,4.0717668533325195,4.1118364334106445,0.26072967052459717,0.9301636815071106,8.134275436401367,-5.041689872741699,0.00042213467531837523,0.00028395396657288074,0.00010530072904657573,0.9991884231567383
three_class_geometry_compatible,115200_to_460800,ce_only,42,frame_shape,test,20260920-194108-roll-460800,roll,3,3,51,True,4.899489402770996,4.192785739898682,0.1927771419286728,0.9438539147377014,8.139108657836914,-3.6439247131347656,0.00033624054049141705,0.00040469918167218566,0.00017053647025022656,0.99908846616745
three_class_geometry_compatible,115200_to_460800,ce_feat_0p1,42,frame_shape,train,20260920-184058-normal-11520,normal,0,0,61,True,2.713998794555664,3.60184383392334,0.5966287851333618,0.9414675235748291,3.767406940460205,-12.347940444946289,0.9704562425613403,0.0015971616376191378,0.02260858379304409,0.005338069051504135
three_class_geometry_compatible,115200_to_460800,ce_feat_0p1,42,frame_shape,test,20260920-184857-normal-460800,normal,0,0,48,True,3.0054068565368652,3.6543948650360107,0.4209667146205902,0.936253547668457,3.4597036838531494,-12.759894371032715,0.9598526358604431,0.002199646318331361,0.032111071050167084,0.00583675317466259
three_class_geometry_compatible,115200_to_460800,ce_feat_0p1,42,frame_shape,train,20260920-192216-inBroken-115200,inBroken,1,1,50,True,0.598701000213623,1.0629332065582275,0.6277453899383545,0.9792203903198242,4.221981048583984,-3.798983573913574,6.217112158424243e-09,0.9853554368019104,0.014565330930054188,7.91727943578735e-05
three_class_geometry_compatible,115200_to_460800,ce_feat_0p1,42,frame_shape,test,20260920-192610-inBroken-460800,inBroken,1,1,51,True,0.52635657787323,0.9443284273147583,0.6342936158180237,0.9833599925041199,3.7450718879699707,-3.0298943519592285,9.916254484210185e-09,0.976248562335968,0.023643238469958305,0.00010812598338816315
three_class_geometry_compatible,115200_to_460800,ce_feat_0p1,42,frame_shape,train,20260920-193718-roll-115200,roll,3,3,51,True,0.8284900188446045,1.0034923553466797,0.6555514335632324,0.9843305349349976,4.260824680328369,-5.041689872741699,1.6033754945965484e-05,0.004116804804652929,0.014038324356079102,0.9818288683891296
three_class_geometry_compatible,115200_to_460800,ce_feat_0p1,42,frame_shape,test,20260920-194108-roll-460800,roll,3,3,51,True,1.580744981765747,1.0522408485412598,0.46275797486305237,0.9875761270523071,4.084989070892334,-3.6439247131347656,5.034586365582072e-07,0.00559462932869792,0.019902460277080536,0.9745022654533386
three_class_geometry_compatible,115200_to_460800,ce_feat_1,42,frame_shape,train,20260920-184058-normal-11520,normal,0,0,61,True,1.8601984977722168,2.5571179389953613,0.6088768839836121,0.9587538838386536,1.1479177474975586,-12.347940444946289,0.7181295156478882,0.01504430640488863,0.22820225358009338,0.03862391784787178
three_class_geometry_compatible,115200_to_460800,ce_feat_1,42,frame_shape,test,20260920-184857-normal-460800,normal,0,0,48,True,2.113199234008789,2.625352621078491,0.4336589574813843,0.9540826082229614,0.8995461463928223,-12.759894371032715,0.6673287749290466,0.018057091161608696,0.27385976910591125,0.04075447842478752
three_class_geometry_compatible,115200_to_460800,ce_feat_1,42,frame_shape,train,20260920-192216-inBroken-115200,inBroken,1,1,50,True,0.3163955509662628,0.5520226359367371,0.7002207636833191,0.9892959594726562,2.117705821990967,-3.798983573913574,3.5021976430016366e-08,0.8921768069267273,0.10748082399368286,0.0003425015602260828
three_class_geometry_compatible,115200_to_460800,ce_feat_1,42,frame_shape,test,20260920-192610-inBroken-460800,inBroken,1,1,51,True,0.2978188395500183,0.5073420405387878,0.6917826533317566,0.9915205836296082,1.8436365127563477,-3.0298943519592285,4.445231738259281e-08,0.8621435165405273,0.13745108246803284,0.00040526603697799146
three_class_geometry_compatible,115200_to_460800,ce_feat_1,42,frame_shape,train,20260920-193718-roll-115200,roll,3,3,51,True,0.46957632899284363,0.5703331232070923,0.6935341954231262,0.9909117221832275,2.071469783782959,-5.041689872741699,1.1961500604229514e-05,0.0240988377481699,0.10949468612670898,0.8663944005966187
three_class_geometry_compatible,115200_to_460800,ce_feat_1,42,frame_shape,test,20260920-194108-roll-460800,roll,3,3,51,True,1.3033761978149414,0.7673905491828918,0.49973389506340027,0.9926053881645203,1.865339756011963,-3.6439247131347656,2.1252787973935483e-06,0.02930595353245735,0.13437071442604065,0.8363211154937744
three_class_geometry_compatible,115200_to_460800,ce_feat_10,42,frame_shape,train,20260920-184058-normal-11520,normal,0,2,61,True,0.23907896876335144,0.33592504262924194,0.8171095848083496,0.9948813319206238,-7.44618034362793,-12.347940444946289,0.0005667395307682455,0.017726313322782516,0.9614741802215576,0.020232828333973885
three_class_geometry_compatible,115200_to_460800,ce_feat_10,42,frame_shape,test,20260920-184857-normal-460800,normal,0,2,48,True,0.43958497047424316,0.4678333103656769,0.5600611567497253,0.9923390746116638,-7.544906139373779,-12.759894371032715,0.0005196387064643204,0.017796048894524574,0.962334156036377,0.019350213930010796
three_class_geometry_compatible,115200_to_460800,ce_feat_10,42,frame_shape,train,20260920-192216-inBroken-115200,inBroken,1,2,50,True,0.10449042916297913,0.1793021559715271,0.858933687210083,0.9965786933898926,-0.36127233505249023,-3.798983573913574,9.24231144949772e-08,0.41040000319480896,0.5888528227806091,0.0007472372963093221
three_class_geometry_compatible,115200_to_460800,ce_feat_10,42,frame_shape,test,20260920-192610-inBroken-460800,inBroken,1,2,51,True,0.12603947520256042,0.1645175963640213,0.7985097765922546,0.9977013468742371,-0.7193264961242676,-3.0298943519592285,1.0915933046362625e-07,0.32791459560394287,0.6712889671325684,0.0007962071686051786
three_class_geometry_compatible,115200_to_460800,ce_feat_10,42,frame_shape,train,20260920-193718-roll-115200,roll,3,2,51,True,0.14336642622947693,0.1703442484140396,0.8275687098503113,0.9971979856491089,-1.0262641906738281,-5.041689872741699,5.037376467953436e-06,0.09038756042718887,0.6695208549499512,0.24008668959140778
three_class_geometry_compatible,115200_to_460800,ce_feat_10,42,frame_shape,test,20260920-194108-roll-460800,roll,3,2,51,True,1.06118905544281,0.5801742672920227,0.6075789928436279,0.9967702627182007,-1.138688087463379,-3.6439247131347656,4.770211489812937e-06,0.09236505627632141,0.6844251751899719,0.22320498526096344
three_class_geometry_compatible,115200_to_460800,ce_feat_1_kd,42,frame_shape,train,20260920-184058-normal-11520,normal,0,2,61,True,1.5512537956237793,2.0796122550964355,0.6435050964355469,0.966661274433136,-0.2829551696777344,-12.347940444946289,0.41585633158683777,0.011397971771657467,0.5515605807304382,0.021185077726840973
three_class_geometry_compatible,115200_to_460800,ce_feat_1_kd,42,frame_shape,test,20260920-184857-normal-460800,normal,0,2,48,True,1.8275890350341797,2.1791563034057617,0.4434090554714203,0.9619224071502686,-0.5241451263427734,-12.759894371032715,0.361005574464798,0.012720485217869282,0.6053875088691711,0.020886264741420746
three_class_geometry_compatible,115200_to_460800,ce_feat_1_kd,42,frame_shape,train,20260920-192216-inBroken-115200,inBroken,1,1,50,True,0.16424475610256195,0.2850583791732788,0.8040812611579895,0.9945303797721863,0.38346004486083984,-3.798983573913574,7.985968863977178e-08,0.5943170785903931,0.405064195394516,0.000618622696492821
three_class_geometry_compatible,115200_to_460800,ce_feat_1_kd,42,frame_shape,test,20260920-192610-inBroken-460800,inBroken,1,1,51,True,0.1744547188282013,0.2694837152957916,0.7680627703666687,0.9959297776222229,0.16845130920410156,-3.0298943519592285,9.31812351723238e-08,0.5415773391723633,0.45775336027145386,0.0006693005561828613
three_class_geometry_compatible,115200_to_460800,ce_feat_1_kd,42,frame_shape,train,20260920-193718-roll-115200,roll,3,3,51,True,0.288352906703949,0.33612582087516785,0.7169597148895264,0.9945885539054871,0.33321571350097656,-5.041689872741699,1.0666900379874278e-05,0.04271877929568291,0.3996780216693878,0.5575924515724182
three_class_geometry_compatible,115200_to_460800,ce_feat_1_kd,42,frame_shape,test,20260920-194108-roll-460800,roll,3,3,51,True,1.1997551918029785,0.6695353984832764,0.5251803994178772,0.9945612549781799,0.16113662719726562,-3.6439247131347656,4.023532255814644e-06,0.04708592966198921,0.43781474232673645,0.5150952935218811
three_class_geometry_compatible,115200_to_460800,phase_ce_feat_1,42,shape_phase,train,20260920-184058-normal-11520,normal,0,0,61,True,1.8392796516418457,2.50100040435791,0.6006588339805603,0.9596903324127197,1.0506324768066406,-12.347940444946289,0.6975958347320557,0.016831964254379272,0.2441917359828949,0.041380394250154495
three_class_geometry_compatible,115200_to_460800,phase_ce_feat_1,42,shape_phase,test,20260920-184857-normal-460800,normal,0,0,48,True,2.128593921661377,2.6220703125,0.4212464690208435,0.9541600942611694,0.9432992935180664,-12.759894371032715,0.6718440651893616,0.018108198419213295,0.26315245032310486,0.04689522460103035
three_class_geometry_compatible,115200_to_460800,phase_ce_feat_1,42,shape_phase,train,20260920-192216-inBroken-115200,inBroken,1,1,50,True,0.32395312190055847,0.5633397698402405,0.6981282234191895,0.9890739917755127,2.1860570907592773,-3.798983573913574,3.287967587084495e-08,0.8986309766769409,0.10104356706142426,0.00032546601141802967
three_class_geometry_compatible,115200_to_460800,phase_ce_feat_1,42,shape_phase,test,20260920-192610-inBroken-460800,inBroken,1,1,51,True,0.3025023937225342,0.5142155289649963,0.6858184337615967,0.9914020299911499,1.8936262130737305,-3.0298943519592285,4.644017437271941e-08,0.8674210906028748,0.1321645975112915,0.00041438706102781
three_class_geometry_compatible,115200_to_460800,phase_ce_feat_1,42,shape_phase,train,20260920-193718-roll-115200,roll,3,3,51,True,0.46912428736686707,0.5693370699882507,0.6945205330848694,0.9909240007400513,2.074143409729004,-5.041689872741699,3.1717588626634097e-06,0.02491632103919983,0.10900229215621948,0.8660781979560852
three_class_geometry_compatible,115200_to_460800,phase_ce_feat_1,42,shape_phase,test,20260920-194108-roll-460800,roll,3,3,51,True,1.3076317310333252,0.7760472893714905,0.5021652579307556,0.992361843585968,2.0276880264282227,-3.6439247131347656,1.8438805682308157e-06,0.026464790105819702,0.11481542885303497,0.8587177991867065
three_class_geometry_compatible,115200_to_460800,smooth_ce_feat_1,42,smooth_shape,train,20260920-184058-normal-11520,normal,0,0,61,True,1.856085181236267,2.5523715019226074,0.6087349653244019,0.9588335156440735,1.1331596374511719,-12.347940444946289,0.7149356007575989,0.015322007238864899,0.23092308640480042,0.038819290697574615
three_class_geometry_compatible,115200_to_460800,smooth_ce_feat_1,42,smooth_shape,test,20260920-184857-normal-460800,normal,0,0,48,True,2.1296749114990234,2.6446685791015625,0.4340333044528961,0.9537598490715027,0.9483065605163574,-12.759894371032715,0.6780264973640442,0.017292112112045288,0.26562806963920593,0.03905325010418892
three_class_geometry_compatible,115200_to_460800,smooth_ce_feat_1,42,smooth_shape,train,20260920-192216-inBroken-115200,inBroken,1,1,50,True,0.31621384620666504,0.550958514213562,0.7003005146980286,0.9893150329589844,2.1161346435546875,-3.798983573913574,3.471195952897688e-08,0.8920389413833618,0.10761605203151703,0.0003450764634180814
three_class_geometry_compatible,115200_to_460800,smooth_ce_feat_1,42,smooth_shape,test,20260920-192610-inBroken-460800,inBroken,1,1,51,True,0.29891467094421387,0.5076326727867126,0.6890872120857239,0.9914953112602234,1.8587470054626465,-3.0298943519592285,4.443800349918092e-08,0.8641147017478943,0.13545863330364227,0.0004266184114385396
three_class_geometry_compatible,115200_to_460800,smooth_ce_feat_1,42,smooth_shape,train,20260920-193718-roll-115200,roll,3,3,51,True,0.4652951657772064,0.5651345252990723,0.6946443915367126,0.9909861087799072,2.043649673461914,-5.041689872741699,2.832591962942388e-05,0.025122860446572304,0.11232054233551025,0.8625283241271973
three_class_geometry_compatible,115200_to_460800,smooth_ce_feat_1,42,smooth_shape,test,20260920-194108-roll-460800,roll,3,3,51,True,1.3087000846862793,0.7713813781738281,0.5004926919937134,0.9923951625823975,1.9456472396850586,-3.6439247131347656,1.700424263617606e-06,0.026785751804709435,0.12463042885065079,0.8485821485519409
three_class_geometry_compatible,460800_to_115200,embedding_only,42,frame_shape,test,20260920-184058-normal-11520,normal,0,2,61,True,0.2249225676059723,0.1369377225637436,0.7741495370864868,0.9988114237785339,-12.782992362976074,-12.347940444946289,2.754552269834676e-06,0.02583499252796173,0.9705846905708313,0.0035776037257164717
three_class_geometry_compatible,460800_to_115200,embedding_only,42,frame_shape,train,20260920-184857-normal-460800,normal,0,2,48,True,5.543348743231036e-05,4.484861347009428e-05,0.9999808073043823,0.9999994039535522,-12.767760276794434,-12.759894371032715,2.782290721370373e-06,0.022205673158168793,0.9745278358459473,0.003263767808675766
three_class_geometry_compatible,460800_to_115200,embedding_only,42,frame_shape,test,20260920-192216-inBroken-115200,inBroken,1,2,50,True,0.08208437263965607,0.06225253641605377,0.9365977644920349,0.9994040131568909,-3.0218324661254883,-3.798983573913574,6.951773201535616e-08,0.046471044421195984,0.9530959129333496,0.0004329058574512601
three_class_geometry_compatible,460800_to_115200,embedding_only,42,frame_shape,train,20260920-192610-inBroken-460800,inBroken,1,2,51,True,0.0005016548675484955,0.0004135682829655707,0.9999874234199524,0.9999947547912598,-3.04274845123291,-3.0298943519592285,5.2303818165455596e-08,0.045518502593040466,0.9541284441947937,0.000353050185367465
three_class_geometry_compatible,460800_to_115200,embedding_only,42,frame_shape,test,20260920-193718-roll-115200,roll,3,2,51,True,0.5429140329360962,0.43899017572402954,0.1684153974056244,0.9978331923484802,-3.862879753112793,-5.041689872741699,4.017365881736623e-06,0.13236179947853088,0.8490925431251526,0.018541650846600533
three_class_geometry_compatible,460800_to_115200,embedding_only,42,frame_shape,train,20260920-194108-roll-460800,roll,3,2,51,True,6.356615631375462e-05,6.284475966822356e-05,0.9999939203262329,0.9999997019767761,-3.620758533477783,-3.6439247131347656,4.19277102992055e-06,0.15216967463493347,0.8257059454917908,0.022120166569948196
three_class_geometry_compatible,460800_to_115200,ce_only,42,frame_shape,test,20260920-184058-normal-11520,normal,0,0,61,True,9.183002471923828,9.553079605102539,0.3869602382183075,0.8468627333641052,8.646102905273438,-12.347940444946289,0.9974879026412964,8.861149399308488e-05,7.044897938612849e-05,0.0023530840408056974
three_class_geometry_compatible,460800_to_115200,ce_only,42,frame_shape,train,20260920-184857-normal-460800,normal,0,0,48,True,10.305540084838867,10.313594818115234,0.31705451011657715,0.8273781538009644,9.581705093383789,-12.759894371032715,0.999913215637207,1.7614269154364592e-06,2.514199650249793e-06,8.244017226388678e-05
three_class_geometry_compatible,460800_to_115200,ce_only,42,frame_shape,test,20260920-192216-inBroken-115200,inBroken,1,1,50,True,3.1415107250213623,2.4619579315185547,-0.3302415609359741,0.9602712988853455,8.383639335632324,-3.798983573913574,1.2979491259557108e-07,0.999543309211731,0.00020426567061804235,0.0002521299466025084
three_class_geometry_compatible,460800_to_115200,ce_only,42,frame_shape,train,20260920-192610-inBroken-460800,inBroken,1,1,51,True,2.810771942138672,2.167851448059082,-0.2744608521461487,0.9644306302070618,8.63580322265625,-3.0298943519592285,1.0423056551189802e-07,0.9996817111968994,0.00014003636897541583,0.0001782090257620439
three_class_geometry_compatible,460800_to_115200,ce_only,42,frame_shape,test,20260920-193718-roll-115200,roll,3,3,51,True,4.427725315093994,4.131100654602051,0.18411825597286224,0.9323422312736511,7.533842086791992,-5.041689872741699,0.03691441938281059,0.00022749093477614224,0.0001481488288845867,0.9627098441123962
three_class_geometry_compatible,460800_to_115200,ce_only,42,frame_shape,train,20260920-194108-roll-460800,roll,3,3,51,True,4.079925537109375,3.4811692237854004,0.2449779063463211,0.9525412321090698,8.9906644821167,-3.6439247131347656,6.808371836086735e-05,0.00013056077295914292,6.220901559572667e-05,0.9997392296791077
three_class_geometry_compatible,460800_to_115200,ce_feat_0p1,42,frame_shape,test,20260920-184058-normal-11520,normal,0,0,61,True,2.920043468475342,3.9897124767303467,0.46128520369529724,0.9357588887214661,3.1749746799468994,-12.347940444946289,0.9138022065162659,0.011202061548829079,0.05343620106577873,0.02155946008861065
three_class_geometry_compatible,460800_to_115200,ce_feat_0p1,42,frame_shape,train,20260920-184857-normal-460800,normal,0,0,48,True,3.1781678199768066,4.146442413330078,0.4964333176612854,0.9245162010192871,3.747220516204834,-12.759894371032715,0.9665317535400391,0.004749711137264967,0.022927531972527504,0.005791097413748503
three_class_geometry_compatible,460800_to_115200,ce_feat_0p1,42,frame_shape,test,20260920-192216-inBroken-115200,inBroken,1,1,50,True,0.7324035167694092,0.9352477788925171,0.5246471166610718,0.9830824136734009,4.3017072677612305,-3.798983573913574,7.709340721362423e-09,0.9860363006591797,0.013853348791599274,0.00011015115160262212
three_class_geometry_compatible,460800_to_115200,ce_feat_0p1,42,frame_shape,train,20260920-192610-inBroken-460800,inBroken,1,1,51,True,0.5424215197563171,0.7877211570739746,0.6424450874328613,0.9857160449028015,4.263975620269775,-3.0298943519592285,7.629672893472161e-09,0.9859376549720764,0.013956413604319096,0.00010589679004624486
three_class_geometry_compatible,460800_to_115200,ce_feat_0p1,42,frame_shape,test,20260920-193718-roll-115200,roll,3,3,51,True,1.3954505920410156,1.6323331594467163,0.22998565435409546,0.9819632768630981,3.9648079872131348,-5.041689872741699,0.013509574346244335,0.01216707844287157,0.02662600204348564,0.9476972818374634
three_class_geometry_compatible,460800_to_115200,ce_feat_0p1,42,frame_shape,train,20260920-194108-roll-460800,roll,3,3,51,True,0.7185570001602173,0.8427449464797974,0.7701189517974854,0.9896893501281738,4.51476526260376,-3.6439247131347656,2.0999675598432077e-06,0.006233985535800457,0.010875558480620384,0.9828882217407227
three_class_geometry_compatible,460800_to_115200,ce_feat_1,42,frame_shape,test,20260920-184058-normal-11520,normal,0,0,61,True,1.9513041973114014,2.75277042388916,0.47240084409713745,0.9570295810699463,0.3224639892578125,-12.347940444946289,0.5207436084747314,0.06268929690122604,0.3520558178424835,0.06451133638620377
three_class_geometry_compatible,460800_to_115200,ce_feat_1,42,frame_shape,train,20260920-184857-normal-460800,normal,0,0,48,True,2.0911784172058105,2.8316116333007812,0.5088236331939697,0.9490521550178528,0.8337585926055908,-12.759894371032715,0.6283733248710632,0.049934450536966324,0.27317437529563904,0.04851774498820305
three_class_geometry_compatible,460800_to_115200,ce_feat_1,42,frame_shape,test,20260920-192216-inBroken-115200,inBroken,1,1,50,True,0.4294722080230713,0.5207065343856812,0.646306574344635,0.9906972050666809,2.1944384574890137,-3.798983573913574,3.281681415501225e-08,0.8988821506500244,0.10075226426124573,0.0003656305780168623
three_class_geometry_compatible,460800_to_115200,ce_feat_1,42,frame_shape,train,20260920-192610-inBroken-460800,inBroken,1,1,51,True,0.27386271953582764,0.39800721406936646,0.7551398277282715,0.9927636981010437,2.1777901649475098,-3.0298943519592285,3.3626420758992026e-08,0.8977901339530945,0.10184378921985626,0.00036604172782972455
three_class_geometry_compatible,460800_to_115200,ce_feat_1,42,frame_shape,test,20260920-193718-roll-115200,roll,3,3,51,True,0.9940020442008972,1.084608554840088,0.21998748183250427,0.988227903842926,1.6865525245666504,-5.041689872741699,0.004543793387711048,0.06165183708071709,0.16831767559051514,0.7654865980148315
three_class_geometry_compatible,460800_to_115200,ce_feat_1,42,frame_shape,train,20260920-194108-roll-460800,roll,3,3,51,True,0.3723052442073822,0.43161970376968384,0.8415998816490173,0.9945507645606995,2.30008602142334,-3.6439247131347656,7.1720251071383245e-06,0.043460797518491745,0.08729879558086395,0.869233250617981
three_class_geometry_compatible,460800_to_115200,ce_feat_10,42,frame_shape,test,20260920-184058-normal-11520,normal,0,2,61,True,0.36171096563339233,0.3940405249595642,0.6630703210830688,0.9957913160324097,-8.625847816467285,-12.347940444946289,0.00017485226271674037,0.07011856138706207,0.9092150330543518,0.020491521805524826
three_class_geometry_compatible,460800_to_115200,ce_feat_10,42,frame_shape,train,20260920-184857-normal-460800,normal,0,2,48,True,0.21146276593208313,0.2904033064842224,0.8105950355529785,0.9950916767120361,-8.33848762512207,-12.759894371032715,0.00022031673870515078,0.06720838695764542,0.9127609729766846,0.019810257479548454
three_class_geometry_compatible,460800_to_115200,ce_feat_10,42,frame_shape,test,20260920-192216-inBroken-115200,inBroken,1,2,50,True,0.19792324304580688,0.2021055370569229,0.8094415068626404,0.9967402815818787,-0.33687782287597656,-3.798983573913574,1.0003023476201633e-07,0.41675788164138794,0.5823996663093567,0.0008424237603321671
three_class_geometry_compatible,460800_to_115200,ce_feat_10,42,frame_shape,train,20260920-192610-inBroken-460800,inBroken,1,2,51,True,0.08077020943164825,0.11688870191574097,0.9098788499832153,0.9978768825531006,-0.19342517852783203,-3.0298943519592285,8.268933271438073e-08,0.4514903724193573,0.5477899312973022,0.000719600182492286
three_class_geometry_compatible,460800_to_115200,ce_feat_10,42,frame_shape,test,20260920-193718-roll-115200,roll,3,2,51,True,0.6951806545257568,0.6771829724311829,0.20275793969631195,0.994878888130188,-0.9258570671081543,-5.041689872741699,1.691536817816086e-05,0.18238259851932526,0.573148250579834,0.2444520890712738
three_class_geometry_compatible,460800_to_115200,ce_feat_10,42,frame_shape,train,20260920-194108-roll-460800,roll,3,2,51,True,0.10104884207248688,0.11556284874677658,0.9421021342277527,0.9985083937644958,-0.4742012023925781,-3.6439247131347656,1.0973551070492249e-05,0.19102728366851807,0.49858665466308594,0.31037500500679016
three_class_geometry_compatible,460800_to_115200,ce_feat_1_kd,42,frame_shape,test,20260920-184058-normal-11520,normal,0,2,61,True,1.6541526317596436,2.3309695720672607,0.5055870413780212,0.9645282030105591,-0.965735673904419,-12.347940444946289,0.2772354781627655,0.04494299739599228,0.6468545794487,0.03096693567931652
three_class_geometry_compatible,460800_to_115200,ce_feat_1_kd,42,frame_shape,train,20260920-184857-normal-460800,normal,0,2,48,True,1.7956111431121826,2.402376651763916,0.5381940603256226,0.9570292830467224,-0.47278475761413574,-12.759894371032715,0.359336256980896,0.03882244601845741,0.5759848952293396,0.025856398046016693
three_class_geometry_compatible,460800_to_115200,ce_feat_1_kd,42,frame_shape,test,20260920-192216-inBroken-115200,inBroken,1,1,50,True,0.27147388458251953,0.2959681749343872,0.7522864937782288,0.9948066473007202,0.5334501266479492,-3.798983573913574,7.125935752583246e-08,0.6297440528869629,0.3696388304233551,0.0006170677952468395
three_class_geometry_compatible,460800_to_115200,ce_feat_1_kd,42,frame_shape,train,20260920-192610-inBroken-460800,inBroken,1,1,51,True,0.13255421817302704,0.19025519490242004,0.8616583943367004,0.9965400695800781,0.5076637268066406,-3.0298943519592285,7.366404730646536e-08,0.6238343715667725,0.375543475151062,0.0006220986251719296
three_class_geometry_compatible,460800_to_115200,ce_feat_1_kd,42,frame_shape,test,20260920-193718-roll-115200,roll,3,3,51,True,0.814572811126709,0.7989301681518555,0.18070146441459656,0.9916036128997803,0.1491374969482422,-5.041689872741699,0.0020850556902587414,0.10640382766723633,0.4065347909927368,0.48497626185417175
three_class_geometry_compatible,460800_to_115200,ce_feat_1_kd,42,frame_shape,train,20260920-194108-roll-460800,roll,3,3,51,True,0.22449654340744019,0.2564810514450073,0.8747429847717285,0.9966352581977844,0.6927318572998047,-3.6439247131347656,1.493125000706641e-05,0.10410650074481964,0.2987700402736664,0.5971084833145142
three_class_geometry_compatible,460800_to_115200,phase_ce_feat_1,42,shape_phase,test,20260920-184058-normal-11520,normal,0,0,61,True,2.072120428085327,2.931619167327881,0.47363191843032837,0.954081118106842,0.7083170413970947,-12.347940444946289,0.5985755324363708,0.05329185724258423,0.294924795627594,0.05320781469345093
three_class_geometry_compatible,460800_to_115200,phase_ce_feat_1,42,shape_phase,train,20260920-184857-normal-460800,normal,0,0,48,True,2.1215643882751465,2.8682210445404053,0.5078155398368835,0.9483737945556641,0.928490400314331,-12.759894371032715,0.6496900320053101,0.04680274426937103,0.2570163607597351,0.04649082198739052
three_class_geometry_compatible,460800_to_115200,phase_ce_feat_1,42,shape_phase,test,20260920-192216-inBroken-115200,inBroken,1,1,50,True,0.42253708839416504,0.508905827999115,0.6440280079841614,0.990976870059967,2.1106925010681152,-3.798983573913574,3.708621676423718e-08,0.8902544379234314,0.10934028029441833,0.00040525561780668795
three_class_geometry_compatible,460800_to_115200,phase_ce_feat_1,42,shape_phase,train,20260920-192610-inBroken-460800,inBroken,1,1,51,True,0.2781496047973633,0.40372544527053833,0.7537270188331604,0.9926592707633972,2.2176694869995117,-3.0298943519592285,3.240994672637498e-08,0.9014582633972168,0.09818678349256516,0.0003548121021594852
three_class_geometry_compatible,460800_to_115200,phase_ce_feat_1,42,shape_phase,test,20260920-193718-roll-115200,roll,3,3,51,True,1.0801479816436768,1.1886508464813232,0.21976937353610992,0.9873858094215393,1.940089225769043,-5.041689872741699,0.000669857719913125,0.04757938161492348,0.1308615803718567,0.8208893537521362
three_class_geometry_compatible,460800_to_115200,phase_ce_feat_1,42,shape_phase,train,20260920-194108-roll-460800,roll,3,3,51,True,0.3773094415664673,0.4378426671028137,0.8418062925338745,0.9944920539855957,2.341869831085205,-3.6439247131347656,6.700454378005816e-06,0.0424497090280056,0.08408363163471222,0.8734599947929382
three_class_geometry_compatible,460800_to_115200,smooth_ce_feat_1,42,smooth_shape,test,20260920-184058-normal-11520,normal,0,0,61,True,1.9733643531799316,2.7809319496154785,0.47100040316581726,0.9565268158912659,0.40775609016418457,-12.347940444946289,0.5305199027061462,0.06256815046072006,0.3398801386356354,0.06703191250562668
three_class_geometry_compatible,460800_to_115200,smooth_ce_feat_1,42,smooth_shape,train,20260920-184857-normal-460800,normal,0,0,48,True,2.084287405014038,2.822876214981079,0.5094071626663208,0.9492137432098389,0.8093578815460205,-12.759894371032715,0.6233600974082947,0.05001984164118767,0.27774807810783386,0.048871953040361404
three_class_geometry_compatible,460800_to_115200,smooth_ce_feat_1,42,smooth_shape,test,20260920-192216-inBroken-115200,inBroken,1,1,50,True,0.43431714177131653,0.527332603931427,0.6447280049324036,0.9905927181243896,2.2279105186462402,-3.798983573913574,3.080691612922237e-08,0.901964545249939,0.09767959266901016,0.00035586077137850225
three_class_geometry_compatible,460800_to_115200,smooth_ce_feat_1,42,smooth_shape,train,20260920-192610-inBroken-460800,inBroken,1,1,51,True,0.27380281686782837,0.3978586196899414,0.7553212642669678,0.9927670955657959,2.1771793365478516,-3.0298943519592285,3.34198766438476e-08,0.8977578282356262,0.10187562555074692,0.0003664590767584741
three_class_geometry_compatible,460800_to_115200,smooth_ce_feat_1,42,smooth_shape,test,20260920-193718-roll-115200,roll,3,3,51,True,1.0350018739700317,1.1351041793823242,0.21946647763252258,0.9878568649291992,1.8260884284973145,-5.041689872741699,0.0034056687727570534,0.05803493782877922,0.1452544778585434,0.7933050394058228
three_class_geometry_compatible,460800_to_115200,smooth_ce_feat_1,42,smooth_shape,train,20260920-194108-roll-460800,roll,3,3,51,True,0.3698785901069641,0.4284285008907318,0.8412176370620728,0.9945729970932007,2.2776107788085938,-3.6439247131347656,8.165784493030515e-06,0.043837349861860275,0.08914382010698318,0.8670106530189514
three_class_geometry_compatible,all_known,embedding_only,42,frame_shape,train,20260920-184058-normal-11520,normal,0,2,61,True,7.953201566124335e-05,6.232574378373101e-05,0.9998813271522522,0.9999993443489075,-12.342336654663086,-12.347940444946289,4.349069513409631e-06,0.004880331456661224,0.9924349784851074,0.0026804713997989893
three_class_geometry_compatible,all_known,embedding_only,42,frame_shape,train,20260920-184857-normal-460800,normal,0,2,48,True,0.00036019322578795254,0.00031723128631711006,0.9995182752609253,0.9999977350234985,-12.756086349487305,-12.759894371032715,2.840509523593937e-06,0.021913424134254456,0.974818766117096,0.003264935687184334
three_class_geometry_compatible,all_known,embedding_only,42,frame_shape,train,20260920-192216-inBroken-115200,inBroken,1,2,50,True,1.9379374862182885e-05,1.836735100368969e-05,0.999984860420227,0.9999998807907104,-3.794011116027832,-3.798983573913574,5.2079872858712406e-08,0.022103114053606987,0.977568507194519,0.00032842523069120944
three_class_geometry_compatible,all_known,embedding_only,42,frame_shape,train,20260920-192610-inBroken-460800,inBroken,1,2,51,True,7.005774023127742e-06,3.891751475748606e-06,0.9999886751174927,0.9999998807907104,-3.0376195907592773,-3.0298943519592285,5.754941057034557e-08,0.04590598866343498,0.9537116289138794,0.00038215290987864137
three_class_geometry_compatible,all_known,embedding_only,42,frame_shape,train,20260920-193718-roll-115200,roll,3,2,51,True,5.059985051047988e-05,5.548793342313729e-05,0.9998303651809692,0.9999996423721313,-5.0579633712768555,-5.041689872741699,9.984817097574705e-07,0.03516758605837822,0.9586070775985718,0.006224077194929123
three_class_geometry_compatible,all_known,embedding_only,42,frame_shape,train,20260920-194108-roll-460800,roll,3,2,51,True,0.0009691272862255573,0.0008584603201597929,0.9997766613960266,0.999997615814209,-3.677252769470215,-3.6439247131347656,4.009085841971682e-06,0.14709533751010895,0.8316264152526855,0.02127424255013466
three_class_geometry_compatible,all_known,embedding_only,42,frame_shape,external,20260920-195424-keep-115200,keep,-1,2,51,False,0.48982346057891846,0.2552510201931,0.5319669246673584,0.9967969059944153,,,3.708220788212202e-07,0.032353103160858154,0.9661121964454651,0.0015341058606281877
three_class_geometry_compatible,all_known,embedding_only,42,frame_shape,external,20260920-195753-keep-460800,keep,-1,2,51,False,0.44709184765815735,0.26109662652015686,0.6088369488716125,0.9974115490913391,,,3.196160776042234e-07,0.03574027121067047,0.9629246592521667,0.0013347398489713669
three_class_geometry_compatible,all_known,embedding_only,42,frame_shape,external,20260920-201757-bigNormal-115200,bigNormal,0,2,50,True,3211.397216796875,26.812030792236328,-0.16240841150283813,0.7729714512825012,-14.412336349487305,-29.05007553100586,5.244851308816578e-07,0.05625731498003006,0.9408740401268005,0.002868078416213393
three_class_geometry_compatible,all_known,embedding_only,42,frame_shape,external,20260920-202115-bigNormal-460800,bigNormal,0,2,50,True,611.541015625,29.834835052490234,-0.20208026468753815,0.7628175616264343,-14.77367877960205,-32.951595306396484,3.674131505704281e-07,0.05082273110747337,0.9472572207450867,0.0019194408087059855
three_class_geometry_compatible,all_known,ce_only,42,frame_shape,train,20260920-184058-normal-11520,normal,0,0,61,True,9.584817886352539,10.727678298950195,0.41945746541023254,0.8294472694396973,8.259235382080078,-12.347940444946289,0.9995836615562439,1.3059043340035714e-06,1.1491760005810647e-06,0.00041410428821109235
three_class_geometry_compatible,all_known,ce_only,42,frame_shape,train,20260920-184857-normal-460800,normal,0,0,48,True,10.188385009765625,11.145978927612305,0.3581186532974243,0.8148697018623352,8.677879333496094,-12.759894371032715,0.9998235106468201,8.028233082768566e-07,6.739335844940797e-07,0.00017500517424196005
three_class_geometry_compatible,all_known,ce_only,42,frame_shape,train,20260920-192216-inBroken-115200,inBroken,1,1,50,True,2.783914566040039,2.3202195167541504,-0.2718576192855835,0.9602550268173218,8.565001487731934,-3.798983573913574,6.532701490868931e-08,0.9996508955955505,0.00015588177484460175,0.00019307294860482216
three_class_geometry_compatible,all_known,ce_only,42,frame_shape,train,20260920-192610-inBroken-460800,inBroken,1,1,51,True,2.5414257049560547,2.084782600402832,-0.17906686663627625,0.9640316963195801,8.649165153503418,-3.0298943519592285,6.884820180630413e-08,0.99968421459198,0.00013961658987682313,0.0001759690057951957
three_class_geometry_compatible,all_known,ce_only,42,frame_shape,train,20260920-193718-roll-115200,roll,3,3,51,True,3.856898784637451,3.8555898666381836,0.26224765181541443,0.9355854392051697,8.520339965820312,-5.041689872741699,0.0004333763208705932,0.00021274320897646248,9.228329145116732e-05,0.9992616772651672
three_class_geometry_compatible,all_known,ce_only,42,frame_shape,train,20260920-194108-roll-460800,roll,3,3,51,True,4.056947231292725,3.711879253387451,0.21785102784633636,0.9500499367713928,8.58494758605957,-3.6439247131347656,0.00011162636656081304,0.0001939381763804704,8.339444320881739e-05,0.9996109008789062
three_class_geometry_compatible,all_known,ce_only,42,frame_shape,external,20260920-195424-keep-115200,keep,-1,1,51,False,1.4744889736175537,1.249418020248413,0.27330923080444336,0.9806380271911621,,,4.6679549996042624e-05,0.9896037578582764,0.004832561127841473,0.005517118610441685
three_class_geometry_compatible,all_known,ce_only,42,frame_shape,external,20260920-195753-keep-460800,keep,-1,1,51,False,1.651620864868164,1.4105342626571655,0.22603029012680054,0.9784250855445862,,,4.094528378573159e-07,0.9978848099708557,0.0012490088120102882,0.0008657503640279174
three_class_geometry_compatible,all_known,ce_only,42,frame_shape,external,20260920-201757-bigNormal-115200,bigNormal,0,3,50,True,3206.42529296875,29.679800033569336,0.016677163541316986,0.7411531805992126,-10.042448997497559,-29.05007553100586,3.259935328969732e-05,0.21476343274116516,0.021927721798419952,0.7632764577865601
three_class_geometry_compatible,all_known,ce_only,42,frame_shape,external,20260920-202115-bigNormal-460800,bigNormal,0,1,50,True,608.7391967773438,32.549896240234375,0.03541969507932663,0.7325380444526672,-11.959673881530762,-32.951595306396484,6.999513061600737e-06,0.8752304315567017,0.01978735253214836,0.10497526079416275
three_class_geometry_compatible,all_known,ce_feat_0p1,42,frame_shape,train,20260920-184058-normal-11520,normal,0,0,61,True,2.7820961475372314,3.691220760345459,0.540738046169281,0.9400018453598022,3.6952383518218994,-12.347940444946289,0.9670435786247253,0.0028140211943536997,0.02424548752605915,0.0058969189412891865
three_class_geometry_compatible,all_known,ce_feat_0p1,42,frame_shape,train,20260920-184857-normal-460800,normal,0,0,48,True,2.9972949028015137,3.688722610473633,0.47297510504722595,0.9338377118110657,3.638834238052368,-12.759894371032715,0.9660810828208923,0.00304566603153944,0.025697560980916023,0.005175556521862745
three_class_geometry_compatible,all_known,ce_feat_0p1,42,frame_shape,train,20260920-192216-inBroken-115200,inBroken,1,1,50,True,0.607673704624176,0.9033138751983643,0.5692119002342224,0.9826483130455017,4.176853179931641,-3.798983573913574,6.73730715661236e-09,0.9845981001853943,0.015310367569327354,9.148382378043607e-05
three_class_geometry_compatible,all_known,ce_feat_0p1,42,frame_shape,train,20260920-192610-inBroken-460800,inBroken,1,1,51,True,0.5112999677658081,0.8357070088386536,0.6610994935035706,0.98475581407547,4.203133583068848,-3.0298943519592285,6.7441234818943485e-09,0.9850931167602539,0.014812864363193512,9.379719995195046e-05
three_class_geometry_compatible,all_known,ce_feat_0p1,42,frame_shape,train,20260920-193718-roll-115200,roll,3,3,51,True,1.0171573162078857,1.31134033203125,0.5430346131324768,0.9840920567512512,4.347073554992676,-5.041689872741699,4.6605644456576556e-05,0.005725643131881952,0.01293771993368864,0.9812900424003601
three_class_geometry_compatible,all_known,ce_feat_0p1,42,frame_shape,train,20260920-194108-roll-460800,roll,3,3,51,True,0.8285068273544312,0.8004593253135681,0.664111316204071,0.9891757369041443,4.585595607757568,-3.6439247131347656,8.24052847292478e-07,0.004377018194645643,0.010264136828482151,0.985357940196991
three_class_geometry_compatible,all_known,ce_feat_0p1,42,frame_shape,external,20260920-195424-keep-115200,keep,-1,1,51,False,0.510937511920929,0.4022911787033081,0.5262607932090759,0.9939032793045044,,,5.595365655608475e-05,0.8203675746917725,0.16709215939044952,0.012484477832913399
three_class_geometry_compatible,all_known,ce_feat_0p1,42,frame_shape,external,20260920-195753-keep-460800,keep,-1,1,51,False,0.49631908535957336,0.46669673919677734,0.5665817260742188,0.9928198456764221,,,3.086675803842809e-07,0.8955919742584229,0.1010187566280365,0.003388962708413601
three_class_geometry_compatible,all_known,ce_feat_0p1,42,frame_shape,external,20260920-201757-bigNormal-115200,bigNormal,0,1,50,True,3212.0986328125,28.390954971313477,-0.06429994106292725,0.752988338470459,-13.627471923828125,-29.05007553100586,5.579684625445225e-07,0.4520193338394165,0.38735634088516235,0.16062381863594055
three_class_geometry_compatible,all_known,ce_feat_0p1,42,frame_shape,external,20260920-202115-bigNormal-460800,bigNormal,0,1,50,True,611.7830200195312,31.311227798461914,-0.06824430078268051,0.745999813079834,-15.729281425476074,-32.951595306396484,1.2568220597586333e-07,0.786007285118103,0.2028196156024933,0.011172782629728317
three_class_geometry_compatible,all_known,ce_feat_1,42,frame_shape,train,20260920-184058-normal-11520,normal,0,0,61,True,1.9136059284210205,2.6543495655059814,0.5459794998168945,0.9575815200805664,1.1248009204864502,-12.347940444946289,0.7049487829208374,0.02384224906563759,0.22943243384361267,0.041776519268751144
three_class_geometry_compatible,all_known,ce_feat_1,42,frame_shape,train,20260920-184857-normal-460800,normal,0,0,48,True,2.0506789684295654,2.6332077980041504,0.4772419333457947,0.952915370464325,1.0144438743591309,-12.759894371032715,0.678762674331665,0.03282272070646286,0.24666331708431244,0.04175129160284996
three_class_geometry_compatible,all_known,ce_feat_1,42,frame_shape,train,20260920-192216-inBroken-115200,inBroken,1,1,50,True,0.3223728537559509,0.49940598011016846,0.7065773010253906,0.9902962446212769,2.115480422973633,-3.798983573913574,3.321341779383147e-08,0.89178866147995,0.10785368084907532,0.00035770307295024395
three_class_geometry_compatible,all_known,ce_feat_1,42,frame_shape,train,20260920-192610-inBroken-460800,inBroken,1,1,51,True,0.2587343454360962,0.3985087275505066,0.7300670146942139,0.9927469491958618,2.2306385040283203,-3.0298943519592285,3.5065724546257115e-08,0.9024642705917358,0.09716617316007614,0.00036952015943825245
three_class_geometry_compatible,all_known,ce_feat_1,42,frame_shape,train,20260920-193718-roll-115200,roll,3,3,51,True,0.48547035455703735,0.578662633895874,0.6525930166244507,0.9909989237785339,2.152953624725342,-5.041689872741699,1.3296614270075224e-05,0.02701537497341633,0.10191995650529861,0.8710512518882751
three_class_geometry_compatible,all_known,ce_feat_1,42,frame_shape,train,20260920-194108-roll-460800,roll,3,3,51,True,0.3699509799480438,0.432169646024704,0.8599908947944641,0.9944775104522705,2.4481630325317383,-3.6439247131347656,5.914281700825086e-06,0.035304490476846695,0.07714690268039703,0.8875424861907959
three_class_geometry_compatible,all_known,ce_feat_1,42,frame_shape,external,20260920-195424-keep-115200,keep,-1,1,51,False,0.43311887979507446,0.25073230266571045,0.5828860402107239,0.9963111281394958,,,1.7574743651493918e-06,0.5225504636764526,0.46780893206596375,0.009638856165111065
three_class_geometry_compatible,all_known,ce_feat_1,42,frame_shape,external,20260920-195753-keep-460800,keep,-1,1,51,False,0.3900800347328186,0.270352303981781,0.6277298331260681,0.9962061643600464,,,2.3999058385015815e-07,0.6130965948104858,0.38099950551986694,0.005903735291212797
three_class_geometry_compatible,all_known,ce_feat_1,42,frame_shape,external,20260920-201757-bigNormal-115200,bigNormal,0,2,50,True,3211.764404296875,27.81614875793457,-0.07600066065788269,0.7606766223907471,-13.966537475585938,-29.05007553100586,4.696013320426573e-07,0.4198077321052551,0.5257250070571899,0.05446672812104225
three_class_geometry_compatible,all_known,ce_feat_1,42,frame_shape,external,20260920-202115-bigNormal-460800,bigNormal,0,1,50,True,611.9109497070312,30.892175674438477,-0.09072655439376831,0.7506082057952881,-14.902732849121094,-32.951595306396484,2.015594446902469e-07,0.5858060717582703,0.4032536745071411,0.010940199717879295
three_class_geometry_compatible,all_known,ce_feat_10,42,frame_shape,train,20260920-184058-normal-11520,normal,0,2,61,True,0.23775365948677063,0.3267832398414612,0.826768696308136,0.9949976801872253,-7.506444454193115,-12.347940444946289,0.0005366176483221352,0.01868392340838909,0.9611348509788513,0.019644571468234062
three_class_geometry_compatible,all_known,ce_feat_10,42,frame_shape,train,20260920-184857-normal-460800,normal,0,2,48,True,0.22914573550224304,0.30883198976516724,0.7712653875350952,0.9947301745414734,-8.036896705627441,-12.759894371032715,0.0003039079310838133,0.05943546071648598,0.9205636978149414,0.019696766510605812
three_class_geometry_compatible,all_known,ce_feat_10,42,frame_shape,train,20260920-192216-inBroken-115200,inBroken,1,2,50,True,0.09963925927877426,0.152651846408844,0.8796306848526001,0.9970512986183167,-0.47722768783569336,-3.798983573913574,9.951791923867859e-08,0.38272085785865784,0.6164515018463135,0.0008274759165942669
three_class_geometry_compatible,all_known,ce_feat_10,42,frame_shape,train,20260920-192610-inBroken-460800,inBroken,1,2,51,True,0.07476688921451569,0.11571694910526276,0.8938809037208557,0.9979038238525391,-0.17836570739746094,-3.0298943519592285,8.188786893015276e-08,0.4552408456802368,0.5440557599067688,0.000703386205714196
three_class_geometry_compatible,all_known,ce_feat_10,42,frame_shape,train,20260920-193718-roll-115200,roll,3,2,51,True,0.14492198824882507,0.1680220067501068,0.7909817099571228,0.9972506165504456,-1.0228605270385742,-5.041689872741699,4.844683644478209e-06,0.0976371169090271,0.6632864475250244,0.23907147347927094
three_class_geometry_compatible,all_known,ce_feat_10,42,frame_shape,train,20260920-194108-roll-460800,roll,3,2,51,True,0.10422463715076447,0.11837371438741684,0.9489003419876099,0.9984412789344788,-0.3478364944458008,-3.6439247131347656,1.0877470231207553e-05,0.17344129085540771,0.48436418175697327,0.3421836197376251
three_class_geometry_compatible,all_known,ce_feat_10,42,frame_shape,external,20260920-195424-keep-115200,keep,-1,2,51,False,0.43975284695625305,0.19508996605873108,0.5888169407844543,0.9972058534622192,,,1.0407385389044066e-06,0.16669060289859772,0.8287728428840637,0.004535398446023464
three_class_geometry_compatible,all_known,ce_feat_10,42,frame_shape,external,20260920-195753-keep-460800,keep,-1,2,51,False,0.38691920042037964,0.19721633195877075,0.6549455523490906,0.9977228045463562,,,6.778557235520566e-07,0.1974191814661026,0.7992900609970093,0.0032902040984481573
three_class_geometry_compatible,all_known,ce_feat_10,42,frame_shape,external,20260920-201757-bigNormal-115200,bigNormal,0,2,50,True,3212.2724609375,27.504470825195312,-0.10460439324378967,0.7632666230201721,-13.230175018310547,-29.05007553100586,1.3495373423211277e-06,0.24297045171260834,0.7359802722930908,0.02104795165359974
three_class_geometry_compatible,all_known,ce_feat_10,42,frame_shape,external,20260920-202115-bigNormal-460800,bigNormal,0,2,50,True,612.3842163085938,30.52873420715332,-0.1642085611820221,0.753623366355896,-13.795538902282715,-32.951595306396484,7.413709681713954e-07,0.2766265571117401,0.7144258618354797,0.008946841582655907
three_class_geometry_compatible,all_known,ce_feat_1_kd,42,frame_shape,train,20260920-184058-normal-11520,normal,0,2,61,True,1.6124694347381592,2.2114129066467285,0.5868278741836548,0.9651578068733215,-0.24627017974853516,-12.347940444946289,0.4217623472213745,0.01728275790810585,0.5391626954078674,0.0217923354357481
three_class_geometry_compatible,all_known,ce_feat_1_kd,42,frame_shape,train,20260920-184857-normal-460800,normal,0,2,48,True,1.762855052947998,2.208101987838745,0.49824419617652893,0.9605633616447449,-0.30286693572998047,-12.759894371032715,0.4031495749950409,0.02792571485042572,0.5451730489730835,0.023751655593514442
three_class_geometry_compatible,all_known,ce_feat_1_kd,42,frame_shape,train,20260920-192216-inBroken-115200,inBroken,1,1,50,True,0.16660992801189423,0.2528102397918701,0.8191590309143066,0.9951039552688599,0.3479313850402832,-3.798983573913574,8.373406501505087e-08,0.585644543170929,0.4136529266834259,0.0007024102378636599
three_class_geometry_compatible,all_known,ce_feat_1_kd,42,frame_shape,train,20260920-192610-inBroken-460800,inBroken,1,1,51,True,0.1212211549282074,0.18436628580093384,0.842886209487915,0.9966557621955872,0.4779777526855469,-3.0298943519592285,7.541743940464585e-08,0.6168524622917175,0.38256558775901794,0.0005819959915243089
three_class_geometry_compatible,all_known,ce_feat_1_kd,42,frame_shape,train,20260920-193718-roll-115200,roll,3,3,51,True,0.3042287230491638,0.35516902804374695,0.6653571724891663,0.9944841861724854,0.40361976623535156,-5.041689872741699,9.045952538144775e-06,0.04687049239873886,0.3819883465766907,0.5711321234703064
three_class_geometry_compatible,all_known,ce_feat_1_kd,42,frame_shape,train,20260920-194108-roll-460800,roll,3,3,51,True,0.21770554780960083,0.24777831137180328,0.8937304019927979,0.9967046976089478,0.6974062919616699,-3.6439247131347656,1.2739965313812718e-05,0.09749255329370499,0.3002181649208069,0.6022763848304749
three_class_geometry_compatible,all_known,ce_feat_1_kd,42,frame_shape,external,20260920-195424-keep-115200,keep,-1,2,51,False,0.46200862526893616,0.2732650637626648,0.548682451248169,0.9968573451042175,,,1.076303078662022e-06,0.26167771220207214,0.7255319952964783,0.012789193540811539
three_class_geometry_compatible,all_known,ce_feat_1_kd,42,frame_shape,external,20260920-195753-keep-460800,keep,-1,2,51,False,0.4067994952201843,0.26707619428634644,0.6067754626274109,0.9974138736724854,,,3.5239455087321403e-07,0.3260646462440491,0.6676453351974487,0.006289663724601269
three_class_geometry_compatible,all_known,ce_feat_1_kd,42,frame_shape,external,20260920-201757-bigNormal-115200,bigNormal,0,2,50,True,3212.019287109375,27.214542388916016,-0.09184669703245163,0.7657108902931213,-13.857460021972656,-29.05007553100586,7.110060096238158e-07,0.2549256384372711,0.7198857069015503,0.025187741965055466
three_class_geometry_compatible,all_known,ce_feat_1_kd,42,frame_shape,external,20260920-202115-bigNormal-460800,bigNormal,0,2,50,True,612.0013427734375,30.18273162841797,-0.12241803854703903,0.7567194700241089,-14.45530891418457,-32.951595306396484,3.5480999827086634e-07,0.3331446051597595,0.6590964794158936,0.007758579216897488
three_class_geometry_compatible,all_known,phase_ce_feat_1,42,shape_phase,train,20260920-184058-normal-11520,normal,0,0,61,True,1.9374045133590698,2.618636131286621,0.5407717227935791,0.9579848647117615,1.2018146514892578,-12.347940444946289,0.7208350300788879,0.022456614300608635,0.21728679537773132,0.039421431720256805
three_class_geometry_compatible,all_known,phase_ce_feat_1,42,shape_phase,train,20260920-184857-normal-460800,normal,0,0,48,True,2.0865345001220703,2.673985004425049,0.47647061944007874,0.952056348323822,1.135425090789795,-12.759894371032715,0.7014987468719482,0.032004501670598984,0.22580666840076447,0.04069017618894577
three_class_geometry_compatible,all_known,phase_ce_feat_1,42,shape_phase,train,20260920-192216-inBroken-115200,inBroken,1,1,50,True,0.3218001425266266,0.499589741230011,0.7115436792373657,0.9902864098548889,2.117825984954834,-3.798983573913574,3.8205982377803593e-08,0.8920719027519226,0.10751614719629288,0.00041196824167855084
three_class_geometry_compatible,all_known,phase_ce_feat_1,42,shape_phase,train,20260920-192610-inBroken-460800,inBroken,1,1,51,True,0.2590990662574768,0.40494051575660706,0.7391444444656372,0.992620587348938,2.239739418029785,-3.0298943519592285,2.8995781775620344e-08,0.9033673405647278,0.09632726013660431,0.00030531795346178114
three_class_geometry_compatible,all_known,phase_ce_feat_1,42,shape_phase,train,20260920-193718-roll-115200,roll,3,3,51,True,0.4701564311981201,0.5636531114578247,0.6508848667144775,0.9912005662918091,2.0422277450561523,-5.041689872741699,4.606786205840763e-06,0.02903173863887787,0.11183037608861923,0.8591333031654358
three_class_geometry_compatible,all_known,phase_ce_feat_1,42,shape_phase,train,20260920-194108-roll-460800,roll,3,3,51,True,0.3588990867137909,0.4309174716472626,0.8695130348205566,0.9946003556251526,2.37239408493042,-3.6439247131347656,6.485244739451446e-06,0.037787385284900665,0.08225610852241516,0.8799501061439514
three_class_geometry_compatible,all_known,phase_ce_feat_1,42,shape_phase,external,20260920-195424-keep-115200,keep,-1,2,51,False,0.5126304626464844,0.2070971131324768,0.4798666536808014,0.996091902256012,,,0.00013777322601526976,0.28958937525749207,0.7065942287445068,0.003678601235151291
three_class_geometry_compatible,all_known,phase_ce_feat_1,42,shape_phase,external,20260920-195753-keep-460800,keep,-1,2,51,False,0.4283478558063507,0.1999567598104477,0.5797825455665588,0.9963659048080444,,,1.1870923117385246e-05,0.42801785469055176,0.5698858499526978,0.0020844500977545977
three_class_geometry_compatible,all_known,phase_ce_feat_1,42,shape_phase,external,20260920-201757-bigNormal-115200,bigNormal,0,1,50,True,3206.58935546875,27.170047760009766,0.015727169811725616,0.774147093296051,-15.528297424316406,-29.05007553100586,1.0916851067577227e-07,0.5988718271255493,0.39799442887306213,0.0031336601823568344
three_class_geometry_compatible,all_known,phase_ce_feat_1,42,shape_phase,external,20260920-202115-bigNormal-460800,bigNormal,0,1,50,True,609.8369140625,30.717432022094727,0.00229857861995697,0.7589056491851807,-16.10426902770996,-32.951595306396484,7.63412586479717e-08,0.7472123503684998,0.25158536434173584,0.001202060142531991
three_class_geometry_compatible,all_known,smooth_ce_feat_1,42,smooth_shape,train,20260920-184058-normal-11520,normal,0,0,61,True,1.876603364944458,2.6139020919799805,0.5436522364616394,0.9583386778831482,0.978999137878418,-12.347940444946289,0.6749671697616577,0.027909981086850166,0.2541502118110657,0.042972736060619354
three_class_geometry_compatible,all_known,smooth_ce_feat_1,42,smooth_shape,train,20260920-184857-normal-460800,normal,0,0,48,True,2.0194613933563232,2.591914415359497,0.4751209616661072,0.9536749124526978,0.9002461433410645,-12.759894371032715,0.654764711856842,0.03326282277703285,0.26663219928741455,0.045340269804000854
three_class_geometry_compatible,all_known,smooth_ce_feat_1,42,smooth_shape,train,20260920-192216-inBroken-115200,inBroken,1,1,50,True,0.3227646052837372,0.5045737624168396,0.7103509306907654,0.9901893138885498,2.1193575859069824,-3.798983573913574,3.3863187809402007e-08,0.8920993804931641,0.10754017531871796,0.0003604568191803992
three_class_geometry_compatible,all_known,smooth_ce_feat_1,42,smooth_shape,train,20260920-192610-inBroken-460800,inBroken,1,1,51,True,0.2636812925338745,0.4027590751647949,0.725304365158081,0.9926633238792419,2.2807884216308594,-3.0298943519592285,3.4021208961121374e-08,0.906727135181427,0.09292544424533844,0.0003475312842056155
three_class_geometry_compatible,all_known,smooth_ce_feat_1,42,smooth_shape,train,20260920-193718-roll-115200,roll,3,3,51,True,0.48432454466819763,0.5883557796478271,0.6403665542602539,0.9911460876464844,2.084704875946045,-5.041689872741699,1.2941227396368049e-05,0.02988033927977085,0.10863996297121048,0.8614668250083923
three_class_geometry_compatible,all_known,smooth_ce_feat_1,42,smooth_shape,train,20260920-194108-roll-460800,roll,3,3,51,True,0.3729507327079773,0.43648064136505127,0.8582029938697815,0.9943965673446655,2.442379951477051,-3.6439247131347656,5.207665253692539e-06,0.03563472256064415,0.0781671404838562,0.886192798614502
three_class_geometry_compatible,all_known,smooth_ce_feat_1,42,smooth_shape,external,20260920-195424-keep-115200,keep,-1,2,51,False,0.45437076687812805,0.2729966342449188,0.5548145174980164,0.9966307282447815,,,8.323600013682153e-06,0.38153311610221863,0.5920230746269226,0.026435527950525284
three_class_geometry_compatible,all_known,smooth_ce_feat_1,42,smooth_shape,external,20260920-195753-keep-460800,keep,-1,2,51,False,0.39800459146499634,0.28094595670700073,0.6143791675567627,0.996944010257721,,,4.3077989175799303e-07,0.4777529537677765,0.5095606446266174,0.01268595177680254
three_class_geometry_compatible,all_known,smooth_ce_feat_1,42,smooth_shape,external,20260920-201757-bigNormal-115200,bigNormal,0,2,50,True,3212.0615234375,27.723817825317383,-0.08423706889152527,0.7611185908317566,-13.66372299194336,-29.05007553100586,6.202745339578541e-07,0.44679561257362366,0.5109146237373352,0.042289186269044876
three_class_geometry_compatible,all_known,smooth_ce_feat_1,42,smooth_shape,external,20260920-202115-bigNormal-460800,bigNormal,0,1,50,True,612.268798828125,30.86358642578125,-0.11025308072566986,0.750588595867157,-14.619379043579102,-32.951595306396484,2.7383021006244235e-07,0.589821994304657,0.3996460437774658,0.010531839914619923
