id,stage,variant,fold,method,seed,bag_id,state,true_label,evaluation_scope,geometry_valid,prediction,model_path,p0,p1,p2,p3,p10_0,p10_1,p10_2,p10_3,p10_4,p10_5,p10_6,p10_7,p10_8,p10_9,task,head_version,source_scope
A_v0_115200_to_460800_embedding_only_20260920-184857-normal-460800,A,v0,115200_to_460800,embedding_only,42,20260920-184857-normal-460800,normal,0,heldout,True,2,/home/huangyating/anomaly_detection/retention_alignment_20260922/radar/stage_a_seed42/models/four_class_provisional_roi/115200_to_460800/embedding_only.pt,4.1256444092141464e-06,0.005077653098851442,0.9922327995300293,0.002685579704120755,4.125644863961497e-06,3.7228006788403434e-10,0.004999238532036543,7.841491606086493e-05,1.3644482351082843e-05,0.0026719283778220415,6.668269936227489e-09,5.2948905704397475e-08,0.4430117607116699,0.5492206811904907,four_class_provisional_roi,original_unchanged,unchanged_original_all_sources
A_v0_115200_to_460800_embedding_only_20260920-190913-outBroken-460800,A,v0,115200_to_460800,embedding_only,42,20260920-190913-outBroken-460800,outBroken,2,heldout,False,2,/home/huangyating/anomaly_detection/retention_alignment_20260922/radar/stage_a_seed42/models/four_class_provisional_roi/115200_to_460800/embedding_only.pt,9.87411112873815e-06,0.11876599490642548,0.8603940010070801,0.020830219611525536,9.874109309748746e-06,4.915579498998568e-09,0.11845710128545761,0.00030890415655449033,5.3830899560125545e-05,0.020776372402906418,1.9705669984659835e-08,5.7840161105104926e-08,0.20234903693199158,0.6580448746681213,four_class_provisional_roi,original_unchanged,unchanged_original_all_sources
A_v0_115200_to_460800_embedding_only_20260920-192610-inBroken-460800,A,v0,115200_to_460800,embedding_only,42,20260920-192610-inBroken-460800,inBroken,1,heldout,True,2,/home/huangyating/anomaly_detection/retention_alignment_20260922/radar/stage_a_seed42/models/four_class_provisional_roi/115200_to_460800/embedding_only.pt,8.098266590650383e-08,0.022137029096484184,0.9774016737937927,0.00046109259710647166,8.09826374847944e-08,5.822523574394722e-10,0.022087784484028816,4.9250938900513574e-05,1.2646025425055996e-05,0.00044844512012787163,1.5516816720406723e-09,1.4024509198407031e-07,0.10491429269313812,0.8724873661994934,four_class_provisional_roi,original_unchanged,unchanged_original_all_sources
A_v0_115200_to_460800_embedding_only_20260920-194108-roll-460800,A,v0,115200_to_460800,embedding_only,42,20260920-194108-roll-460800,roll,3,heldout,True,2,/home/huangyating/anomaly_detection/retention_alignment_20260922/radar/stage_a_seed42/models/four_class_provisional_roi/115200_to_460800/embedding_only.pt,9.46254431255511e-07,0.03480228781700134,0.9592397212982178,0.005957202520221472,9.462543175686733e-07,3.0215052682081023e-10,0.03475526347756386,4.7029414417920634e-05,2.0469746232265607e-05,0.005936732050031424,1.2676492078256274e-09,1.8492675835091177e-08,0.03444451838731766,0.9247950911521912,four_class_provisional_roi,original_unchanged,unchanged_original_all_sources
A_v0_115200_to_460800_ce_only_20260920-184857-normal-460800,A,v0,115200_to_460800,ce_only,42,20260920-184857-normal-460800,normal,0,heldout,True,0,/home/huangyating/anomaly_detection/retention_alignment_20260922/radar/stage_a_seed42/models/four_class_provisional_roi/115200_to_460800/ce_only.pt,0.9995892643928528,1.2415044636782113e-07,4.427845112786599e-07,0.0004100559453945607,0.9995892643928528,1.7687186437687075e-10,9.041504966944558e-08,3.355852840059015e-08,1.5457123581086307e-08,0.0004100404621567577,5.313589498956439e-11,4.2603195277157724e-11,4.0586061800240714e-07,3.688127492296189e-08,four_class_provisional_roi,original_unchanged,unchanged_original_all_sources
A_v0_115200_to_460800_ce_only_20260920-190913-outBroken-460800,A,v0,115200_to_460800,ce_only,42,20260920-190913-outBroken-460800,outBroken,2,heldout,False,2,/home/huangyating/anomaly_detection/retention_alignment_20260922/radar/stage_a_seed42/models/four_class_provisional_roi/115200_to_460800/ce_only.pt,1.961096174341037e-09,0.0005332594737410545,0.9994345307350159,3.238791396142915e-05,1.9610952861626174e-09,7.782180282134288e-12,0.0005290497210808098,4.209765847917879e-06,7.332205882448761e-07,3.165458110743202e-05,1.156170159610781e-10,2.202210636070845e-09,0.04463200271129608,0.954802393913269,four_class_provisional_roi,original_unchanged,unchanged_original_all_sources
A_v0_115200_to_460800_ce_only_20260920-192610-inBroken-460800,A,v0,115200_to_460800,ce_only,42,20260920-192610-inBroken-460800,inBroken,1,heldout,True,1,/home/huangyating/anomaly_detection/retention_alignment_20260922/radar/stage_a_seed42/models/four_class_provisional_roi/115200_to_460800/ce_only.pt,1.2087723462173017e-06,0.9947824478149414,0.0006026432965882123,0.004613825120031834,1.208772232530464e-06,2.7578303529729453e-10,0.994778573513031,3.6720482512464514e-06,2.4147950625774683e-06,0.004611410200595856,2.2107503327983835e-10,2.606000082394644e-09,0.0002516668173484504,0.00035097377258352935,four_class_provisional_roi,original_unchanged,unchanged_original_all_sources
A_v0_115200_to_460800_ce_only_20260920-194108-roll-460800,A,v0,115200_to_460800,ce_only,42,20260920-194108-roll-460800,roll,3,heldout,True,3,/home/huangyating/anomaly_detection/retention_alignment_20260922/radar/stage_a_seed42/models/four_class_provisional_roi/115200_to_460800/ce_only.pt,0.00018798522069118917,0.0002558359410613775,7.028094842098653e-05,0.9994856715202332,0.00018798526434693485,6.584853773361488e-10,0.0002541485882829875,1.6867622889549239e-06,6.652008437413315e-07,0.999485194683075,2.84594181554354e-10,1.0189593613318948e-09,4.18770250689704e-05,2.840291926986538e-05,four_class_provisional_roi,original_unchanged,unchanged_original_all_sources
A_v0_115200_to_460800_ce_feat_1_20260920-184857-normal-460800,A,v0,115200_to_460800,ce_feat_1,42,20260920-184857-normal-460800,normal,0,heldout,True,0,/home/huangyating/anomaly_detection/retention_alignment_20260922/radar/stage_a_seed42/models/four_class_provisional_roi/115200_to_460800/ce_feat_1.pt,0.5882349014282227,0.018844768404960632,0.34387829899787903,0.04904213175177574,0.5882349014282227,4.314159340879087e-08,0.017926068976521492,0.000918655248824507,0.0002525044255889952,0.04878911375999451,5.011009420741175e-07,1.1991894552920712e-06,0.1589672714471817,0.18490982055664062,four_class_provisional_roi,original_unchanged,unchanged_original_all_sources
A_v0_115200_to_460800_ce_feat_1_20260920-190913-outBroken-460800,A,v0,115200_to_460800,ce_feat_1,42,20260920-190913-outBroken-460800,outBroken,2,heldout,False,2,/home/huangyating/anomaly_detection/retention_alignment_20260922/radar/stage_a_seed42/models/four_class_provisional_roi/115200_to_460800/ce_feat_1.pt,5.580108336289413e-06,0.04483509063720703,0.9454471468925476,0.009712187573313713,5.580107881542062e-06,3.010162341610112e-09,0.044611383229494095,0.00022370254737325013,3.281336830696091e-05,0.009679360315203667,1.3530069509215537e-08,3.856073860220022e-08,0.18297584354877472,0.7624712586402893,four_class_provisional_roi,original_unchanged,unchanged_original_all_sources
A_v0_115200_to_460800_ce_feat_1_20260920-192610-inBroken-460800,A,v0,115200_to_460800,ce_feat_1,42,20260920-192610-inBroken-460800,inBroken,1,heldout,True,1,/home/huangyating/anomaly_detection/retention_alignment_20260922/radar/stage_a_seed42/models/four_class_provisional_roi/115200_to_460800/ce_feat_1.pt,7.279269453874804e-08,0.7913410067558289,0.20783525705337524,0.0008235544664785266,7.279265901161125e-08,1.0568069752636688e-09,0.7912991046905518,4.20679607486818e-05,2.3972026610863395e-05,0.0007995810592547059,1.4047989438381592e-09,1.7424169129753864e-07,0.04693630337715149,0.16089877486228943,four_class_provisional_roi,original_unchanged,unchanged_original_all_sources
A_v0_115200_to_460800_ce_feat_1_20260920-194108-roll-460800,A,v0,115200_to_460800,ce_feat_1,42,20260920-194108-roll-460800,roll,3,heldout,True,3,/home/huangyating/anomaly_detection/retention_alignment_20260922/radar/stage_a_seed42/models/four_class_provisional_roi/115200_to_460800/ce_feat_1.pt,2.162702912755776e-06,0.033759407699108124,0.14154766499996185,0.8246908187866211,2.162702912755776e-06,3.2834082674959575e-10,0.03371143713593483,4.796392022399232e-05,2.0101291738683358e-05,0.8246708512306213,1.1182549330968072e-09,1.352167711132779e-08,0.019988125190138817,0.1215595006942749,four_class_provisional_roi,original_unchanged,unchanged_original_all_sources
A_v0_460800_to_115200_embedding_only_20260920-184058-normal-11520,A,v0,460800_to_115200,embedding_only,42,20260920-184058-normal-11520,normal,0,heldout,True,2,/home/huangyating/anomaly_detection/retention_alignment_20260922/radar/stage_a_seed42/models/four_class_provisional_roi/460800_to_115200/embedding_only.pt,3.0924234124540817e-06,0.026822997257113457,0.9692033529281616,0.003970505204051733,3.092422957706731e-06,8.66516414177454e-10,0.02670513279736042,0.00011786496179411188,2.8627177016460337e-05,0.0039418647065758705,1.3660612196986222e-08,2.5722812324602273e-07,0.3492653965950012,0.6199375987052917,four_class_provisional_roi,original_unchanged,unchanged_original_all_sources
A_v0_460800_to_115200_embedding_only_20260920-190512-outBroken-115200,A,v0,460800_to_115200,embedding_only,42,20260920-190512-outBroken-115200,outBroken,2,heldout,False,2,/home/huangyating/anomaly_detection/retention_alignment_20260922/radar/stage_a_seed42/models/four_class_provisional_roi/460800_to_115200/embedding_only.pt,1.7552143617649563e-05,0.11064562946557999,0.8624769449234009,0.026859914883971214,1.7552145436638966e-05,2.1169936914589016e-08,0.10991512984037399,0.0007304952014237642,0.00012993355630896986,0.0267298836261034,9.796517019822204e-08,1.7135614882590744e-07,0.15102200210094452,0.7114546298980713,four_class_provisional_roi,original_unchanged,unchanged_original_all_sources
A_v0_460800_to_115200_embedding_only_20260920-192216-inBroken-115200,A,v0,460800_to_115200,embedding_only,42,20260920-192216-inBroken-115200,inBroken,1,heldout,True,2,/home/huangyating/anomaly_detection/retention_alignment_20260922/radar/stage_a_seed42/models/four_class_provisional_roi/460800_to_115200/embedding_only.pt,3.0619426638622826e-07,0.05406183749437332,0.9446978569030762,0.001240042387507856,3.0619426638622826e-07,7.243572963666622e-10,0.053991738706827164,7.009520777501166e-05,1.9081004211329855e-05,0.001220958773046732,2.898732809342164e-09,1.2265050486348628e-07,0.15358984470367432,0.7911078929901123,four_class_provisional_roi,original_unchanged,unchanged_original_all_sources
A_v0_460800_to_115200_embedding_only_20260920-193718-roll-115200,A,v0,460800_to_115200,embedding_only,42,20260920-193718-roll-115200,roll,3,heldout,True,2,/home/huangyating/anomaly_detection/retention_alignment_20260922/radar/stage_a_seed42/models/four_class_provisional_roi/460800_to_115200/embedding_only.pt,4.2624019442882854e-06,0.1319061666727066,0.84897780418396,0.019111741334199905,4.2624019442882854e-06,1.365999396929496e-10,0.13187715411186218,2.9026763513684273e-05,1.3775684237771202e-05,0.019097965210676193,5.199723984716798e-10,1.0772142289283693e-08,0.029107971116900444,0.8198697566986084,four_class_provisional_roi,original_unchanged,unchanged_original_all_sources
A_v0_460800_to_115200_ce_only_20260920-184058-normal-11520,A,v0,460800_to_115200,ce_only,42,20260920-184058-normal-11520,normal,0,heldout,True,0,/home/huangyating/anomaly_detection/retention_alignment_20260922/radar/stage_a_seed42/models/four_class_provisional_roi/460800_to_115200/ce_only.pt,0.996460497379303,1.6935387066041585e-06,3.65539585800434e-06,0.0035340047907084227,0.996460497379303,5.344227838044446e-10,1.2306605867706821e-06,4.623437916961848e-07,1.3865678738511633e-07,0.0035338648594915867,4.019178045933103e-10,4.3867187660140416e-10,3.4530880839156453e-06,2.0186890026252513e-07,four_class_provisional_roi,original_unchanged,unchanged_original_all_sources
A_v0_460800_to_115200_ce_only_20260920-190512-outBroken-115200,A,v0,460800_to_115200,ce_only,42,20260920-190512-outBroken-115200,outBroken,2,heldout,False,2,/home/huangyating/anomaly_detection/retention_alignment_20260922/radar/stage_a_seed42/models/four_class_provisional_roi/460800_to_115200/ce_only.pt,1.86531859402983e-10,9.530821989756078e-05,0.9998886585235596,1.5978270312189125e-05,1.8653188715855862e-10,1.4641820741956302e-12,9.417357068741694e-05,1.1346440942361369e-06,2.1654483361999155e-07,1.576169961481355e-05,2.3974542837090773e-11,8.085309644023653e-10,0.012384972535073757,0.9875038266181946,four_class_provisional_roi,original_unchanged,unchanged_original_all_sources
A_v0_460800_to_115200_ce_only_20260920-192216-inBroken-115200,A,v0,460800_to_115200,ce_only,42,20260920-192216-inBroken-115200,inBroken,1,heldout,True,1,/home/huangyating/anomaly_detection/retention_alignment_20260922/radar/stage_a_seed42/models/four_class_provisional_roi/460800_to_115200/ce_only.pt,9.020607905085853e-08,0.7010190486907959,0.297992467880249,0.0009883883176371455,9.020608615628589e-08,1.7222957782170312e-10,0.7009977102279663,2.136148941644933e-05,8.887330295692664e-06,0.000979500007815659,7.297745185930182e-10,1.9292082598099114e-08,0.024066055193543434,0.27392637729644775,four_class_provisional_roi,original_unchanged,unchanged_original_all_sources
A_v0_460800_to_115200_ce_only_20260920-193718-roll-115200,A,v0,460800_to_115200,ce_only,42,20260920-193718-roll-115200,roll,3,heldout,True,3,/home/huangyating/anomaly_detection/retention_alignment_20260922/radar/stage_a_seed42/models/four_class_provisional_roi/460800_to_115200/ce_only.pt,0.04062451422214508,0.00017217930871993303,0.00012077955761924386,0.9590826630592346,0.04062451422214508,1.7128036766678179e-09,0.00016639505338389426,5.782534117315663e-06,1.8591392745292978e-06,0.959080696105957,1.6942662828256516e-09,4.765150496410797e-09,8.51094227982685e-05,3.566536906873807e-05,four_class_provisional_roi,original_unchanged,unchanged_original_all_sources
A_v0_460800_to_115200_ce_feat_1_20260920-184058-normal-11520,A,v0,460800_to_115200,ce_feat_1,42,20260920-184058-normal-11520,normal,0,heldout,True,0,/home/huangyating/anomaly_detection/retention_alignment_20260922/radar/stage_a_seed42/models/four_class_provisional_roi/460800_to_115200/ce_feat_1.pt,0.5697210431098938,0.04904519021511078,0.3178952932357788,0.06333844363689423,0.569720983505249,1.064712620291175e-07,0.04533514007925987,0.0037099530454725027,0.0007259075646288693,0.06260974705219269,2.783257741612033e-06,1.576708564243745e-05,0.13311947882175446,0.184760183095932,four_class_provisional_roi,original_unchanged,unchanged_original_all_sources
A_v0_460800_to_115200_ce_feat_1_20260920-190512-outBroken-115200,A,v0,460800_to_115200,ce_feat_1,42,20260920-190512-outBroken-115200,outBroken,2,heldout,False,2,/home/huangyating/anomaly_detection/retention_alignment_20260922/radar/stage_a_seed42/models/four_class_provisional_roi/460800_to_115200/ce_feat_1.pt,9.809241419134196e-06,0.026919782161712646,0.9634162187576294,0.009654099121689796,9.809241419134196e-06,1.1818841905153477e-08,0.026485417038202286,0.0004343540931586176,6.66943087708205e-05,0.009587348438799381,5.662103319536982e-08,9.875336814957336e-08,0.10706581175327301,0.8563504219055176,four_class_provisional_roi,original_unchanged,unchanged_original_all_sources
A_v0_460800_to_115200_ce_feat_1_20260920-192216-inBroken-115200,A,v0,460800_to_115200,ce_feat_1,42,20260920-192216-inBroken-115200,inBroken,1,heldout,True,1,/home/huangyating/anomaly_detection/retention_alignment_20260922/radar/stage_a_seed42/models/four_class_provisional_roi/460800_to_115200/ce_feat_1.pt,3.2588155818302766e-07,0.6002929210662842,0.3975558876991272,0.0021507793571799994,3.2588152976131823e-07,9.270588186005568e-10,0.6002222895622253,7.06373539287597e-05,3.011056651303079e-05,0.0021206659730523825,2.6265321029228517e-09,1.2792968107078195e-07,0.08148690313100815,0.3160688281059265,four_class_provisional_roi,original_unchanged,unchanged_original_all_sources
A_v0_460800_to_115200_ce_feat_1_20260920-193718-roll-115200,A,v0,460800_to_115200,ce_feat_1,42,20260920-193718-roll-115200,roll,3,heldout,True,3,/home/huangyating/anomaly_detection/retention_alignment_20260922/radar/stage_a_seed42/models/four_class_provisional_roi/460800_to_115200/ce_feat_1.pt,0.003871902823448181,0.054206788539886475,0.1533566415309906,0.7885646224021912,0.003871902823448181,1.9483561430888585e-09,0.05404046177864075,0.00016632409824524075,4.3964144424535334e-05,0.7885207533836365,2.7941254643337743e-08,1.8656923828075378e-07,0.020655997097492218,0.13270045816898346,four_class_provisional_roi,original_unchanged,unchanged_original_all_sources
A_v0_all_known_embedding_only_20260920-195424-keep-115200,A,v0,all_known,embedding_only,42,20260920-195424-keep-115200,keep,-1,external,False,2,/home/huangyating/anomaly_detection/retention_alignment_20260922/radar/stage_a_seed42/models/four_class_provisional_roi/all_known/embedding_only.pt,8.952254574978724e-06,0.10745014995336533,0.8752332925796509,0.017307588830590248,8.952255484473426e-06,4.623273763826319e-09,0.10714861750602722,0.0003015177499037236,6.17113255430013e-05,0.01724584773182869,2.6185603019257542e-08,1.1108399178283435e-07,0.20316174626350403,0.6720715761184692,four_class_provisional_roi,original_unchanged,unchanged_original_all_sources
A_v0_all_known_embedding_only_20260920-195753-keep-460800,A,v0,all_known,embedding_only,42,20260920-195753-keep-460800,keep,-1,external,False,2,/home/huangyating/anomaly_detection/retention_alignment_20260922/radar/stage_a_seed42/models/four_class_provisional_roi/all_known/embedding_only.pt,1.0308154742233455e-05,0.12701886892318726,0.8515977263450623,0.021372951567173004,1.0308152923244052e-05,4.342640025356559e-09,0.12672282755374908,0.0002960756537504494,5.6142562243621796e-05,0.021316785365343094,2.1234596303543185e-08,7.310173089081218e-08,0.21301321685314178,0.6385846734046936,four_class_provisional_roi,original_unchanged,unchanged_original_all_sources
A_v0_all_known_embedding_only_20260920-201757-bigNormal-115200,A,v0,all_known,embedding_only,42,20260920-201757-bigNormal-115200,bigNormal,0,external,True,2,/home/huangyating/anomaly_detection/retention_alignment_20260922/radar/stage_a_seed42/models/four_class_provisional_roi/all_known/embedding_only.pt,4.198839178570779e-06,0.09145906567573547,0.8952922821044922,0.013244649395346642,4.198838723823428e-06,1.6516529255383716e-09,0.09131646901369095,0.0001425999216735363,3.9087404729798436e-05,0.013205553404986858,6.517129058636328e-09,4.3133550065022064e-08,0.08280825614929199,0.8124837279319763,four_class_provisional_roi,original_unchanged,unchanged_original_all_sources
A_v0_all_known_embedding_only_20260920-202115-bigNormal-460800,A,v0,all_known,embedding_only,42,20260920-202115-bigNormal-460800,bigNormal,0,external,True,2,/home/huangyating/anomaly_detection/retention_alignment_20260922/radar/stage_a_seed42/models/four_class_provisional_roi/all_known/embedding_only.pt,5.0335456762695685e-06,0.0886380672454834,0.8975093960762024,0.013847418129444122,5.0335456762695685e-06,2.6632001048909615e-09,0.08844366669654846,0.00019441077893134207,4.8783913371153176e-05,0.013798623345792294,1.1216315876083627e-08,6.090517956636177e-08,0.0980449989438057,0.7994644045829773,four_class_provisional_roi,original_unchanged,unchanged_original_all_sources
A_v0_all_known_ce_only_20260920-195424-keep-115200,A,v0,all_known,ce_only,42,20260920-195424-keep-115200,keep,-1,external,False,2,/home/huangyating/anomaly_detection/retention_alignment_20260922/radar/stage_a_seed42/models/four_class_provisional_roi/all_known/ce_only.pt,2.0449576754177912e-10,0.0001661494025029242,0.9998245239257812,9.322555342805572e-06,2.0449589244186939e-10,1.9793285933877858e-12,0.00016445640358142555,1.6930106312429416e-06,3.027587922588282e-07,9.019763638207223e-06,3.631111036850321e-11,1.0826448626488627e-09,0.023916685953736305,0.9759078025817871,four_class_provisional_roi,original_unchanged,unchanged_original_all_sources
A_v0_all_known_ce_only_20260920-195753-keep-460800,A,v0,all_known,ce_only,42,20260920-195753-keep-460800,keep,-1,external,False,2,/home/huangyating/anomaly_detection/retention_alignment_20260922/radar/stage_a_seed42/models/four_class_provisional_roi/all_known/ce_only.pt,9.456640331917399e-11,0.00010389082308392972,0.9998899698257446,5.862885700480547e-06,9.456640331917399e-11,1.2371523076815105e-12,0.00010263695003231987,1.2538914688775549e-06,2.1638152247760445e-07,5.646478712151293e-06,2.539032178949796e-11,7.945742952486512e-10,0.020997075363993645,0.9788932800292969,four_class_provisional_roi,original_unchanged,unchanged_original_all_sources
A_v0_all_known_ce_only_20260920-201757-bigNormal-115200,A,v0,all_known,ce_only,42,20260920-201757-bigNormal-115200,bigNormal,0,external,True,2,/home/huangyating/anomaly_detection/retention_alignment_20260922/radar/stage_a_seed42/models/four_class_provisional_roi/all_known/ce_only.pt,3.3458437087574566e-07,0.049836982041597366,0.9410030245780945,0.009159617125988007,3.3458454140600224e-07,3.992877140035489e-10,0.04978134483098984,5.5632110161241144e-05,1.568814695929177e-05,0.009143926203250885,1.96969174304229e-09,3.974428608444214e-08,0.08183401823043823,0.8591690063476562,four_class_provisional_roi,original_unchanged,unchanged_original_all_sources
A_v0_all_known_ce_only_20260920-202115-bigNormal-460800,A,v0,all_known,ce_only,42,20260920-202115-bigNormal-460800,bigNormal,0,external,True,2,/home/huangyating/anomaly_detection/retention_alignment_20260922/radar/stage_a_seed42/models/four_class_provisional_roi/all_known/ce_only.pt,6.298582633235128e-08,0.020147908478975296,0.9781891703605652,0.0016629111487418413,6.298582633235128e-08,1.2566153673176927e-10,0.020122019574046135,2.588784809631761e-05,6.731882876920281e-06,0.0016561780357733369,8.160106479415674e-10,1.802573734721591e-08,0.06549122184515,0.9126979112625122,four_class_provisional_roi,original_unchanged,unchanged_original_all_sources
A_v0_all_known_ce_feat_1_20260920-195424-keep-115200,A,v0,all_known,ce_feat_1,42,20260920-195424-keep-115200,keep,-1,external,False,2,/home/huangyating/anomaly_detection/retention_alignment_20260922/radar/stage_a_seed42/models/four_class_provisional_roi/all_known/ce_feat_1.pt,5.499031249200925e-05,0.04050604626536369,0.9288404583930969,0.030598431825637817,5.4990319767966866e-05,6.694451215594199e-09,0.04009535163640976,0.0004106881679035723,7.080897921696305e-05,0.030527576804161072,4.2638419017748674e-08,1.1102685704145188e-07,0.19934779405593872,0.729492723941803,four_class_provisional_roi,original_unchanged,unchanged_original_all_sources
A_v0_all_known_ce_feat_1_20260920-195753-keep-460800,A,v0,all_known,ce_feat_1,42,20260920-195753-keep-460800,keep,-1,external,False,2,/home/huangyating/anomaly_detection/retention_alignment_20260922/radar/stage_a_seed42/models/four_class_provisional_roi/all_known/ce_feat_1.pt,2.2443435227614827e-05,0.0376000851392746,0.9422730207443237,0.020104344934225082,2.2443440684583038e-05,4.6378025864157735e-09,0.037289705127477646,0.0003103687195107341,5.129635610501282e-05,0.020053019747138023,2.7027013516089937e-08,7.015802339083166e-08,0.192347452044487,0.7499255537986755,four_class_provisional_roi,original_unchanged,unchanged_original_all_sources
A_v0_all_known_ce_feat_1_20260920-201757-bigNormal-115200,A,v0,all_known,ce_feat_1,42,20260920-201757-bigNormal-115200,bigNormal,0,external,True,2,/home/huangyating/anomaly_detection/retention_alignment_20260922/radar/stage_a_seed42/models/four_class_provisional_roi/all_known/ce_feat_1.pt,2.8993420073675225e-06,0.08658698201179504,0.8544380068778992,0.05897227302193642,2.8993415526201716e-06,1.3386900477030395e-09,0.08643797039985657,0.00014900277892593294,3.997002204414457e-05,0.05893228203058243,5.110743828140585e-09,5.2257465910088285e-08,0.11979419738054276,0.7346436381340027,four_class_provisional_roi,original_unchanged,unchanged_original_all_sources
A_v0_all_known_ce_feat_1_20260920-202115-bigNormal-460800,A,v0,all_known,ce_feat_1,42,20260920-202115-bigNormal-460800,bigNormal,0,external,True,2,/home/huangyating/anomaly_detection/retention_alignment_20260922/radar/stage_a_seed42/models/four_class_provisional_roi/all_known/ce_feat_1.pt,3.383894863873138e-06,0.07682722061872482,0.8945988416671753,0.028570489957928658,3.383894863873138e-06,2.023402112527606e-09,0.0766526386141777,0.0001745870686136186,4.226631062920205e-05,0.028528213500976562,7.73260122599595e-09,6.340563629692042e-08,0.13573293387889862,0.7588658928871155,four_class_provisional_roi,original_unchanged,unchanged_original_all_sources
A_query_no_demean_115200_to_460800_embedding_only_20260920-184857-normal-460800,A,query_no_demean,115200_to_460800,embedding_only,42,20260920-184857-normal-460800,normal,0,heldout,True,3,/home/huangyating/anomaly_detection/retention_alignment_20260922/radar/stage_a_no_demean/models/four_class_provisional_roi/115200_to_460800/embedding_only.pt,0.094324491918087,0.036969803273677826,0.3012179136276245,0.5674877762794495,0.094324491918087,3.4420992278683116e-08,0.03677712380886078,0.0001926401600940153,0.00022802255989518017,0.5672595500946045,2.8280419428483583e-07,3.7669437347176427e-07,0.005186951719224453,0.29603061079978943,four_class_provisional_roi,original_unchanged,unchanged_original_all_sources
A_query_no_demean_115200_to_460800_embedding_only_20260920-190913-outBroken-460800,A,query_no_demean,115200_to_460800,embedding_only,42,20260920-190913-outBroken-460800,outBroken,2,heldout,False,3,/home/huangyating/anomaly_detection/retention_alignment_20260922/radar/stage_a_no_demean/models/four_class_provisional_roi/115200_to_460800/embedding_only.pt,0.022173739969730377,0.19336088001728058,0.1527983546257019,0.6316671371459961,0.022173739969730377,4.0766394704405684e-08,0.1931895613670349,0.00017126518650911748,0.0001437955943401903,0.6315231919288635,8.315048205531639e-08,5.98060694301239e-08,0.0009997924789786339,0.15179847180843353,four_class_provisional_roi,original_unchanged,unchanged_original_all_sources
A_query_no_demean_115200_to_460800_embedding_only_20260920-192610-inBroken-460800,A,query_no_demean,115200_to_460800,embedding_only,42,20260920-192610-inBroken-460800,inBroken,1,heldout,True,2,/home/huangyating/anomaly_detection/retention_alignment_20260922/radar/stage_a_no_demean/models/four_class_provisional_roi/115200_to_460800/embedding_only.pt,0.013796835206449032,0.10261932015419006,0.7830560803413391,0.1005278006196022,0.013796833343803883,6.26189802233057e-08,0.10239213705062866,0.00022714219812769443,0.0002291009877808392,0.10029853880405426,1.440430850152552e-07,8.324151394845103e-07,0.0038825483061373234,0.7791727781295776,four_class_provisional_roi,original_unchanged,unchanged_original_all_sources
A_query_no_demean_115200_to_460800_embedding_only_20260920-194108-roll-460800,A,query_no_demean,115200_to_460800,embedding_only,42,20260920-194108-roll-460800,roll,3,heldout,True,2,/home/huangyating/anomaly_detection/retention_alignment_20260922/radar/stage_a_no_demean/models/four_class_provisional_roi/115200_to_460800/embedding_only.pt,0.016971508041024208,0.08511383086442947,0.4965837895870209,0.4013308584690094,0.016971509903669357,1.2004198524095955e-08,0.08499231189489365,0.00012150652764830738,0.0001393349375575781,0.40119147300720215,3.5557068400748904e-08,6.908916816428246e-08,0.001058627967722714,0.4955250322818756,four_class_provisional_roi,original_unchanged,unchanged_original_all_sources
A_query_no_demean_115200_to_460800_ce_only_20260920-184857-normal-460800,A,query_no_demean,115200_to_460800,ce_only,42,20260920-184857-normal-460800,normal,0,heldout,True,0,/home/huangyating/anomaly_detection/retention_alignment_20260922/radar/stage_a_no_demean/models/four_class_provisional_roi/115200_to_460800/ce_only.pt,0.9998891949653625,7.119396741472883e-06,3.028449100384023e-05,7.326913328142837e-05,0.9998891353607178,2.377660013319627e-10,6.902553195686778e-06,2.166066650488574e-07,2.766684303878719e-07,7.2991824708879e-05,6.422830600705254e-10,3.7846573097688463e-10,2.7320727440383052e-06,2.7552041501621716e-05,four_class_provisional_roi,original_unchanged,unchanged_original_all_sources
A_query_no_demean_115200_to_460800_ce_only_20260920-190913-outBroken-460800,A,query_no_demean,115200_to_460800,ce_only,42,20260920-190913-outBroken-460800,outBroken,2,heldout,False,2,/home/huangyating/anomaly_detection/retention_alignment_20260922/radar/stage_a_no_demean/models/four_class_provisional_roi/115200_to_460800/ce_only.pt,0.00015327194705605507,0.0031164376996457577,0.9964193105697632,0.0003109764074906707,0.00015327193250413984,3.4883626542914214e-10,0.0031104334630072117,6.003640464768978e-06,4.1687135308166035e-06,0.0003068059158977121,1.863436294158305e-09,4.326116354036458e-09,6.816005770815536e-05,0.9963512420654297,four_class_provisional_roi,original_unchanged,unchanged_original_all_sources
A_query_no_demean_115200_to_460800_ce_only_20260920-192610-inBroken-460800,A,query_no_demean,115200_to_460800,ce_only,42,20260920-192610-inBroken-460800,inBroken,1,heldout,True,1,/home/huangyating/anomaly_detection/retention_alignment_20260922/radar/stage_a_no_demean/models/four_class_provisional_roi/115200_to_460800/ce_only.pt,0.000181517971213907,0.9991916418075562,0.00024380578543059528,0.00038298688014037907,0.00018151792755816132,4.27755775245231e-10,0.9991907477378845,8.651480243315746e-07,3.3191588499903446e-06,0.00037966613308526576,1.6017094317533065e-09,1.6970806981930764e-09,8.259352398454212e-06,0.00023554479412268847,four_class_provisional_roi,original_unchanged,unchanged_original_all_sources
A_query_no_demean_115200_to_460800_ce_only_20260920-194108-roll-460800,A,query_no_demean,115200_to_460800,ce_only,42,20260920-194108-roll-460800,roll,3,heldout,True,3,/home/huangyating/anomaly_detection/retention_alignment_20260922/radar/stage_a_no_demean/models/four_class_provisional_roi/115200_to_460800/ce_only.pt,6.825853051850572e-05,6.383921572705731e-05,2.77997569355648e-05,0.9998401403427124,6.82585159665905e-05,7.988876921105614e-11,6.344920257106423e-05,3.899166074461391e-07,2.8212190272824955e-07,0.9998397827148438,1.4473620912891505e-10,1.7740796331988662e-10,2.5942513275367673e-06,2.5205321435350925e-05,four_class_provisional_roi,original_unchanged,unchanged_original_all_sources
A_query_no_demean_115200_to_460800_ce_feat_1_20260920-184857-normal-460800,A,query_no_demean,115200_to_460800,ce_feat_1,42,20260920-184857-normal-460800,normal,0,heldout,True,0,/home/huangyating/anomaly_detection/retention_alignment_20260922/radar/stage_a_no_demean/models/four_class_provisional_roi/115200_to_460800/ce_feat_1.pt,0.8187388777732849,0.011349736712872982,0.07250296324491501,0.09740841388702393,0.8187389373779297,3.4482930288959324e-08,0.011246833018958569,0.00010287054465152323,0.00015069324581418186,0.09725742787122726,3.1748336937198474e-07,3.151287444325135e-07,0.0029627729672938585,0.0695398822426796,four_class_provisional_roi,original_unchanged,unchanged_original_all_sources
A_query_no_demean_115200_to_460800_ce_feat_1_20260920-190913-outBroken-460800,A,query_no_demean,115200_to_460800,ce_feat_1,42,20260920-190913-outBroken-460800,outBroken,2,heldout,False,2,/home/huangyating/anomaly_detection/retention_alignment_20260922/radar/stage_a_no_demean/models/four_class_provisional_roi/115200_to_460800/ce_feat_1.pt,0.01264394260942936,0.0628209039568901,0.8263550400733948,0.09818021953105927,0.01264394260942936,3.165528994486522e-08,0.06264790892601013,0.00017297039448749274,0.00011241584434174001,0.0980677381157875,6.775433547545617e-08,5.8879500386410655e-08,0.0010597119107842445,0.825295090675354,four_class_provisional_roi,original_unchanged,unchanged_original_all_sources
A_query_no_demean_115200_to_460800_ce_feat_1_20260920-192610-inBroken-460800,A,query_no_demean,115200_to_460800,ce_feat_1,42,20260920-192610-inBroken-460800,inBroken,1,heldout,True,1,/home/huangyating/anomaly_detection/retention_alignment_20260922/radar/stage_a_no_demean/models/four_class_provisional_roi/115200_to_460800/ce_feat_1.pt,0.007665643934160471,0.779522180557251,0.14533326029777527,0.06747884303331375,0.007665643468499184,5.96769282878995e-08,0.7794015407562256,0.00012052815145580098,0.00023026861890684813,0.06724845618009567,1.0390700566631494e-07,5.218296337261563e-07,0.0021814710926264524,0.14315123856067657,four_class_provisional_roi,original_unchanged,unchanged_original_all_sources
A_query_no_demean_115200_to_460800_ce_feat_1_20260920-194108-roll-460800,A,query_no_demean,115200_to_460800,ce_feat_1,42,20260920-194108-roll-460800,roll,3,heldout,True,3,/home/huangyating/anomaly_detection/retention_alignment_20260922/radar/stage_a_no_demean/models/four_class_provisional_roi/115200_to_460800/ce_feat_1.pt,0.007398311514407396,0.027028201147913933,0.06676019728183746,0.8988134264945984,0.00739830918610096,4.008636533825438e-09,0.026983942836523056,4.424978396855295e-05,4.594731944962405e-05,0.898767352104187,1.2643361024800015e-08,2.0427165736691677e-08,0.00034265511203557253,0.06641751527786255,four_class_provisional_roi,original_unchanged,unchanged_original_all_sources
A_query_no_demean_460800_to_115200_embedding_only_20260920-184058-normal-11520,A,query_no_demean,460800_to_115200,embedding_only,42,20260920-184058-normal-11520,normal,0,heldout,True,3,/home/huangyating/anomaly_detection/retention_alignment_20260922/radar/stage_a_no_demean/models/four_class_provisional_roi/460800_to_115200/embedding_only.pt,0.05768245831131935,0.14170332252979279,0.34373193979263306,0.45688220858573914,0.05768245458602905,4.654333096709706e-08,0.14148670434951782,0.00021660597121808678,0.0002910947659984231,0.4565908908843994,3.1588092497258913e-07,7.486158892788808e-07,0.004034646321088076,0.3396964967250824,four_class_provisional_roi,original_unchanged,unchanged_original_all_sources
A_query_no_demean_460800_to_115200_embedding_only_20260920-190512-outBroken-115200,A,query_no_demean,460800_to_115200,embedding_only,42,20260920-190512-outBroken-115200,outBroken,2,heldout,False,3,/home/huangyating/anomaly_detection/retention_alignment_20260922/radar/stage_a_no_demean/models/four_class_provisional_roi/460800_to_115200/embedding_only.pt,0.020286984741687775,0.19306783378124237,0.11973170191049576,0.6669133901596069,0.020286982879042625,9.2063409340426e-08,0.19279590249061584,0.0002718814357649535,0.000222917296923697,0.6666902899742126,2.2660201182134188e-07,1.112139784709143e-07,0.0008018724620342255,0.11892971396446228,four_class_provisional_roi,original_unchanged,unchanged_original_all_sources
A_query_no_demean_460800_to_115200_embedding_only_20260920-192216-inBroken-115200,A,query_no_demean,460800_to_115200,embedding_only,42,20260920-192216-inBroken-115200,inBroken,1,heldout,True,2,/home/huangyating/anomaly_detection/retention_alignment_20260922/radar/stage_a_no_demean/models/four_class_provisional_roi/460800_to_115200/embedding_only.pt,0.013606312684714794,0.201128751039505,0.6256523728370667,0.1596125066280365,0.013606312684714794,4.117211105381102e-08,0.20092090964317322,0.0002078014804283157,0.00021409941837191582,0.15939831733703613,1.0864092558904304e-07,4.59590808077337e-07,0.004232803359627724,0.6214191317558289,four_class_provisional_roi,original_unchanged,unchanged_original_all_sources
A_query_no_demean_460800_to_115200_embedding_only_20260920-193718-roll-115200,A,query_no_demean,460800_to_115200,embedding_only,42,20260920-193718-roll-115200,roll,3,heldout,True,3,/home/huangyating/anomaly_detection/retention_alignment_20260922/radar/stage_a_no_demean/models/four_class_provisional_roi/460800_to_115200/embedding_only.pt,0.023863738402724266,0.16091684997081757,0.2889222800731659,0.5262970924377441,0.023863738402724266,2.994902326136639e-09,0.16087780892848969,3.9051141357049346e-05,5.354772292776033e-05,0.5262434482574463,7.805307511432602e-09,2.156559197885599e-08,0.0005753455916419625,0.28834691643714905,four_class_provisional_roi,original_unchanged,unchanged_original_all_sources
A_query_no_demean_460800_to_115200_ce_only_20260920-184058-normal-11520,A,query_no_demean,460800_to_115200,ce_only,42,20260920-184058-normal-11520,normal,0,heldout,True,0,/home/huangyating/anomaly_detection/retention_alignment_20260922/radar/stage_a_no_demean/models/four_class_provisional_roi/460800_to_115200/ce_only.pt,0.9952967166900635,0.00010268871847074479,0.00010943714733002707,0.004491365980356932,0.9952966570854187,7.373017751888256e-10,0.00010147571447305381,1.2122525276936358e-06,1.2174710946055711e-06,0.0044901431538164616,2.4519266617062385e-09,1.961463214072978e-09,1.0016288797487505e-05,9.94189249468036e-05,four_class_provisional_roi,original_unchanged,unchanged_original_all_sources
A_query_no_demean_460800_to_115200_ce_only_20260920-190512-outBroken-115200,A,query_no_demean,460800_to_115200,ce_only,42,20260920-190512-outBroken-115200,outBroken,2,heldout,False,2,/home/huangyating/anomaly_detection/retention_alignment_20260922/radar/stage_a_no_demean/models/four_class_provisional_roi/460800_to_115200/ce_only.pt,6.317692168522626e-05,8.86726556927897e-05,0.9997801780700684,6.817302346462384e-05,6.317692168522626e-05,7.870972623669203e-11,8.652215910842642e-05,2.150409045498236e-06,1.226833660439297e-06,6.694580952171236e-05,3.815107951776753e-10,1.394647619612499e-09,3.334106077090837e-05,0.9997466206550598,four_class_provisional_roi,original_unchanged,unchanged_original_all_sources
A_query_no_demean_460800_to_115200_ce_only_20260920-192216-inBroken-115200,A,query_no_demean,460800_to_115200,ce_only,42,20260920-192216-inBroken-115200,inBroken,1,heldout,True,1,/home/huangyating/anomaly_detection/retention_alignment_20260922/radar/stage_a_no_demean/models/four_class_provisional_roi/460800_to_115200/ce_only.pt,0.0004828008241020143,0.9796115159988403,0.01885616034269333,0.0010495551396161318,0.00048280079499818385,9.651843768665458e-10,0.9796077609062195,3.845586434181314e-06,8.56670976645546e-06,0.0010409856913611293,2.771042284521741e-09,7.704948679077006e-09,5.6602344557177275e-05,0.018799548968672752,four_class_provisional_roi,original_unchanged,unchanged_original_all_sources
A_query_no_demean_460800_to_115200_ce_only_20260920-193718-roll-115200,A,query_no_demean,460800_to_115200,ce_only,42,20260920-193718-roll-115200,roll,3,heldout,True,3,/home/huangyating/anomaly_detection/retention_alignment_20260922/radar/stage_a_no_demean/models/four_class_provisional_roi/460800_to_115200/ce_only.pt,0.021051598712801933,0.00016234064241871238,0.00023064413107931614,0.97855544090271,0.021051598712801933,3.7451150514122844e-10,0.00016032702114898711,2.0132101781200618e-06,1.2959935702383518e-06,0.9785543084144592,1.2853477171503869e-09,1.400422000585877e-09,1.3814315934723709e-05,0.00021682844089809805,four_class_provisional_roi,original_unchanged,unchanged_original_all_sources
A_query_no_demean_460800_to_115200_ce_feat_1_20260920-184058-normal-11520,A,query_no_demean,460800_to_115200,ce_feat_1,42,20260920-184058-normal-11520,normal,0,heldout,True,0,/home/huangyating/anomaly_detection/retention_alignment_20260922/radar/stage_a_no_demean/models/four_class_provisional_roi/460800_to_115200/ce_feat_1.pt,0.8134900331497192,0.03189260885119438,0.06679338216781616,0.08782391250133514,0.8134899735450745,5.650394996337127e-08,0.031738631427288055,0.00015392547356896102,0.00023840184439904988,0.08758481591939926,6.704222528242099e-07,1.0215539987257216e-06,0.0020822419319301844,0.0647101029753685,four_class_provisional_roi,original_unchanged,unchanged_original_all_sources
A_query_no_demean_460800_to_115200_ce_feat_1_20260920-190512-outBroken-115200,A,query_no_demean,460800_to_115200,ce_feat_1,42,20260920-190512-outBroken-115200,outBroken,2,heldout,False,2,/home/huangyating/anomaly_detection/retention_alignment_20260922/radar/stage_a_no_demean/models/four_class_provisional_roi/460800_to_115200/ce_feat_1.pt,0.00926846545189619,0.0414021760225296,0.8727108240127563,0.0766185075044632,0.00926846545189619,6.356045645361519e-08,0.04118723049759865,0.0002148861822206527,0.00014037342043593526,0.076478011906147,1.2288005279970093e-07,8.66070664073959e-08,0.0007898317417129874,0.8719209432601929,four_class_provisional_roi,original_unchanged,unchanged_original_all_sources
A_query_no_demean_460800_to_115200_ce_feat_1_20260920-192216-inBroken-115200,A,query_no_demean,460800_to_115200,ce_feat_1,42,20260920-192216-inBroken-115200,inBroken,1,heldout,True,1,/home/huangyating/anomaly_detection/retention_alignment_20260922/radar/stage_a_no_demean/models/four_class_provisional_roi/460800_to_115200/ce_feat_1.pt,0.006858079228550196,0.7563628554344177,0.1776663213968277,0.05911268666386604,0.006858079228550196,3.047665941835476e-08,0.75626540184021,9.738128574099392e-05,0.00017197294801007956,0.05894064903259277,6.258719764673515e-08,2.8956816322533996e-07,0.0024096618872135878,0.1752563714981079,four_class_provisional_roi,original_unchanged,unchanged_original_all_sources
A_query_no_demean_460800_to_115200_ce_feat_1_20260920-193718-roll-115200,A,query_no_demean,460800_to_115200,ce_feat_1,42,20260920-193718-roll-115200,roll,3,heldout,True,3,/home/huangyating/anomaly_detection/retention_alignment_20260922/radar/stage_a_no_demean/models/four_class_provisional_roi/460800_to_115200/ce_feat_1.pt,0.031100431457161903,0.038587309420108795,0.05618256330490112,0.874129593372345,0.031100429594516754,2.2894766082970364e-09,0.038563285022974014,2.4009654225665145e-05,2.686377592908684e-05,0.8741030097007751,1.2384680836419193e-08,2.193946890827192e-08,0.0002651234099175781,0.0559174083173275,four_class_provisional_roi,original_unchanged,unchanged_original_all_sources
A_query_no_demean_all_known_embedding_only_20260920-195424-keep-115200,A,query_no_demean,all_known,embedding_only,42,20260920-195424-keep-115200,keep,-1,external,False,3,/home/huangyating/anomaly_detection/retention_alignment_20260922/radar/stage_a_no_demean/models/four_class_provisional_roi/all_known/embedding_only.pt,0.025028156116604805,0.2069884091615677,0.18398931622505188,0.5839941501617432,0.025028156116604805,4.3938332083826026e-08,0.20679603517055511,0.00019233822240494192,0.00018470438953954726,0.5838093757629395,1.2960921935700753e-07,1.2740565580315888e-07,0.0013296843972057104,0.18265949189662933,four_class_provisional_roi,original_unchanged,unchanged_original_all_sources
A_query_no_demean_all_known_embedding_only_20260920-195753-keep-460800,A,query_no_demean,all_known,embedding_only,42,20260920-195753-keep-460800,keep,-1,external,False,3,/home/huangyating/anomaly_detection/retention_alignment_20260922/radar/stage_a_no_demean/models/four_class_provisional_roi/all_known/embedding_only.pt,0.02334774285554886,0.20574527978897095,0.14368031919002533,0.627226710319519,0.02334774099290371,3.517885005521748e-08,0.2055869996547699,0.0001582365803187713,0.0001423981157131493,0.6270840764045715,8.589875477582609e-08,6.756949488817554e-08,0.001016507507301867,0.14266371726989746,four_class_provisional_roi,original_unchanged,unchanged_original_all_sources
A_query_no_demean_all_known_embedding_only_20260920-201757-bigNormal-115200,A,query_no_demean,all_known,embedding_only,42,20260920-201757-bigNormal-115200,bigNormal,0,external,True,3,/home/huangyating/anomaly_detection/retention_alignment_20260922/radar/stage_a_no_demean/models/four_class_provisional_roi/all_known/embedding_only.pt,0.02147712931036949,0.19160009920597076,0.26119139790534973,0.5257313847541809,0.02147712931036949,3.022035599542505e-08,0.1914358288049698,0.00016418618906755,0.00016247389430645853,0.5255689024925232,7.341823504702916e-08,8.845690047110111e-08,0.0011272766860201955,0.2600640058517456,four_class_provisional_roi,original_unchanged,unchanged_original_all_sources
A_query_no_demean_all_known_embedding_only_20260920-202115-bigNormal-460800,A,query_no_demean,all_known,embedding_only,42,20260920-202115-bigNormal-460800,bigNormal,0,external,True,3,/home/huangyating/anomaly_detection/retention_alignment_20260922/radar/stage_a_no_demean/models/four_class_provisional_roi/all_known/embedding_only.pt,0.021953921765089035,0.19433027505874634,0.2433832734823227,0.540332555770874,0.021953921765089035,4.066336245500679e-08,0.19413846731185913,0.00019176634668838233,0.00018498575082048774,0.5401475429534912,1.0154005281037826e-07,1.1005679567688276e-07,0.0011661098105832934,0.242217019200325,four_class_provisional_roi,original_unchanged,unchanged_original_all_sources
A_query_no_demean_all_known_ce_only_20260920-195424-keep-115200,A,query_no_demean,all_known,ce_only,42,20260920-195424-keep-115200,keep,-1,external,False,2,/home/huangyating/anomaly_detection/retention_alignment_20260922/radar/stage_a_no_demean/models/four_class_provisional_roi/all_known/ce_only.pt,0.00044146066647954285,0.00022495158191304654,0.9990592002868652,0.0002746036625467241,0.0004414606373757124,3.3297595236625455e-10,0.00021885728347115219,6.093954652897082e-06,3.798745410676929e-06,0.00027080331346951425,1.5879726422696194e-09,3.914008672722957e-09,8.739748591324314e-05,0.998971700668335,four_class_provisional_roi,original_unchanged,unchanged_original_all_sources
A_query_no_demean_all_known_ce_only_20260920-195753-keep-460800,A,query_no_demean,all_known,ce_only,42,20260920-195753-keep-460800,keep,-1,external,False,2,/home/huangyating/anomaly_detection/retention_alignment_20260922/radar/stage_a_no_demean/models/four_class_provisional_roi/all_known/ce_only.pt,0.00018351103062741458,0.00014253018889576197,0.9995240569114685,0.0001499430654803291,0.00018351100152358413,1.8806453616626584e-10,0.00013840958126820624,4.1204134504368994e-06,2.440130856484757e-06,0.00014750201080460101,9.249725430038325e-10,2.454377145966191e-09,5.890576358069666e-05,0.9994648694992065,four_class_provisional_roi,original_unchanged,unchanged_original_all_sources
A_query_no_demean_all_known_ce_only_20260920-201757-bigNormal-115200,A,query_no_demean,all_known,ce_only,42,20260920-201757-bigNormal-115200,bigNormal,0,external,True,2,/home/huangyating/anomaly_detection/retention_alignment_20260922/radar/stage_a_no_demean/models/four_class_provisional_roi/all_known/ce_only.pt,0.004507934208959341,0.0242717694491148,0.8141220211982727,0.15709824860095978,0.004507934208959341,7.455233763664637e-09,0.024190273135900497,8.148866618284956e-05,6.49676367174834e-05,0.1570332795381546,2.7653674905536718e-08,6.10450570093235e-08,0.0009490420925430954,0.8131729960441589,four_class_provisional_roi,original_unchanged,unchanged_original_all_sources
A_query_no_demean_all_known_ce_only_20260920-202115-bigNormal-460800,A,query_no_demean,all_known,ce_only,42,20260920-202115-bigNormal-460800,bigNormal,0,external,True,2,/home/huangyating/anomaly_detection/retention_alignment_20260922/radar/stage_a_no_demean/models/four_class_provisional_roi/all_known/ce_only.pt,0.0018685911782085896,0.012401039712131023,0.9631425738334656,0.022588009014725685,0.0018685911782085896,3.2416429540660374e-09,0.012360661290585995,4.037511826027185e-05,3.2264091714750975e-05,0.02255573309957981,1.2860609466258666e-08,3.073726873026317e-08,0.0005055919173173606,0.9626367688179016,four_class_provisional_roi,original_unchanged,unchanged_original_all_sources
A_query_no_demean_all_known_ce_feat_1_20260920-195424-keep-115200,A,query_no_demean,all_known,ce_feat_1,42,20260920-195424-keep-115200,keep,-1,external,False,2,/home/huangyating/anomaly_detection/retention_alignment_20260922/radar/stage_a_no_demean/models/four_class_provisional_roi/all_known/ce_feat_1.pt,0.020885173231363297,0.061399031430482864,0.762239396572113,0.1554764062166214,0.020885173231363297,4.60126337031852e-08,0.06118597835302353,0.00021300431399140507,0.00015742541290819645,0.15531882643699646,1.163293035233437e-07,1.0490926882766871e-07,0.0013310967478901148,0.760908305644989,four_class_provisional_roi,original_unchanged,unchanged_original_all_sources
A_query_no_demean_all_known_ce_feat_1_20260920-195753-keep-460800,A,query_no_demean,all_known,ce_feat_1,42,20260920-195753-keep-460800,keep,-1,external,False,2,/home/huangyating/anomaly_detection/retention_alignment_20260922/radar/stage_a_no_demean/models/four_class_provisional_roi/all_known/ce_feat_1.pt,0.01514951977878809,0.05580827593803406,0.8043741583824158,0.12466797232627869,0.015149521641433239,3.3020729262034365e-08,0.05563896894454956,0.00016928497643675655,0.00011542460561031476,0.12455246597528458,7.06786025261863e-08,5.996231067229019e-08,0.0010879539186134934,0.803286075592041,four_class_provisional_roi,original_unchanged,unchanged_original_all_sources
A_query_no_demean_all_known_ce_feat_1_20260920-201757-bigNormal-115200,A,query_no_demean,all_known,ce_feat_1,42,20260920-201757-bigNormal-115200,bigNormal,0,external,True,2,/home/huangyating/anomaly_detection/retention_alignment_20260922/radar/stage_a_no_demean/models/four_class_provisional_roi/all_known/ce_feat_1.pt,0.015012086369097233,0.09804275631904602,0.5276881456375122,0.35925692319869995,0.015012088231742382,1.4933750236423293e-08,0.09793087095022202,0.00011187453492311761,9.516470163362101e-05,0.3591616749763489,2.9744141372134436e-08,4.036553136188559e-08,0.0009370124316774309,0.5267511606216431,four_class_provisional_roi,original_unchanged,unchanged_original_all_sources
A_query_no_demean_all_known_ce_feat_1_20260920-202115-bigNormal-460800,A,query_no_demean,all_known,ce_feat_1,42,20260920-202115-bigNormal-460800,bigNormal,0,external,True,2,/home/huangyating/anomaly_detection/retention_alignment_20260922/radar/stage_a_no_demean/models/four_class_provisional_roi/all_known/ce_feat_1.pt,0.01475421991199255,0.09518297016620636,0.6391434073448181,0.250919371843338,0.014754218980669975,2.075234029064177e-08,0.09505153447389603,0.00013142984244041145,0.00010742216545622796,0.250811904668808,4.0360802699979104e-08,4.881162141145978e-08,0.0010239065159112215,0.6381195187568665,four_class_provisional_roi,original_unchanged,unchanged_original_all_sources
B_v0_115200_to_460800_embedding_only_20260920-184857-normal-460800,B,v0,115200_to_460800,embedding_only,42,20260920-184857-normal-460800,normal,0,heldout,True,0,/home/huangyating/anomaly_detection/retention_alignment_20260922/radar/stage_b_v0/models/four_class_provisional_roi/115200_to_460800/embedding_only.pt,0.7917509078979492,0.013959853909909725,0.1130276694893837,0.08126138895750046,0.791750967502594,3.825137095958553e-09,0.01377622876316309,0.000183620722964406,8.08191325631924e-05,0.08118046075105667,1.1391730225795982e-07,8.47022150196608e-08,0.010305888950824738,0.1027216836810112,four_class_provisional_roi,shared_v1,global_and_each_source_regression_gate
B_v0_115200_to_460800_embedding_only_20260920-190913-outBroken-460800,B,v0,115200_to_460800,embedding_only,42,20260920-190913-outBroken-460800,outBroken,2,heldout,False,2,/home/huangyating/anomaly_detection/retention_alignment_20260922/radar/stage_b_v0/models/four_class_provisional_roi/115200_to_460800/embedding_only.pt,0.09564109891653061,0.07336318492889404,0.6641882061958313,0.1668073982000351,0.09564109891653061,1.2087987499853625e-08,0.07306676357984543,0.0002963973965961486,0.00010952635784633458,0.16669778525829315,9.503624198714533e-08,4.480013160446106e-08,0.0035350555554032326,0.6606531739234924,four_class_provisional_roi,shared_v1,global_and_each_source_regression_gate
B_v0_115200_to_460800_embedding_only_20260920-192610-inBroken-460800,B,v0,115200_to_460800,embedding_only,42,20260920-192610-inBroken-460800,inBroken,1,heldout,True,1,/home/huangyating/anomaly_detection/retention_alignment_20260922/radar/stage_b_v0/models/four_class_provisional_roi/115200_to_460800/embedding_only.pt,0.02544540911912918,0.6685735583305359,0.18554116785526276,0.12043975293636322,0.02544540911912918,1.5572199529856334e-08,0.6682974100112915,0.00027605894138105214,0.00020666714408434927,0.12023302167654037,7.083897202164735e-08,6.430709618143737e-07,0.007232878357172012,0.1783076822757721,four_class_provisional_roi,shared_v1,global_and_each_source_regression_gate
B_v0_115200_to_460800_embedding_only_20260920-194108-roll-460800,B,v0,115200_to_460800,embedding_only,42,20260920-194108-roll-460800,roll,3,heldout,True,3,/home/huangyating/anomaly_detection/retention_alignment_20260922/radar/stage_b_v0/models/four_class_provisional_roi/115200_to_460800/embedding_only.pt,0.027340266853570938,0.05929798260331154,0.09019888937473297,0.8231627345085144,0.02734026499092579,9.269934264644064e-10,0.05925441160798073,4.3593790906015784e-05,6.903986650286242e-05,0.8230937719345093,1.0828907548443567e-08,1.31818049808885e-08,0.00026654801331460476,0.08993232995271683,four_class_provisional_roi,shared_v1,global_and_each_source_regression_gate
B_v0_115200_to_460800_ce_only_20260920-184857-normal-460800,B,v0,115200_to_460800,ce_only,42,20260920-184857-normal-460800,normal,0,heldout,True,0,/home/huangyating/anomaly_detection/retention_alignment_20260922/radar/stage_b_v0/models/four_class_provisional_roi/115200_to_460800/ce_only.pt,0.9999720454216003,1.1587496373977046e-05,4.46354960104145e-07,1.607019112270791e-05,0.9999720454216003,2.0922902299602697e-11,1.1473828635644168e-05,1.1364571150807024e-07,2.4649999375014886e-08,1.604533645149786e-05,2.0676194090185618e-10,8.897829001375257e-11,1.580476265417019e-07,2.882182741359429e-07,four_class_provisional_roi,shared_v1,global_and_each_source_regression_gate
B_v0_115200_to_460800_ce_only_20260920-190913-outBroken-460800,B,v0,115200_to_460800,ce_only,42,20260920-190913-outBroken-460800,outBroken,2,heldout,False,2,/home/huangyating/anomaly_detection/retention_alignment_20260922/radar/stage_b_v0/models/four_class_provisional_roi/115200_to_460800/ce_only.pt,0.00025516311870887876,0.020632369443774223,0.9784671068191528,0.0006453882670029998,0.0002551631478127092,1.7874363100744972e-10,0.02062426507472992,8.10127403383376e-06,5.952656920271693e-06,0.0006394339143298566,1.6017065451734425e-09,4.428442945680899e-09,0.0005349104758352041,0.9779322147369385,four_class_provisional_roi,shared_v1,global_and_each_source_regression_gate
B_v0_115200_to_460800_ce_only_20260920-192610-inBroken-460800,B,v0,115200_to_460800,ce_only,42,20260920-192610-inBroken-460800,inBroken,1,heldout,True,1,/home/huangyating/anomaly_detection/retention_alignment_20260922/radar/stage_b_v0/models/four_class_provisional_roi/115200_to_460800/ce_only.pt,0.00026143185095861554,0.9995782971382141,3.64801635441836e-05,0.00012381048873066902,0.00026143185095861554,7.076998015387304e-11,0.9995776414871216,7.930437391223677e-07,7.800213666087075e-07,0.00012303024413995445,2.33686958672763e-10,4.095370709222834e-10,1.4448733963945415e-05,2.203101757913828e-05,four_class_provisional_roi,shared_v1,global_and_each_source_regression_gate
B_v0_115200_to_460800_ce_only_20260920-194108-roll-460800,B,v0,115200_to_460800,ce_only,42,20260920-194108-roll-460800,roll,3,heldout,True,3,/home/huangyating/anomaly_detection/retention_alignment_20260922/radar/stage_b_v0/models/four_class_provisional_roi/115200_to_460800/ce_only.pt,3.969976751250215e-05,2.5456420189584605e-05,1.2515457456174772e-05,0.9999225735664368,3.9699760236544535e-05,2.381114836552678e-12,2.535451130825095e-05,1.0190132115894812e-07,1.1276146949512622e-07,0.999922513961792,5.214625259375438e-11,1.1353203967223724e-11,7.828888897165598e-07,1.1732557140931021e-05,four_class_provisional_roi,shared_v1,global_and_each_source_regression_gate
B_v0_115200_to_460800_ce_feat_1_kd_20260920-184857-normal-460800,B,v0,115200_to_460800,ce_feat_1_kd,42,20260920-184857-normal-460800,normal,0,heldout,True,0,/home/huangyating/anomaly_detection/retention_alignment_20260922/radar/stage_b_v0/models/four_class_provisional_roi/115200_to_460800/ce_feat_1_kd.pt,0.8938246369361877,0.01299996580928564,0.05504656955599785,0.038128700107336044,0.8938246369361877,3.392173431038259e-09,0.012858944945037365,0.00014101531996857375,6.012327867210843e-05,0.03806847706437111,1.0143503459403291e-07,7.599326323770583e-08,0.011038899421691895,0.04400758817791939,four_class_provisional_roi,shared_v1,global_and_each_source_regression_gate
B_v0_115200_to_460800_ce_feat_1_kd_20260920-190913-outBroken-460800,B,v0,115200_to_460800,ce_feat_1_kd,42,20260920-190913-outBroken-460800,outBroken,2,heldout,False,2,/home/huangyating/anomaly_detection/retention_alignment_20260922/radar/stage_b_v0/models/four_class_provisional_roi/115200_to_460800/ce_feat_1_kd.pt,0.05474790185689926,0.05081510171294212,0.8209941387176514,0.07344286143779755,0.05474790185689926,8.79243344797942e-09,0.05058351159095764,0.0002315941237611696,8.023271948331967e-05,0.07336258143186569,6.705328559064583e-08,3.022071837222029e-08,0.002501025563105941,0.8184930682182312,four_class_provisional_roi,shared_v1,global_and_each_source_regression_gate
B_v0_115200_to_460800_ce_feat_1_kd_20260920-192610-inBroken-460800,B,v0,115200_to_460800,ce_feat_1_kd,42,20260920-192610-inBroken-460800,inBroken,1,heldout,True,1,/home/huangyating/anomaly_detection/retention_alignment_20260922/radar/stage_b_v0/models/four_class_provisional_roi/115200_to_460800/ce_feat_1_kd.pt,0.02257991023361683,0.8075034022331238,0.09572011232376099,0.07419651001691818,0.02257991023361683,1.5250906315600332e-08,0.8072795271873474,0.0002238894667243585,0.00017149797349702567,0.07402493059635162,6.561936061189044e-08,5.935939952905755e-07,0.009507482871413231,0.08621200919151306,four_class_provisional_roi,shared_v1,global_and_each_source_regression_gate
B_v0_115200_to_460800_ce_feat_1_kd_20260920-194108-roll-460800,B,v0,115200_to_460800,ce_feat_1_kd,42,20260920-194108-roll-460800,roll,3,heldout,True,3,/home/huangyating/anomaly_detection/retention_alignment_20260922/radar/stage_b_v0/models/four_class_provisional_roi/115200_to_460800/ce_feat_1_kd.pt,0.023367255926132202,0.0423743911087513,0.05161970853805542,0.8826385736465454,0.023367252200841904,7.03507585519958e-10,0.04234015569090843,3.423457019380294e-05,5.135506216902286e-05,0.8825872540473938,8.643887383641413e-09,9.734725026078195e-09,0.00021668330009561032,0.05140301212668419,four_class_provisional_roi,shared_v1,global_and_each_source_regression_gate
B_v0_460800_to_115200_embedding_only_20260920-184058-normal-11520,B,v0,460800_to_115200,embedding_only,42,20260920-184058-normal-11520,normal,0,heldout,True,0,/home/huangyating/anomaly_detection/retention_alignment_20260922/radar/stage_b_v0/models/four_class_provisional_roi/460800_to_115200/embedding_only.pt,0.7535650134086609,0.052371006458997726,0.14746463298797607,0.046599410474300385,0.7535650134086609,1.1209949413171216e-08,0.051991384476423264,0.0003796221280936152,0.00027579240850172937,0.046323202550411224,4.022427333438827e-07,7.193543183348083e-07,0.012421307153999805,0.13504262268543243,four_class_provisional_roi,shared_v1,global_and_each_source_regression_gate
B_v0_460800_to_115200_embedding_only_20260920-190512-outBroken-115200,B,v0,460800_to_115200,embedding_only,42,20260920-190512-outBroken-115200,outBroken,2,heldout,False,2,/home/huangyating/anomaly_detection/retention_alignment_20260922/radar/stage_b_v0/models/four_class_provisional_roi/460800_to_115200/embedding_only.pt,0.09334788471460342,0.03783288970589638,0.8370546698570251,0.0317644327878952,0.09334787726402283,5.2834316477401444e-08,0.03710394352674484,0.0007289056666195393,0.00027244375087320805,0.0314914733171463,5.161123226571362e-07,1.3832448075845605e-07,0.0036110365763306618,0.8334437012672424,four_class_provisional_roi,shared_v1,global_and_each_source_regression_gate
B_v0_460800_to_115200_embedding_only_20260920-192216-inBroken-115200,B,v0,460800_to_115200,embedding_only,42,20260920-192216-inBroken-115200,inBroken,1,heldout,True,1,/home/huangyating/anomaly_detection/retention_alignment_20260922/radar/stage_b_v0/models/four_class_provisional_roi/460800_to_115200/embedding_only.pt,0.07732124626636505,0.6613616347312927,0.21870626509189606,0.042610861361026764,0.07732123881578445,1.682915140577279e-08,0.6609216928482056,0.00043999296030960977,0.0003465136105660349,0.042264193296432495,1.547708592397612e-07,5.841370693815406e-07,0.00824759528040886,0.21045808494091034,four_class_provisional_roi,shared_v1,global_and_each_source_regression_gate
B_v0_460800_to_115200_embedding_only_20260920-193718-roll-115200,B,v0,460800_to_115200,embedding_only,42,20260920-193718-roll-115200,roll,3,heldout,True,3,/home/huangyating/anomaly_detection/retention_alignment_20260922/radar/stage_b_v0/models/four_class_provisional_roi/460800_to_115200/embedding_only.pt,0.12372331321239471,0.056918270885944366,0.017989875748753548,0.8013686537742615,0.12372329831123352,3.4439667784269545e-10,0.05689719691872597,2.106251304212492e-05,3.778358222916722e-05,0.8013308644294739,6.446802647275263e-09,8.38755109811018e-09,0.00012221367796882987,0.017867648974061012,four_class_provisional_roi,shared_v1,global_and_each_source_regression_gate
B_v0_460800_to_115200_ce_only_20260920-184058-normal-11520,B,v0,460800_to_115200,ce_only,42,20260920-184058-normal-11520,normal,0,heldout,True,0,/home/huangyating/anomaly_detection/retention_alignment_20260922/radar/stage_b_v0/models/four_class_provisional_roi/460800_to_115200/ce_only.pt,0.9989422559738159,1.437012087990297e-05,3.0420702387345955e-05,0.0010129555594176054,0.9989422559738159,3.928066552583154e-11,1.383989911118988e-05,5.301853320816008e-07,5.11905284383829e-07,0.0010124422842636704,1.5706698164308364e-09,1.0209048051379455e-09,2.2669810277875513e-06,2.8152702725492418e-05,four_class_provisional_roi,shared_v1,global_and_each_source_regression_gate
B_v0_460800_to_115200_ce_only_20260920-190512-outBroken-115200,B,v0,460800_to_115200,ce_only,42,20260920-190512-outBroken-115200,outBroken,2,heldout,False,2,/home/huangyating/anomaly_detection/retention_alignment_20260922/radar/stage_b_v0/models/four_class_provisional_roi/460800_to_115200/ce_only.pt,2.5746096071088687e-05,3.835771349258721e-05,0.9999266862869263,9.29175439523533e-06,2.5746088795131072e-05,3.1095750974152736e-11,3.721275061252527e-05,1.1449327530499431e-06,9.808654795051552e-07,8.310716111736838e-06,1.7041246191951132e-10,5.791301882496214e-10,4.4986354623688385e-05,0.9998815655708313,four_class_provisional_roi,shared_v1,global_and_each_source_regression_gate
B_v0_460800_to_115200_ce_only_20260920-192216-inBroken-115200,B,v0,460800_to_115200,ce_only,42,20260920-192216-inBroken-115200,inBroken,1,heldout,True,1,/home/huangyating/anomaly_detection/retention_alignment_20260922/radar/stage_b_v0/models/four_class_provisional_roi/460800_to_115200/ce_only.pt,0.0002541380235925317,0.9874964356422424,0.01164449192583561,0.0006050070514902472,0.0002541379944887012,3.0695496144872436e-10,0.9874849915504456,1.1438606634328607e-05,9.52363097894704e-06,0.000595480902120471,2.4026365341711653e-09,3.4033460494242718e-09,0.000136018410557881,0.01150847040116787,four_class_provisional_roi,shared_v1,global_and_each_source_regression_gate
B_v0_460800_to_115200_ce_only_20260920-193718-roll-115200,B,v0,460800_to_115200,ce_only,42,20260920-193718-roll-115200,roll,3,heldout,True,3,/home/huangyating/anomaly_detection/retention_alignment_20260922/radar/stage_b_v0/models/four_class_provisional_roi/460800_to_115200/ce_only.pt,0.04577849805355072,0.00021784502314403653,4.281143264961429e-05,0.9539608955383301,0.04577849805355072,3.5770622575093114e-11,0.0002166828780900687,1.1621700650721323e-06,1.428195105290797e-06,0.9539594650268555,9.63001012266318e-10,9.83020109757149e-10,3.910252871719422e-06,3.890020161634311e-05,four_class_provisional_roi,shared_v1,global_and_each_source_regression_gate
B_v0_460800_to_115200_ce_feat_1_kd_20260920-184058-normal-11520,B,v0,460800_to_115200,ce_feat_1_kd,42,20260920-184058-normal-11520,normal,0,heldout,True,0,/home/huangyating/anomaly_detection/retention_alignment_20260922/radar/stage_b_v0/models/four_class_provisional_roi/460800_to_115200/ce_feat_1_kd.pt,0.8656250834465027,0.033633243292570114,0.06901345402002335,0.03172814100980759,0.8656250834465027,8.61463256285333e-09,0.03335175663232803,0.0002814872714225203,0.00019080510537605733,0.031536977738142014,3.5846039736497914e-07,6.154636480459885e-07,0.012900968082249165,0.056111883372068405,four_class_provisional_roi,shared_v1,global_and_each_source_regression_gate
B_v0_460800_to_115200_ce_feat_1_kd_20260920-190512-outBroken-115200,B,v0,460800_to_115200,ce_feat_1_kd,42,20260920-190512-outBroken-115200,outBroken,2,heldout,False,2,/home/huangyating/anomaly_detection/retention_alignment_20260922/radar/stage_b_v0/models/four_class_provisional_roi/460800_to_115200/ce_feat_1_kd.pt,0.05691540241241455,0.027546679601073265,0.8935762643814087,0.021961521357297897,0.05691540241241455,3.7857429191490155e-08,0.026960203424096107,0.0005864330451004207,0.00021836787345819175,0.021742798388004303,3.619999802140228e-07,1.0251764592794643e-07,0.002329158131033182,0.891247034072876,four_class_provisional_roi,shared_v1,global_and_each_source_regression_gate
B_v0_460800_to_115200_ce_feat_1_kd_20260920-192216-inBroken-115200,B,v0,460800_to_115200,ce_feat_1_kd,42,20260920-192216-inBroken-115200,inBroken,1,heldout,True,1,/home/huangyating/anomaly_detection/retention_alignment_20260922/radar/stage_b_v0/models/four_class_provisional_roi/460800_to_115200/ce_feat_1_kd.pt,0.05441056564450264,0.7680531144142151,0.14197422564029694,0.03556206077337265,0.05441057309508324,1.3022535938489455e-08,0.7677157521247864,0.00033743129461072385,0.0002844959089998156,0.03527745604515076,1.1624865692283493e-07,5.363407353797811e-07,0.009111735969781876,0.1328619420528412,four_class_provisional_roi,shared_v1,global_and_each_source_regression_gate
B_v0_460800_to_115200_ce_feat_1_kd_20260920-193718-roll-115200,B,v0,460800_to_115200,ce_feat_1_kd,42,20260920-193718-roll-115200,roll,3,heldout,True,3,/home/huangyating/anomaly_detection/retention_alignment_20260922/radar/stage_b_v0/models/four_class_provisional_roi/460800_to_115200/ce_feat_1_kd.pt,0.08448907732963562,0.039072439074516296,0.013702030293643475,0.8627362847328186,0.08448904752731323,2.5920793289557764e-10,0.039056431502103806,1.6012178093660623e-05,2.78523384622531e-05,0.862708568572998,4.858812907571064e-09,5.788861390243483e-09,9.200875501846895e-05,0.013610010966658592,four_class_provisional_roi,shared_v1,global_and_each_source_regression_gate
B_v0_all_known_embedding_only_20260920-195424-keep-115200,B,v0,all_known,embedding_only,42,20260920-195424-keep-115200,keep,-1,external,False,2,/home/huangyating/anomaly_detection/retention_alignment_20260922/radar/stage_b_v0/models/four_class_provisional_roi/all_known/embedding_only.pt,0.13660705089569092,0.038762979209423065,0.6636570692062378,0.16097280383110046,0.13660705089569092,4.768465178273118e-09,0.03867444396018982,8.853710460243747e-05,5.4052059567766264e-05,0.1609186828136444,1.0221951640687621e-07,4.407593223731965e-08,0.0007840499165467918,0.6628730893135071,four_class_provisional_roi,shared_v1,global_gate_only_some_sources_declined
B_v0_all_known_embedding_only_20260920-195753-keep-460800,B,v0,all_known,embedding_only,42,20260920-195753-keep-460800,keep,-1,external,False,2,/home/huangyating/anomaly_detection/retention_alignment_20260922/radar/stage_b_v0/models/four_class_provisional_roi/all_known/embedding_only.pt,0.09741166979074478,0.026654493063688278,0.7478073835372925,0.12812642753124237,0.09741166979074478,3.0701228226348576e-09,0.02659216895699501,6.231803126865998e-05,3.249240398872644e-05,0.128093883395195,5.904939825995825e-08,1.946600924895847e-08,0.0005379076465032995,0.7472694516181946,four_class_provisional_roi,shared_v1,global_gate_only_some_sources_declined
B_v0_all_known_embedding_only_20260920-201757-bigNormal-115200,B,v0,all_known,embedding_only,42,20260920-201757-bigNormal-115200,bigNormal,0,external,True,3,/home/huangyating/anomaly_detection/retention_alignment_20260922/radar/stage_b_v0/models/four_class_provisional_roi/all_known/embedding_only.pt,0.07729863375425339,0.06369950622320175,0.36177828907966614,0.4972235858440399,0.07729863375425339,1.6132818414504868e-09,0.063662588596344,3.6907360481563956e-05,3.667530108941719e-05,0.49718692898750305,2.6957236443081456e-08,1.2317047826115868e-08,0.00018017606635112315,0.36159810423851013,four_class_provisional_roi,shared_v1,global_gate_only_some_sources_declined
B_v0_all_known_embedding_only_20260920-202115-bigNormal-460800,B,v0,all_known,embedding_only,42,20260920-202115-bigNormal-460800,bigNormal,0,external,True,2,/home/huangyating/anomaly_detection/retention_alignment_20260922/radar/stage_b_v0/models/four_class_provisional_roi/all_known/embedding_only.pt,0.08281116187572479,0.05271099880337715,0.4959978759288788,0.36847999691963196,0.08281116187572479,2.9141211665972833e-09,0.05265400931239128,5.698797758668661e-05,4.649579932447523e-05,0.36843341588974,4.8209507497176673e-08,1.9330292033714613e-08,0.0002870689204428345,0.4957107603549957,four_class_provisional_roi,shared_v1,global_gate_only_some_sources_declined
B_v0_all_known_ce_only_20260920-195424-keep-115200,B,v0,all_known,ce_only,42,20260920-195424-keep-115200,keep,-1,external,False,2,/home/huangyating/anomaly_detection/retention_alignment_20260922/radar/stage_b_v0/models/four_class_provisional_roi/all_known/ce_only.pt,0.00107044936157763,0.000336519064148888,0.9982812404632568,0.00031198846409097314,0.00107044936157763,4.8327050694574325e-11,0.0003347572637721896,1.7617028333916096e-06,1.0867693163163494e-06,0.00031090088305063546,8.785008831502239e-10,1.4957300953355457e-09,3.2983574783429503e-05,0.9982481598854065,four_class_provisional_roi,shared_v1,global_gate_only_some_sources_declined
B_v0_all_known_ce_only_20260920-195753-keep-460800,B,v0,all_known,ce_only,42,20260920-195753-keep-460800,keep,-1,external,False,2,/home/huangyating/anomaly_detection/retention_alignment_20260922/radar/stage_b_v0/models/four_class_provisional_roi/all_known/ce_only.pt,0.0002799566718749702,0.000134404341224581,0.9994497299194336,0.00013608501467388123,0.00027995664277113974,1.9766615427796452e-11,0.00013355110422708094,8.531895332453132e-07,5.303490411279199e-07,0.00013555427722167224,3.680074855960669e-10,6.728109736009458e-10,1.7061871403711848e-05,0.9994325041770935,four_class_provisional_roi,shared_v1,global_gate_only_some_sources_declined
B_v0_all_known_ce_only_20260920-201757-bigNormal-115200,B,v0,all_known,ce_only,42,20260920-201757-bigNormal-115200,bigNormal,0,external,True,2,/home/huangyating/anomaly_detection/retention_alignment_20260922/radar/stage_b_v0/models/four_class_provisional_roi/all_known/ce_only.pt,0.006183364894241095,0.04507843405008316,0.7948134541511536,0.15392471849918365,0.006183365359902382,4.681266485562219e-10,0.045060429722070694,1.8003600416705012e-05,1.92608295037644e-05,0.1539054811000824,8.162949427514832e-09,1.0002733752401127e-08,0.00022680121765006334,0.7945865392684937,four_class_provisional_roi,shared_v1,global_gate_only_some_sources_declined
B_v0_all_known_ce_only_20260920-202115-bigNormal-460800,B,v0,all_known,ce_only,42,20260920-202115-bigNormal-460800,bigNormal,0,external,True,2,/home/huangyating/anomaly_detection/retention_alignment_20260922/radar/stage_b_v0/models/four_class_provisional_roi/all_known/ce_only.pt,0.0029530911706387997,0.02529606595635414,0.9459034204483032,0.025847462937235832,0.002953090937808156,2.7608393349254357e-10,0.025285568088293076,1.049442926159827e-05,9.759209206094965e-06,0.025837700814008713,4.455555924209875e-09,6.54241816278045e-09,0.00015486241318285465,0.9457485675811768,four_class_provisional_roi,shared_v1,global_gate_only_some_sources_declined
B_v0_all_known_ce_feat_1_kd_20260920-195424-keep-115200,B,v0,all_known,ce_feat_1_kd,42,20260920-195424-keep-115200,keep,-1,external,False,2,/home/huangyating/anomaly_detection/retention_alignment_20260922/radar/stage_b_v0/models/four_class_provisional_roi/all_known/ce_feat_1_kd.pt,0.07837874442338943,0.029552457854151726,0.7926348447799683,0.09943394362926483,0.07837874442338943,5.024144655862983e-09,0.029469961300492287,8.248614176409319e-05,4.3021151213906705e-05,0.09939084947109222,8.51276951152613e-08,2.8165100474097926e-08,0.0006232468876987696,0.792011559009552,four_class_provisional_roi,shared_v1,global_gate_only_some_sources_declined
B_v0_all_known_ce_feat_1_kd_20260920-195753-keep-460800,B,v0,all_known,ce_feat_1_kd,42,20260920-195753-keep-460800,keep,-1,external,False,2,/home/huangyating/anomaly_detection/retention_alignment_20260922/radar/stage_b_v0/models/four_class_provisional_roi/all_known/ce_feat_1_kd.pt,0.05326193571090698,0.02403026446700096,0.8495768904685974,0.07313087582588196,0.05326193571090698,3.008628235434685e-09,0.023973820731043816,5.643918120767921e-05,2.597815364424605e-05,0.0731048434972763,4.717778523399829e-08,1.3464766190907085e-08,0.00043973271385766566,0.8491372466087341,four_class_provisional_roi,shared_v1,global_gate_only_some_sources_declined
B_v0_all_known_ce_feat_1_kd_20260920-201757-bigNormal-115200,B,v0,all_known,ce_feat_1_kd,42,20260920-201757-bigNormal-115200,bigNormal,0,external,True,2,/home/huangyating/anomaly_detection/retention_alignment_20260922/radar/stage_b_v0/models/four_class_provisional_roi/all_known/ce_feat_1_kd.pt,0.05456378310918808,0.10628768801689148,0.42081162333488464,0.4183369576931,0.05456377938389778,1.1320073767251415e-09,0.10625938326120377,2.8305432351771742e-05,2.9321525289560668e-05,0.4183075726032257,1.569892305042231e-08,9.05061625644521e-09,0.00016636346117593348,0.42064517736434937,four_class_provisional_roi,shared_v1,global_gate_only_some_sources_declined
B_v0_all_known_ce_feat_1_kd_20260920-202115-bigNormal-460800,B,v0,all_known,ce_feat_1_kd,42,20260920-202115-bigNormal-460800,bigNormal,0,external,True,2,/home/huangyating/anomaly_detection/retention_alignment_20260922/radar/stage_b_v0/models/four_class_provisional_roi/all_known/ce_feat_1_kd.pt,0.052865125238895416,0.09201168268918991,0.5533540844917297,0.3017691969871521,0.052865128964185715,1.5453716084579128e-09,0.09197647869586945,3.5212138755014166e-05,3.13482123601716e-05,0.30173784494400024,2.0755134499950145e-08,1.0800046190695411e-08,0.00020965011208318174,0.5531444549560547,four_class_provisional_roi,shared_v1,global_gate_only_some_sources_declined
B_query_no_demean_115200_to_460800_embedding_only_20260920-184857-normal-460800,B,query_no_demean,115200_to_460800,embedding_only,42,20260920-184857-normal-460800,normal,0,heldout,True,0,/home/huangyating/anomaly_detection/retention_alignment_20260922/radar/stage_b_no_demean/models/four_class_provisional_roi/115200_to_460800/embedding_only.pt,0.7748482823371887,0.034402165561914444,0.07923368364572525,0.11151588708162308,0.7748484015464783,2.1792319060409682e-08,0.034336213022470474,6.59215438645333e-05,0.00010676310193957761,0.11140894889831543,1.773553748307677e-07,1.3160924083877035e-07,0.0005953765357844532,0.07863817363977432,four_class_provisional_roi,shared_v1,global_and_each_source_regression_gate
B_query_no_demean_115200_to_460800_embedding_only_20260920-190913-outBroken-460800,B,query_no_demean,115200_to_460800,embedding_only,42,20260920-190913-outBroken-460800,outBroken,2,heldout,False,2,/home/huangyating/anomaly_detection/retention_alignment_20260922/radar/stage_b_no_demean/models/four_class_provisional_roi/115200_to_460800/embedding_only.pt,0.0785299614071846,0.1262899488210678,0.6157005429267883,0.17947955429553986,0.0785299614071846,2.3923195868746916e-08,0.12620951235294342,8.0387297202833e-05,8.132887887768447e-05,0.17939814925193787,6.339287494938617e-08,2.6220954296718446e-08,0.0001522324455436319,0.6155483722686768,four_class_provisional_roi,shared_v1,global_and_each_source_regression_gate
B_query_no_demean_115200_to_460800_embedding_only_20260920-192610-inBroken-460800,B,query_no_demean,115200_to_460800,embedding_only,42,20260920-192610-inBroken-460800,inBroken,1,heldout,True,1,/home/huangyating/anomaly_detection/retention_alignment_20260922/radar/stage_b_no_demean/models/four_class_provisional_roi/115200_to_460800/embedding_only.pt,0.08029795438051224,0.5737261772155762,0.22546488046646118,0.1205110177397728,0.08029795438051224,6.384585304886059e-08,0.5735905766487122,0.00013545600813813508,0.00020495661010500044,0.12030589580535889,1.613489786222999e-07,4.967568543179368e-07,0.0007280359859578311,0.22473636269569397,four_class_provisional_roi,shared_v1,global_and_each_source_regression_gate
B_query_no_demean_115200_to_460800_embedding_only_20260920-194108-roll-460800,B,query_no_demean,115200_to_460800,embedding_only,42,20260920-194108-roll-460800,roll,3,heldout,True,3,/home/huangyating/anomaly_detection/retention_alignment_20260922/radar/stage_b_no_demean/models/four_class_provisional_roi/115200_to_460800/embedding_only.pt,0.04007309675216675,0.11808457970619202,0.12510620057582855,0.7167363166809082,0.040073100477457047,5.708252981406758e-09,0.11804717779159546,3.739182648132555e-05,7.625416037626565e-05,0.7166598439216614,2.393980125248163e-08,2.0572841208377213e-08,9.702808893052861e-05,0.12500914931297302,four_class_provisional_roi,shared_v1,global_and_each_source_regression_gate
B_query_no_demean_115200_to_460800_ce_only_20260920-184857-normal-460800,B,query_no_demean,115200_to_460800,ce_only,42,20260920-184857-normal-460800,normal,0,heldout,True,0,/home/huangyating/anomaly_detection/retention_alignment_20260922/radar/stage_b_no_demean/models/four_class_provisional_roi/115200_to_460800/ce_only.pt,0.9999654293060303,1.1628594620560762e-05,3.379586132723489e-06,1.9515979147399776e-05,0.9999654293060303,1.2933616677646143e-10,1.1543933396751527e-05,8.452827415794673e-08,7.101778720652874e-08,1.9444481949904002e-05,4.825842503386468e-10,6.562139165389169e-10,3.218994208964432e-07,3.0570306535082636e-06,four_class_provisional_roi,shared_v1,global_and_each_source_regression_gate
B_query_no_demean_115200_to_460800_ce_only_20260920-190913-outBroken-460800,B,query_no_demean,115200_to_460800,ce_only,42,20260920-190913-outBroken-460800,outBroken,2,heldout,False,2,/home/huangyating/anomaly_detection/retention_alignment_20260922/radar/stage_b_no_demean/models/four_class_provisional_roi/115200_to_460800/ce_only.pt,0.0005241084727458656,0.017677066847682,0.9809622764587402,0.0008364765089936554,0.0005241084145382047,5.133966585191274e-10,0.017674356698989868,2.713313051572186e-06,4.0222271309175994e-06,0.0008324520313180983,2.158280443254057e-09,2.055960512947763e-09,1.2388590221235063e-05,0.9809499382972717,four_class_provisional_roi,shared_v1,global_and_each_source_regression_gate
B_query_no_demean_115200_to_460800_ce_only_20260920-192610-inBroken-460800,B,query_no_demean,115200_to_460800,ce_only,42,20260920-192610-inBroken-460800,inBroken,1,heldout,True,1,/home/huangyating/anomaly_detection/retention_alignment_20260922/radar/stage_b_no_demean/models/four_class_provisional_roi/115200_to_460800/ce_only.pt,0.000230182777158916,0.999555766582489,1.685171628196258e-05,0.00019716779934242368,0.0002301827335031703,1.5772749772935413e-10,0.9995556473731995,2.2191818516148487e-07,5.118768058309797e-07,0.00019665561558213085,2.7494426180219023e-10,3.4355326916646334e-10,1.1826504078271682e-06,1.5668721971451305e-05,four_class_provisional_roi,shared_v1,global_and_each_source_regression_gate
B_query_no_demean_115200_to_460800_ce_only_20260920-194108-roll-460800,B,query_no_demean,115200_to_460800,ce_only,42,20260920-194108-roll-460800,roll,3,heldout,True,3,/home/huangyating/anomaly_detection/retention_alignment_20260922/radar/stage_b_no_demean/models/four_class_provisional_roi/115200_to_460800/ce_only.pt,3.6787889257539064e-05,5.400875670602545e-05,9.380263691127766e-06,0.999899685382843,3.6787889257539064e-05,1.162619046174429e-11,5.3927429689792916e-05,8.131962658808334e-08,1.9693761998951231e-07,0.9998995661735535,7.67870628193279e-11,2.480091132461837e-11,1.8846280624984502e-07,9.191774552164134e-06,four_class_provisional_roi,shared_v1,global_and_each_source_regression_gate
B_query_no_demean_115200_to_460800_ce_feat_1_kd_20260920-184857-normal-460800,B,query_no_demean,115200_to_460800,ce_feat_1_kd,42,20260920-184857-normal-460800,normal,0,heldout,True,0,/home/huangyating/anomaly_detection/retention_alignment_20260922/radar/stage_b_no_demean/models/four_class_provisional_roi/115200_to_460800/ce_feat_1_kd.pt,0.8741971850395203,0.024553321301937103,0.04599456489086151,0.05525486543774605,0.8741971850395203,1.735606147690305e-08,0.024505717679858208,4.758847353514284e-05,7.749438373139128e-05,0.05517721548676491,1.4391504521427123e-07,1.1472601357809253e-07,0.0004890034906566143,0.04550543799996376,four_class_provisional_roi,shared_v1,global_and_each_source_regression_gate
B_query_no_demean_115200_to_460800_ce_feat_1_kd_20260920-190913-outBroken-460800,B,query_no_demean,115200_to_460800,ce_feat_1_kd,42,20260920-190913-outBroken-460800,outBroken,2,heldout,False,2,/home/huangyating/anomaly_detection/retention_alignment_20260922/radar/stage_b_no_demean/models/four_class_provisional_roi/115200_to_460800/ce_feat_1_kd.pt,0.044636320322752,0.06932451575994492,0.8061800599098206,0.07985895127058029,0.0446363165974617,1.6082978504528e-08,0.06926734745502472,5.7150704378727823e-05,5.493747448781505e-05,0.079803965985775,4.2889141127488983e-08,1.6387657453265092e-08,9.953067637979984e-05,0.8060808777809143,four_class_provisional_roi,shared_v1,global_and_each_source_regression_gate
B_query_no_demean_115200_to_460800_ce_feat_1_kd_20260920-192610-inBroken-460800,B,query_no_demean,115200_to_460800,ce_feat_1_kd,42,20260920-192610-inBroken-460800,inBroken,1,heldout,True,1,/home/huangyating/anomaly_detection/retention_alignment_20260922/radar/stage_b_no_demean/models/four_class_provisional_roi/115200_to_460800/ce_feat_1_kd.pt,0.056351423263549805,0.7711207866668701,0.10191334038972855,0.07061436027288437,0.056351423263549805,4.995767000082196e-08,0.7710295915603638,9.133487765211612e-05,0.00015137238369788975,0.07046287506818771,1.205221735744999e-07,3.975716253989958e-07,0.0006170043488964438,0.10129594057798386,four_class_provisional_roi,shared_v1,global_and_each_source_regression_gate
B_query_no_demean_115200_to_460800_ce_feat_1_kd_20260920-194108-roll-460800,B,query_no_demean,115200_to_460800,ce_feat_1_kd,42,20260920-194108-roll-460800,roll,3,heldout,True,3,/home/huangyating/anomaly_detection/retention_alignment_20260922/radar/stage_b_no_demean/models/four_class_provisional_roi/115200_to_460800/ce_feat_1_kd.pt,0.026736659929156303,0.06226130947470665,0.06477300077676773,0.846229076385498,0.026736656203866005,3.5575553614108912e-09,0.06223566457629204,2.5656256184447557e-05,4.9812966608442366e-05,0.8461793065071106,1.5659150420788137e-08,1.2072174371269284e-08,6.561942427651957e-05,0.06470735371112823,four_class_provisional_roi,shared_v1,global_and_each_source_regression_gate
B_query_no_demean_460800_to_115200_embedding_only_20260920-184058-normal-11520,B,query_no_demean,460800_to_115200,embedding_only,42,20260920-184058-normal-11520,normal,0,heldout,True,0,/home/huangyating/anomaly_detection/retention_alignment_20260922/radar/stage_b_no_demean/models/four_class_provisional_roi/460800_to_115200/embedding_only.pt,0.7480568885803223,0.07815774530172348,0.12172186374664307,0.05206349119544029,0.748056948184967,3.5197999181946216e-08,0.0780453085899353,0.00011239665764151141,0.0002835273335222155,0.0517793707549572,5.938457547927101e-07,4.5666550363421266e-07,0.0012853449443355203,0.12043607234954834,four_class_provisional_roi,shared_v1,global_and_each_source_regression_gate
B_query_no_demean_460800_to_115200_embedding_only_20260920-190512-outBroken-115200,B,query_no_demean,460800_to_115200,embedding_only,42,20260920-190512-outBroken-115200,outBroken,2,heldout,False,2,/home/huangyating/anomaly_detection/retention_alignment_20260922/radar/stage_b_no_demean/models/four_class_provisional_roi/460800_to_115200/embedding_only.pt,0.10235784202814102,0.06033198907971382,0.7848256826400757,0.05248461291193962,0.10235785692930222,7.526180212380496e-08,0.06013929843902588,0.00019261518900748342,0.00023391882132273167,0.05225024372339249,4.5538061499428295e-07,8.553874408789852e-08,0.00034980010241270065,0.7844756245613098,four_class_provisional_roi,shared_v1,global_and_each_source_regression_gate
B_query_no_demean_460800_to_115200_embedding_only_20260920-192216-inBroken-115200,B,query_no_demean,460800_to_115200,embedding_only,42,20260920-192216-inBroken-115200,inBroken,1,heldout,True,1,/home/huangyating/anomaly_detection/retention_alignment_20260922/radar/stage_b_no_demean/models/four_class_provisional_roi/460800_to_115200/embedding_only.pt,0.13341717422008514,0.5480438470840454,0.2532329261302948,0.0653061717748642,0.13341717422008514,5.398453239990886e-08,0.5478478074073792,0.00019582688400987536,0.0003560345503501594,0.06494978070259094,3.5772404771705624e-07,4.460000013750687e-07,0.0021606215741485357,0.25107184052467346,four_class_provisional_roi,shared_v1,global_and_each_source_regression_gate
B_query_no_demean_460800_to_115200_embedding_only_20260920-193718-roll-115200,B,query_no_demean,460800_to_115200,embedding_only,42,20260920-193718-roll-115200,roll,3,heldout,True,3,/home/huangyating/anomaly_detection/retention_alignment_20260922/radar/stage_b_no_demean/models/four_class_provisional_roi/460800_to_115200/embedding_only.pt,0.08970395475625992,0.13111482560634613,0.028834298253059387,0.750346839427948,0.08970395475625992,1.7799181017963406e-09,0.13109934329986572,1.546271778352093e-05,5.081792187411338e-05,0.7502961158752441,1.8050737793373628e-08,1.1143203693109172e-08,0.00012824330769944936,0.02870604395866394,four_class_provisional_roi,shared_v1,global_and_each_source_regression_gate
B_query_no_demean_460800_to_115200_ce_only_20260920-184058-normal-11520,B,query_no_demean,460800_to_115200,ce_only,42,20260920-184058-normal-11520,normal,0,heldout,True,0,/home/huangyating/anomaly_detection/retention_alignment_20260922/radar/stage_b_no_demean/models/four_class_provisional_roi/460800_to_115200/ce_only.pt,0.9987582564353943,2.924471118603833e-05,5.931210398557596e-05,0.0011532134376466274,0.9987584352493286,2.2038894320619562e-10,2.8572341761901043e-05,6.721470526827034e-07,1.0052289098894107e-06,0.0011522015556693077,6.252904416470528e-09,3.8627714360472964e-09,4.228760190017056e-06,5.50794939044863e-05,four_class_provisional_roi,shared_v1,global_and_each_source_regression_gate
B_query_no_demean_460800_to_115200_ce_only_20260920-190512-outBroken-115200,B,query_no_demean,460800_to_115200,ce_only,42,20260920-190512-outBroken-115200,outBroken,2,heldout,False,2,/home/huangyating/anomaly_detection/retention_alignment_20260922/radar/stage_b_no_demean/models/four_class_provisional_roi/460800_to_115200/ce_only.pt,5.248639718047343e-05,2.200711787736509e-05,0.9999169707298279,8.291638550872449e-06,5.248639718047343e-05,6.101273652969752e-11,2.1747804566984996e-05,2.5925075419763743e-07,5.119067054693005e-07,7.779542102070991e-06,1.8759659103917414e-10,1.283332606849541e-10,1.5062136071719578e-06,0.9999157786369324,four_class_provisional_roi,shared_v1,global_and_each_source_regression_gate
B_query_no_demean_460800_to_115200_ce_only_20260920-192216-inBroken-115200,B,query_no_demean,460800_to_115200,ce_only,42,20260920-192216-inBroken-115200,inBroken,1,heldout,True,1,/home/huangyating/anomaly_detection/retention_alignment_20260922/radar/stage_b_no_demean/models/four_class_provisional_roi/460800_to_115200/ce_only.pt,0.0009413957595825195,0.9854505062103271,0.012744469568133354,0.0008635396370664239,0.0009413957013748586,1.2519414394063233e-09,0.985446572303772,4.032153356092749e-06,9.805849003896583e-06,0.0008537292596884072,4.630184236020796e-09,3.0830269448500758e-09,3.325383295305073e-05,0.01271121110767126,four_class_provisional_roi,shared_v1,global_and_each_source_regression_gate
B_query_no_demean_460800_to_115200_ce_only_20260920-193718-roll-115200,B,query_no_demean,460800_to_115200,ce_only,42,20260920-193718-roll-115200,roll,3,heldout,True,3,/home/huangyating/anomaly_detection/retention_alignment_20260922/radar/stage_b_no_demean/models/four_class_provisional_roi/460800_to_115200/ce_only.pt,0.043142300099134445,0.0002925596199929714,6.60760561004281e-05,0.9564991593360901,0.04314229637384415,1.4863250907826142e-10,0.000291346077574417,1.2133552900195355e-06,2.2512358555104584e-06,0.9564969539642334,4.156788691034308e-09,2.2733162019505926e-09,7.756434570183046e-06,5.831733869854361e-05,four_class_provisional_roi,shared_v1,global_and_each_source_regression_gate
B_query_no_demean_460800_to_115200_ce_feat_1_kd_20260920-184058-normal-11520,B,query_no_demean,460800_to_115200,ce_feat_1_kd,42,20260920-184058-normal-11520,normal,0,heldout,True,0,/home/huangyating/anomaly_detection/retention_alignment_20260922/radar/stage_b_no_demean/models/four_class_provisional_roi/460800_to_115200/ce_feat_1_kd.pt,0.8630927205085754,0.04476797208189964,0.05693951994180679,0.03519982844591141,0.8630927801132202,2.6107647599360462e-08,0.04468623921275139,8.170554792741314e-05,0.00020634628890547901,0.03499295935034752,5.131643661115959e-07,3.8748692077206215e-07,0.0010589305311441422,0.05588021129369736,four_class_provisional_roi,shared_v1,global_and_each_source_regression_gate
B_query_no_demean_460800_to_115200_ce_feat_1_kd_20260920-190512-outBroken-115200,B,query_no_demean,460800_to_115200,ce_feat_1_kd,42,20260920-190512-outBroken-115200,outBroken,2,heldout,False,2,/home/huangyating/anomaly_detection/retention_alignment_20260922/radar/stage_b_no_demean/models/four_class_provisional_roi/460800_to_115200/ce_feat_1_kd.pt,0.05630197003483772,0.039733778685331345,0.869637131690979,0.03432713821530342,0.05630197003483772,5.16241271952822e-08,0.039591267704963684,0.00014245584316086024,0.0001687835028860718,0.03415805846452713,2.9418288249871694e-07,5.775899936111273e-08,0.0002446902508381754,0.8693923950195312,four_class_provisional_roi,shared_v1,global_and_each_source_regression_gate
B_query_no_demean_460800_to_115200_ce_feat_1_kd_20260920-192216-inBroken-115200,B,query_no_demean,460800_to_115200,ce_feat_1_kd,42,20260920-192216-inBroken-115200,inBroken,1,heldout,True,1,/home/huangyating/anomaly_detection/retention_alignment_20260922/radar/stage_b_no_demean/models/four_class_provisional_roi/460800_to_115200/ce_feat_1_kd.pt,0.08686058968305588,0.7088161706924438,0.14526601135730743,0.05905716493725777,0.08686058968305588,4.180444790335969e-08,0.7086631655693054,0.00015295081539079547,0.00030154199339449406,0.05875534564256668,2.819760993588716e-07,3.8644174082946847e-07,0.0022129202261567116,0.14305269718170166,four_class_provisional_roi,shared_v1,global_and_each_source_regression_gate
B_query_no_demean_460800_to_115200_ce_feat_1_kd_20260920-193718-roll-115200,B,query_no_demean,460800_to_115200,ce_feat_1_kd,42,20260920-193718-roll-115200,roll,3,heldout,True,3,/home/huangyating/anomaly_detection/retention_alignment_20260922/radar/stage_b_no_demean/models/four_class_provisional_roi/460800_to_115200/ce_feat_1_kd.pt,0.06450789421796799,0.07134448736906052,0.018871044740080833,0.8452765345573425,0.06450789421796799,1.1779132114142499e-09,0.07133334130048752,1.1134354281239212e-05,3.3836960938060656e-05,0.8452427387237549,1.3168842016852977e-08,7.714400673819455e-09,8.602267917012796e-05,0.0187850184738636,four_class_provisional_roi,shared_v1,global_and_each_source_regression_gate
B_query_no_demean_all_known_embedding_only_20260920-195424-keep-115200,B,query_no_demean,all_known,embedding_only,42,20260920-195424-keep-115200,keep,-1,external,False,2,/home/huangyating/anomaly_detection/retention_alignment_20260922/radar/stage_b_no_demean/models/four_class_provisional_roi/all_known/embedding_only.pt,0.14967694878578186,0.12588389217853546,0.5731303691864014,0.1513088047504425,0.14967693388462067,3.7001903763211885e-09,0.12587913870811462,4.722314770333469e-06,8.55066828080453e-05,0.15122327208518982,5.225846066991835e-08,1.1290999246682532e-08,4.1227787733078e-05,0.5730891823768616,four_class_provisional_roi,shared_v1,global_gate_only_some_sources_declined
B_query_no_demean_all_known_embedding_only_20260920-195753-keep-460800,B,query_no_demean,all_known,embedding_only,42,20260920-195753-keep-460800,keep,-1,external,False,2,/home/huangyating/anomaly_detection/retention_alignment_20260922/radar/stage_b_no_demean/models/four_class_provisional_roi/all_known/embedding_only.pt,0.10435149073600769,0.09463512897491455,0.6682254672050476,0.13278788328170776,0.10435149073600769,2.5083675136983175e-09,0.09463170170783997,3.435276994423475e-06,5.6033411965472624e-05,0.13273181021213531,3.1096423214194147e-08,5.264544356009537e-09,2.6327214072807692e-05,0.6681991815567017,four_class_provisional_roi,shared_v1,global_gate_only_some_sources_declined
B_query_no_demean_all_known_embedding_only_20260920-201757-bigNormal-115200,B,query_no_demean,all_known,embedding_only,42,20260920-201757-bigNormal-115200,bigNormal,0,external,True,2,/home/huangyating/anomaly_detection/retention_alignment_20260922/radar/stage_b_no_demean/models/four_class_provisional_roi/all_known/embedding_only.pt,0.08945135772228241,0.16391029953956604,0.4407166540622711,0.3059215545654297,0.08945135027170181,2.206649751812506e-09,0.1639069765806198,3.360272103236639e-06,6.948973168618977e-05,0.30585211515426636,2.6567336774974137e-08,6.084582615528689e-09,2.6424406314617954e-05,0.44069039821624756,four_class_provisional_roi,shared_v1,global_gate_only_some_sources_declined
B_query_no_demean_all_known_embedding_only_20260920-202115-bigNormal-460800,B,query_no_demean,all_known,embedding_only,42,20260920-202115-bigNormal-460800,bigNormal,0,external,True,2,/home/huangyating/anomaly_detection/retention_alignment_20260922/radar/stage_b_no_demean/models/four_class_provisional_roi/all_known/embedding_only.pt,0.09462130814790726,0.14895161986351013,0.5097658038139343,0.24666139483451843,0.09462129324674606,3.174046137033315e-09,0.1489473581314087,4.241322585585294e-06,8.034919301280752e-05,0.2465810328722,3.734418996259592e-08,8.092810865889533e-09,2.973026130348444e-05,0.5097359418869019,four_class_provisional_roi,shared_v1,global_gate_only_some_sources_declined
B_query_no_demean_all_known_ce_only_20260920-195424-keep-115200,B,query_no_demean,all_known,ce_only,42,20260920-195424-keep-115200,keep,-1,external,False,2,/home/huangyating/anomaly_detection/retention_alignment_20260922/radar/stage_b_no_demean/models/four_class_provisional_roi/all_known/ce_only.pt,0.0012773529160767794,0.0003456877311691642,0.9980652928352356,0.0003117893065791577,0.0012773525668308139,4.4925750619650984e-11,0.00034556997707113624,1.1775573938166417e-07,1.2921414054289926e-06,0.00031049674726091325,4.845367440609039e-10,2.732640225211469e-10,9.948063279807684e-07,0.9980641603469849,four_class_provisional_roi,shared_v1,global_gate_only_some_sources_declined
B_query_no_demean_all_known_ce_only_20260920-195753-keep-460800,B,query_no_demean,all_known,ce_only,42,20260920-195753-keep-460800,keep,-1,external,False,2,/home/huangyating/anomaly_detection/retention_alignment_20260922/radar/stage_b_no_demean/models/four_class_provisional_roi/all_known/ce_only.pt,0.0003598456096369773,0.00015524665650445968,0.9993420243263245,0.00014286214718595147,0.00035984558053314686,2.073474725250435e-11,0.0001551830500829965,6.35863131037695e-08,6.48112745693652e-07,0.00014221383025869727,2.085235040194533e-10,1.2413427230573149e-10,4.7517903567495523e-07,0.9993414878845215,four_class_provisional_roi,shared_v1,global_gate_only_some_sources_declined
B_query_no_demean_all_known_ce_only_20260920-201757-bigNormal-115200,B,query_no_demean,all_known,ce_only,42,20260920-201757-bigNormal-115200,bigNormal,0,external,True,2,/home/huangyating/anomaly_detection/retention_alignment_20260922/radar/stage_b_no_demean/models/four_class_provisional_roi/all_known/ce_only.pt,0.008344990201294422,0.047344475984573364,0.7481052875518799,0.19620515406131744,0.008344990201294422,6.014366782380876e-10,0.047343019396066666,1.4743477549927775e-06,2.8096737878513522e-05,0.19617706537246704,6.760584980725071e-09,2.510779584241618e-09,1.4904424460837618e-05,0.7480905055999756,four_class_provisional_roi,shared_v1,global_gate_only_some_sources_declined
B_query_no_demean_all_known_ce_only_20260920-202115-bigNormal-460800,B,query_no_demean,all_known,ce_only,42,20260920-202115-bigNormal-460800,bigNormal,0,external,True,2,/home/huangyating/anomaly_detection/retention_alignment_20260922/radar/stage_b_no_demean/models/four_class_provisional_roi/all_known/ce_only.pt,0.0037847396451979876,0.024022342637181282,0.9420755505561829,0.03011738508939743,0.003784739412367344,3.109543456059072e-10,0.024021580815315247,7.590867880935548e-07,1.3533246601582505e-05,0.03010384738445282,3.1609053152692468e-09,1.469746546689521e-09,7.3893215812859125e-06,0.9420680403709412,four_class_provisional_roi,shared_v1,global_gate_only_some_sources_declined
B_query_no_demean_all_known_ce_feat_1_kd_20260920-195424-keep-115200,B,query_no_demean,all_known,ce_feat_1_kd,42,20260920-195424-keep-115200,keep,-1,external,False,2,/home/huangyating/anomaly_detection/retention_alignment_20260922/radar/stage_b_no_demean/models/four_class_provisional_roi/all_known/ce_feat_1_kd.pt,0.07683516293764114,0.06500301510095596,0.7613959908485413,0.09676583856344223,0.07683516293764114,3.217247579456739e-09,0.06499890238046646,4.124581664655125e-06,6.194775050971657e-05,0.09670385718345642,3.7577976286229386e-08,6.447536282649935e-09,2.440161733829882e-05,0.7613716125488281,four_class_provisional_roi,shared_v1,global_gate_only_some_sources_declined
B_query_no_demean_all_known_ce_feat_1_kd_20260920-195753-keep-460800,B,query_no_demean,all_known,ce_feat_1_kd,42,20260920-195753-keep-460800,keep,-1,external,False,2,/home/huangyating/anomaly_detection/retention_alignment_20260922/radar/stage_b_no_demean/models/four_class_provisional_roi/all_known/ce_feat_1_kd.pt,0.05241398885846138,0.05036848783493042,0.8250976204872131,0.07211984694004059,0.05241398885846138,2.0802379818718464e-09,0.0503656268119812,2.8606912110262783e-06,4.000662738690153e-05,0.07207980006933212,2.2202403471283105e-08,3.3333027449344854e-09,1.6302212316077203e-05,0.8250815272331238,four_class_provisional_roi,shared_v1,global_gate_only_some_sources_declined
B_query_no_demean_all_known_ce_feat_1_kd_20260920-201757-bigNormal-115200,B,query_no_demean,all_known,ce_feat_1_kd,42,20260920-201757-bigNormal-115200,bigNormal,0,external,True,2,/home/huangyating/anomaly_detection/retention_alignment_20260922/radar/stage_b_no_demean/models/four_class_provisional_roi/all_known/ce_feat_1_kd.pt,0.05464683473110199,0.15610212087631226,0.48970136046409607,0.2995496392250061,0.05464683473110199,1.1792817833367053e-09,0.15609997510910034,2.1517055301956134e-06,4.7020093916216865e-05,0.2995026111602783,1.2605887889094447e-08,3.057812447693209e-09,1.9396251445868984e-05,0.4896819293498993,four_class_provisional_roi,shared_v1,global_gate_only_some_sources_declined
B_query_no_demean_all_known_ce_feat_1_kd_20260920-202115-bigNormal-460800,B,query_no_demean,all_known,ce_feat_1_kd,42,20260920-202115-bigNormal-460800,bigNormal,0,external,True,2,/home/huangyating/anomaly_detection/retention_alignment_20260922/radar/stage_b_no_demean/models/four_class_provisional_roi/all_known/ce_feat_1_kd.pt,0.0520150288939476,0.13911497592926025,0.5943325161933899,0.21453754603862762,0.052015021443367004,1.4181908980503977e-09,0.13911263644695282,2.323160515516065e-06,4.702310252469033e-05,0.21449047327041626,1.4420640681578334e-08,3.212135668562155e-09,1.9118066120427102e-05,0.5943134427070618,four_class_provisional_roi,shared_v1,global_gate_only_some_sources_declined
B_conservative_v0_all_known_ce_feat_1_kd_20260920-195424-keep-115200,B_conservative,v0,all_known,ce_feat_1_kd,42,20260920-195424-keep-115200,keep,-1,external,False,2,/home/huangyating/anomaly_detection/retention_alignment_20260922/radar/stage_b_conservative_v0/models/four_class_provisional_roi/all_known/ce_feat_1_kd.pt,0.10269419103860855,0.05759572982788086,0.7385850548744202,0.10112500935792923,0.10269420593976974,1.577678254705006e-08,0.05723818019032478,0.00035754978307522833,0.00014802574878558517,0.10097682476043701,1.6895164378638583e-07,9.79963132863304e-08,0.0026290856767445803,0.7359559535980225,four_class_provisional_roi,shared_conservative,global_and_each_source_regression_gate
B_conservative_v0_all_known_ce_feat_1_kd_20260920-195753-keep-460800,B_conservative,v0,all_known,ce_feat_1_kd,42,20260920-195753-keep-460800,keep,-1,external,False,2,/home/huangyating/anomaly_detection/retention_alignment_20260922/radar/stage_b_conservative_v0/models/four_class_provisional_roi/all_known/ce_feat_1_kd.pt,0.08025269210338593,0.049529511481523514,0.7903366088867188,0.07988126575946808,0.08025269210338593,1.0866287425415067e-08,0.049254827201366425,0.00027465709717944264,0.00010277104593114927,0.07977841049432755,1.0436241382194567e-07,5.3318601089813455e-08,0.002076095435768366,0.7882602214813232,four_class_provisional_roi,shared_conservative,global_and_each_source_regression_gate
B_conservative_v0_all_known_ce_feat_1_kd_20260920-201757-bigNormal-115200,B_conservative,v0,all_known,ce_feat_1_kd,42,20260920-201757-bigNormal-115200,bigNormal,0,external,True,2,/home/huangyating/anomaly_detection/retention_alignment_20260922/radar/stage_b_conservative_v0/models/four_class_provisional_roi/all_known/ce_feat_1_kd.pt,0.0783003494143486,0.13193097710609436,0.4813484847545624,0.30842024087905884,0.07830033451318741,4.624822746990276e-09,0.1317669302225113,0.00016406462236773223,0.00010409494279883802,0.30831611156463623,3.6457969088132813e-08,4.030488653938846e-08,0.0010900648776441813,0.48025840520858765,four_class_provisional_roi,shared_conservative,global_and_each_source_regression_gate
B_conservative_v0_all_known_ce_feat_1_kd_20260920-202115-bigNormal-460800,B_conservative,v0,all_known,ce_feat_1_kd,42,20260920-202115-bigNormal-460800,bigNormal,0,external,True,2,/home/huangyating/anomaly_detection/retention_alignment_20260922/radar/stage_b_conservative_v0/models/four_class_provisional_roi/all_known/ce_feat_1_kd.pt,0.07410712540149689,0.11890514194965363,0.5710552334785461,0.23593255877494812,0.0741071105003357,5.9304254840242265e-09,0.11871448159217834,0.0001906808465719223,0.00011013873881893232,0.2358224093914032,4.570939893255854e-08,4.6207450310475906e-08,0.001276641502045095,0.5697785019874573,four_class_provisional_roi,shared_conservative,global_and_each_source_regression_gate
B_conservative_query_no_demean_all_known_ce_feat_1_kd_20260920-195424-keep-115200,B_conservative,query_no_demean,all_known,ce_feat_1_kd,42,20260920-195424-keep-115200,keep,-1,external,False,2,/home/huangyating/anomaly_detection/retention_alignment_20260922/radar/stage_b_conservative_no_demean/models/four_class_provisional_roi/all_known/ce_feat_1_kd.pt,0.09245502948760986,0.0908447727560997,0.703474223613739,0.11322597414255142,0.09245502948760986,2.270020971195663e-08,0.09076345711946487,8.131982758641243e-05,0.0001418080646544695,0.1130840852856636,1.0692379959209575e-07,4.154495414354642e-08,0.00018980124150402844,0.7032843828201294,four_class_provisional_roi,shared_conservative,global_and_each_source_regression_gate
B_conservative_query_no_demean_all_known_ce_feat_1_kd_20260920-195753-keep-460800,B_conservative,query_no_demean,all_known,ce_feat_1_kd,42,20260920-195753-keep-460800,keep,-1,external,False,2,/home/huangyating/anomaly_detection/retention_alignment_20260922/radar/stage_b_conservative_no_demean/models/four_class_provisional_roi/all_known/ce_feat_1_kd.pt,0.07052876800298691,0.07916969060897827,0.7578527331352234,0.09244877845048904,0.0705287754535675,1.633950219570579e-08,0.07910705357789993,6.264480907702819e-05,0.00010264413867844269,0.09234607964754105,6.724183521100713e-08,2.389075604014579e-08,0.0001441239583073184,0.7577086091041565,four_class_provisional_roi,shared_conservative,global_and_each_source_regression_gate
B_conservative_query_no_demean_all_known_ce_feat_1_kd_20260920-201757-bigNormal-115200,B_conservative,query_no_demean,all_known,ce_feat_1_kd,42,20260920-201757-bigNormal-115200,bigNormal,0,external,True,2,/home/huangyating/anomaly_detection/retention_alignment_20260922/radar/stage_b_conservative_no_demean/models/four_class_provisional_roi/all_known/ce_feat_1_kd.pt,0.07207414507865906,0.17662639915943146,0.43338438868522644,0.31791505217552185,0.07207413762807846,7.902354326461136e-09,0.17658035457134247,4.6088887756923214e-05,9.949698142008856e-05,0.31781551241874695,3.2366404667527604e-08,1.9287540453660768e-08,0.00016098776541184634,0.4332234859466553,four_class_provisional_roi,shared_conservative,global_and_each_source_regression_gate
B_conservative_query_no_demean_all_known_ce_feat_1_kd_20260920-202115-bigNormal-460800,B_conservative,query_no_demean,all_known,ce_feat_1_kd,42,20260920-202115-bigNormal-460800,bigNormal,0,external,True,2,/home/huangyating/anomaly_detection/retention_alignment_20260922/radar/stage_b_conservative_no_demean/models/four_class_provisional_roi/all_known/ce_feat_1_kd.pt,0.07149945199489594,0.1637405902147293,0.5209413170814514,0.24381856620311737,0.07149945199489594,9.72967306722694e-09,0.16369037330150604,5.023334961151704e-05,0.00010351842502132058,0.24371503293514252,3.8426698267812753e-08,2.0643151188437514e-08,0.00016115274047479033,0.5207801461219788,four_class_provisional_roi,shared_conservative,global_and_each_source_regression_gate
