fold,path,method,seed,bag_id,role,label,prediction,n_windows,mse_standardized,cos_standardized,p0,p1,p2,p3
115200_to_460800,direct_Uni_contact_local4,none,-1,20260920-184058-normal-11520,train,0,0,7,0.0,1.0000000000000002,0.9897198376401531,0.006005104137702143,0.004115195118398265,0.0001598631037464991
115200_to_460800,direct_Uni_contact_local4,none,-1,20260920-184857-normal-460800,test,0,0,6,0.0,1.0,0.9085592040184035,0.025484388040641764,0.06412040453843881,0.001836003402515737
115200_to_460800,direct_Uni_contact_local4,none,-1,20260920-190512-outBroken-115200,train,2,2,8,0.0,1.0,0.004547132348896409,0.005836698823428695,0.9889330111531991,0.000683157674475782
115200_to_460800,direct_Uni_contact_local4,none,-1,20260920-190913-outBroken-460800,test,2,2,10,0.0,0.9999999999999999,0.0034291252918910485,0.006385588796057504,0.9894315923189672,0.0007536935930843648
115200_to_460800,direct_Uni_contact_local4,none,-1,20260920-192216-inBroken-115200,train,1,1,8,0.0,1.0,0.006063204845174442,0.9860419624846389,0.006272373979038116,0.0016224586911485878
115200_to_460800,direct_Uni_contact_local4,none,-1,20260920-192610-inBroken-460800,test,1,1,7,0.0,1.0,0.00034811147562506485,0.9862469014617276,0.0031523018109355207,0.0102526852517119
115200_to_460800,direct_Uni_contact_local4,none,-1,20260920-193718-roll-115200,train,3,3,9,0.0,1.0,9.80282126812444e-06,0.0020083058528902907,0.0006895212555935184,0.9972923700702481
115200_to_460800,direct_Uni_contact_local4,none,-1,20260920-194108-roll-460800,test,3,3,3,0.0,0.9999999999999999,1.3873316689664038e-07,0.0009222096322717696,0.008902066567769438,0.9901755850667918
115200_to_460800,direct_Uni_contact_local4,none,-1,20260920-195424-keep-115200,external,-1,3,8,0.0,1.0000000000000002,1.0455672381352787e-07,5.224517882540899e-05,0.00035171347458041416,0.9995959367898705
115200_to_460800,direct_Uni_contact_local4,none,-1,20260920-195753-keep-460800,external,-1,3,10,0.0,0.9999999999999999,1.228163028297461e-07,1.5574332817091944e-05,0.0009066591922239256,0.9990776436586561
115200_to_460800,direct_Uni_contact_local4,none,-1,20260920-201757-bigNormal-115200,external,-1,1,8,0.0,1.0,0.00519819039192948,0.9717134427388818,5.452930218023821e-09,0.02308836141625863
115200_to_460800,direct_Uni_contact_local4,none,-1,20260920-202115-bigNormal-460800,external,-1,1,4,0.0,1.0,0.0002198199725945938,0.9986882434765683,1.3373168250480968e-12,0.00109193654949983
115200_to_460800,Bear_contact_mapped_to_Uni_local4,none,-1,20260920-184058-normal-11520,train,0,0,7,0.00016292415028035416,0.9999949832849263,0.989252413306872,0.00621932576547866,0.0043482781539860675,0.00017998277366326393
115200_to_460800,Bear_contact_mapped_to_Uni_local4,none,-1,20260920-184857-normal-460800,test,0,0,6,0.09607235899129306,0.9185921982564086,0.8177286701790506,0.12658285291568722,0.03822485572669995,0.017463621178562438
115200_to_460800,Bear_contact_mapped_to_Uni_local4,none,-1,20260920-190512-outBroken-115200,train,2,2,8,0.0001304710131705792,0.9999459079888817,0.0046547679594773385,0.005675892734235469,0.9889263412244834,0.0007429980818037199
115200_to_460800,Bear_contact_mapped_to_Uni_local4,none,-1,20260920-190913-outBroken-460800,test,2,2,10,0.025145105725417734,0.972337367371332,0.003366726373533281,0.007259521491312267,0.9822186526235995,0.0071550995115548825
115200_to_460800,Bear_contact_mapped_to_Uni_local4,none,-1,20260920-192216-inBroken-115200,train,1,1,8,0.00028124699052194157,0.9998633854121945,0.006184867125257504,0.9853484701699405,0.006622744584067816,0.0018439181207341232
115200_to_460800,Bear_contact_mapped_to_Uni_local4,none,-1,20260920-192610-inBroken-460800,test,1,1,7,0.06586257309334669,0.8919077536550767,0.0006426584379267715,0.9721463005697306,0.008167275508200995,0.019043765484141474
115200_to_460800,Bear_contact_mapped_to_Uni_local4,none,-1,20260920-193718-roll-115200,train,3,3,9,0.0011243332110244977,0.9999905555960077,1.6862979988916323e-05,0.002101411760980285,0.0007538608545916699,0.997127864404439
115200_to_460800,Bear_contact_mapped_to_Uni_local4,none,-1,20260920-194108-roll-460800,test,3,3,3,0.5363557287586067,0.9224109571190486,3.0487632895095022e-06,0.009431840383915292,0.014390057382314775,0.9761750534704804
115200_to_460800,Bear_contact_mapped_to_Uni_local4,none,-1,20260920-195424-keep-115200,external,-1,3,8,2.935130106106132,0.9011241446320376,0.000687083920181776,0.09946253865006077,0.2162904329616021,0.6835599444681555
115200_to_460800,Bear_contact_mapped_to_Uni_local4,none,-1,20260920-195753-keep-460800,external,-1,3,10,3.3150309245677354,0.8619472373444944,0.00048051466320506294,0.08864936227485369,0.25053333965980584,0.6603367834021354
115200_to_460800,Bear_contact_mapped_to_Uni_local4,none,-1,20260920-201757-bigNormal-115200,external,-1,0,8,3771.9311695057618,-0.30836906504826267,1.0,1.1966130561877336e-94,4.4677131530687307e-97,5.551316662843523e-167
115200_to_460800,Bear_contact_mapped_to_Uni_local4,none,-1,20260920-202115-bigNormal-460800,external,-1,0,4,4553.122734851235,-0.2995960311999567,1.0,1.9837911691678683e-114,4.086341905781529e-106,1.6717809032132542e-190
115200_to_460800,frozen_Bear_radar_mapped_to_Uni_local4,ce_only,17,20260920-184058-normal-11520,train,0,0,61,0.6543551697208685,0.8980285838361634,0.9779668240277959,0.0005242393481636363,0.021498773587083658,1.0163036956669859e-05
115200_to_460800,frozen_Bear_radar_mapped_to_Uni_local4,ce_only,17,20260920-184857-normal-460800,test,0,0,48,0.8963131657062352,0.8797750160039173,0.9744192926339603,0.0006818036058824622,0.024895894334720312,3.009425437373571e-06
115200_to_460800,frozen_Bear_radar_mapped_to_Uni_local4,ce_only,17,20260920-190512-outBroken-115200,train,2,2,50,0.21141714751915366,0.7920006317353848,0.0003498463781747617,0.08730583433056985,0.9101693663793248,0.002174952911930481
115200_to_460800,frozen_Bear_radar_mapped_to_Uni_local4,ce_only,17,20260920-190913-outBroken-460800,test,2,2,50,0.19954003956167954,0.7947688421964334,0.000959222148362255,0.2010252151034442,0.7961131681959784,0.0019023945522150712
115200_to_460800,frozen_Bear_radar_mapped_to_Uni_local4,ce_only,17,20260920-192216-inBroken-115200,train,1,1,50,0.8841168865797063,0.8529091402238989,0.0017187584905609065,0.9931033337259266,0.005172207376153274,5.700407359271744e-06
115200_to_460800,frozen_Bear_radar_mapped_to_Uni_local4,ce_only,17,20260920-192610-inBroken-460800,test,1,1,51,1.186516129452756,0.1408781396426283,0.00442193200212617,0.9852333353922528,0.010270842667981624,7.388993763941577e-05
115200_to_460800,frozen_Bear_radar_mapped_to_Uni_local4,ce_only,17,20260920-193718-roll-115200,train,3,3,51,2.9617868755799552,0.9548200901335876,5.220381157880024e-08,7.176814353156629e-08,9.037997357108469e-09,0.9999998669900476
115200_to_460800,frozen_Bear_radar_mapped_to_Uni_local4,ce_only,17,20260920-194108-roll-460800,test,3,3,51,4.237351626874654,0.7300751453870681,1.2829178729647746e-07,4.987705651667601e-07,2.931225793243285e-08,0.9999993436253896
115200_to_460800,frozen_Bear_radar_mapped_to_Uni_local4,ce_only,17,20260920-195424-keep-115200,external,-1,2,51,5.957838733586315,-0.04277613887455629,0.0023806986800326414,0.19825295211075383,0.7527221543339211,0.04664419487529223
115200_to_460800,frozen_Bear_radar_mapped_to_Uni_local4,ce_only,17,20260920-195753-keep-460800,external,-1,2,51,6.274628713287272,-0.018937583652945452,0.0034143462963323735,0.22083360622995704,0.7120171574325758,0.0637348900411349
115200_to_460800,frozen_Bear_radar_mapped_to_Uni_local4,ce_only,17,20260920-201757-bigNormal-115200,external,-1,3,50,89.12317107258991,0.15817804095414792,0.029576489972014945,0.278204927180747,0.13926575764722254,0.5529528252000154
115200_to_460800,frozen_Bear_radar_mapped_to_Uni_local4,ce_only,17,20260920-202115-bigNormal-460800,external,-1,1,50,84.36496544098803,0.22800881655304756,0.041622208773717334,0.6091087716393684,0.25008300713088594,0.09918601245602827
115200_to_460800,frozen_Bear_radar_mapped_to_Uni_local4,ce_only,42,20260920-184058-normal-11520,train,0,0,61,0.9790806101740364,0.884639697980951,0.9838254685101782,0.0009072691289477282,0.015264035433910477,3.226926963752857e-06
115200_to_460800,frozen_Bear_radar_mapped_to_Uni_local4,ce_only,42,20260920-184857-normal-460800,test,0,0,48,1.4124912240647816,0.8528114355976202,0.9787948408611912,0.0012067435160135831,0.019997830535865856,5.850869294603169e-07
115200_to_460800,frozen_Bear_radar_mapped_to_Uni_local4,ce_only,42,20260920-190512-outBroken-115200,train,2,2,50,0.17663778585408557,0.8647310350619973,0.001601123842638027,0.0866222429570942,0.9112600606619873,0.0005165725382804292
115200_to_460800,frozen_Bear_radar_mapped_to_Uni_local4,ce_only,42,20260920-190913-outBroken-460800,test,2,2,50,0.16698993107504262,0.8471565034063275,0.0032683421696644787,0.1987419995329625,0.7970860243355656,0.0009036339618071364
115200_to_460800,frozen_Bear_radar_mapped_to_Uni_local4,ce_only,42,20260920-192216-inBroken-115200,train,1,1,50,0.8466878870009242,0.854426717506329,0.0028323653031066508,0.9937954624340922,0.0033659444599646263,6.227802836723121e-06
115200_to_460800,frozen_Bear_radar_mapped_to_Uni_local4,ce_only,42,20260920-192610-inBroken-460800,test,1,1,51,1.0994226273731598,0.12146360612333992,0.008673448582589649,0.9841703007736655,0.00700353764957694,0.00015271299416783887
115200_to_460800,frozen_Bear_radar_mapped_to_Uni_local4,ce_only,42,20260920-193718-roll-115200,train,3,3,51,2.7741371434166577,0.9503902100162196,9.607728755767616e-08,1.1589568450097457e-07,9.137067886021585e-09,0.9999997788899603
115200_to_460800,frozen_Bear_radar_mapped_to_Uni_local4,ce_only,42,20260920-194108-roll-460800,test,3,3,51,4.125696662032183,0.7201622238766128,2.5757175267890924e-07,9.122585659434535e-07,4.495908269358195e-08,0.9999987852105986
115200_to_460800,frozen_Bear_radar_mapped_to_Uni_local4,ce_only,42,20260920-195424-keep-115200,external,-1,2,51,7.714133232507534,-0.5764952729202245,0.004244353770374995,0.15771790081652712,0.8344138207107937,0.0036239247023040553
115200_to_460800,frozen_Bear_radar_mapped_to_Uni_local4,ce_only,42,20260920-195753-keep-460800,external,-1,2,51,8.135616327324716,-0.6014520411262154,0.0051088054972509185,0.16605277973572716,0.8247585833032498,0.0040798314637719955
115200_to_460800,frozen_Bear_radar_mapped_to_Uni_local4,ce_only,42,20260920-201757-bigNormal-115200,external,-1,3,50,88.09914695517038,0.25170948577281455,0.015431274259977479,0.36267954341796,0.062347613284779196,0.5595415690372834
115200_to_460800,frozen_Bear_radar_mapped_to_Uni_local4,ce_only,42,20260920-202115-bigNormal-460800,external,-1,1,50,83.26182675239102,0.41490515535990097,0.01934041934100475,0.8122685056723489,0.09708849684429008,0.07130257814235649
115200_to_460800,frozen_Bear_radar_mapped_to_Uni_local4,ce_only,73,20260920-184058-normal-11520,train,0,0,61,0.9459100402194884,0.8766535702365964,0.9710768420773447,0.0009805848421562745,0.027939876220424816,2.6968600741953446e-06
115200_to_460800,frozen_Bear_radar_mapped_to_Uni_local4,ce_only,73,20260920-184857-normal-460800,test,0,0,48,1.2827055495363586,0.8580018812365751,0.9666243334122351,0.0012404953984350361,0.032131995981928334,3.1752074014958016e-06
115200_to_460800,frozen_Bear_radar_mapped_to_Uni_local4,ce_only,73,20260920-190512-outBroken-115200,train,2,2,50,0.3184433879737961,0.856913337839497,0.0007927102738084392,0.0853647201217366,0.9137114360811015,0.0001311335233534802
115200_to_460800,frozen_Bear_radar_mapped_to_Uni_local4,ce_only,73,20260920-190913-outBroken-460800,test,2,2,50,0.32027887294245894,0.836964347857748,0.0015686310862163533,0.20414893033048476,0.7941013541287079,0.00018108445459086132
115200_to_460800,frozen_Bear_radar_mapped_to_Uni_local4,ce_only,73,20260920-192216-inBroken-115200,train,1,1,50,1.367748806575798,0.834205626272998,0.001153639462836974,0.993632819877051,0.00521205324928948,1.4874108226618432e-06
115200_to_460800,frozen_Bear_radar_mapped_to_Uni_local4,ce_only,73,20260920-192610-inBroken-460800,test,1,1,51,1.5639278087301993,0.11416869805833621,0.0033369214443280913,0.9862720697475106,0.01036218522358428,2.8823584577337578e-05
115200_to_460800,frozen_Bear_radar_mapped_to_Uni_local4,ce_only,73,20260920-193718-roll-115200,train,3,3,51,2.851935959021479,0.9623318577463762,2.7695394029251377e-08,6.678738213688707e-08,1.2336424320620466e-08,0.9999998931807997
115200_to_460800,frozen_Bear_radar_mapped_to_Uni_local4,ce_only,73,20260920-194108-roll-460800,test,3,3,51,3.8804346299652055,0.7506133464130736,5.640459573808568e-08,3.4846361766480877e-07,4.542991829746919e-08,0.9999995497018683
115200_to_460800,frozen_Bear_radar_mapped_to_Uni_local4,ce_only,73,20260920-195424-keep-115200,external,-1,2,51,7.901800107502192,-0.5980744540604294,0.004063046282474889,0.17031899965865885,0.8222235746116877,0.003394379447178473
115200_to_460800,frozen_Bear_radar_mapped_to_Uni_local4,ce_only,73,20260920-195753-keep-460800,external,-1,2,51,8.174052792670977,-0.6229282068709406,0.006084725622745668,0.18787467920852585,0.800165737429807,0.005874857738921391
115200_to_460800,frozen_Bear_radar_mapped_to_Uni_local4,ce_only,73,20260920-201757-bigNormal-115200,external,-1,3,50,88.5609554126597,0.1633486413615108,0.005705831864168802,0.16366192226290324,0.05166498758681026,0.7789672582861179
115200_to_460800,frozen_Bear_radar_mapped_to_Uni_local4,ce_only,73,20260920-202115-bigNormal-460800,external,-1,1,50,83.54890410972801,0.30225883117519187,0.014218429059320031,0.6602857248662878,0.1436043790486898,0.18189146702570233
115200_to_460800,frozen_Bear_radar_mapped_to_Uni_local4,matched_bag_mse,17,20260920-184058-normal-11520,train,0,0,61,0.00032289955702153954,0.9999941879730473,0.9908910813354438,0.005225252098741566,0.0036908135165160338,0.0001928530492988435
115200_to_460800,frozen_Bear_radar_mapped_to_Uni_local4,matched_bag_mse,17,20260920-184857-normal-460800,test,0,0,48,0.10897066101491752,0.9394165919121178,0.9880737970057175,0.006659160624290191,0.0050546601908909505,0.00021238217910118443
115200_to_460800,frozen_Bear_radar_mapped_to_Uni_local4,matched_bag_mse,17,20260920-190512-outBroken-115200,train,2,2,50,0.0001389674517609259,0.9999153412966911,0.0012540736873886626,0.004519218393885599,0.9936231553048936,0.0006035526138324586
115200_to_460800,frozen_Bear_radar_mapped_to_Uni_local4,matched_bag_mse,17,20260920-190913-outBroken-460800,test,2,2,50,0.018662216680931494,0.9917725707976839,0.004272876271537984,0.03755618548856192,0.9549151567128022,0.003255781527098195
115200_to_460800,frozen_Bear_radar_mapped_to_Uni_local4,matched_bag_mse,17,20260920-192216-inBroken-115200,train,1,1,50,0.0001864902869477739,0.9998068547047569,0.003980831129412134,0.9888480997652406,0.0054844143950226265,0.0016866547103248008
115200_to_460800,frozen_Bear_radar_mapped_to_Uni_local4,matched_bag_mse,17,20260920-192610-inBroken-460800,test,1,1,51,0.1568573976632272,0.7155214003334824,0.0054515072474779205,0.9771980490557427,0.01075878849670803,0.006591655200071579
115200_to_460800,frozen_Bear_radar_mapped_to_Uni_local4,matched_bag_mse,17,20260920-193718-roll-115200,train,3,3,51,0.00010657980086900028,0.999977778241239,1.6460646419930975e-05,0.0019649384824157374,0.0005649652971267667,0.9974536355740374
115200_to_460800,frozen_Bear_radar_mapped_to_Uni_local4,matched_bag_mse,17,20260920-194108-roll-460800,test,3,3,51,0.7892031293386943,0.8691296517818792,1.4533248993297143e-05,0.00353845506957795,0.0006892099855425549,0.9957578016958859
115200_to_460800,frozen_Bear_radar_mapped_to_Uni_local4,matched_bag_mse,17,20260920-195424-keep-115200,external,-1,2,51,6.427303229045362,-0.24090529012305217,0.003432872016409512,0.021250053408295284,0.9678141048656267,0.007502969709668291
115200_to_460800,frozen_Bear_radar_mapped_to_Uni_local4,matched_bag_mse,17,20260920-195753-keep-460800,external,-1,2,51,6.736690399688177,-0.2192306436323291,0.004300315769734699,0.027371348780178394,0.9587651415116583,0.009563193938428475
115200_to_460800,frozen_Bear_radar_mapped_to_Uni_local4,matched_bag_mse,17,20260920-201757-bigNormal-115200,external,-1,3,50,89.62467995342475,0.08903625094429646,0.01077151841803339,0.2982852771721211,0.1878684478009216,0.5030747566089238
115200_to_460800,frozen_Bear_radar_mapped_to_Uni_local4,matched_bag_mse,17,20260920-202115-bigNormal-460800,external,-1,1,50,84.35186682070568,0.10925290533346504,0.020874106529923022,0.5224202878027583,0.23178563904608848,0.22491996662123032
115200_to_460800,frozen_Bear_radar_mapped_to_Uni_local4,matched_bag_mse,42,20260920-184058-normal-11520,train,0,0,61,0.0015303006632823633,0.9999975021595776,0.9855343936395731,0.008286677509218736,0.0057672608498653966,0.0004116680013428357
115200_to_460800,frozen_Bear_radar_mapped_to_Uni_local4,matched_bag_mse,42,20260920-184857-normal-460800,test,0,0,48,0.0970540160062973,0.9401117797731654,0.9823815439472581,0.010144268373323695,0.007123069227217771,0.00035111845220051215
115200_to_460800,frozen_Bear_radar_mapped_to_Uni_local4,matched_bag_mse,42,20260920-190512-outBroken-115200,train,2,2,50,7.029576822506213e-05,0.9999445810575195,0.0011750625788195417,0.004158726794444477,0.9941249492244407,0.0005412614022952656
115200_to_460800,frozen_Bear_radar_mapped_to_Uni_local4,matched_bag_mse,42,20260920-190913-outBroken-460800,test,2,2,50,0.02583186182275726,0.9916831013060615,0.005611598692569728,0.05281382705690124,0.9372387353307762,0.004335838919752867
115200_to_460800,frozen_Bear_radar_mapped_to_Uni_local4,matched_bag_mse,42,20260920-192216-inBroken-115200,train,1,1,50,7.264063249149553e-05,0.9999139587002196,0.003991878598628939,0.9889329808881263,0.005479787148869312,0.0015953533643756632
115200_to_460800,frozen_Bear_radar_mapped_to_Uni_local4,matched_bag_mse,42,20260920-192610-inBroken-460800,test,1,1,51,0.1800944899300502,0.6676445920601053,0.004725548254042454,0.9822298988456498,0.008728530801455688,0.00431602209885183
115200_to_460800,frozen_Bear_radar_mapped_to_Uni_local4,matched_bag_mse,42,20260920-193718-roll-115200,train,3,3,51,0.0011440255866038106,0.9999799305708061,1.936603058277098e-05,0.002143734036090269,0.0006671473828644919,0.9971697525504625
115200_to_460800,frozen_Bear_radar_mapped_to_Uni_local4,matched_bag_mse,42,20260920-194108-roll-460800,test,3,3,51,0.7963184229985363,0.8697502434536484,1.7429565237722705e-05,0.004081949699931531,0.0008611443694895022,0.9950394763653411
115200_to_460800,frozen_Bear_radar_mapped_to_Uni_local4,matched_bag_mse,42,20260920-195424-keep-115200,external,-1,2,51,6.6506892500071375,-0.3000736883007196,0.00329019483875993,0.015006960063315564,0.9773601023611643,0.004342742736759999
115200_to_460800,frozen_Bear_radar_mapped_to_Uni_local4,matched_bag_mse,42,20260920-195753-keep-460800,external,-1,2,51,7.014981198387646,-0.29341589628721926,0.003986556509464624,0.016914770849499616,0.9742472500486005,0.004851422592435382
115200_to_460800,frozen_Bear_radar_mapped_to_Uni_local4,matched_bag_mse,42,20260920-201757-bigNormal-115200,external,-1,1,50,89.63755570784141,0.10858946812206136,0.010613816288806366,0.565403808819156,0.17282164169301895,0.2511607331990187
115200_to_460800,frozen_Bear_radar_mapped_to_Uni_local4,matched_bag_mse,42,20260920-202115-bigNormal-460800,external,-1,1,50,84.41544141545074,0.10833207991143963,0.014515733269409517,0.7465001760582777,0.16135539965692514,0.07762869101538765
115200_to_460800,frozen_Bear_radar_mapped_to_Uni_local4,matched_bag_mse,73,20260920-184058-normal-11520,train,0,0,61,0.0001974029005987632,0.9999716347592771,0.9900624585660386,0.005810321536015901,0.003908944041076365,0.00021827585686924245
115200_to_460800,frozen_Bear_radar_mapped_to_Uni_local4,matched_bag_mse,73,20260920-184857-normal-460800,test,0,0,48,0.11855503149179457,0.9397850020801799,0.9887891061754339,0.006434938605550643,0.004570070827457821,0.0002058843915574861
115200_to_460800,frozen_Bear_radar_mapped_to_Uni_local4,matched_bag_mse,73,20260920-190512-outBroken-115200,train,2,2,50,6.723537599190673e-05,0.9999382363844453,0.0012427553049955775,0.004309800837902954,0.9938712934558198,0.0005761504012813706
115200_to_460800,frozen_Bear_radar_mapped_to_Uni_local4,matched_bag_mse,73,20260920-190913-outBroken-460800,test,2,2,50,0.02144762840974224,0.9925743407100253,0.005195300724107479,0.037473977807207015,0.9538989090969153,0.0034318123717699362
115200_to_460800,frozen_Bear_radar_mapped_to_Uni_local4,matched_bag_mse,73,20260920-192216-inBroken-115200,train,1,1,50,0.0003375243501208007,0.9999040313636341,0.004435105651626843,0.9876278120367323,0.006137936538969192,0.0017991457726718014
115200_to_460800,frozen_Bear_radar_mapped_to_Uni_local4,matched_bag_mse,73,20260920-192610-inBroken-460800,test,1,1,51,0.16301098674444112,0.7016424000296179,0.0060574720754584905,0.9760659217679369,0.011119074783541374,0.0067575313730631635
115200_to_460800,frozen_Bear_radar_mapped_to_Uni_local4,matched_bag_mse,73,20260920-193718-roll-115200,train,3,3,51,0.0005333382949252184,0.9999891084128109,9.436286317308227e-06,0.0017525233911095455,0.0005179831302304259,0.997720057192343
115200_to_460800,frozen_Bear_radar_mapped_to_Uni_local4,matched_bag_mse,73,20260920-194108-roll-460800,test,3,3,51,0.807779289565224,0.8691247657463316,2.2788841264547027e-05,0.004214023294949861,0.0010279518370003961,0.9947352360267852
115200_to_460800,frozen_Bear_radar_mapped_to_Uni_local4,matched_bag_mse,73,20260920-195424-keep-115200,external,-1,2,51,6.6839352313892615,-0.3170706595328979,0.003586056297452723,0.016079445108472958,0.9758944163691096,0.004440082224964925
115200_to_460800,frozen_Bear_radar_mapped_to_Uni_local4,matched_bag_mse,73,20260920-195753-keep-460800,external,-1,2,51,6.9838637587431105,-0.2971669087373423,0.00465168962549853,0.020235976061763968,0.9689114317261736,0.006200902586564029
115200_to_460800,frozen_Bear_radar_mapped_to_Uni_local4,matched_bag_mse,73,20260920-201757-bigNormal-115200,external,-1,3,50,89.7801418366705,0.07208864552886379,0.009739298270361949,0.33188597364860506,0.24634094142384944,0.4120337866571835
115200_to_460800,frozen_Bear_radar_mapped_to_Uni_local4,matched_bag_mse,73,20260920-202115-bigNormal-460800,external,-1,1,50,84.54965388405788,0.063573482246661,0.01702567742403527,0.5402210054973794,0.2795346269682034,0.16321869011038206
115200_to_460800,frozen_Bear_radar_mapped_to_Uni_local4,full,17,20260920-184058-normal-11520,train,0,0,61,0.01875736956776586,0.9962594363878139,0.9929408891274123,0.003975169971773269,0.0030270346901184425,5.690621069597446e-05
115200_to_460800,frozen_Bear_radar_mapped_to_Uni_local4,full,17,20260920-184857-normal-460800,test,0,0,48,0.14949421626408532,0.9410700565912918,0.989709232997456,0.005675396704973447,0.004523338694219433,9.203160335120418e-05
115200_to_460800,frozen_Bear_radar_mapped_to_Uni_local4,full,17,20260920-190512-outBroken-115200,train,2,2,50,0.023723309303338002,0.9917354874489751,0.0009058587484629038,0.004465297631015641,0.9944240031282373,0.00020484049228411934
115200_to_460800,frozen_Bear_radar_mapped_to_Uni_local4,full,17,20260920-190913-outBroken-460800,test,2,2,50,0.016965801189971555,0.9817276303419544,0.0033342077771790963,0.03666207625161349,0.9587578184059007,0.00124589756530711
115200_to_460800,frozen_Bear_radar_mapped_to_Uni_local4,full,17,20260920-192216-inBroken-115200,train,1,1,50,0.0028031794719524444,0.9979718976055352,0.0038780786679906195,0.9902063970330113,0.004850787083699731,0.0010647372152982038
115200_to_460800,frozen_Bear_radar_mapped_to_Uni_local4,full,17,20260920-192610-inBroken-460800,test,1,1,51,0.2543983055384858,0.5295780093262854,0.007785997772787643,0.9774353108737274,0.011574988329094205,0.0032037030243908748
115200_to_460800,frozen_Bear_radar_mapped_to_Uni_local4,full,17,20260920-193718-roll-115200,train,3,3,51,0.017239373752251024,0.9994339975153459,3.6532728130827816e-06,0.0006636380607881801,0.00019434697158824044,0.9991383616948109
115200_to_460800,frozen_Bear_radar_mapped_to_Uni_local4,full,17,20260920-194108-roll-460800,test,3,3,51,0.8350795250387213,0.8576707734168411,1.3526206079568607e-05,0.0018781492104121148,0.0004162435743831387,0.997692081009125
115200_to_460800,frozen_Bear_radar_mapped_to_Uni_local4,full,17,20260920-195424-keep-115200,external,-1,2,51,6.885256403125377,-0.3795449953452776,0.0031801873782931196,0.024576720808953994,0.9675389223805361,0.004704169432216987
115200_to_460800,frozen_Bear_radar_mapped_to_Uni_local4,full,17,20260920-195753-keep-460800,external,-1,2,51,7.1150058809551275,-0.34846329827736944,0.004035955701011662,0.03215227914797637,0.9567495262071886,0.007062238943823463
115200_to_460800,frozen_Bear_radar_mapped_to_Uni_local4,full,17,20260920-201757-bigNormal-115200,external,-1,2,50,90.16200278045193,0.004991642563002798,0.013265040782422334,0.4050073692850841,0.41721205357347224,0.16451553635902105
115200_to_460800,frozen_Bear_radar_mapped_to_Uni_local4,full,17,20260920-202115-bigNormal-460800,external,-1,1,50,85.1553590825892,-0.11675626737428371,0.017180971762114625,0.4850653292876191,0.4452611646218137,0.05249253432845271
115200_to_460800,frozen_Bear_radar_mapped_to_Uni_local4,full,42,20260920-184058-normal-11520,train,0,0,61,0.013369114670037275,0.9971657392148093,0.9925174681061794,0.004370271856109626,0.003046702407403249,6.555763030778736e-05
115200_to_460800,frozen_Bear_radar_mapped_to_Uni_local4,full,42,20260920-184857-normal-460800,test,0,0,48,0.14265378608300275,0.9402041619056107,0.9892938690967004,0.006141168917371781,0.0044635698113840135,0.000101392174543712
115200_to_460800,frozen_Bear_radar_mapped_to_Uni_local4,full,42,20260920-190512-outBroken-115200,train,2,2,50,0.02020038569744218,0.9922050084083419,0.0009734666314757601,0.004706294188859438,0.9940917854464479,0.00022845373321706577
115200_to_460800,frozen_Bear_radar_mapped_to_Uni_local4,full,42,20260920-190913-outBroken-460800,test,2,2,50,0.01521314226374315,0.9844090464529351,0.0031908615898476626,0.024271029967976778,0.9715981907862583,0.0009399176559172273
115200_to_460800,frozen_Bear_radar_mapped_to_Uni_local4,full,42,20260920-192216-inBroken-115200,train,1,1,50,0.002549526053569598,0.9983412951960906,0.0037248820652996373,0.9904941420401862,0.004717621618454924,0.001063354276058879
115200_to_460800,frozen_Bear_radar_mapped_to_Uni_local4,full,42,20260920-192610-inBroken-460800,test,1,1,51,0.2393790542719037,0.560029934583778,0.00659873508514099,0.980712243829144,0.009532560477427737,0.0031564606082874155
115200_to_460800,frozen_Bear_radar_mapped_to_Uni_local4,full,42,20260920-193718-roll-115200,train,3,3,51,0.008333476700431906,0.9996122893759735,4.440153260093781e-06,0.0008499054662697003,0.00025007412265320837,0.9988955802578168
115200_to_460800,frozen_Bear_radar_mapped_to_Uni_local4,full,42,20260920-194108-roll-460800,test,3,3,51,0.8328475189871454,0.8588155662053415,1.7617289689685747e-05,0.002324299030958212,0.0005375264171303873,0.9971205572622217
115200_to_460800,frozen_Bear_radar_mapped_to_Uni_local4,full,42,20260920-195424-keep-115200,external,-1,2,51,7.128635892889497,-0.42665817444645954,0.0030747523218983943,0.019464701122450682,0.9748340335292306,0.0026265130264204353
115200_to_460800,frozen_Bear_radar_mapped_to_Uni_local4,full,42,20260920-195753-keep-460800,external,-1,2,51,7.457574090657404,-0.4152379023753042,0.0035418849041677896,0.022140394998499374,0.9711323082889481,0.003185411808384931
115200_to_460800,frozen_Bear_radar_mapped_to_Uni_local4,full,42,20260920-201757-bigNormal-115200,external,-1,1,50,89.70923127119286,0.08884813510440813,0.009835534572229614,0.4118537159861874,0.24455336545022555,0.3337573839913576
115200_to_460800,frozen_Bear_radar_mapped_to_Uni_local4,full,42,20260920-202115-bigNormal-460800,external,-1,1,50,84.63808302904134,0.038935872498921865,0.01455299251577981,0.6026390446861976,0.2859929369336331,0.09681502586438934
115200_to_460800,frozen_Bear_radar_mapped_to_Uni_local4,full,73,20260920-184058-normal-11520,train,0,0,61,0.019238023511130107,0.9963185733148349,0.9931480902570673,0.0038918745559001146,0.0029077886099341905,5.2246577098054634e-05
115200_to_460800,frozen_Bear_radar_mapped_to_Uni_local4,full,73,20260920-184857-normal-460800,test,0,0,48,0.16141960045501813,0.9409870026697348,0.9911917986524587,0.004916000011671327,0.0038181165739938285,7.408476187600165e-05
115200_to_460800,frozen_Bear_radar_mapped_to_Uni_local4,full,73,20260920-190512-outBroken-115200,train,2,2,50,0.022221389149879853,0.9920410999834052,0.000919253925989116,0.00448053022147699,0.9943868299586458,0.0002133858938877909
115200_to_460800,frozen_Bear_radar_mapped_to_Uni_local4,full,73,20260920-190913-outBroken-460800,test,2,2,50,0.018790109456824362,0.9812140672955046,0.0033407568015737066,0.030449790126610657,0.9653102806406503,0.0008991724311651675
115200_to_460800,frozen_Bear_radar_mapped_to_Uni_local4,full,73,20260920-192216-inBroken-115200,train,1,1,50,0.002105332878412516,0.9982262911927643,0.004068813279476285,0.9899006572186733,0.0048849430844452365,0.001145586417404906
115200_to_460800,frozen_Bear_radar_mapped_to_Uni_local4,full,73,20260920-192610-inBroken-460800,test,1,1,51,0.2166591441402979,0.5903975550938448,0.0075670031243452,0.9775412455129602,0.010482503324551843,0.0044092480381428
115200_to_460800,frozen_Bear_radar_mapped_to_Uni_local4,full,73,20260920-193718-roll-115200,train,3,3,51,0.01054597551927838,0.9995414050387136,4.160704574653614e-06,0.0007782185368368413,0.00023180615741105417,0.9989858146011774
115200_to_460800,frozen_Bear_radar_mapped_to_Uni_local4,full,73,20260920-194108-roll-460800,test,3,3,51,0.8282803492231797,0.8592891442467665,1.3503005720491358e-05,0.001802831997480607,0.00047248748540278855,0.9977111775113959
115200_to_460800,frozen_Bear_radar_mapped_to_Uni_local4,full,73,20260920-195424-keep-115200,external,-1,2,51,7.032569845413406,-0.43608602463891066,0.004907520298622106,0.022726444218044976,0.96866515394463,0.0037008815387026533
115200_to_460800,frozen_Bear_radar_mapped_to_Uni_local4,full,73,20260920-195753-keep-460800,external,-1,2,51,7.234165304216814,-0.4050703426088331,0.006591327450472613,0.029855239897673285,0.9574135442790114,0.006139888372842543
115200_to_460800,frozen_Bear_radar_mapped_to_Uni_local4,full,73,20260920-201757-bigNormal-115200,external,-1,3,50,89.88760026810468,0.05647462975394275,0.008668952173492244,0.2805016233262453,0.3151958654865691,0.3956335590136934
115200_to_460800,frozen_Bear_radar_mapped_to_Uni_local4,full,73,20260920-202115-bigNormal-460800,external,-1,1,50,84.8617552211893,-0.03342317824236621,0.01515882812338469,0.448683285491567,0.410964966514577,0.12519291987047146
115200_to_460800,frozen_Bear_radar_mapped_to_Uni_local4,label_code_mse,17,20260920-184058-normal-11520,train,0,0,61,0.6743568531957931,0.8742714730557047,0.937692902718314,0.0022224613932113856,0.06007746568643604,7.1702020385745394e-06
115200_to_460800,frozen_Bear_radar_mapped_to_Uni_local4,label_code_mse,17,20260920-184857-normal-460800,test,0,0,48,0.8298917381925411,0.8740133746587946,0.9300846740714831,0.002826598974975941,0.06708277244813404,5.9545054067468084e-06
115200_to_460800,frozen_Bear_radar_mapped_to_Uni_local4,label_code_mse,17,20260920-190512-outBroken-115200,train,2,2,50,0.12249698329707726,0.8662501814783045,0.0035471192705500447,0.12918504364709035,0.8650303756097485,0.0022374614726115368
115200_to_460800,frozen_Bear_radar_mapped_to_Uni_local4,label_code_mse,17,20260920-190913-outBroken-460800,test,2,2,50,0.12961874098380505,0.8495667498300039,0.005668100035506312,0.24360014732002586,0.748218430687081,0.0025133219573871624
115200_to_460800,frozen_Bear_radar_mapped_to_Uni_local4,label_code_mse,17,20260920-192216-inBroken-115200,train,1,1,50,0.5187525919138871,0.8619949727851234,0.004830445252922855,0.9879028547515826,0.007238549867601173,2.815012789319373e-05
115200_to_460800,frozen_Bear_radar_mapped_to_Uni_local4,label_code_mse,17,20260920-192610-inBroken-460800,test,1,1,51,1.009777567665145,0.11057587204361548,0.011108810843378652,0.9705511384430592,0.018151524720556558,0.00018852599300575322
115200_to_460800,frozen_Bear_radar_mapped_to_Uni_local4,label_code_mse,17,20260920-193718-roll-115200,train,3,3,51,1.4847412966070581,0.9747660579393905,9.413929025557276e-08,5.672345512125608e-07,5.687959065099093e-07,0.9999987698302519
115200_to_460800,frozen_Bear_radar_mapped_to_Uni_local4,label_code_mse,17,20260920-194108-roll-460800,test,3,3,51,2.418200658699311,0.781629127874913,4.555857701864633e-07,4.453354653718432e-06,2.6611593805238256e-06,0.9999924299001952
115200_to_460800,frozen_Bear_radar_mapped_to_Uni_local4,label_code_mse,17,20260920-195424-keep-115200,external,-1,2,51,6.102034008952357,-0.2441610723132818,0.012752206806609927,0.21977947375735216,0.7115048554411033,0.05596346399493462
115200_to_460800,frozen_Bear_radar_mapped_to_Uni_local4,label_code_mse,17,20260920-195753-keep-460800,external,-1,2,51,6.4028085141778615,-0.19720275171489682,0.014982163754878784,0.2345709334203862,0.6803197009874331,0.07012720183730178
115200_to_460800,frozen_Bear_radar_mapped_to_Uni_local4,label_code_mse,17,20260920-201757-bigNormal-115200,external,-1,3,50,89.07809533067042,0.13834682021416628,0.01606566881999755,0.18010766531696973,0.11465403852306434,0.6891726273399683
115200_to_460800,frozen_Bear_radar_mapped_to_Uni_local4,label_code_mse,17,20260920-202115-bigNormal-460800,external,-1,1,50,84.13285698748035,0.2855362544692938,0.03668692693163101,0.5486121614448947,0.24336918642526492,0.17133172519820966
115200_to_460800,frozen_Bear_radar_mapped_to_Uni_local4,label_code_mse,42,20260920-184058-normal-11520,train,0,0,61,0.5576257748532687,0.8746100067296222,0.9224023999533361,0.003852935145075159,0.07372986533448152,1.4799567107380753e-05
115200_to_460800,frozen_Bear_radar_mapped_to_Uni_local4,label_code_mse,42,20260920-184857-normal-460800,test,0,0,48,0.7002557455849042,0.8734754884978627,0.9116584482210067,0.005013737340788621,0.08331442074736682,1.3393690838075107e-05
115200_to_460800,frozen_Bear_radar_mapped_to_Uni_local4,label_code_mse,42,20260920-190512-outBroken-115200,train,2,2,50,0.12477725447790503,0.8653460795909185,0.0031220073534326846,0.12408263245835112,0.8708017669649117,0.0019935932233042064
115200_to_460800,frozen_Bear_radar_mapped_to_Uni_local4,label_code_mse,42,20260920-190913-outBroken-460800,test,2,2,50,0.12434617149555557,0.8545487877250422,0.006664869497247163,0.2189455053168188,0.7708007808483345,0.003588844337599523
115200_to_460800,frozen_Bear_radar_mapped_to_Uni_local4,label_code_mse,42,20260920-192216-inBroken-115200,train,1,1,50,0.5194654580167417,0.8625067133128907,0.004701568205095902,0.9881748840363003,0.007095918522894491,2.7629235709509276e-05
115200_to_460800,frozen_Bear_radar_mapped_to_Uni_local4,label_code_mse,42,20260920-192610-inBroken-460800,test,1,1,51,0.9650182227171427,0.13867519399914838,0.007783646120747047,0.977845338789242,0.014166840481327452,0.00020417460868331114
115200_to_460800,frozen_Bear_radar_mapped_to_Uni_local4,label_code_mse,42,20260920-193718-roll-115200,train,3,3,51,1.2862638843634477,0.9749564096383967,1.1775001761522913e-07,8.333977463496743e-07,7.442139995877359e-07,0.9999983046382365
115200_to_460800,frozen_Bear_radar_mapped_to_Uni_local4,label_code_mse,42,20260920-194108-roll-460800,test,3,3,51,2.1719600117004942,0.7819059601899845,5.503216128748339e-07,6.408747447481561e-06,3.484052797702143e-06,0.9999895568781421
115200_to_460800,frozen_Bear_radar_mapped_to_Uni_local4,label_code_mse,42,20260920-195424-keep-115200,external,-1,2,51,7.190874220561284,-0.5384414547200512,0.006443848398629162,0.1865571316067689,0.7994664977015975,0.007532522293004418
115200_to_460800,frozen_Bear_radar_mapped_to_Uni_local4,label_code_mse,42,20260920-195753-keep-460800,external,-1,2,51,7.622046552494282,-0.5570321019511986,0.006938092943503721,0.19090858893529425,0.7939316385920081,0.008221679529194314
115200_to_460800,frozen_Bear_radar_mapped_to_Uni_local4,label_code_mse,42,20260920-201757-bigNormal-115200,external,-1,3,50,88.76559463806257,0.18271299779592803,0.014891368701407039,0.2616532013234806,0.11368835966109206,0.6097670703140202
115200_to_460800,frozen_Bear_radar_mapped_to_Uni_local4,label_code_mse,42,20260920-202115-bigNormal-460800,external,-1,1,50,83.86656131287407,0.35880476756470625,0.02808618171668504,0.6674135426712479,0.19514214638282137,0.10935812922924561
115200_to_460800,frozen_Bear_radar_mapped_to_Uni_local4,label_code_mse,73,20260920-184058-normal-11520,train,0,0,61,0.6818647087105308,0.8723204386595174,0.9350384765673208,0.002587674956429646,0.06236479579725906,9.052678990706058e-06
115200_to_460800,frozen_Bear_radar_mapped_to_Uni_local4,label_code_mse,73,20260920-184857-normal-460800,test,0,0,48,0.8943448309957611,0.8703159670350695,0.9287600003518387,0.0033172590070407195,0.06791540112440718,7.3395167133209016e-06
115200_to_460800,frozen_Bear_radar_mapped_to_Uni_local4,label_code_mse,73,20260920-190512-outBroken-115200,train,2,2,50,0.12375481566094293,0.865386920451088,0.0033021960172512133,0.12815050257236235,0.866384752746062,0.002162548664324357
115200_to_460800,frozen_Bear_radar_mapped_to_Uni_local4,label_code_mse,73,20260920-190913-outBroken-460800,test,2,2,50,0.12487732396738294,0.8545023615416636,0.007143935832098611,0.2283863094905418,0.7605495899737474,0.003920164703612059
115200_to_460800,frozen_Bear_radar_mapped_to_Uni_local4,label_code_mse,73,20260920-192216-inBroken-115200,train,1,1,50,0.5031931405238608,0.8619367710490199,0.004983101238382898,0.9873770478217555,0.007609161893622707,3.0689046238687904e-05
115200_to_460800,frozen_Bear_radar_mapped_to_Uni_local4,label_code_mse,73,20260920-192610-inBroken-460800,test,1,1,51,1.004878778841222,0.12673259146101656,0.008831715806476414,0.9757560465720401,0.015236811457898082,0.0001754261635853947
115200_to_460800,frozen_Bear_radar_mapped_to_Uni_local4,label_code_mse,73,20260920-193718-roll-115200,train,3,3,51,1.3338748263191165,0.9746134939221811,7.979310927240677e-08,6.479032473375395e-07,5.535272739285299e-07,0.9999987187763694
115200_to_460800,frozen_Bear_radar_mapped_to_Uni_local4,label_code_mse,73,20260920-194108-roll-460800,test,3,3,51,2.1188550457364745,0.7817779101393975,1.0023999866892958e-06,1.073588392442302e-05,6.076116091962202e-06,0.9999821855999965
115200_to_460800,frozen_Bear_radar_mapped_to_Uni_local4,label_code_mse,73,20260920-195424-keep-115200,external,-1,2,51,6.31343250324625,-0.3220215697377216,0.01002814636734154,0.2011803901855189,0.7551270443888815,0.03366441905825814
115200_to_460800,frozen_Bear_radar_mapped_to_Uni_local4,label_code_mse,73,20260920-195753-keep-460800,external,-1,2,51,6.603766575395485,-0.2859281363844594,0.011885899309306903,0.20879013762263732,0.7329749011058578,0.04634906196219797
115200_to_460800,frozen_Bear_radar_mapped_to_Uni_local4,label_code_mse,73,20260920-201757-bigNormal-115200,external,-1,3,50,89.04493445377287,0.1504797570816074,0.015991877237930104,0.22719016393286157,0.12600167850744812,0.6308162803217602
115200_to_460800,frozen_Bear_radar_mapped_to_Uni_local4,label_code_mse,73,20260920-202115-bigNormal-460800,external,-1,1,50,84.06620498988268,0.3196958622406873,0.03127349504057391,0.6072974303894066,0.22581335616946346,0.135615718400556
115200_to_460800,frozen_Bear_radar_mapped_to_Uni_local4,label_code_ce_mse,17,20260920-184058-normal-11520,train,0,0,61,0.6440200121184552,0.8740332144998292,0.9344915074706955,0.0026296488075563565,0.06287116915486131,7.674566886927504e-06
115200_to_460800,frozen_Bear_radar_mapped_to_Uni_local4,label_code_ce_mse,17,20260920-184857-normal-460800,test,0,0,48,0.7700682791167072,0.8737015123346409,0.924397868518167,0.0036744238651772562,0.07191919492853023,8.51268812572664e-06
115200_to_460800,frozen_Bear_radar_mapped_to_Uni_local4,label_code_ce_mse,17,20260920-190512-outBroken-115200,train,2,2,50,0.12311740401936577,0.8663905650580664,0.0034377715081708006,0.12853557038174612,0.8659349412311321,0.0020917168789510348
115200_to_460800,frozen_Bear_radar_mapped_to_Uni_local4,label_code_ce_mse,17,20260920-190913-outBroken-460800,test,2,2,50,0.13220479385253225,0.8457948737947939,0.005494909989295731,0.261048944343394,0.7307848627278104,0.0026712829395001735
115200_to_460800,frozen_Bear_radar_mapped_to_Uni_local4,label_code_ce_mse,17,20260920-192216-inBroken-115200,train,1,1,50,0.521439899308147,0.8622490473042973,0.0046797416397691,0.9880929044310518,0.00719835224122002,2.9001687959141598e-05
115200_to_460800,frozen_Bear_radar_mapped_to_Uni_local4,label_code_ce_mse,17,20260920-192610-inBroken-460800,test,1,1,51,0.931743165326947,0.13015527644385746,0.00965194739538273,0.9742495066993109,0.015858935824431195,0.00023961008087520117
115200_to_460800,frozen_Bear_radar_mapped_to_Uni_local4,label_code_ce_mse,17,20260920-193718-roll-115200,train,3,3,51,1.3794564605714272,0.9745565203013409,7.626110576576315e-08,5.726462292383171e-07,4.940551713898136e-07,0.9999988570374936
115200_to_460800,frozen_Bear_radar_mapped_to_Uni_local4,label_code_ce_mse,17,20260920-194108-roll-460800,test,3,3,51,2.292604335500406,0.7807345537526046,5.413006145341001e-07,6.664358829969969e-06,2.936594646912364e-06,0.9999898577459088
115200_to_460800,frozen_Bear_radar_mapped_to_Uni_local4,label_code_ce_mse,17,20260920-195424-keep-115200,external,-1,2,51,6.206857657209866,-0.2955084304905238,0.011242671791953601,0.23953583089666397,0.7012941165606236,0.0479273807507587
115200_to_460800,frozen_Bear_radar_mapped_to_Uni_local4,label_code_ce_mse,17,20260920-195753-keep-460800,external,-1,2,51,6.539737087563825,-0.2809110965985035,0.013450810478344406,0.25727529809893207,0.6712291609268021,0.0580447304959217
115200_to_460800,frozen_Bear_radar_mapped_to_Uni_local4,label_code_ce_mse,17,20260920-201757-bigNormal-115200,external,-1,3,50,88.97357779466141,0.14869004339784558,0.018302767823677374,0.17291061009112316,0.11212095240513924,0.69666566968006
115200_to_460800,frozen_Bear_radar_mapped_to_Uni_local4,label_code_ce_mse,17,20260920-202115-bigNormal-460800,external,-1,1,50,83.9849941275273,0.2991017695481318,0.04062644884503927,0.516320309778089,0.2331406506809567,0.20991259069591522
115200_to_460800,frozen_Bear_radar_mapped_to_Uni_local4,label_code_ce_mse,42,20260920-184058-normal-11520,train,0,0,61,0.598957997363615,0.8741305950381852,0.9287747574139622,0.0031618883787013614,0.0680538848161737,9.469391162548052e-06
115200_to_460800,frozen_Bear_radar_mapped_to_Uni_local4,label_code_ce_mse,42,20260920-184857-normal-460800,test,0,0,48,0.7353117735373444,0.8723429613949886,0.9155998485141623,0.00448716050873023,0.07990368337549586,9.307601612081595e-06
115200_to_460800,frozen_Bear_radar_mapped_to_Uni_local4,label_code_ce_mse,42,20260920-190512-outBroken-115200,train,2,2,50,0.12282826060467726,0.8654123141980359,0.003653984956396913,0.13532738443640488,0.8586541165014325,0.0023645141057654874
115200_to_460800,frozen_Bear_radar_mapped_to_Uni_local4,label_code_ce_mse,42,20260920-190913-outBroken-460800,test,2,2,50,0.13011487154429818,0.847148424049498,0.006704378765763877,0.26801412008543923,0.7218314078142144,0.0034500933345826506
115200_to_460800,frozen_Bear_radar_mapped_to_Uni_local4,label_code_ce_mse,42,20260920-192216-inBroken-115200,train,1,1,50,0.5408560786870968,0.8617183726938029,0.0045784287105644665,0.9884793632851337,0.00691663716133659,2.557084296525146e-05
115200_to_460800,frozen_Bear_radar_mapped_to_Uni_local4,label_code_ce_mse,42,20260920-192610-inBroken-460800,test,1,1,51,0.8800107843720045,0.14156941983932445,0.009169562987655077,0.9752681872902919,0.015239387838071211,0.00032286188398167657
115200_to_460800,frozen_Bear_radar_mapped_to_Uni_local4,label_code_ce_mse,42,20260920-193718-roll-115200,train,3,3,51,1.2997742834504429,0.9747919269015101,8.302328800071397e-08,6.968209520241572e-07,5.691681821252992e-07,0.9999986509875779
115200_to_460800,frozen_Bear_radar_mapped_to_Uni_local4,label_code_ce_mse,42,20260920-194108-roll-460800,test,3,3,51,2.1490389199974063,0.7809471468610814,7.612981765933382e-07,9.489674910795674e-06,4.246068845689059e-06,0.9999855029580671
115200_to_460800,frozen_Bear_radar_mapped_to_Uni_local4,label_code_ce_mse,42,20260920-195424-keep-115200,external,-1,2,51,7.0231111193435565,-0.5104096068256825,0.006817058987482991,0.19521236576981343,0.7883682429903976,0.00960233225230599
115200_to_460800,frozen_Bear_radar_mapped_to_Uni_local4,label_code_ce_mse,42,20260920-195753-keep-460800,external,-1,2,51,7.468198085315024,-0.5371603666269029,0.00769821488376014,0.19983645229086844,0.782177338197031,0.010287994628340237
115200_to_460800,frozen_Bear_radar_mapped_to_Uni_local4,label_code_ce_mse,42,20260920-201757-bigNormal-115200,external,-1,3,50,88.17003638134233,0.21955065666206147,0.009945800017860067,0.25953440898369595,0.061865318626045544,0.6686544723723987
115200_to_460800,frozen_Bear_radar_mapped_to_Uni_local4,label_code_ce_mse,42,20260920-202115-bigNormal-460800,external,-1,1,50,83.2034701282804,0.43078837183461927,0.01938260977728912,0.7593726929782147,0.1098970420047008,0.11134765523979535
115200_to_460800,frozen_Bear_radar_mapped_to_Uni_local4,label_code_ce_mse,73,20260920-184058-normal-11520,train,0,0,61,0.6926942043141029,0.8720194680214254,0.9361345604815197,0.002338206659418447,0.06152263495264446,4.597906417556291e-06
115200_to_460800,frozen_Bear_radar_mapped_to_Uni_local4,label_code_ce_mse,73,20260920-184857-normal-460800,test,0,0,48,0.8784303037991608,0.8695209307556558,0.9241155618893409,0.003341691814505167,0.07253293781293445,9.80848321953341e-06
115200_to_460800,frozen_Bear_radar_mapped_to_Uni_local4,label_code_ce_mse,73,20260920-190512-outBroken-115200,train,2,2,50,0.12335829820634882,0.8647761396607608,0.0034428105416345013,0.13118715922303972,0.8629200468898364,0.002449983345489329
115200_to_460800,frozen_Bear_radar_mapped_to_Uni_local4,label_code_ce_mse,73,20260920-190913-outBroken-460800,test,2,2,50,0.128142503216915,0.8501214037232658,0.006426758646802652,0.23981081408845484,0.7498739701622302,0.0038884571025122328
115200_to_460800,frozen_Bear_radar_mapped_to_Uni_local4,label_code_ce_mse,73,20260920-192216-inBroken-115200,train,1,1,50,0.5096035050073966,0.8622034605387293,0.00483381714940609,0.9876839281539869,0.007450360089499467,3.189460710769269e-05
115200_to_460800,frozen_Bear_radar_mapped_to_Uni_local4,label_code_ce_mse,73,20260920-192610-inBroken-460800,test,1,1,51,0.8473607536121016,0.1435089948582076,0.00973176937418353,0.9739658158983915,0.01591407892554881,0.0003883358018761128
115200_to_460800,frozen_Bear_radar_mapped_to_Uni_local4,label_code_ce_mse,73,20260920-193718-roll-115200,train,3,3,51,1.3462472267052057,0.9747172263893339,6.73492221268977e-08,5.907574112831209e-07,4.823799500495795e-07,0.9999988595134163
115200_to_460800,frozen_Bear_radar_mapped_to_Uni_local4,label_code_ce_mse,73,20260920-194108-roll-460800,test,3,3,51,2.114576563884969,0.7821182554062276,7.786669671685102e-07,9.434721719435344e-06,4.6412257408216596e-06,0.9999851453855727
115200_to_460800,frozen_Bear_radar_mapped_to_Uni_local4,label_code_ce_mse,73,20260920-195424-keep-115200,external,-1,2,51,6.716242531093069,-0.45567866317548994,0.00868804765532088,0.1951266790552728,0.7796780697780443,0.016507203511361822
115200_to_460800,frozen_Bear_radar_mapped_to_Uni_local4,label_code_ce_mse,73,20260920-195753-keep-460800,external,-1,2,51,7.080942639274276,-0.4720422474570065,0.010847197524371133,0.20490883686992858,0.762412784069858,0.02183118153584206
115200_to_460800,frozen_Bear_radar_mapped_to_Uni_local4,label_code_ce_mse,73,20260920-201757-bigNormal-115200,external,-1,3,50,88.70588817255964,0.15246491676932308,0.006387710282827719,0.12284540659141154,0.06350537070502721,0.8072615124207337
115200_to_460800,frozen_Bear_radar_mapped_to_Uni_local4,label_code_ce_mse,73,20260920-202115-bigNormal-460800,external,-1,1,50,83.558053563558,0.2596986410920287,0.02022639573668485,0.5087843671583449,0.17182304246840954,0.29916619463656074
115200_to_460800,frozen_Bear_radar_mapped_to_Uni_local4,wrong_class_mse,17,20260920-184058-normal-11520,train,0,1,61,0.7836069233866556,0.301833378127088,0.0041285173728168815,0.9891736356010761,0.005165421742935937,0.0015324252831710014
115200_to_460800,frozen_Bear_radar_mapped_to_Uni_local4,wrong_class_mse,17,20260920-184857-normal-460800,test,0,1,48,0.5863529048899434,0.17603325195906827,0.004125913464294695,0.9866993507834015,0.00669117854420903,0.002483557208094933
115200_to_460800,frozen_Bear_radar_mapped_to_Uni_local4,wrong_class_mse,17,20260920-190512-outBroken-115200,train,2,3,50,3.8764138987114807,-0.6346766179751918,7.531549349302433e-06,0.0018291827866520549,0.0005440157801625135,0.9976192698838361
115200_to_460800,frozen_Bear_radar_mapped_to_Uni_local4,wrong_class_mse,17,20260920-190913-outBroken-460800,test,2,3,50,2.8127186350925664,-0.615487824865281,0.0003516086312495245,0.0170450000092241,0.055595209448804035,0.9270081819107228
115200_to_460800,frozen_Bear_radar_mapped_to_Uni_local4,wrong_class_mse,17,20260920-192216-inBroken-115200,train,1,2,50,0.679024471647705,0.10800166922904171,0.0013365420294723588,0.004593974344147599,0.993473565765122,0.000595917861258399
115200_to_460800,frozen_Bear_radar_mapped_to_Uni_local4,wrong_class_mse,17,20260920-192610-inBroken-460800,test,1,2,51,0.8781896380168857,-0.3747578782016308,0.005055923045391102,0.013815476795426822,0.9792439754648633,0.00188462469431921
115200_to_460800,frozen_Bear_radar_mapped_to_Uni_local4,wrong_class_mse,17,20260920-193718-roll-115200,train,3,0,51,5.135407457522399,-0.8093164984483403,0.9907744184391235,0.005514643693070206,0.0035720871656905843,0.00013885070211559254
115200_to_460800,frozen_Bear_radar_mapped_to_Uni_local4,wrong_class_mse,17,20260920-194108-roll-460800,test,3,0,51,6.585531084656049,-0.8675998874374728,0.9863811142827853,0.0068211225164257015,0.006580364473557623,0.00021739872723112368
115200_to_460800,frozen_Bear_radar_mapped_to_Uni_local4,wrong_class_mse,17,20260920-195424-keep-115200,external,-1,3,51,2.5056669673553387,0.8880106417283706,0.0008435465090799087,0.021319762241369132,0.008238188765777713,0.9695985024837733
115200_to_460800,frozen_Bear_radar_mapped_to_Uni_local4,wrong_class_mse,17,20260920-195753-keep-460800,external,-1,3,51,3.0201194104388547,0.8744758320808051,0.001351809631987132,0.031746783893452375,0.01253656027419793,0.9543648462003622
115200_to_460800,frozen_Bear_radar_mapped_to_Uni_local4,wrong_class_mse,17,20260920-201757-bigNormal-115200,external,-1,2,50,90.54637821225158,-0.15867501051786648,0.17549979896285348,0.24199123884708962,0.48800479119536866,0.09450417099468814
115200_to_460800,frozen_Bear_radar_mapped_to_Uni_local4,wrong_class_mse,17,20260920-202115-bigNormal-460800,external,-1,2,50,85.36080117138454,-0.26318106292162347,0.055436976174046304,0.19256472318108675,0.6565824485866526,0.0954158520582145
115200_to_460800,frozen_Bear_radar_mapped_to_Uni_local4,wrong_class_mse,42,20260920-184058-normal-11520,train,0,1,61,0.778393959690546,0.28774954483335,0.004878579298557063,0.9861372060156265,0.00689407823557277,0.002090136450243908
115200_to_460800,frozen_Bear_radar_mapped_to_Uni_local4,wrong_class_mse,42,20260920-184857-normal-460800,test,0,1,48,0.5684954751118669,0.1943555939420768,0.004749113410745637,0.9845612312091171,0.008117222930062354,0.002572432450074816
115200_to_460800,frozen_Bear_radar_mapped_to_Uni_local4,wrong_class_mse,42,20260920-190512-outBroken-115200,train,2,3,50,4.016104030778584,-0.6360561450402639,5.889159108417759e-06,0.001499349163671246,0.0004285807703487409,0.9980661809068715
115200_to_460800,frozen_Bear_radar_mapped_to_Uni_local4,wrong_class_mse,42,20260920-190913-outBroken-460800,test,2,3,50,2.9009114679018144,-0.6288405162667658,0.00020552642024202286,0.010857144927612217,0.021727423784182864,0.967209904867963
115200_to_460800,frozen_Bear_radar_mapped_to_Uni_local4,wrong_class_mse,42,20260920-192216-inBroken-115200,train,1,2,50,0.6886437166598973,0.1052757412347919,0.0012484517093029651,0.004282367097217858,0.9939048259142358,0.000564355279243171
115200_to_460800,frozen_Bear_radar_mapped_to_Uni_local4,wrong_class_mse,42,20260920-192610-inBroken-460800,test,1,2,51,1.0044566629121476,-0.3928445226487355,0.006093562742526457,0.010674704306215999,0.9822007899202103,0.0010309430310466508
115200_to_460800,frozen_Bear_radar_mapped_to_Uni_local4,wrong_class_mse,42,20260920-193718-roll-115200,train,3,0,51,4.969894077104769,-0.8060242736335566,0.9883845079802623,0.0067679920366059895,0.004648884820020472,0.00019861516311116365
115200_to_460800,frozen_Bear_radar_mapped_to_Uni_local4,wrong_class_mse,42,20260920-194108-roll-460800,test,3,0,51,6.481436581879313,-0.86902115175591,0.9835679510257446,0.007994292015862579,0.008166125406945099,0.00027163155144781974
115200_to_460800,frozen_Bear_radar_mapped_to_Uni_local4,wrong_class_mse,42,20260920-195424-keep-115200,external,-1,3,51,2.005569009690808,0.8894253702154804,6.240355928010749e-05,0.006507740306015856,0.0019450073703002739,0.9914848487644036
115200_to_460800,frozen_Bear_radar_mapped_to_Uni_local4,wrong_class_mse,42,20260920-195753-keep-460800,external,-1,3,51,2.4146671719539583,0.8724356302610884,8.03167275295246e-05,0.00846017283572624,0.0023767913885005816,0.9890827190482439
115200_to_460800,frozen_Bear_radar_mapped_to_Uni_local4,wrong_class_mse,42,20260920-201757-bigNormal-115200,external,-1,2,50,90.66610626699324,-0.17136513037534074,0.12873182613435608,0.1481523343255808,0.6235430306814868,0.09957280885857657
115200_to_460800,frozen_Bear_radar_mapped_to_Uni_local4,wrong_class_mse,42,20260920-202115-bigNormal-460800,external,-1,2,50,85.58982143671878,-0.23684762120192895,0.03898514184826588,0.10103097206106254,0.7760293482791557,0.08395453781151557
115200_to_460800,frozen_Bear_radar_mapped_to_Uni_local4,wrong_class_mse,73,20260920-184058-normal-11520,train,0,1,61,0.7664427883606395,0.31726069506799404,0.004695414882276623,0.987681142086305,0.00602626202540069,0.0015971810060178909
115200_to_460800,frozen_Bear_radar_mapped_to_Uni_local4,wrong_class_mse,73,20260920-184857-normal-460800,test,0,1,48,0.5847429886673107,0.20302001131104405,0.004119574180117271,0.9874210082450228,0.00654430088996594,0.0019151166848942705
115200_to_460800,frozen_Bear_radar_mapped_to_Uni_local4,wrong_class_mse,73,20260920-190512-outBroken-115200,train,2,3,50,3.90583341776611,-0.6371851369336392,7.309795907182328e-06,0.0017637300462795187,0.0004989548577884188,0.9977300053000245
115200_to_460800,frozen_Bear_radar_mapped_to_Uni_local4,wrong_class_mse,73,20260920-190913-outBroken-460800,test,2,3,50,2.740927983375638,-0.6332025927510895,0.0004745097203526338,0.0166929288118884,0.03425647325592992,0.9485760882118293
115200_to_460800,frozen_Bear_radar_mapped_to_Uni_local4,wrong_class_mse,73,20260920-192216-inBroken-115200,train,1,2,50,0.6652051203429694,0.11046521903468223,0.0014165990719893129,0.005050578069535076,0.9928838003852172,0.0006490224732581515
115200_to_460800,frozen_Bear_radar_mapped_to_Uni_local4,wrong_class_mse,73,20260920-192610-inBroken-460800,test,1,2,51,0.9294701479816074,-0.3743833969428707,0.005045862709053927,0.01248659164551843,0.9810554277309156,0.0014121179145119456
115200_to_460800,frozen_Bear_radar_mapped_to_Uni_local4,wrong_class_mse,73,20260920-193718-roll-115200,train,3,0,51,5.052661315341494,-0.8092161200389789,0.9897378270943485,0.006036729426958324,0.004062558989601788,0.00016288448909127764
115200_to_460800,frozen_Bear_radar_mapped_to_Uni_local4,wrong_class_mse,73,20260920-194108-roll-460800,test,3,0,51,6.368350939259534,-0.8664728315154291,0.9813428115959291,0.00953252332613397,0.00878014636726314,0.0003445187106738103
115200_to_460800,frozen_Bear_radar_mapped_to_Uni_local4,wrong_class_mse,73,20260920-195424-keep-115200,external,-1,3,51,2.427828416511732,0.8838465078442902,0.0003943091844716029,0.02044737451504922,0.005507137293449056,0.9736511790070304
115200_to_460800,frozen_Bear_radar_mapped_to_Uni_local4,wrong_class_mse,73,20260920-195753-keep-460800,external,-1,3,51,2.9676259673882517,0.8657805370165756,0.0007959432876443364,0.03263474100543894,0.008395376900814572,0.958173938806102
115200_to_460800,frozen_Bear_radar_mapped_to_Uni_local4,wrong_class_mse,73,20260920-201757-bigNormal-115200,external,-1,2,50,90.40753319920283,-0.11188120746549125,0.17304595256556213,0.21986662424046408,0.4607427501977048,0.14634467299626913
115200_to_460800,frozen_Bear_radar_mapped_to_Uni_local4,wrong_class_mse,73,20260920-202115-bigNormal-460800,external,-1,2,50,85.27612431285355,-0.21853673317490488,0.0634967785513213,0.16819082518577994,0.6394327841286688,0.1288796121342302
460800_to_115200,direct_Uni_contact_local4,none,-1,20260920-184058-normal-11520,test,0,0,7,0.0,0.9999999999999999,0.9863583979913342,0.004811377927371234,0.00882296961275746,7.254468537187133e-06
460800_to_115200,direct_Uni_contact_local4,none,-1,20260920-184857-normal-460800,train,0,0,6,0.0,1.0,0.9931150158546792,0.0020832875917415282,0.0047640799186944435,3.761663488472769e-05
460800_to_115200,direct_Uni_contact_local4,none,-1,20260920-190512-outBroken-115200,test,2,2,8,0.0,1.0,0.00897015881521885,0.005183126392377616,0.9855374916327821,0.00030922315962138134
460800_to_115200,direct_Uni_contact_local4,none,-1,20260920-190913-outBroken-460800,train,2,2,10,0.0,1.0000000000000002,0.005014404592049002,0.004355852572406855,0.9903876911611,0.00024205167444414153
460800_to_115200,direct_Uni_contact_local4,none,-1,20260920-192216-inBroken-115200,test,1,1,8,0.0,1.0000000000000002,0.0071957117864602255,0.9804559813689256,0.012128704948133957,0.00021960189648019142
460800_to_115200,direct_Uni_contact_local4,none,-1,20260920-192610-inBroken-460800,train,1,1,7,0.0,1.0000000000000002,0.001893453527285923,0.9904859867097704,0.004598560236637549,0.003021999526306111
460800_to_115200,direct_Uni_contact_local4,none,-1,20260920-193718-roll-115200,test,3,3,9,0.0,1.0000000000000002,7.318770709103988e-05,0.026969070705364327,0.0008564182853436681,0.9721013233022009
460800_to_115200,direct_Uni_contact_local4,none,-1,20260920-194108-roll-460800,train,3,3,3,0.0,1.0000000000000002,5.346791367506104e-06,0.0031782627944908783,0.00010869384310661553,0.996707696571035
460800_to_115200,direct_Uni_contact_local4,none,-1,20260920-195424-keep-115200,external,-1,3,8,0.0,1.0000000000000002,1.8054792437186792e-06,0.00045801012074666995,1.8996636402892718e-05,0.9995211877636068
460800_to_115200,direct_Uni_contact_local4,none,-1,20260920-195753-keep-460800,external,-1,3,10,0.0,1.0,2.6648458038081475e-06,0.0004147976416940107,2.0167338975311313e-05,0.9995623701735269
460800_to_115200,direct_Uni_contact_local4,none,-1,20260920-201757-bigNormal-115200,external,-1,0,8,0.0,1.0,0.9999359167715036,2.1109058014146786e-08,5.97952744699991e-10,6.406152148568822e-05
460800_to_115200,direct_Uni_contact_local4,none,-1,20260920-202115-bigNormal-460800,external,-1,0,4,0.0,1.0,0.9999961199398084,4.491878488981799e-08,3.1566642467297843e-12,3.83513824994703e-06
460800_to_115200,Bear_contact_mapped_to_Uni_local4,none,-1,20260920-184058-normal-11520,test,0,0,7,0.5879003957519277,0.8175871152096419,0.9904110299378148,0.002396615441990752,0.007179842459460369,1.251216073394652e-05
460800_to_115200,Bear_contact_mapped_to_Uni_local4,none,-1,20260920-184857-normal-460800,train,0,0,6,0.0001346541470672181,0.9999471583449939,0.9930118393253425,0.0022068929585390457,0.004746338314290354,3.4929401828167776e-05
460800_to_115200,Bear_contact_mapped_to_Uni_local4,none,-1,20260920-190512-outBroken-115200,test,2,2,8,0.01619543982878819,0.9889865846719823,0.004658946164699514,0.002363371701101566,0.992712617986671,0.0002650641475278967
460800_to_115200,Bear_contact_mapped_to_Uni_local4,none,-1,20260920-190913-outBroken-460800,train,2,2,10,9.393780894024039e-05,0.9999635108663129,0.0052117075735103255,0.004410992716390126,0.9900909124691217,0.00028638724097770457
460800_to_115200,Bear_contact_mapped_to_Uni_local4,none,-1,20260920-192216-inBroken-115200,test,1,1,8,0.19294527082318574,0.8291911530477203,0.01464116342270883,0.975537918616626,0.007930665523095027,0.001890252437570228
460800_to_115200,Bear_contact_mapped_to_Uni_local4,none,-1,20260920-192610-inBroken-460800,train,1,1,7,0.00029213626655185537,0.9996681167139385,0.0021077311536462627,0.9893422482205853,0.004735962797901708,0.0038140578278665765
460800_to_115200,Bear_contact_mapped_to_Uni_local4,none,-1,20260920-193718-roll-115200,test,3,3,9,1.4328290201010099,0.7613011569291209,0.11556667777024734,0.24233101821426,0.004876434833474765,0.6372258691820178
460800_to_115200,Bear_contact_mapped_to_Uni_local4,none,-1,20260920-194108-roll-460800,train,3,3,3,0.00030787664439900015,0.999975176665525,5.9530156144616504e-06,0.003758724921839368,0.00012547397437909886,0.996109848088167
460800_to_115200,Bear_contact_mapped_to_Uni_local4,none,-1,20260920-195424-keep-115200,external,-1,3,8,3.1991711352262553,0.6621939934102821,0.0006726042120699775,0.06580881054168657,0.014760229500354691,0.9187583557458888
460800_to_115200,Bear_contact_mapped_to_Uni_local4,none,-1,20260920-195753-keep-460800,external,-1,3,10,4.375217899317086,0.5748073683922874,0.0005528541083646497,0.12455613244536048,0.015501791425558473,0.8593892220207164
460800_to_115200,Bear_contact_mapped_to_Uni_local4,none,-1,20260920-201757-bigNormal-115200,external,-1,0,8,2777.7076688000852,0.19898958405284825,1.0,1.21537633579064e-76,5.571093953499407e-91,1.1499246087033246e-101
460800_to_115200,Bear_contact_mapped_to_Uni_local4,none,-1,20260920-202115-bigNormal-460800,external,-1,0,4,2830.9630948765202,0.23200577214824505,1.0,5.101046198701483e-81,1.1991928235895e-101,6.726693396885973e-106
460800_to_115200,frozen_Bear_radar_mapped_to_Uni_local4,ce_only,17,20260920-184058-normal-11520,test,0,0,61,2.2014600555418817,-0.1729652904485473,0.4540322836345171,0.1353774545295695,0.16277144286757922,0.24781881896833416
460800_to_115200,frozen_Bear_radar_mapped_to_Uni_local4,ce_only,17,20260920-184857-normal-460800,train,0,0,48,1.0172019692468632,0.28571314459013564,0.47211659857712346,0.14898766320538084,0.20418770573130696,0.17470803248618874
460800_to_115200,frozen_Bear_radar_mapped_to_Uni_local4,ce_only,17,20260920-190512-outBroken-115200,test,2,2,50,0.3131457545371572,0.743706338878291,0.03049273372517604,0.2737942387687558,0.6952780500290916,0.00043497747697627127
460800_to_115200,frozen_Bear_radar_mapped_to_Uni_local4,ce_only,17,20260920-190913-outBroken-460800,train,2,2,50,0.42177984648628997,0.7584150407218219,0.01960176960530381,0.2351475100179873,0.7451653196634536,8.540071325531108e-05
460800_to_115200,frozen_Bear_radar_mapped_to_Uni_local4,ce_only,17,20260920-192216-inBroken-115200,test,1,1,50,0.2239721443193597,0.781569544684205,0.0039389080601672545,0.8889337843269949,0.10300645336812848,0.004120854244709586
460800_to_115200,frozen_Bear_radar_mapped_to_Uni_local4,ce_only,17,20260920-192610-inBroken-460800,train,1,1,51,0.38788985186930147,0.6540609999580044,0.0008387090175783176,0.9552598319024439,0.04233356944653222,0.0015678896334457328
460800_to_115200,frozen_Bear_radar_mapped_to_Uni_local4,ce_only,17,20260920-193718-roll-115200,test,3,3,51,2.024302577166391,0.5043537800048578,0.04089079637007817,0.005994156677519453,0.0007161391698717122,0.9523989077825301
460800_to_115200,frozen_Bear_radar_mapped_to_Uni_local4,ce_only,17,20260920-194108-roll-460800,train,3,3,51,1.0971404640495752,0.6898795784016506,0.019788395661134644,0.002239826646910168,5.6646932501529254e-05,0.9779151307594537
460800_to_115200,frozen_Bear_radar_mapped_to_Uni_local4,ce_only,17,20260920-195424-keep-115200,external,-1,2,51,6.002419832832681,-0.6839018691101612,0.10423643801266845,0.3864909752186495,0.49167753119677116,0.0175950555719109
460800_to_115200,frozen_Bear_radar_mapped_to_Uni_local4,ce_only,17,20260920-195753-keep-460800,external,-1,2,51,6.8919267636243795,-0.7406423709150859,0.13936158461568587,0.3803735572945205,0.44384381358841735,0.03642104450137618
460800_to_115200,frozen_Bear_radar_mapped_to_Uni_local4,ce_only,17,20260920-201757-bigNormal-115200,external,-1,1,50,106.57434713550502,0.38646944546668915,0.2609566446490549,0.3894568877555635,0.173407944950666,0.17617852264471576
460800_to_115200,frozen_Bear_radar_mapped_to_Uni_local4,ce_only,17,20260920-202115-bigNormal-460800,external,-1,1,50,90.98991236168052,0.34440287759051574,0.18763584921683535,0.4563784562032927,0.2960311851573013,0.05995450942257069
460800_to_115200,frozen_Bear_radar_mapped_to_Uni_local4,ce_only,42,20260920-184058-normal-11520,test,0,3,61,2.506345016862478,-0.30517256507064383,0.3465060200913442,0.11370553475385604,0.1337508115007367,0.406037633654063
460800_to_115200,frozen_Bear_radar_mapped_to_Uni_local4,ce_only,42,20260920-184857-normal-460800,train,0,0,48,1.214939656380959,0.14027267412517572,0.3821556348968555,0.13077664705278202,0.17768263650587027,0.30938508154449224
460800_to_115200,frozen_Bear_radar_mapped_to_Uni_local4,ce_only,42,20260920-190512-outBroken-115200,test,2,2,50,0.33880336101251773,0.7478007490610293,0.029472994122158865,0.27390438824286045,0.6963899992343737,0.00023261840060716626
460800_to_115200,frozen_Bear_radar_mapped_to_Uni_local4,ce_only,42,20260920-190913-outBroken-460800,train,2,2,50,0.4162818438966598,0.7650754316537263,0.022702395218900443,0.24378996778322803,0.733437483462339,7.015353553237885e-05
460800_to_115200,frozen_Bear_radar_mapped_to_Uni_local4,ce_only,42,20260920-192216-inBroken-115200,test,1,1,50,0.21289535450737157,0.7985035140241594,0.0029048834314006284,0.8890821331864959,0.10580260466945919,0.0022103787126443158
460800_to_115200,frozen_Bear_radar_mapped_to_Uni_local4,ce_only,42,20260920-192610-inBroken-460800,train,1,1,51,0.3672940334571404,0.6394804188191098,0.0012637532078534526,0.9491782564825546,0.047518175058652336,0.0020398152509395434
460800_to_115200,frozen_Bear_radar_mapped_to_Uni_local4,ce_only,42,20260920-193718-roll-115200,test,3,3,51,2.1167883673077297,0.4953578664662449,0.028505616867649762,0.003468695400596849,0.00037572275243952127,0.9676499649793135
460800_to_115200,frozen_Bear_radar_mapped_to_Uni_local4,ce_only,42,20260920-194108-roll-460800,train,3,3,51,1.1315820379034536,0.6952975728927094,0.015296723649834965,0.0012684545824464782,3.3233537088448475e-05,0.9834015882306302
460800_to_115200,frozen_Bear_radar_mapped_to_Uni_local4,ce_only,42,20260920-195424-keep-115200,external,-1,2,51,6.346864770086297,-0.7026343904177402,0.09613199445346143,0.3524667378601945,0.5415156133258717,0.009885654360472132
460800_to_115200,frozen_Bear_radar_mapped_to_Uni_local4,ce_only,42,20260920-195753-keep-460800,external,-1,2,51,7.236197802471398,-0.7451589947277875,0.12780589505776363,0.34833174329811684,0.5033240505735688,0.020538311070550583
460800_to_115200,frozen_Bear_radar_mapped_to_Uni_local4,ce_only,42,20260920-201757-bigNormal-115200,external,-1,1,50,106.7534335263465,0.3803245644677623,0.16858748127564213,0.5009567093620844,0.28399217291973566,0.04646363644253783
460800_to_115200,frozen_Bear_radar_mapped_to_Uni_local4,ce_only,42,20260920-202115-bigNormal-460800,external,-1,1,50,91.36249430300003,0.1577599505693145,0.0947078859765861,0.4765529940622138,0.42026988622001793,0.008469233741182084
460800_to_115200,frozen_Bear_radar_mapped_to_Uni_local4,ce_only,73,20260920-184058-normal-11520,test,0,3,61,2.4950876163512197,-0.302473967312427,0.35030005176793855,0.10850644301227116,0.1420588352469531,0.3991346699728372
460800_to_115200,frozen_Bear_radar_mapped_to_Uni_local4,ce_only,73,20260920-184857-normal-460800,train,0,0,48,1.2194527810421874,0.13608348566141787,0.37481114854257064,0.12141825758982978,0.18094054881238075,0.3228300450552188
460800_to_115200,frozen_Bear_radar_mapped_to_Uni_local4,ce_only,73,20260920-190512-outBroken-115200,test,2,2,50,0.37588114670378003,0.7368033977421288,0.02205007086692261,0.29460467803869816,0.6831503922981043,0.0001948587962748621
460800_to_115200,frozen_Bear_radar_mapped_to_Uni_local4,ce_only,73,20260920-190913-outBroken-460800,train,2,2,50,0.5110901297188297,0.7535525933258692,0.01228442809856035,0.26089269246107233,0.7267857671594509,3.7112280916678455e-05
460800_to_115200,frozen_Bear_radar_mapped_to_Uni_local4,ce_only,73,20260920-192216-inBroken-115200,test,1,1,50,0.23607593628365098,0.7753299847792386,0.002095820213175481,0.8997492756343969,0.09524064016062112,0.002914263991806459
460800_to_115200,frozen_Bear_radar_mapped_to_Uni_local4,ce_only,73,20260920-192610-inBroken-460800,train,1,1,51,0.3832738048979971,0.6680076662197095,0.0005988864347358478,0.9587421859059534,0.03888096712494478,0.0017779605343659548
460800_to_115200,frozen_Bear_radar_mapped_to_Uni_local4,ce_only,73,20260920-193718-roll-115200,test,3,3,51,2.0484465349441976,0.49800322874297404,0.025098102326455405,0.004123719888504224,0.0003884234456067635,0.9703897543394334
460800_to_115200,frozen_Bear_radar_mapped_to_Uni_local4,ce_only,73,20260920-194108-roll-460800,train,3,3,51,1.0018580506853842,0.7149348047010098,0.013257364377501364,0.0018823919193279638,5.947963246747462e-05,0.9848007640707035
460800_to_115200,frozen_Bear_radar_mapped_to_Uni_local4,ce_only,73,20260920-195424-keep-115200,external,-1,2,51,6.388954263617316,-0.7100029913134135,0.10206052123218223,0.3506584491784673,0.5383860903126468,0.008894939276703673
460800_to_115200,frozen_Bear_radar_mapped_to_Uni_local4,ce_only,73,20260920-195753-keep-460800,external,-1,2,51,7.221492423198034,-0.7656685786895026,0.14744046199390484,0.3408458602794393,0.48882621644388025,0.022887461282775533
460800_to_115200,frozen_Bear_radar_mapped_to_Uni_local4,ce_only,73,20260920-201757-bigNormal-115200,external,-1,1,50,106.73770406708121,0.42424682600854186,0.20203065505761825,0.46836403397075577,0.22121186225208217,0.10839344871954379
460800_to_115200,frozen_Bear_radar_mapped_to_Uni_local4,ce_only,73,20260920-202115-bigNormal-460800,external,-1,1,50,91.15468243851393,0.2518356173775977,0.13085809351601319,0.5013198593765136,0.3386560977858544,0.02916594932161879
460800_to_115200,frozen_Bear_radar_mapped_to_Uni_local4,matched_bag_mse,17,20260920-184058-normal-11520,test,0,0,61,0.47709920872509015,0.8692802978639237,0.9698607429335964,0.015842205970797288,0.010789563299110995,0.0035074877964954834
460800_to_115200,frozen_Bear_radar_mapped_to_Uni_local4,matched_bag_mse,17,20260920-184857-normal-460800,train,0,0,48,0.0001341378680479453,0.999937205014133,0.9937427759289106,0.0022093788795754777,0.004011660692072508,3.618449944131812e-05
460800_to_115200,frozen_Bear_radar_mapped_to_Uni_local4,matched_bag_mse,17,20260920-190512-outBroken-115200,test,2,2,50,0.03149573495195477,0.9741197466364664,0.017497099139374327,0.009298448437499782,0.972811912589452,0.00039253983367400046
460800_to_115200,frozen_Bear_radar_mapped_to_Uni_local4,matched_bag_mse,17,20260920-190913-outBroken-460800,train,2,2,50,5.287104502708918e-05,0.9999609312964732,0.0035138926495134767,0.0036942108488219193,0.9925786375031909,0.0002132589984739397
460800_to_115200,frozen_Bear_radar_mapped_to_Uni_local4,matched_bag_mse,17,20260920-192216-inBroken-115200,test,1,1,50,0.2556535561872705,0.8323927279934932,0.011575369501302946,0.9136100983430566,0.06627484160359183,0.008539690552048307
460800_to_115200,frozen_Bear_radar_mapped_to_Uni_local4,matched_bag_mse,17,20260920-192610-inBroken-460800,train,1,1,51,0.00038436021539865035,0.9996917391081236,0.0020731923114905458,0.9896902611343761,0.0049169178725706015,0.003319628681562738
460800_to_115200,frozen_Bear_radar_mapped_to_Uni_local4,matched_bag_mse,17,20260920-193718-roll-115200,test,3,3,51,1.2365965827663852,0.7145853539007027,0.009697252918505171,0.027615415819378687,0.003387601399645188,0.9592997298624708
460800_to_115200,frozen_Bear_radar_mapped_to_Uni_local4,matched_bag_mse,17,20260920-194108-roll-460800,train,3,3,51,0.00044352174606130865,0.9999909347838164,4.797422873898446e-06,0.0029733690603802767,9.728885036951738e-05,0.9969245446663766
460800_to_115200,frozen_Bear_radar_mapped_to_Uni_local4,matched_bag_mse,17,20260920-195424-keep-115200,external,-1,2,51,6.4320123469011365,-0.6314566082295456,0.27880168725902843,0.11996667804766846,0.5930747595141126,0.008156875179190526
460800_to_115200,frozen_Bear_radar_mapped_to_Uni_local4,matched_bag_mse,17,20260920-195753-keep-460800,external,-1,0,51,7.446366667833988,-0.5445148495792954,0.4303009522482168,0.13219796617312926,0.42769262996893886,0.009808451609715118
460800_to_115200,frozen_Bear_radar_mapped_to_Uni_local4,matched_bag_mse,17,20260920-201757-bigNormal-115200,external,-1,2,50,109.4831854731038,-0.14786322435800475,0.016557864347569715,0.17515776731966234,0.6492417303244906,0.15904263800827734
460800_to_115200,frozen_Bear_radar_mapped_to_Uni_local4,matched_bag_mse,17,20260920-202115-bigNormal-460800,external,-1,2,50,93.85969899405448,-0.21875465285989154,0.01655002631150561,0.09175615658943272,0.8576378078451049,0.0340560092539568
460800_to_115200,frozen_Bear_radar_mapped_to_Uni_local4,matched_bag_mse,42,20260920-184058-normal-11520,test,0,0,61,0.46851904237817615,0.8705189979599072,0.9789203938773657,0.009900730789387182,0.010029532190732184,0.0011493431425147727
460800_to_115200,frozen_Bear_radar_mapped_to_Uni_local4,matched_bag_mse,42,20260920-184857-normal-460800,train,0,0,48,0.0007634511855121289,0.9998830979600628,0.9926338218847003,0.0025881913990492673,0.00473422248980739,4.376422644344449e-05
460800_to_115200,frozen_Bear_radar_mapped_to_Uni_local4,matched_bag_mse,42,20260920-190512-outBroken-115200,test,2,2,50,0.01657055964936332,0.9868672703502593,0.00806688819526875,0.0066011327229952965,0.9849991647591751,0.0003328143225609239
460800_to_115200,frozen_Bear_radar_mapped_to_Uni_local4,matched_bag_mse,42,20260920-190913-outBroken-460800,train,2,2,50,9.851007415022619e-05,0.9999175241437973,0.0032342196975139403,0.0036044593132745066,0.9929449659965701,0.0002163549926414416
460800_to_115200,frozen_Bear_radar_mapped_to_Uni_local4,matched_bag_mse,42,20260920-192216-inBroken-115200,test,1,1,50,0.24091832659730847,0.8516013971046683,0.012197760883456152,0.9262936799158773,0.05397802310945713,0.00753053609120939
460800_to_115200,frozen_Bear_radar_mapped_to_Uni_local4,matched_bag_mse,42,20260920-192610-inBroken-460800,train,1,1,51,0.00035975833858690494,0.9995454590589213,0.0019590849793017753,0.9899817758798054,0.004743055342150416,0.0033160837987425374
460800_to_115200,frozen_Bear_radar_mapped_to_Uni_local4,matched_bag_mse,42,20260920-193718-roll-115200,test,3,3,51,1.2323626169173394,0.7156655966546226,0.012017938474699083,0.03453440803813223,0.006593907607166324,0.9468537458800029
460800_to_115200,frozen_Bear_radar_mapped_to_Uni_local4,matched_bag_mse,42,20260920-194108-roll-460800,train,3,3,51,0.0023248582272374584,0.9999731356161732,9.031590819180979e-06,0.00441399353714559,0.00016293254601899628,0.9954140423260163
460800_to_115200,frozen_Bear_radar_mapped_to_Uni_local4,matched_bag_mse,42,20260920-195424-keep-115200,external,-1,2,51,6.885766860883852,-0.6126615002228031,0.10772480858221146,0.0373867421581193,0.8527089075767842,0.0021795416828850507
460800_to_115200,frozen_Bear_radar_mapped_to_Uni_local4,matched_bag_mse,42,20260920-195753-keep-460800,external,-1,2,51,7.977695760497553,-0.5583310726601238,0.22198770997899478,0.04598761079918776,0.7294186062736714,0.00260607294814613
460800_to_115200,frozen_Bear_radar_mapped_to_Uni_local4,matched_bag_mse,42,20260920-201757-bigNormal-115200,external,-1,2,50,109.68998133380856,-0.18358905253521063,0.015441030364982105,0.15633164253088533,0.7419615819086378,0.08626574519549447
460800_to_115200,frozen_Bear_radar_mapped_to_Uni_local4,matched_bag_mse,42,20260920-202115-bigNormal-460800,external,-1,2,50,94.10101730394703,-0.22311596017226357,0.013103553562008274,0.0728023943776563,0.8955224637375768,0.018571588322758587
460800_to_115200,frozen_Bear_radar_mapped_to_Uni_local4,matched_bag_mse,73,20260920-184058-normal-11520,test,0,0,61,0.46926145164908534,0.8688444030994669,0.9800732802127781,0.010014628011647781,0.008912892408854796,0.000999199366719389
460800_to_115200,frozen_Bear_radar_mapped_to_Uni_local4,matched_bag_mse,73,20260920-184857-normal-460800,train,0,0,48,9.85489508193119e-05,0.9999745594306342,0.9942384071794623,0.0019910856417955764,0.0037377035773100606,3.280360143207067e-05
460800_to_115200,frozen_Bear_radar_mapped_to_Uni_local4,matched_bag_mse,73,20260920-190512-outBroken-115200,test,2,2,50,0.022092139720681057,0.9812255223858025,0.010352588307752052,0.006827148298992535,0.9825378501097554,0.00028241328349982395
460800_to_115200,frozen_Bear_radar_mapped_to_Uni_local4,matched_bag_mse,73,20260920-190913-outBroken-460800,train,2,2,50,0.00018396944406945745,0.9999132385285407,0.003588573878695279,0.003697304255976681,0.9925189887360878,0.0001951331292401937
460800_to_115200,frozen_Bear_radar_mapped_to_Uni_local4,matched_bag_mse,73,20260920-192216-inBroken-115200,test,1,1,50,0.26374666164092825,0.8130270869834297,0.011571598808080943,0.9403071084074947,0.03885883353736202,0.009262459247062422
460800_to_115200,frozen_Bear_radar_mapped_to_Uni_local4,matched_bag_mse,73,20260920-192610-inBroken-460800,train,1,1,51,0.0010609840873529838,0.9990221116361219,0.002144742905717295,0.9888621896288121,0.005182851582207442,0.003810215883263303
460800_to_115200,frozen_Bear_radar_mapped_to_Uni_local4,matched_bag_mse,73,20260920-193718-roll-115200,test,3,3,51,1.2322921509002311,0.7154523644240306,0.002462812614202334,0.019849636301213384,0.002641303160955302,0.9750462479236295
460800_to_115200,frozen_Bear_radar_mapped_to_Uni_local4,matched_bag_mse,73,20260920-194108-roll-460800,train,3,3,51,0.0003551568573990183,0.9999869037337226,6.591189601413752e-06,0.0036021069486109375,0.00012753038410756237,0.9962637714776801
460800_to_115200,frozen_Bear_radar_mapped_to_Uni_local4,matched_bag_mse,73,20260920-195424-keep-115200,external,-1,2,51,6.9561768105972455,-0.607843023547223,0.08822929277588455,0.030895152244398327,0.8791820365650503,0.0016935184146670342
460800_to_115200,frozen_Bear_radar_mapped_to_Uni_local4,matched_bag_mse,73,20260920-195753-keep-460800,external,-1,2,51,7.993655149672471,-0.5564527224251506,0.19802506523316643,0.041050821253320824,0.7586283040139704,0.0022958094995423834
460800_to_115200,frozen_Bear_radar_mapped_to_Uni_local4,matched_bag_mse,73,20260920-201757-bigNormal-115200,external,-1,2,50,109.29383400721429,-0.11410086410604237,0.019145513367986297,0.1539101034941911,0.6450976593238841,0.1818467238139387
460800_to_115200,frozen_Bear_radar_mapped_to_Uni_local4,matched_bag_mse,73,20260920-202115-bigNormal-460800,external,-1,2,50,93.64696922554933,-0.19542843569828142,0.019589174709019996,0.08962668646641779,0.84344589953504,0.04733823928952239
460800_to_115200,frozen_Bear_radar_mapped_to_Uni_local4,full,17,20260920-184058-normal-11520,test,0,0,61,0.4938018921712569,0.8531151339654429,0.9809017275783045,0.008570567196360452,0.007779694925180453,0.0027480103001545257
460800_to_115200,frozen_Bear_radar_mapped_to_Uni_local4,full,17,20260920-184857-normal-460800,train,0,0,48,0.0028672528032216227,0.9995775845253199,0.9960968978999408,0.001236216300687784,0.0026437779328917304,2.310786647939119e-05
460800_to_115200,frozen_Bear_radar_mapped_to_Uni_local4,full,17,20260920-190512-outBroken-115200,test,2,2,50,0.0208957056551062,0.9830941141053797,0.009900448391458877,0.007974636344114489,0.9817784218446189,0.00034649341980778317
460800_to_115200,frozen_Bear_radar_mapped_to_Uni_local4,full,17,20260920-190913-outBroken-460800,train,2,2,50,0.001243155190117338,0.9995581545720666,0.0027518457932606114,0.003561344064033326,0.993524168537157,0.00016264160554891872
460800_to_115200,frozen_Bear_radar_mapped_to_Uni_local4,full,17,20260920-192216-inBroken-115200,test,1,1,50,0.2752523410882787,0.7587123660272405,0.007131541090438986,0.9621593772635627,0.02306118151621342,0.007647900129784987
460800_to_115200,frozen_Bear_radar_mapped_to_Uni_local4,full,17,20260920-192610-inBroken-460800,train,1,1,51,0.002274452773314969,0.99646778938364,0.0022494421579214107,0.9898393941389186,0.004233077123638207,0.003678086579521464
460800_to_115200,frozen_Bear_radar_mapped_to_Uni_local4,full,17,20260920-193718-roll-115200,test,3,3,51,1.2463031937818352,0.7127351124332788,0.009645371107070463,0.01671767583526419,0.002880018700821243,0.9707569343568441
460800_to_115200,frozen_Bear_radar_mapped_to_Uni_local4,full,17,20260920-194108-roll-460800,train,3,3,51,0.0003238070931595006,0.9999428623851395,5.2087728563462e-06,0.0029644113840482994,9.505622028312881e-05,0.9969353236228119
460800_to_115200,frozen_Bear_radar_mapped_to_Uni_local4,full,17,20260920-195424-keep-115200,external,-1,2,51,6.594642357030865,-0.6015917444197755,0.07903011422290637,0.05614137822549056,0.8611893071147577,0.0036392004368457354
460800_to_115200,frozen_Bear_radar_mapped_to_Uni_local4,full,17,20260920-195753-keep-460800,external,-1,2,51,7.554992923003882,-0.5585972735459284,0.16703934010960367,0.08079658564699418,0.7464298455133266,0.005734228730075739
460800_to_115200,frozen_Bear_radar_mapped_to_Uni_local4,full,17,20260920-201757-bigNormal-115200,external,-1,2,50,109.71757535022371,-0.16309051755602566,0.01269435563118024,0.10722271926360973,0.8113337679291667,0.06874915717604338
460800_to_115200,frozen_Bear_radar_mapped_to_Uni_local4,full,17,20260920-202115-bigNormal-460800,external,-1,2,50,94.2252164567725,-0.2095868616437101,0.009994159018190894,0.052939153799716046,0.9232607277718717,0.013805959410221414
460800_to_115200,frozen_Bear_radar_mapped_to_Uni_local4,full,42,20260920-184058-normal-11520,test,0,0,61,0.49896024142669254,0.8519988637784253,0.9809860563460873,0.008446207722356007,0.007843521121854342,0.0027242148097023342
460800_to_115200,frozen_Bear_radar_mapped_to_Uni_local4,full,42,20260920-184857-normal-460800,train,0,0,48,0.0019292685859498336,0.9996019279169918,0.9958172720691096,0.0013570196984113297,0.0027991274112513583,2.6580821227874437e-05
460800_to_115200,frozen_Bear_radar_mapped_to_Uni_local4,full,42,20260920-190512-outBroken-115200,test,2,2,50,0.01542535753215007,0.9883992880764179,0.006571016273119682,0.007423915373822964,0.9856518587246837,0.0003532096283735621
460800_to_115200,frozen_Bear_radar_mapped_to_Uni_local4,full,42,20260920-190913-outBroken-460800,train,2,2,50,0.00047582842755953777,0.9996940885458276,0.002949463066756712,0.0038337988824219188,0.9930262270219656,0.00019051102885597488
460800_to_115200,frozen_Bear_radar_mapped_to_Uni_local4,full,42,20260920-192216-inBroken-115200,test,1,1,50,0.2576243030715521,0.7853466693476114,0.006919766346674329,0.9599958596812307,0.0262672736276539,0.006817100344441201
460800_to_115200,frozen_Bear_radar_mapped_to_Uni_local4,full,42,20260920-192610-inBroken-460800,train,1,1,51,0.002028237840731864,0.9970401231118173,0.0022856027121794693,0.9895862293701663,0.004438543643881961,0.0036896242737721615
460800_to_115200,frozen_Bear_radar_mapped_to_Uni_local4,full,42,20260920-193718-roll-115200,test,3,3,51,1.2423606148804893,0.7135360702919782,0.0030667523813353685,0.018150914289992492,0.0031150009356118486,0.9756673323930605
460800_to_115200,frozen_Bear_radar_mapped_to_Uni_local4,full,42,20260920-194108-roll-460800,train,3,3,51,0.00012227788331107832,0.9999670340445781,5.545308207816698e-06,0.003215914976238626,0.00010726023102671424,0.9966712794845269
460800_to_115200,frozen_Bear_radar_mapped_to_Uni_local4,full,42,20260920-195424-keep-115200,external,-1,2,51,6.669828813092298,-0.5790199529931166,0.047463093140036675,0.0360822119307049,0.9139108098003256,0.002543885128932992
460800_to_115200,frozen_Bear_radar_mapped_to_Uni_local4,full,42,20260920-195753-keep-460800,external,-1,2,51,7.709188227085118,-0.544793900418986,0.09912584576145789,0.0476313343488826,0.8498109039197443,0.00343191596991496
460800_to_115200,frozen_Bear_radar_mapped_to_Uni_local4,full,42,20260920-201757-bigNormal-115200,external,-1,2,50,109.7118196983224,-0.16739969501599114,0.010883982595495587,0.18823170110827722,0.6535994624244731,0.14728485387175405
460800_to_115200,frozen_Bear_radar_mapped_to_Uni_local4,full,42,20260920-202115-bigNormal-460800,external,-1,2,50,94.19396734382738,-0.24151915255745665,0.01004626870968107,0.08891848973857044,0.874494399010973,0.02654084254077535
460800_to_115200,frozen_Bear_radar_mapped_to_Uni_local4,full,73,20260920-184058-normal-11520,test,0,0,61,0.5069685797744672,0.8480894417221733,0.9860073304704373,0.005823914925230902,0.006941840076573663,0.0012269145277580057
460800_to_115200,frozen_Bear_radar_mapped_to_Uni_local4,full,73,20260920-184857-normal-460800,train,0,0,48,0.002746992321300031,0.9994814967647772,0.996036981070462,0.0012531147564964048,0.00268492605600157,2.4978117040073143e-05
460800_to_115200,frozen_Bear_radar_mapped_to_Uni_local4,full,73,20260920-190512-outBroken-115200,test,2,2,50,0.01774377869422663,0.9856184204003533,0.008302994509445721,0.00752299112835802,0.9838525421313409,0.0003214722308555135
460800_to_115200,frozen_Bear_radar_mapped_to_Uni_local4,full,73,20260920-190913-outBroken-460800,train,2,2,50,0.0008661845106990628,0.9995824610469888,0.0029312813747978867,0.0038038992841680553,0.9930910080026788,0.0001738113383553956
460800_to_115200,frozen_Bear_radar_mapped_to_Uni_local4,full,73,20260920-192216-inBroken-115200,test,1,1,50,0.2626373698234037,0.7786541667004476,0.0075462326473105966,0.9650320031039819,0.020512957425989756,0.00690880682271803
460800_to_115200,frozen_Bear_radar_mapped_to_Uni_local4,full,73,20260920-192610-inBroken-460800,train,1,1,51,0.0030586511969778124,0.9953972225709492,0.0023309232896350867,0.9893198045596021,0.004332299884408949,0.004016972266354172
460800_to_115200,frozen_Bear_radar_mapped_to_Uni_local4,full,73,20260920-193718-roll-115200,test,3,3,51,1.2484564807161538,0.712621997765754,0.0015825996381056825,0.012338701315263241,0.0017069098830336487,0.9843717891635977
460800_to_115200,frozen_Bear_radar_mapped_to_Uni_local4,full,73,20260920-194108-roll-460800,train,3,3,51,0.000224564646443458,0.9999684832971033,5.027839340495278e-06,0.0030425600640626694,9.776078761462037e-05,0.9968546513089823
460800_to_115200,frozen_Bear_radar_mapped_to_Uni_local4,full,73,20260920-195424-keep-115200,external,-1,2,51,6.666112340666734,-0.5987493854326742,0.08440849586685721,0.04354790346234328,0.8690191182709077,0.0030244823998918672
460800_to_115200,frozen_Bear_radar_mapped_to_Uni_local4,full,73,20260920-195753-keep-460800,external,-1,2,51,7.71165058847355,-0.5555409195388117,0.20412598451199776,0.05787120764412965,0.7338468456161301,0.0041559622277425
460800_to_115200,frozen_Bear_radar_mapped_to_Uni_local4,full,73,20260920-201757-bigNormal-115200,external,-1,2,50,109.9171230357753,-0.1918552407536951,0.011003625240531514,0.13816513918908296,0.724113579951742,0.12671765561864354
460800_to_115200,frozen_Bear_radar_mapped_to_Uni_local4,full,73,20260920-202115-bigNormal-460800,external,-1,2,50,94.29379470439022,-0.2514443596294308,0.010835015725767404,0.07513389035763465,0.8893109018761947,0.02472019204040328
460800_to_115200,frozen_Bear_radar_mapped_to_Uni_local4,label_code_mse,17,20260920-184058-normal-11520,test,0,0,61,1.9994253742796961,-0.21735517074317642,0.29892160835634946,0.29842989786463214,0.20734609648396998,0.19530239729504847
460800_to_115200,frozen_Bear_radar_mapped_to_Uni_local4,label_code_mse,17,20260920-184857-normal-460800,train,0,0,48,1.0161054356963137,0.22864928363249953,0.32382166683808067,0.2865329934552401,0.20820312753100845,0.18144221217567089
460800_to_115200,frozen_Bear_radar_mapped_to_Uni_local4,label_code_mse,17,20260920-190512-outBroken-115200,test,2,2,50,0.3070680689313637,0.700546635506447,0.05975091735656696,0.41237750895906167,0.5262209796993521,0.001650593985018991
460800_to_115200,frozen_Bear_radar_mapped_to_Uni_local4,label_code_mse,17,20260920-190913-outBroken-460800,train,2,2,50,0.3397069388127677,0.723243375888063,0.044637512322073365,0.3716430102591682,0.5833006093477304,0.0004188680710280706
460800_to_115200,frozen_Bear_radar_mapped_to_Uni_local4,label_code_mse,17,20260920-192216-inBroken-115200,test,1,1,50,0.2617581219968365,0.7443789315127741,0.005396211003456434,0.811200702350307,0.17613569810874605,0.007267388537490523
460800_to_115200,frozen_Bear_radar_mapped_to_Uni_local4,label_code_mse,17,20260920-192610-inBroken-460800,train,1,1,51,0.22679338645033834,0.6852708119137042,0.0014661213858189553,0.8880510717231932,0.10610785625069752,0.004374950640290047
460800_to_115200,frozen_Bear_radar_mapped_to_Uni_local4,label_code_mse,17,20260920-193718-roll-115200,test,3,3,51,1.8009196443316675,0.5350022348023677,0.02903139258356579,0.03430240674040615,0.006024772968466211,0.9306414277075616
460800_to_115200,frozen_Bear_radar_mapped_to_Uni_local4,label_code_mse,17,20260920-194108-roll-460800,train,3,3,51,0.7319511818562326,0.78041562115868,0.012941916308623387,0.011626091737123903,0.0008617294120858948,0.9745702625421672
460800_to_115200,frozen_Bear_radar_mapped_to_Uni_local4,label_code_mse,17,20260920-195424-keep-115200,external,-1,1,51,5.75041658170091,-0.6009061256004066,0.10984083644388601,0.4743871382280712,0.39461591384994266,0.021156111478099877
460800_to_115200,frozen_Bear_radar_mapped_to_Uni_local4,label_code_mse,17,20260920-195753-keep-460800,external,-1,1,51,6.658063349669936,-0.6430781992558294,0.12638060566523074,0.47220503861888996,0.3649462516751867,0.03646810404069249
460800_to_115200,frozen_Bear_radar_mapped_to_Uni_local4,label_code_mse,17,20260920-201757-bigNormal-115200,external,-1,1,50,106.6464779068337,0.3904424075263011,0.17380592558262847,0.4936480339227925,0.26276630441732796,0.06977973607725108
460800_to_115200,frozen_Bear_radar_mapped_to_Uni_local4,label_code_mse,17,20260920-202115-bigNormal-460800,external,-1,1,50,90.84780487721737,0.2716715829560971,0.13145701954712555,0.4982113224435535,0.3483388169092007,0.02199284110012039
460800_to_115200,frozen_Bear_radar_mapped_to_Uni_local4,label_code_mse,42,20260920-184058-normal-11520,test,0,0,61,2.0229343262471975,-0.23476770193359323,0.29905050577953196,0.28852482110393846,0.1998742496437399,0.2125504234727896
460800_to_115200,frozen_Bear_radar_mapped_to_Uni_local4,label_code_mse,42,20260920-184857-normal-460800,train,0,0,48,1.018323093212537,0.22372421279505245,0.3173608125995007,0.2898871996909144,0.20956125949945362,0.1831907282101312
460800_to_115200,frozen_Bear_radar_mapped_to_Uni_local4,label_code_mse,42,20260920-190512-outBroken-115200,test,2,2,50,0.322689769153521,0.698163561580885,0.05765535967830773,0.3906835133861007,0.5506424310778021,0.0010186958577894604
460800_to_115200,frozen_Bear_radar_mapped_to_Uni_local4,label_code_mse,42,20260920-190913-outBroken-460800,train,2,2,50,0.3425336676490602,0.721867720726313,0.04603547217352608,0.3695954329792097,0.5839547407778294,0.0004143540694349121
460800_to_115200,frozen_Bear_radar_mapped_to_Uni_local4,label_code_mse,42,20260920-192216-inBroken-115200,test,1,1,50,0.25703346705037394,0.7456110315703819,0.004207580187571951,0.822149644290907,0.16758969973704288,0.0060530757844784585
460800_to_115200,frozen_Bear_radar_mapped_to_Uni_local4,label_code_mse,42,20260920-192610-inBroken-460800,train,1,1,51,0.2311392013392817,0.6852280050239041,0.0013913666321531337,0.8901521307634366,0.10427015891374483,0.004186343690665059
460800_to_115200,frozen_Bear_radar_mapped_to_Uni_local4,label_code_mse,42,20260920-193718-roll-115200,test,3,3,51,1.8206975627619064,0.5275847196387223,0.03244110342860752,0.03507613208905671,0.006113440414257085,0.9263693240680786
460800_to_115200,frozen_Bear_radar_mapped_to_Uni_local4,label_code_mse,42,20260920-194108-roll-460800,train,3,3,51,0.7432546285017874,0.7788088108459098,0.015332722890974274,0.014267574717995507,0.0011523404615505013,0.9692473619294796
460800_to_115200,frozen_Bear_radar_mapped_to_Uni_local4,label_code_mse,42,20260920-195424-keep-115200,external,-1,2,51,6.125323093231433,-0.5674852366898221,0.10513599537670662,0.4380440236082112,0.44806598114525953,0.00875399986982274
460800_to_115200,frozen_Bear_radar_mapped_to_Uni_local4,label_code_mse,42,20260920-195753-keep-460800,external,-1,1,51,7.037887581417273,-0.5727574192896164,0.12365369506135752,0.4373304450524584,0.42437555048037306,0.014640309405811106
460800_to_115200,frozen_Bear_radar_mapped_to_Uni_local4,label_code_mse,42,20260920-201757-bigNormal-115200,external,-1,1,50,106.79591342158531,0.41185767032486675,0.14680918125088788,0.5191343350136368,0.2700922877401639,0.0639641959953116
460800_to_115200,frozen_Bear_radar_mapped_to_Uni_local4,label_code_mse,42,20260920-202115-bigNormal-460800,external,-1,1,50,90.97330258403034,0.2486833573465682,0.11111039476770004,0.5119237398465665,0.35933695013575073,0.017628915249982727
460800_to_115200,frozen_Bear_radar_mapped_to_Uni_local4,label_code_mse,73,20260920-184058-normal-11520,test,0,0,61,2.0326426111096847,-0.24065025648653057,0.3001452518173704,0.2891515980986807,0.19573701802796117,0.21496613205598766
460800_to_115200,frozen_Bear_radar_mapped_to_Uni_local4,label_code_mse,73,20260920-184857-normal-460800,train,0,0,48,1.0164335813177128,0.22832652584508217,0.3242758816313886,0.2854358607399113,0.20805432845948157,0.18223392916921863
460800_to_115200,frozen_Bear_radar_mapped_to_Uni_local4,label_code_mse,73,20260920-190512-outBroken-115200,test,2,2,50,0.3344472539272596,0.6955496830829374,0.05336534287004108,0.3914402110575255,0.5542975481637195,0.0008968979087138429
460800_to_115200,frozen_Bear_radar_mapped_to_Uni_local4,label_code_mse,73,20260920-190913-outBroken-460800,train,2,2,50,0.34964171431638186,0.7225901355773126,0.044188188902125655,0.3665312535610466,0.5889144511302609,0.00036610640656684903
460800_to_115200,frozen_Bear_radar_mapped_to_Uni_local4,label_code_mse,73,20260920-192216-inBroken-115200,test,1,1,50,0.2929114049225928,0.7079950592973663,0.006378732273373071,0.8114592567640438,0.1709774082739897,0.011184602688593535
460800_to_115200,frozen_Bear_radar_mapped_to_Uni_local4,label_code_mse,73,20260920-192610-inBroken-460800,train,1,1,51,0.22036635823794168,0.6853370926952069,0.0015870056665087656,0.8854334944821984,0.10818915823150467,0.004790341619788377
460800_to_115200,frozen_Bear_radar_mapped_to_Uni_local4,label_code_mse,73,20260920-193718-roll-115200,test,3,3,51,1.8105949624068516,0.531378895840169,0.02810723872228188,0.031209103157896288,0.004475211690791952,0.9362084464290298
460800_to_115200,frozen_Bear_radar_mapped_to_Uni_local4,label_code_mse,73,20260920-194108-roll-460800,train,3,3,51,0.7408576345265402,0.7788838831936895,0.014653180955336785,0.013399511890462415,0.001061889450948485,0.9708854177032522
460800_to_115200,frozen_Bear_radar_mapped_to_Uni_local4,label_code_mse,73,20260920-195424-keep-115200,external,-1,2,51,6.2471729049279725,-0.5449853283063786,0.09184351687546917,0.44178835058654203,0.46000431814334775,0.006363814394641138
460800_to_115200,frozen_Bear_radar_mapped_to_Uni_local4,label_code_mse,73,20260920-195753-keep-460800,external,-1,1,51,7.1031131296493655,-0.5505985788702786,0.11211445508348002,0.44530512780088644,0.43023010085397057,0.012350316261662964
460800_to_115200,frozen_Bear_radar_mapped_to_Uni_local4,label_code_mse,73,20260920-201757-bigNormal-115200,external,-1,1,50,106.78210529316813,0.42297277263274907,0.16833539697299454,0.47466461133584914,0.22206523965892835,0.13493475203222807
460800_to_115200,frozen_Bear_radar_mapped_to_Uni_local4,label_code_mse,73,20260920-202115-bigNormal-460800,external,-1,1,50,90.95663708573286,0.35491173777924584,0.14272373506789285,0.503551317514458,0.30163390805843504,0.052091039359214025
460800_to_115200,frozen_Bear_radar_mapped_to_Uni_local4,label_code_ce_mse,17,20260920-184058-normal-11520,test,0,0,61,2.048093531104117,-0.24369060363707243,0.30494768433086,0.27740460921500354,0.19315275655258315,0.22449494990155333
460800_to_115200,frozen_Bear_radar_mapped_to_Uni_local4,label_code_ce_mse,17,20260920-184857-normal-460800,train,0,0,48,1.016098134336314,0.2288327768314579,0.32398512604411794,0.2852503351190789,0.208875396469649,0.18188914236715403
460800_to_115200,frozen_Bear_radar_mapped_to_Uni_local4,label_code_ce_mse,17,20260920-190512-outBroken-115200,test,2,2,50,0.311083766272956,0.7035536154353429,0.056945329958803796,0.3932420887793275,0.5485965714025697,0.0012160098592991055
460800_to_115200,frozen_Bear_radar_mapped_to_Uni_local4,label_code_ce_mse,17,20260920-190913-outBroken-460800,train,2,2,50,0.33872465493615445,0.7235788467246027,0.04518055808255838,0.37003197351815387,0.5843638456667728,0.00042362273251473584
460800_to_115200,frozen_Bear_radar_mapped_to_Uni_local4,label_code_ce_mse,17,20260920-192216-inBroken-115200,test,1,1,50,0.26432352242406854,0.7380853122585901,0.004476131270755763,0.8240689654740316,0.16446556234721604,0.006989340907996505
460800_to_115200,frozen_Bear_radar_mapped_to_Uni_local4,label_code_ce_mse,17,20260920-192610-inBroken-460800,train,1,1,51,0.23501351497868267,0.6855066160939576,0.0013076217234697322,0.8923471317435928,0.10228368245678286,0.0040615640761546504
460800_to_115200,frozen_Bear_radar_mapped_to_Uni_local4,label_code_ce_mse,17,20260920-193718-roll-115200,test,3,3,51,1.8320984968885576,0.5234369870748876,0.031134660281293147,0.03073987984121197,0.00546067566940739,0.9326647842080877
460800_to_115200,frozen_Bear_radar_mapped_to_Uni_local4,label_code_ce_mse,17,20260920-194108-roll-460800,train,3,3,51,0.7402494761702691,0.7790093004296117,0.014579920744858855,0.013217703695698052,0.0010452723301613467,0.9711571032292821
460800_to_115200,frozen_Bear_radar_mapped_to_Uni_local4,label_code_ce_mse,17,20260920-195424-keep-115200,external,-1,1,51,5.739684898301482,-0.5738017566910332,0.1085883320005406,0.4733147814154256,0.39775235225519495,0.02034453432883863
460800_to_115200,frozen_Bear_radar_mapped_to_Uni_local4,label_code_ce_mse,17,20260920-195753-keep-460800,external,-1,1,51,6.652529706695093,-0.6019064954018011,0.12473731426221085,0.46965584416197664,0.3716782929498833,0.03392854862592935
460800_to_115200,frozen_Bear_radar_mapped_to_Uni_local4,label_code_ce_mse,17,20260920-201757-bigNormal-115200,external,-1,1,50,106.7670111882741,0.41276024308005727,0.17815428509860887,0.46950504295833434,0.21991141949939436,0.13242925244366238
460800_to_115200,frozen_Bear_radar_mapped_to_Uni_local4,label_code_ce_mse,17,20260920-202115-bigNormal-460800,external,-1,1,50,90.92490402286555,0.3562144553979238,0.14742223472795352,0.5002256647555997,0.3016854896171051,0.05066661089934157
460800_to_115200,frozen_Bear_radar_mapped_to_Uni_local4,label_code_ce_mse,42,20260920-184058-normal-11520,test,0,0,61,2.022007703582185,-0.23402724175387432,0.29767389367627684,0.2856357266388689,0.20215116458243618,0.21453921510241825
460800_to_115200,frozen_Bear_radar_mapped_to_Uni_local4,label_code_ce_mse,42,20260920-184857-normal-460800,train,0,0,48,1.0088429007431188,0.23670800451920312,0.3184399186740527,0.2892919336229402,0.21641087781878046,0.17585726988422645
460800_to_115200,frozen_Bear_radar_mapped_to_Uni_local4,label_code_ce_mse,42,20260920-190512-outBroken-115200,test,2,2,50,0.31740818355157563,0.7009283255947203,0.054579506903863546,0.39545253579752804,0.5489052674796547,0.0010626898189536776
460800_to_115200,frozen_Bear_radar_mapped_to_Uni_local4,label_code_ce_mse,42,20260920-190913-outBroken-460800,train,2,2,50,0.3367331067409019,0.7221203745542756,0.04665773312979018,0.37298672566668933,0.5799062316009841,0.00044930960253633653
460800_to_115200,frozen_Bear_radar_mapped_to_Uni_local4,label_code_ce_mse,42,20260920-192216-inBroken-115200,test,1,1,50,0.2508771601897203,0.7518295845060603,0.0036570267630648885,0.8280182312374442,0.16297016545509785,0.005354576544392963
460800_to_115200,frozen_Bear_radar_mapped_to_Uni_local4,label_code_ce_mse,42,20260920-192610-inBroken-460800,train,1,1,51,0.23305640751331658,0.6849938211136458,0.0013618029660372793,0.8915263000535113,0.1029503234977854,0.00416157348266611
460800_to_115200,frozen_Bear_radar_mapped_to_Uni_local4,label_code_ce_mse,42,20260920-193718-roll-115200,test,3,3,51,1.8320578652151642,0.5233403896507638,0.03201532194697339,0.03283135768246392,0.005685836220426036,0.9294674841501367
460800_to_115200,frozen_Bear_radar_mapped_to_Uni_local4,label_code_ce_mse,42,20260920-194108-roll-460800,train,3,3,51,0.7432816267535423,0.778925300180586,0.015416781385731469,0.014394554933821486,0.001165072899773528,0.9690235907806736
460800_to_115200,frozen_Bear_radar_mapped_to_Uni_local4,label_code_ce_mse,42,20260920-195424-keep-115200,external,-1,2,51,6.0673726518869895,-0.5751331485168506,0.09725225069482131,0.4392546402238643,0.4534184664561633,0.010074642625151179
460800_to_115200,frozen_Bear_radar_mapped_to_Uni_local4,label_code_ce_mse,42,20260920-195753-keep-460800,external,-1,1,51,6.999950270536165,-0.5810243643999925,0.11171133198694788,0.4394332874274077,0.4329239779931087,0.01593140259253558
460800_to_115200,frozen_Bear_radar_mapped_to_Uni_local4,label_code_ce_mse,42,20260920-201757-bigNormal-115200,external,-1,1,50,106.6556996379569,0.46795717704101725,0.1440477972157819,0.5228888710140777,0.256758914372438,0.0763044173977025
460800_to_115200,frozen_Bear_radar_mapped_to_Uni_local4,label_code_ce_mse,42,20260920-202115-bigNormal-460800,external,-1,1,50,90.84817918335884,0.28630605548394766,0.11084262575992578,0.5235472993804939,0.3444254412212519,0.021184633638328267
460800_to_115200,frozen_Bear_radar_mapped_to_Uni_local4,label_code_ce_mse,73,20260920-184058-normal-11520,test,0,0,61,2.033244062611923,-0.23119077161543974,0.309701859411353,0.28335408566485143,0.19408433062770855,0.212859724296087
460800_to_115200,frozen_Bear_radar_mapped_to_Uni_local4,label_code_ce_mse,73,20260920-184857-normal-460800,train,0,0,48,1.0163706753610906,0.2283521383292611,0.32330133984969106,0.285817802012928,0.2090088771771104,0.18187198096027044
460800_to_115200,frozen_Bear_radar_mapped_to_Uni_local4,label_code_ce_mse,73,20260920-190512-outBroken-115200,test,2,2,50,0.31430228048628206,0.6983067091847631,0.06396013294228353,0.3948414938107222,0.5398152956087122,0.0013830776382821167
460800_to_115200,frozen_Bear_radar_mapped_to_Uni_local4,label_code_ce_mse,73,20260920-190913-outBroken-460800,train,2,2,50,0.3359614489125359,0.7229423074167135,0.046583035303948715,0.37105530223866656,0.5819133127183621,0.00044834973902263347
460800_to_115200,frozen_Bear_radar_mapped_to_Uni_local4,label_code_ce_mse,73,20260920-192216-inBroken-115200,test,1,1,50,0.2591543553017079,0.7455206868354401,0.004654083123555573,0.8158126093689728,0.17229327417792947,0.007240033329542023
460800_to_115200,frozen_Bear_radar_mapped_to_Uni_local4,label_code_ce_mse,73,20260920-192610-inBroken-460800,train,1,1,51,0.22694460805244282,0.6864404180531027,0.001428839977198697,0.8895232921079177,0.10464295889069919,0.004404909024184074
460800_to_115200,frozen_Bear_radar_mapped_to_Uni_local4,label_code_ce_mse,73,20260920-193718-roll-115200,test,3,3,51,1.828868337557974,0.5246524322398637,0.030071466335321373,0.030264650501394444,0.004816281581318105,0.934847601581966
460800_to_115200,frozen_Bear_radar_mapped_to_Uni_local4,label_code_ce_mse,73,20260920-194108-roll-460800,train,3,3,51,0.7335222148540729,0.7808812712457721,0.013681915039414847,0.0126143048360717,0.0009672220304857926,0.9727365580940276
460800_to_115200,frozen_Bear_radar_mapped_to_Uni_local4,label_code_ce_mse,73,20260920-195424-keep-115200,external,-1,2,51,6.07893347628719,-0.5883207508629228,0.11987628928118386,0.42809720027979575,0.4416203664705113,0.01040614396850908
460800_to_115200,frozen_Bear_radar_mapped_to_Uni_local4,label_code_ce_mse,73,20260920-195753-keep-460800,external,-1,1,51,6.975600601380269,-0.6030693855613426,0.14119991628456632,0.4265997563218296,0.4137740616163635,0.018426265777240502
460800_to_115200,frozen_Bear_radar_mapped_to_Uni_local4,label_code_ce_mse,73,20260920-201757-bigNormal-115200,external,-1,1,50,106.7292871085058,0.39333479148217976,0.17963372199974095,0.43961942357315237,0.18178697892313353,0.1989598755039731
460800_to_115200,frozen_Bear_radar_mapped_to_Uni_local4,label_code_ce_mse,73,20260920-202115-bigNormal-460800,external,-1,1,50,90.8223295967048,0.44468085700706483,0.16094073207732584,0.49513434458574396,0.2540587029842283,0.08986622035270185
460800_to_115200,frozen_Bear_radar_mapped_to_Uni_local4,wrong_class_mse,17,20260920-184058-normal-11520,test,0,1,61,2.067831362098822,-0.1000963589723118,0.009964122837381354,0.9789508937500465,0.007532077115377958,0.003552906297194164
460800_to_115200,frozen_Bear_radar_mapped_to_Uni_local4,wrong_class_mse,17,20260920-184857-normal-460800,train,0,1,48,1.7765034697640922,-0.3828971554213519,0.001982625084194619,0.9904217666536628,0.004410967406293121,0.0031846408558495816
460800_to_115200,frozen_Bear_radar_mapped_to_Uni_local4,wrong_class_mse,17,20260920-190512-outBroken-115200,test,2,3,50,3.248057088666749,-0.6793060554711822,2.606031415089693e-05,0.012211079207005046,0.0005497732446606617,0.9872130872341833
460800_to_115200,frozen_Bear_radar_mapped_to_Uni_local4,wrong_class_mse,17,20260920-190913-outBroken-460800,train,2,3,50,3.907762531309136,-0.7149942552302965,5.9785698039745365e-06,0.0035310451581043313,0.00012229205363143518,0.9963406842184602
460800_to_115200,frozen_Bear_radar_mapped_to_Uni_local4,wrong_class_mse,17,20260920-192216-inBroken-115200,test,1,2,50,0.6864482407140209,0.1263836019112751,0.013239274893184681,0.04858556354455332,0.9258737955709035,0.012301365991358431
460800_to_115200,frozen_Bear_radar_mapped_to_Uni_local4,wrong_class_mse,17,20260920-192610-inBroken-460800,train,1,2,51,1.1489250367087858,-0.3059055976180214,0.003794808258775049,0.0037742748161844588,0.9922155466067862,0.0002153703182542484
460800_to_115200,frozen_Bear_radar_mapped_to_Uni_local4,wrong_class_mse,17,20260920-193718-roll-115200,test,3,0,51,4.976803251124311,-0.5697345549319699,0.9472251678491623,0.042138811775752016,0.010142985174869926,0.0004930352002157205
460800_to_115200,frozen_Bear_radar_mapped_to_Uni_local4,wrong_class_mse,17,20260920-194108-roll-460800,train,3,0,51,5.207063441895462,-0.816766141086334,0.9938806820875246,0.002175793700510653,0.003910969730804684,3.255448116039538e-05
460800_to_115200,frozen_Bear_radar_mapped_to_Uni_local4,wrong_class_mse,17,20260920-195424-keep-115200,external,-1,3,51,3.4053826686681448,0.687146518650405,0.0020838291197528306,0.21495102159210502,0.020465538025459643,0.7624996112626825
460800_to_115200,frozen_Bear_radar_mapped_to_Uni_local4,wrong_class_mse,17,20260920-195753-keep-460800,external,-1,3,51,4.771380810902723,0.5965195991638802,0.004896743757830597,0.37914804314952805,0.03695784175041791,0.5789973713422236
460800_to_115200,frozen_Bear_radar_mapped_to_Uni_local4,wrong_class_mse,17,20260920-201757-bigNormal-115200,external,-1,3,50,108.41453262379454,0.042338942129402354,0.009631936721380137,0.144689354645558,0.0234818265207883,0.8221968821122735
460800_to_115200,frozen_Bear_radar_mapped_to_Uni_local4,wrong_class_mse,17,20260920-202115-bigNormal-460800,external,-1,3,50,92.79424978443902,0.017690886150003395,0.0016937872041246898,0.07257286129005769,0.008187543119171583,0.9175458083866457
460800_to_115200,frozen_Bear_radar_mapped_to_Uni_local4,wrong_class_mse,42,20260920-184058-normal-11520,test,0,1,61,2.0313062388070033,-0.10128022182459871,0.013804837965621534,0.9712324657068383,0.010277937642838316,0.004684758684701814
460800_to_115200,frozen_Bear_radar_mapped_to_Uni_local4,wrong_class_mse,42,20260920-184857-normal-460800,train,0,1,48,1.7357262468051329,-0.3782529994477941,0.0023143902017609247,0.9887198471918799,0.0054111788300448506,0.003554583776314185
460800_to_115200,frozen_Bear_radar_mapped_to_Uni_local4,wrong_class_mse,42,20260920-190512-outBroken-115200,test,2,3,50,3.367262659460652,-0.6905507050650832,2.2897132691107452e-05,0.009310414776108295,0.000364858334619754,0.9903018297565808
460800_to_115200,frozen_Bear_radar_mapped_to_Uni_local4,wrong_class_mse,42,20260920-190913-outBroken-460800,train,2,3,50,3.941864624919255,-0.7154874026271064,5.443161520823103e-06,0.0033585485594077357,0.00011183054685925428,0.9965241777322119
460800_to_115200,frozen_Bear_radar_mapped_to_Uni_local4,wrong_class_mse,42,20260920-192216-inBroken-115200,test,1,2,50,0.738718066731612,0.14855786200899743,0.007971176098104165,0.02287344430046531,0.9647431823689839,0.00441219723244674
460800_to_115200,frozen_Bear_radar_mapped_to_Uni_local4,wrong_class_mse,42,20260920-192610-inBroken-460800,train,1,2,51,1.13345165116699,-0.30786093734565156,0.0038233742897407002,0.003922537098193966,0.9920170206342894,0.00023706797777577128
460800_to_115200,frozen_Bear_radar_mapped_to_Uni_local4,wrong_class_mse,42,20260920-193718-roll-115200,test,3,0,51,4.964100311082475,-0.5692649684148694,0.9522609969496176,0.03538557819861103,0.011799801550730871,0.0005536233010402483
460800_to_115200,frozen_Bear_radar_mapped_to_Uni_local4,wrong_class_mse,42,20260920-194108-roll-460800,train,3,0,51,5.174404591397859,-0.8159444817812777,0.9936041935675489,0.0022757651271585046,0.004084960066680649,3.508123861196832e-05
460800_to_115200,frozen_Bear_radar_mapped_to_Uni_local4,wrong_class_mse,42,20260920-195424-keep-115200,external,-1,3,51,3.182351875714815,0.6976794200755924,0.0009395698550468935,0.13940095982765524,0.007741307724482374,0.8519181625928157
460800_to_115200,frozen_Bear_radar_mapped_to_Uni_local4,wrong_class_mse,42,20260920-195753-keep-460800,external,-1,3,51,4.470775377163467,0.6165585738941974,0.002065774646833822,0.2505521679783937,0.01417549731652573,0.7332065600582468
460800_to_115200,frozen_Bear_radar_mapped_to_Uni_local4,wrong_class_mse,42,20260920-201757-bigNormal-115200,external,-1,3,50,108.77610497543539,0.021738982326196917,0.002785298467292449,0.1025393845367759,0.015108139736370034,0.8795671772595616
460800_to_115200,frozen_Bear_radar_mapped_to_Uni_local4,wrong_class_mse,42,20260920-202115-bigNormal-460800,external,-1,3,50,93.16888005990964,0.00515410111127272,0.0004923680096583886,0.04634792251591317,0.004633226549067021,0.9485264829253617
460800_to_115200,frozen_Bear_radar_mapped_to_Uni_local4,wrong_class_mse,73,20260920-184058-normal-11520,test,0,1,61,2.0790923162097497,-0.11151826542328142,0.007648591263105819,0.9802155684423769,0.00839035453486899,0.003745485759648595
460800_to_115200,frozen_Bear_radar_mapped_to_Uni_local4,wrong_class_mse,73,20260920-184857-normal-460800,train,0,1,48,1.7818548617588097,-0.38555543127430814,0.0018753224649114188,0.9903903092272741,0.004630026808695466,0.0031043414991188626
460800_to_115200,frozen_Bear_radar_mapped_to_Uni_local4,wrong_class_mse,73,20260920-190512-outBroken-115200,test,2,3,50,3.4187687668344195,-0.6915238167129991,1.967980140569408e-05,0.009221835473897771,0.0003251661974594356,0.9904333185272368
460800_to_115200,frozen_Bear_radar_mapped_to_Uni_local4,wrong_class_mse,73,20260920-190913-outBroken-460800,train,2,3,50,3.8983096312026575,-0.7156187749991622,6.004649852920767e-06,0.003598207933118832,0.00012150811177052703,0.9962742793052577
460800_to_115200,frozen_Bear_radar_mapped_to_Uni_local4,wrong_class_mse,73,20260920-192216-inBroken-115200,test,1,2,50,0.711457240740681,0.16240503588496003,0.010297142695436867,0.028037471269181654,0.9571234484738342,0.004541937561546988
460800_to_115200,frozen_Bear_radar_mapped_to_Uni_local4,wrong_class_mse,73,20260920-192610-inBroken-460800,train,1,2,51,1.1084557546006701,-0.30394367061854904,0.004322697064652642,0.004519046674497405,0.990897105714408,0.00026115054644200767
460800_to_115200,frozen_Bear_radar_mapped_to_Uni_local4,wrong_class_mse,73,20260920-193718-roll-115200,test,3,0,51,4.897790001653245,-0.5646130993881693,0.9537354278817738,0.035192235743292256,0.010545845077281171,0.0005264912976530415
460800_to_115200,frozen_Bear_radar_mapped_to_Uni_local4,wrong_class_mse,73,20260920-194108-roll-460800,train,3,0,51,5.122103470603437,-0.8137419774567095,0.9934058650756238,0.002436653078494799,0.0041193222923373496,3.815955354408714e-05
460800_to_115200,frozen_Bear_radar_mapped_to_Uni_local4,wrong_class_mse,73,20260920-195424-keep-115200,external,-1,3,51,3.1713180728370958,0.6921986441050373,0.0007529460126301242,0.14580105733778104,0.00619798238159139,0.8472480142679975
460800_to_115200,frozen_Bear_radar_mapped_to_Uni_local4,wrong_class_mse,73,20260920-195753-keep-460800,external,-1,3,51,4.465403362419838,0.6066188911365641,0.0016661390661410938,0.2738658592351979,0.011008864133035246,0.713459137565626
460800_to_115200,frozen_Bear_radar_mapped_to_Uni_local4,wrong_class_mse,73,20260920-201757-bigNormal-115200,external,-1,3,50,108.47669897570242,0.03610386973262462,0.01221157341164811,0.19311255256050175,0.03345575845777993,0.76122011557007
460800_to_115200,frozen_Bear_radar_mapped_to_Uni_local4,wrong_class_mse,73,20260920-202115-bigNormal-460800,external,-1,3,50,92.79370074854026,0.011128288816813823,0.0033177794354964656,0.11392273557381422,0.015976483361040225,0.8667830016296493
