task,fold,method,seed,feature,role,bag_id,state,label,prediction,n_windows,geometry_valid,mse_standardized,mse_raw,cos_standardized,cos_raw,classifier_rowspace_rank,classifier_rowspace_error_energy,classifier_nullspace_error_energy,centered_logit_shift_l2,true_class_margin,contact_true_class_margin,p0,p1,p2,p3
four_class_provisional_roi,115200_to_460800,embedding_only,17,frame_shape,train,20260920-184058-normal-11520,normal,0,2,61,True,0.001029032631777227,0.0008275230647996068,0.999899685382843,0.9999915361404419,9,0.04074848529191275,0.090967691124821,0.1643349677324295,-12.28937816619873,-12.347940444946289,4.577957952278666e-06,0.004144130274653435,0.9932681918144226,0.0025831377133727074
four_class_provisional_roi,115200_to_460800,embedding_only,17,frame_shape,test,20260920-184857-normal-460800,normal,0,2,48,True,0.17762991786003113,0.16017816960811615,0.634441614151001,0.9987804293632507,9,8.421361730502202,14.315267986233035,2.2020339965820312,-12.310656547546387,-12.759894371032715,4.479363724385621e-06,0.004336726386100054,0.9930398464202881,0.002619037637487054
four_class_provisional_roi,115200_to_460800,embedding_only,17,frame_shape,train,20260920-190512-outBroken-115200,outBroken,2,2,50,False,0.0005001007812097669,0.00031765212770551443,0.9999421834945679,0.999994695186615,9,0.020525672031562442,0.04348723272689565,0.10822149366140366,1.629873275756836,1.7076377868652344,1.771427741914522e-05,0.15854071080684662,0.8084465861320496,0.03299502283334732
four_class_provisional_roi,115200_to_460800,embedding_only,17,frame_shape,test,20260920-190913-outBroken-460800,outBroken,2,2,50,False,0.25170040130615234,0.21802446246147156,0.7291365265846252,0.9996929168701172,9,7.944802410306908,24.272850017847944,1.975386619567871,1.907212257385254,2.040010929107666,1.2223666089994367e-05,0.12808682024478912,0.8477214574813843,0.024179602041840553
four_class_provisional_roi,115200_to_460800,embedding_only,17,frame_shape,train,20260920-192216-inBroken-115200,inBroken,1,2,50,True,8.733903814572841e-05,6.956167635507882e-05,0.9999686479568481,0.9999988079071045,9,0.0037221442985641007,0.007457252908246035,0.04774094372987747,-3.8162803649902344,-3.798983573913574,4.944762110881129e-08,0.02153143100440502,0.9781529903411865,0.00031536456663161516
four_class_provisional_roi,115200_to_460800,embedding_only,17,frame_shape,test,20260920-192610-inBroken-460800,inBroken,1,2,51,True,0.07080896198749542,0.042479850351810455,0.9025481939315796,0.9994821548461914,9,3.047066588375572,6.016480986159067,1.2594412565231323,-3.829408645629883,-3.0298943519592285,7.580372596294183e-08,0.021256115287542343,0.9783105254173279,0.0004332433454692364
four_class_provisional_roi,115200_to_460800,embedding_only,17,frame_shape,train,20260920-193718-roll-115200,roll,3,2,51,True,0.00014414546603802592,9.463638707529753e-05,0.9998252391815186,0.9999986290931702,9,0.006519198272351408,0.011931421336327158,0.059014637023210526,-5.0719804763793945,-5.041689872741699,9.558323199598817e-07,0.03341725468635559,0.9605451822280884,0.006036559119820595
four_class_provisional_roi,115200_to_460800,embedding_only,17,frame_shape,test,20260920-194108-roll-460800,roll,3,2,51,True,0.8508039712905884,0.6283301115036011,0.6428127884864807,0.9968453049659729,9,27.260213689068024,81.64269681861735,3.815715789794922,-5.135789394378662,-3.6439247131347656,8.885253350854327e-07,0.033236972987651825,0.9610474705696106,0.005714654456824064
four_class_provisional_roi,115200_to_460800,embedding_only,73,frame_shape,train,20260920-184058-normal-11520,normal,0,2,61,True,0.0001598522358108312,0.00010001263581216335,0.9999774694442749,0.999998927116394,9,0.005549843257621565,0.014911243068941173,0.061676181852817535,-12.34434986114502,-12.347940444946289,4.331895524956053e-06,0.004468951374292374,0.9929449558258057,0.002581911627203226
four_class_provisional_roi,115200_to_460800,embedding_only,73,frame_shape,test,20260920-184857-normal-460800,normal,0,2,48,True,0.16872915625572205,0.14940564334392548,0.6352202892303467,0.9988718628883362,9,7.903163020196599,13.694169546713383,2.1292920112609863,-12.365066528320312,-12.759894371032715,4.239753707224736e-06,0.004611968528479338,0.9927794337272644,0.0026044242549687624
four_class_provisional_roi,115200_to_460800,embedding_only,73,frame_shape,train,20260920-190512-outBroken-115200,outBroken,2,2,50,False,4.574251943267882e-05,4.153297777520493e-05,0.9999774694442749,0.999999463558197,9,0.0017814314509918485,0.004073610869970723,0.03285977616906166,1.7333602905273438,1.7076377868652344,1.6126836271723732e-05,0.1456896960735321,0.8238234519958496,0.03047063760459423
four_class_provisional_roi,115200_to_460800,embedding_only,73,frame_shape,test,20260920-190913-outBroken-460800,outBroken,2,2,50,False,0.2576839327812195,0.22521594166755676,0.7268927097320557,0.999660849571228,9,8.551972351108601,24.431571611262157,2.0399324893951416,2.0632238388061523,2.040010929107666,1.0501787983230315e-05,0.11226725578308105,0.866631031036377,0.02109130471944809
four_class_provisional_roi,115200_to_460800,embedding_only,73,frame_shape,train,20260920-192216-inBroken-115200,inBroken,1,2,50,True,9.287109605793376e-06,7.994163752300665e-06,0.9999904632568359,1.0,9,0.00020581212814569679,0.000982937838242293,0.009928214363753796,-3.798152446746826,-3.798983573913574,5.1446605198179896e-08,0.02191644161939621,0.9777570366859436,0.0003262898826505989
four_class_provisional_roi,115200_to_460800,embedding_only,73,frame_shape,test,20260920-192610-inBroken-460800,inBroken,1,2,51,True,0.07317513227462769,0.0450427308678627,0.8992996215820312,0.9994649291038513,9,3.288025412824625,6.07839207814939,1.3036035299301147,-3.732499122619629,-3.0298943519592285,8.605844925568817e-08,0.023368414491415024,0.9761372804641724,0.0004941992228850722
four_class_provisional_roi,115200_to_460800,embedding_only,73,frame_shape,train,20260920-193718-roll-115200,roll,3,2,51,True,9.200383647112176e-05,8.80781008163467e-05,0.999835193157196,0.9999991059303284,9,0.004778560577973414,0.006997930461600544,0.05122184008359909,-5.025177955627441,-5.041689872741699,1.0251948197037564e-06,0.033767297863960266,0.9599184393882751,0.0063131628558039665
four_class_provisional_roi,115200_to_460800,embedding_only,73,frame_shape,test,20260920-194108-roll-460800,roll,3,2,51,True,0.8417364358901978,0.6200432777404785,0.6571481227874756,0.9969395399093628,9,26.971458599597767,80.7708061105013,3.787529230117798,-5.055826187133789,-3.6439247131347656,9.832349405769492e-07,0.03424013406038284,0.9596235156059265,0.006135274190455675
four_class_provisional_roi,115200_to_460800,ce_only,17,frame_shape,train,20260920-184058-normal-11520,normal,0,0,61,True,9.163450241088867,9.578933715820312,0.33220839500427246,0.8446848392486572,9,844.078830580643,328.84282481742923,22.418601989746094,8.894227981567383,-12.347940444946289,0.9997614622116089,7.748525945316942e-07,2.726321554291644e-06,0.00023517113004345447
four_class_provisional_roi,115200_to_460800,ce_only,17,frame_shape,test,20260920-184857-normal-460800,normal,0,0,48,True,9.200017929077148,9.490058898925781,0.24045796692371368,0.8371486067771912,9,863.7557857838116,313.8465005133236,22.62095069885254,8.582775115966797,-12.759894371032715,0.9997559189796448,1.2133308473494253e-06,4.52511676485301e-06,0.00023809571575839072
four_class_provisional_roi,115200_to_460800,ce_only,17,frame_shape,train,20260920-190512-outBroken-115200,outBroken,2,2,50,False,2.548149824142456,2.205023765563965,-0.4907614588737488,0.967391312122345,9,204.97354171793478,121.18966008322835,10.932226181030273,10.017680168151855,1.7076377868652344,7.397210621817862e-11,4.501030707615428e-05,0.9999487400054932,6.222550382517511e-06
four_class_provisional_roi,115200_to_460800,ce_only,17,frame_shape,test,20260920-190913-outBroken-460800,outBroken,2,2,50,False,2.2454137802124023,2.062098741531372,-0.3719688951969147,0.975657045841217,9,178.14297258379392,109.27000510362807,10.154930114746094,9.140324592590332,2.040010929107666,9.477417739489624e-10,0.0002778267953544855,0.9996984004974365,2.3736411094432697e-05
four_class_provisional_roi,115200_to_460800,ce_only,17,frame_shape,train,20260920-192216-inBroken-115200,inBroken,1,1,50,True,3.2998178005218506,2.509847640991211,-0.28283926844596863,0.9538258910179138,9,245.87227419311833,176.50439970572643,12.024632453918457,8.551586151123047,-3.798983573913574,3.0991702715255087e-07,0.9996482729911804,0.00013500405475497246,0.000216266795177944
four_class_provisional_roi,115200_to_460800,ce_only,17,frame_shape,test,20260920-192610-inBroken-460800,inBroken,1,1,51,True,3.0567684173583984,2.472750186920166,-0.2871429920196533,0.9550025463104248,9,241.09465980207443,150.1716902097869,11.967147827148438,6.066869258880615,-3.0298943519592285,6.444513019232545e-06,0.9966706037521362,0.0005105356103740633,0.00281212548725307
four_class_provisional_roi,115200_to_460800,ce_only,17,frame_shape,train,20260920-193718-roll-115200,roll,3,3,51,True,4.188423156738281,3.896118640899658,0.02935950644314289,0.9338015913963318,9,370.92980930759677,165.18839515424702,14.951469421386719,8.214923858642578,-5.041689872741699,0.0003701978421304375,0.00023124819563236088,0.00010052017751149833,0.9992982745170593
four_class_provisional_roi,115200_to_460800,ce_only,17,frame_shape,test,20260920-194108-roll-460800,roll,3,3,51,True,4.718982696533203,3.9983811378479004,0.1285211741924286,0.9468345046043396,9,346.4592544974556,257.5705380074842,14.15458869934082,8.228307723999023,-3.6439247131347656,0.00027561132446862757,0.0002974698436446488,8.63631212268956e-05,0.9993405938148499
four_class_provisional_roi,115200_to_460800,ce_only,73,frame_shape,train,20260920-184058-normal-11520,normal,0,0,61,True,9.16257095336914,9.41277027130127,0.3292624354362488,0.8472532629966736,9,831.9921842121728,340.816870921063,22.298355102539062,8.329713821411133,-12.347940444946289,0.9996914863586426,8.724420581529557e-07,2.5357639970025048e-06,0.00030516626429744065
four_class_provisional_roi,115200_to_460800,ce_only,73,frame_shape,test,20260920-184857-normal-460800,normal,0,0,48,True,9.192351341247559,9.32569694519043,0.24306288361549377,0.8397917151451111,9,851.7189456953718,324.90201538535575,22.499731063842773,8.07846450805664,-12.759894371032715,0.9996432662010193,1.358328859168978e-06,4.136883489991305e-06,0.00035129382740706205
four_class_provisional_roi,115200_to_460800,ce_only,73,frame_shape,train,20260920-190512-outBroken-115200,outBroken,2,2,50,False,2.432241201400757,2.082674503326416,-0.48997199535369873,0.968909502029419,9,194.94392999024856,116.38294558639947,10.687044143676758,9.833000183105469,1.7076377868652344,1.1620159695580057e-10,5.45138209417928e-05,0.9999400973320007,5.2965187933295965e-06
four_class_provisional_roi,115200_to_460800,ce_only,73,frame_shape,test,20260920-190913-outBroken-460800,outBroken,2,2,50,False,2.118886947631836,1.9113205671310425,-0.37873026728630066,0.9774132370948792,9,165.87168065328896,105.34585829202005,9.807472229003906,8.8939208984375,2.040010929107666,1.0563866448265458e-09,0.00027817540103569627,0.9997016191482544,2.0214733012835495e-05
four_class_provisional_roi,115200_to_460800,ce_only,73,frame_shape,train,20260920-192216-inBroken-115200,inBroken,1,1,50,True,3.143367290496826,2.3105311393737793,-0.1906142234802246,0.958777666091919,9,224.7665390855995,177.5844775671905,11.596291542053223,9.390495300292969,-3.798983573913574,1.7668874363607756e-08,0.9998248219490051,8.26081886771135e-05,9.268000576412305e-05
four_class_provisional_roi,115200_to_460800,ce_only,73,frame_shape,test,20260920-192610-inBroken-460800,inBroken,1,1,51,True,2.5595479011535645,1.9581379890441895,-0.17736372351646423,0.9647409319877625,9,190.59911274563225,137.0230124629939,10.66500473022461,6.888254642486572,-3.0298943519592285,5.48856462501135e-07,0.9981639385223389,0.0005527461180463433,0.0012825834564864635
four_class_provisional_roi,115200_to_460800,ce_only,73,frame_shape,train,20260920-193718-roll-115200,roll,3,3,51,True,3.9229421615600586,3.53979229927063,0.038573216646909714,0.9400706887245178,9,348.09627843602664,154.04029671674687,14.422748565673828,8.567130088806152,-5.041689872741699,0.00024023880541790277,0.00020022100943606347,9.558923920849338e-05,0.9994641542434692
four_class_provisional_roi,115200_to_460800,ce_only,73,frame_shape,test,20260920-194108-roll-460800,roll,3,3,51,True,4.431685924530029,3.5577144622802734,0.12463034689426422,0.9532421231269836,9,320.3982656356434,246.85747773781094,13.486333847045898,8.37060546875,-3.6439247131347656,0.00011849091242766008,0.00024072706582956016,9.790441981749609e-05,0.9995428919792175
four_class_provisional_roi,115200_to_460800,ce_feat_0p1,17,frame_shape,train,20260920-184058-normal-11520,normal,0,0,61,True,2.985527276992798,3.356046199798584,0.5448721051216125,0.9457006454467773,9,322.85988210861825,59.28763651893634,13.70573902130127,3.7219250202178955,-12.347940444946289,0.9708437919616699,0.000949558918364346,0.023737741634249687,0.004468938801437616
four_class_provisional_roi,115200_to_460800,ce_feat_0p1,17,frame_shape,test,20260920-184857-normal-460800,normal,0,0,48,True,3.340867042541504,3.494506359100342,0.33751100301742554,0.9398514032363892,9,344.2464253048219,83.38457311474298,14.077343940734863,3.449820041656494,-12.759894371032715,0.9615473747253418,0.0012629242846742272,0.03162935748696327,0.005560314282774925
four_class_provisional_roi,115200_to_460800,ce_feat_0p1,17,frame_shape,train,20260920-190512-outBroken-115200,outBroken,2,2,50,False,0.12898863852024078,0.15862703323364258,0.8099002838134766,0.9972538948059082,9,14.185929303060515,2.3246170420023478,2.8048954010009766,5.0606818199157715,1.7076377868652344,3.4249296732014045e-06,0.006294680759310722,0.9908983111381531,0.0028036513831466436
four_class_provisional_roi,115200_to_460800,ce_feat_0p1,17,frame_shape,test,20260920-190913-outBroken-460800,outBroken,2,2,50,False,0.32841116189956665,0.3454984724521637,0.626447319984436,0.9981254935264587,9,17.23287331684851,24.803754027815174,2.941565990447998,4.7711358070373535,2.040010929107666,3.005271082656691e-06,0.009019669145345688,0.9877456426620483,0.003231676761060953
four_class_provisional_roi,115200_to_460800,ce_feat_0p1,17,frame_shape,train,20260920-192216-inBroken-115200,inBroken,1,1,50,True,0.6368269920349121,0.9005131721496582,0.6440086960792542,0.9824254512786865,9,67.4894513004983,14.024402168060792,6.366100788116455,4.093789577484131,-3.798983573913574,6.282692588399641e-09,0.9832746386528015,0.01662117801606655,0.00010415323777124286
four_class_provisional_roi,115200_to_460800,ce_feat_0p1,17,frame_shape,test,20260920-192610-inBroken-460800,inBroken,1,1,51,True,0.526614785194397,0.7474508881568909,0.6480264067649841,0.9869023561477661,9,51.65486893024937,15.751824804140067,5.507401943206787,3.5680508613586426,-3.0298943519592285,1.3771104256932176e-08,0.9713948369026184,0.028363017365336418,0.00024225551169365644
four_class_provisional_roi,115200_to_460800,ce_feat_0p1,17,frame_shape,train,20260920-193718-roll-115200,roll,3,3,51,True,0.8635783791542053,0.8810073137283325,0.6149603128433228,0.9863315224647522,9,93.53913231457375,16.99890375217261,7.232273101806641,3.950369358062744,-5.041689872741699,3.699680746649392e-05,0.005166076123714447,0.019024204462766647,0.9757730960845947
four_class_provisional_roi,115200_to_460800,ce_feat_0p1,17,frame_shape,test,20260920-194108-roll-460800,roll,3,3,51,True,1.445941686630249,0.9357075691223145,0.4240983724594116,0.9892436861991882,9,87.17189324176732,97.9086533842696,6.22555685043335,3.756983757019043,-3.6439247131347656,4.254849557128182e-07,0.006722746416926384,0.023436956107616425,0.9698397517204285
four_class_provisional_roi,115200_to_460800,ce_feat_0p1,73,frame_shape,train,20260920-184058-normal-11520,normal,0,0,61,True,2.991097927093506,3.3782262802124023,0.5441061854362488,0.9453241229057312,9,324.2133378381941,58.647213931548265,13.738802909851074,3.776801109313965,-12.347940444946289,0.9718656539916992,0.0009646286489441991,0.022427024319767952,0.004742584656924009
four_class_provisional_roi,115200_to_460800,ce_feat_0p1,73,frame_shape,test,20260920-184857-normal-460800,normal,0,0,48,True,3.3887176513671875,3.555499792098999,0.33320116996765137,0.9387778043746948,9,349.4213465453361,84.33450202339586,14.189180374145508,3.6030242443084717,-12.759894371032715,0.9660089612007141,0.0011853842297568917,0.02728796750307083,0.005517773795872927
four_class_provisional_roi,115200_to_460800,ce_feat_0p1,73,frame_shape,train,20260920-190512-outBroken-115200,outBroken,2,2,50,False,0.12794500589370728,0.15680482983589172,0.8106575608253479,0.9972866177558899,9,14.07588368880289,2.3010775237874306,2.793001651763916,5.04710578918457,1.7076377868652344,3.418002961552702e-06,0.0063835568726062775,0.9907805919647217,0.002832536119967699
four_class_provisional_roi,115200_to_460800,ce_feat_0p1,73,frame_shape,test,20260920-190913-outBroken-460800,outBroken,2,2,50,False,0.32624462246894836,0.3329801559448242,0.6276822090148926,0.9981728196144104,9,16.978973928740224,24.780340916552763,2.910383462905884,4.728537559509277,2.040010929107666,3.021812972292537e-06,0.009429541416466236,0.9877345561981201,0.0028329212218523026
four_class_provisional_roi,115200_to_460800,ce_feat_0p1,73,frame_shape,train,20260920-192216-inBroken-115200,inBroken,1,1,50,True,0.629097580909729,0.8992968201637268,0.6478871703147888,0.9824503064155579,9,66.90657612718488,13.617911691855198,6.339560031890869,4.058056831359863,-3.798983573913574,6.345572511889941e-09,0.9827494025230408,0.01715003326535225,0.00010061570355901495
four_class_provisional_roi,115200_to_460800,ce_feat_0p1,73,frame_shape,test,20260920-192610-inBroken-460800,inBroken,1,1,51,True,0.509408712387085,0.7229980230331421,0.6426580548286438,0.9873477816581726,9,50.193140984525876,15.011173189651416,5.426450252532959,3.4551267623901367,-3.0298943519592285,1.8157223280468315e-08,0.9678641557693481,0.031818781048059464,0.0003171032585669309
four_class_provisional_roi,115200_to_460800,ce_feat_0p1,73,frame_shape,train,20260920-193718-roll-115200,roll,3,3,51,True,0.9286980032920837,0.9480947852134705,0.6093764901161194,0.9853750467300415,9,100.19700073647931,18.67633544200993,7.489414215087891,4.256369590759277,-5.041689872741699,1.4433748219744302e-05,0.004058241844177246,0.01406791526824236,0.9818593859672546
four_class_provisional_roi,115200_to_460800,ce_feat_0p1,73,frame_shape,test,20260920-194108-roll-460800,roll,3,3,51,True,1.4917097091674805,0.977207601070404,0.42361146211624146,0.988518476486206,9,92.51521261176106,98.4236352253481,6.4442291259765625,4.077270030975342,-3.6439247131347656,3.458946764567372e-07,0.005082461982965469,0.016845865175127983,0.9780711531639099
four_class_provisional_roi,115200_to_460800,ce_feat_1,17,frame_shape,train,20260920-184058-normal-11520,normal,0,0,61,True,2.0464606285095215,2.383970260620117,0.5180485844612122,0.9616307616233826,9,226.7125909129159,35.23436148572248,11.513290405273438,1.2728979587554932,-12.347940444946289,0.741254985332489,0.011775058694183826,0.2081346958875656,0.03883526846766472
four_class_provisional_roi,115200_to_460800,ce_feat_1,17,frame_shape,test,20260920-184857-normal-460800,normal,0,0,48,True,2.3117597103118896,2.4883430004119873,0.31729209423065186,0.9564757943153381,9,244.7730962716716,51.13216079006578,11.901500701904297,1.0364165306091309,-12.759894371032715,0.6918034553527832,0.01437703613191843,0.24720650911331177,0.046612974256277084
four_class_provisional_roi,115200_to_460800,ce_feat_1,17,frame_shape,train,20260920-190512-outBroken-115200,outBroken,2,2,50,False,0.033533550798892975,0.042114488780498505,0.9508219361305237,0.9992766380310059,9,3.7154581756146077,0.5768362580221349,1.466094732284546,3.4558310508728027,1.7076377868652344,8.852058272168506e-06,0.03027663193643093,0.9587085247039795,0.011006207205355167
four_class_provisional_roi,115200_to_460800,ce_feat_1,17,frame_shape,test,20260920-190913-outBroken-460800,outBroken,2,2,50,False,0.2732144594192505,0.2639012634754181,0.702902615070343,0.9994385838508606,9,10.590929996142066,24.380522908339962,2.2933762073516846,3.268390655517578,2.040010929107666,6.345327165035997e-06,0.037301383912563324,0.9516875743865967,0.011004427447915077
four_class_provisional_roi,115200_to_460800,ce_feat_1,17,frame_shape,train,20260920-192216-inBroken-115200,inBroken,1,1,50,True,0.34128013253211975,0.4741351008415222,0.7281144261360168,0.9908069968223572,9,36.76477772894476,6.91907841708685,4.690287113189697,2.0744895935058594,-3.798983573913574,3.402906045835152e-08,0.8877583146095276,0.11182785779237747,0.0004138717777095735
four_class_provisional_roi,115200_to_460800,ce_feat_1,17,frame_shape,test,20260920-192610-inBroken-460800,inBroken,1,1,51,True,0.275304913520813,0.3626881241798401,0.7207791209220886,0.9939454197883606,9,25.757123529410343,9.481903439737694,3.847738742828369,1.5095467567443848,-3.0298943519592285,7.675765090198183e-08,0.8152067065238953,0.18391315639019012,0.0008800763171166182
four_class_provisional_roi,115200_to_460800,ce_feat_1,17,frame_shape,train,20260920-193718-roll-115200,roll,3,3,51,True,0.5031681060791016,0.5164567232131958,0.5950848460197449,0.9916771650314331,9,56.698355719263446,7.707159484726151,5.614198684692383,2.1066155433654785,-5.041689872741699,2.668336674105376e-05,0.024744302034378052,0.10612323880195618,0.8691059350967407
four_class_provisional_roi,115200_to_460800,ce_feat_1,17,frame_shape,test,20260920-194108-roll-460800,roll,3,3,51,True,1.1596391201019287,0.7360025644302368,0.4412683844566345,0.9933022260665894,9,60.04656707068996,88.38723429768989,5.0807600021362305,1.9813547134399414,-3.6439247131347656,2.230485279142158e-06,0.028011027723550797,0.11898936331272125,0.8529976010322571
four_class_provisional_roi,115200_to_460800,ce_feat_1,73,frame_shape,train,20260920-184058-normal-11520,normal,0,0,61,True,2.020214557647705,2.359330415725708,0.5202341079711914,0.962041437625885,9,223.904341155325,34.68311785132194,11.434099197387695,1.1758975982666016,-12.347940444946289,0.7255582213401794,0.012209712527692318,0.22431957721710205,0.03791249170899391
four_class_provisional_roi,115200_to_460800,ce_feat_1,73,frame_shape,test,20260920-184857-normal-460800,normal,0,0,48,True,2.3323349952697754,2.5132484436035156,0.3189082443714142,0.9560451507568359,9,246.84273542143654,51.69615026054208,11.938576698303223,1.0688738822937012,-12.759894371032715,0.7026419043540955,0.01350936759263277,0.2430504709482193,0.04079810902476311
four_class_provisional_roi,115200_to_460800,ce_feat_1,73,frame_shape,train,20260920-190512-outBroken-115200,outBroken,2,2,50,False,0.03417692705988884,0.04250868037343025,0.9498606324195862,0.9992671608924866,9,3.7928865679484693,0.5817601368029928,1.4825347661972046,3.4655370712280273,1.7076377868652344,9.072608008864336e-06,0.03002198413014412,0.9592669010162354,0.010702145285904408
four_class_provisional_roi,115200_to_460800,ce_feat_1,73,frame_shape,test,20260920-190913-outBroken-460800,outBroken,2,2,50,False,0.27066630125045776,0.2507588863372803,0.705871045589447,0.9994252324104309,9,9.931162162236028,24.714126348408392,2.178556203842163,3.2730283737182617,2.040010929107666,7.822231054888107e-06,0.03710966184735298,0.9529685378074646,0.00991394929587841
four_class_provisional_roi,115200_to_460800,ce_feat_1,73,frame_shape,train,20260920-192216-inBroken-115200,inBroken,1,1,50,True,0.3288070559501648,0.4550364017486572,0.7298161387443542,0.9911779761314392,9,35.41004375602142,6.6772580838091535,4.60287618637085,1.9696969985961914,-3.798983573913574,3.8309821093207574e-08,0.8769788146018982,0.12258191406726837,0.0004392245027702302
four_class_provisional_roi,115200_to_460800,ce_feat_1,73,frame_shape,test,20260920-192610-inBroken-460800,inBroken,1,1,51,True,0.265449583530426,0.3453308939933777,0.7224547266960144,0.9942365884780884,9,24.79249372806469,9.185055444867166,3.7781801223754883,1.4053521156311035,-3.0298943519592285,8.550765784320902e-08,0.7992608547210693,0.199748694896698,0.0009903425816446543
four_class_provisional_roi,115200_to_460800,ce_feat_1,73,frame_shape,train,20260920-193718-roll-115200,roll,3,3,51,True,0.4837922751903534,0.4952816963195801,0.6018933653831482,0.9920231699943542,9,54.54584502771798,7.379566022435814,5.497347354888916,1.9715209007263184,-5.041689872741699,1.4060446119401604e-05,0.027251873165369034,0.11916770040988922,0.8535664081573486
four_class_provisional_roi,115200_to_460800,ce_feat_1,73,frame_shape,test,20260920-194108-roll-460800,roll,3,3,51,True,1.1449949741363525,0.7240543961524963,0.44461241364479065,0.9934611320495605,9,58.63247388000846,87.92687216996683,5.0060577392578125,1.8479466438293457,-3.6439247131347656,2.17698402593669e-06,0.029938891530036926,0.13283486664295197,0.8372239470481873
four_class_provisional_roi,115200_to_460800,ce_feat_10,17,frame_shape,train,20260920-184058-normal-11520,normal,0,2,61,True,0.24789048731327057,0.29143571853637695,0.7865524291992188,0.9955581426620483,9,27.55892850105307,4.171053170082468,4.035573482513428,-7.541509628295898,-12.347940444946289,0.0005180453299544752,0.01490874495357275,0.9658775925636292,0.018695509061217308
four_class_provisional_roi,115200_to_460800,ce_feat_10,17,frame_shape,test,20260920-184857-normal-460800,normal,0,2,48,True,0.4476523995399475,0.4352715015411377,0.49415746331214905,0.9929654598236084,9,38.97854917754324,18.32095746939864,4.746453285217285,-7.691173076629639,-12.759894371032715,0.0004475564055610448,0.01513634156435728,0.9665835499763489,0.017832638695836067
four_class_provisional_roi,115200_to_460800,ce_feat_10,17,frame_shape,train,20260920-190512-outBroken-115200,outBroken,2,2,50,False,0.0028166009578853846,0.0038863818626850843,0.9959418177604675,0.9999337792396545,9,0.29207314074166213,0.0684517892143053,0.41695520281791687,2.2078824043273926,1.7076377868652344,1.5564663044642657e-05,0.09651440382003784,0.8775067329406738,0.025963371619582176
four_class_provisional_roi,115200_to_460800,ce_feat_10,17,frame_shape,test,20260920-190913-outBroken-460800,outBroken,2,2,50,False,0.24991868436336517,0.21975740790367126,0.7307205200195312,0.9997210502624512,9,7.756506415604201,24.23308716248625,1.952962040901184,2.1449851989746094,2.040010929107666,1.1709868886100594e-05,0.10271293669939041,0.8750079274177551,0.022267363965511322
four_class_provisional_roi,115200_to_460800,ce_feat_10,17,frame_shape,train,20260920-192216-inBroken-115200,inBroken,1,2,50,True,0.09930318593978882,0.1362917572259903,0.8948466181755066,0.9973946213722229,9,10.778727158228556,1.9320813807966735,2.521416664123535,-0.5955629348754883,-3.798983573913574,9.348566720746021e-08,0.3551047444343567,0.6440844535827637,0.0008106378372758627
four_class_provisional_roi,115200_to_460800,ce_feat_10,17,frame_shape,test,20260920-192610-inBroken-460800,inBroken,1,2,51,True,0.11269712448120117,0.12091676890850067,0.8520258665084839,0.9983158111572266,9,7.755638850100671,6.669592947112205,2.0414743423461914,-0.8949532508850098,-3.0298943519592285,1.4884162169437332e-07,0.29012206196784973,0.7086846828460693,0.0011930069886147976
four_class_provisional_roi,115200_to_460800,ce_feat_10,17,frame_shape,train,20260920-193718-roll-115200,roll,3,2,51,True,0.14669643342494965,0.1477823406457901,0.7654877305030823,0.9975571632385254,9,16.65683026674554,2.120311711187046,3.021954298019409,-1.0873284339904785,-5.041689872741699,4.782310952577973e-06,0.0932825431227684,0.67791748046875,0.2287951111793518
four_class_provisional_roi,115200_to_460800,ce_feat_10,17,frame_shape,test,20260920-194108-roll-460800,roll,3,2,51,True,0.8876484632492065,0.5715034008026123,0.5516653060913086,0.9970473051071167,9,30.532072082950684,83.08693471801415,3.5945606231689453,-1.2141213417053223,-3.6439247131347656,4.3983823161397595e-06,0.09461697190999985,0.6965184807777405,0.20886024832725525
four_class_provisional_roi,115200_to_460800,ce_feat_10,73,frame_shape,train,20260920-184058-normal-11520,normal,0,2,61,True,0.22838014364242554,0.2711722254753113,0.7889057993888855,0.9959014058113098,9,25.42022435646968,3.8124325111020183,3.8783648014068604,-7.729318618774414,-12.347940444946289,0.0004318593128118664,0.015145818702876568,0.9668518900871277,0.017570309340953827
four_class_provisional_roi,115200_to_460800,ce_feat_10,73,frame_shape,test,20260920-184857-normal-460800,normal,0,2,48,True,0.43895912170410156,0.42568227648735046,0.49594515562057495,0.9931246638298035,9,37.98243503749448,18.204329413124377,4.684816360473633,-7.755666255950928,-12.759894371032715,0.00041841063648462296,0.015175375156104565,0.9670136570930481,0.01739252172410488
four_class_provisional_roi,115200_to_460800,ce_feat_10,73,frame_shape,train,20260920-190512-outBroken-115200,outBroken,2,2,50,False,0.0030455421656370163,0.003916056826710701,0.9958930015563965,0.9999327659606934,9,0.3372511847789066,0.05257823337223365,0.4486716389656067,2.241772174835205,1.7076377868652344,1.462710315536242e-05,0.09377428144216537,0.8820784091949463,0.024132687598466873
four_class_provisional_roi,115200_to_460800,ce_feat_10,73,frame_shape,test,20260920-190913-outBroken-460800,outBroken,2,2,50,False,0.2556862533092499,0.22422954440116882,0.7251527309417725,0.9996970295906067,9,8.20705198000606,24.52078981226,1.98870849609375,2.2691774368286133,2.040010929107666,1.0720637874328531e-05,0.09198031574487686,0.8890221118927002,0.01898672617971897
four_class_provisional_roi,115200_to_460800,ce_feat_10,73,frame_shape,train,20260920-192216-inBroken-115200,inBroken,1,2,50,True,0.10014371573925018,0.13594280183315277,0.8926914930343628,0.9973986148834229,9,10.867435905186245,1.950960679354295,2.5304038524627686,-0.5818076133728027,-3.798983573913574,9.615249041416973e-08,0.3582605719566345,0.6409090161323547,0.0008302123751491308
four_class_provisional_roi,115200_to_460800,ce_feat_10,73,frame_shape,test,20260920-192610-inBroken-460800,inBroken,1,2,51,True,0.11064334213733673,0.1171286553144455,0.8545830249786377,0.9983763694763184,9,7.633172359971082,6.529174395062471,2.024022340774536,-0.9117279052734375,-3.0298943519592285,1.4017298610724538e-07,0.28678882122039795,0.7120361328125,0.0011749515542760491
four_class_provisional_roi,115200_to_460800,ce_feat_10,73,frame_shape,train,20260920-193718-roll-115200,roll,3,2,51,True,0.14121052622795105,0.14199334383010864,0.7642518877983093,0.9976500868797302,9,16.031403928932413,2.0435452353697805,2.96281099319458,-1.1601519584655762,-5.041689872741699,4.81266306451289e-06,0.09179380536079407,0.6913325190544128,0.21686890721321106
four_class_provisional_roi,115200_to_460800,ce_feat_10,73,frame_shape,test,20260920-194108-roll-460800,roll,3,2,51,True,0.8836753368377686,0.5701836347579956,0.5554524660110474,0.9970781207084656,9,30.46380660011129,82.64663757536326,3.602479934692383,-1.259028434753418,-3.6439247131347656,4.612007614923641e-06,0.09297157824039459,0.7054519057273865,0.2015720009803772
four_class_provisional_roi,115200_to_460800,ce_feat_1_kd,17,frame_shape,train,20260920-184058-normal-11520,normal,0,2,61,True,1.7237226963043213,1.9768495559692383,0.5594394207000732,0.9683799743652344,9,191.5202599301318,29.11623708390216,10.542755126953125,-0.08797025680541992,-12.347940444946289,0.4623757004737854,0.010164067149162292,0.5048457384109497,0.022614402696490288
four_class_provisional_roi,115200_to_460800,ce_feat_1_kd,17,frame_shape,test,20260920-184857-normal-460800,normal,0,2,48,True,2.0107250213623047,2.107952117919922,0.3383270502090454,0.9631578922271729,9,212.13417476463928,45.23861791687452,11.022100448608398,-0.30576372146606445,-12.759894371032715,0.4091452658176422,0.011557000689208508,0.5537671446800232,0.025530563667416573
four_class_provisional_roi,115200_to_460800,ce_feat_1_kd,17,frame_shape,train,20260920-190512-outBroken-115200,outBroken,2,2,50,False,0.010336007922887802,0.013165723532438278,0.9853054881095886,0.999771773815155,9,1.1206183178290863,0.20239079157556605,0.7453898191452026,2.4731335639953613,1.7076377868652344,1.2347332813078538e-05,0.07617838680744171,0.9032367467880249,0.02057257667183876
four_class_provisional_roi,115200_to_460800,ce_feat_1_kd,17,frame_shape,test,20260920-190913-outBroken-460800,outBroken,2,2,50,False,0.24950240552425385,0.2333221286535263,0.735808789730072,0.9997132420539856,9,8.352178339705418,23.584129112890192,2.0674941539764404,2.3893423080444336,2.040010929107666,7.606094186485279e-06,0.08302480727434158,0.8986644148826599,0.018303243443369865
four_class_provisional_roi,115200_to_460800,ce_feat_1_kd,17,frame_shape,train,20260920-192216-inBroken-115200,inBroken,1,1,50,True,0.1695016324520111,0.23414310812950134,0.837037205696106,0.9954971075057983,9,18.332148430716373,3.36406178058612,3.2226338386535645,0.2609996795654297,-3.798983573913574,8.216413505124365e-08,0.5644368529319763,0.43483802676200867,0.0007249238551594317
four_class_provisional_roi,115200_to_460800,ce_feat_1_kd,17,frame_shape,test,20260920-192610-inBroken-460800,inBroken,1,2,51,True,0.15164193511009216,0.18252354860305786,0.8149850368499756,0.9972410202026367,9,11.890594590823635,7.5195742289728775,2.5062978267669678,-0.14275360107421875,-3.0298943519592285,1.3977205526316538e-07,0.46420466899871826,0.5347009301185608,0.0010942519875243306
four_class_provisional_roi,115200_to_460800,ce_feat_1_kd,17,frame_shape,train,20260920-193718-roll-115200,roll,3,3,51,True,0.3186793625354767,0.3179320991039276,0.6189168095588684,0.9948275685310364,9,35.54826816493758,5.242692444935418,4.377248287200928,0.4651970863342285,-5.041689872741699,1.877998329291586e-05,0.042845048010349274,0.36933013796806335,0.587806224822998
four_class_provisional_roi,115200_to_460800,ce_feat_1_kd,17,frame_shape,test,20260920-194108-roll-460800,roll,3,3,51,True,1.05298912525177,0.6589681506156921,0.45222753286361694,0.9949153661727905,9,47.59199329170799,87.19060993958199,4.574652194976807,0.3563413619995117,-3.6439247131347656,4.213134616293246e-06,0.04592084512114525,0.3932068645954132,0.5608680248260498
four_class_provisional_roi,115200_to_460800,ce_feat_1_kd,73,frame_shape,train,20260920-184058-normal-11520,normal,0,2,61,True,1.7022173404693604,1.94858717918396,0.5631097555160522,0.9688469171524048,9,189.12132810665224,28.762491772910728,10.470658302307129,-0.18925762176513672,-12.347940444946289,0.43871137499809265,0.010007313452661037,0.5299468636512756,0.021334480494260788
four_class_provisional_roi,115200_to_460800,ce_feat_1_kd,73,frame_shape,test,20260920-184857-normal-460800,normal,0,2,48,True,2.013312339782715,2.1045408248901367,0.34121304750442505,0.9632163047790527,9,212.265406379519,45.43858913460316,11.016060829162598,-0.33690786361694336,-12.759894371032715,0.4034522771835327,0.011077210307121277,0.5627003908157349,0.022769972681999207
four_class_provisional_roi,115200_to_460800,ce_feat_1_kd,73,frame_shape,train,20260920-190512-outBroken-115200,outBroken,2,2,50,False,0.010936902835965157,0.013784802518785,0.9843599200248718,0.9997604489326477,9,1.191234370924158,0.20868925762805368,0.7703436613082886,2.507765769958496,1.7076377868652344,1.2524234989541583e-05,0.07385261356830597,0.9064590334892273,0.01967572793364525
four_class_provisional_roi,115200_to_460800,ce_feat_1_kd,73,frame_shape,test,20260920-190913-outBroken-460800,outBroken,2,2,50,False,0.24852795898914337,0.22342342138290405,0.7338412404060364,0.9997047781944275,9,7.243174392315742,24.56840621026791,1.8524452447891235,2.424940586090088,2.040010929107666,1.1515578989929054e-05,0.080454520881176,0.9016198515892029,0.017914237454533577
four_class_provisional_roi,115200_to_460800,ce_feat_1_kd,73,frame_shape,train,20260920-192216-inBroken-115200,inBroken,1,1,50,True,0.17529374361038208,0.2405398041009903,0.8319174647331238,0.9953709840774536,9,18.958431262396015,3.4791651134914314,3.2802977561950684,0.3334650993347168,-3.798983573913574,8.057843103870255e-08,0.5821459293365479,0.4171297550201416,0.0007242575520649552
four_class_provisional_roi,115200_to_460800,ce_feat_1_kd,73,frame_shape,test,20260920-192610-inBroken-460800,inBroken,1,2,51,True,0.1458444744348526,0.167807936668396,0.8143306374549866,0.9974397420883179,9,11.473382976582517,7.194709834374575,2.4668526649475098,-0.2002105712890625,-3.0298943519592285,1.5399061226162303e-07,0.450145423412323,0.548561155796051,0.001293234177865088
four_class_provisional_roi,115200_to_460800,ce_feat_1_kd,73,frame_shape,train,20260920-193718-roll-115200,roll,3,3,51,True,0.3013117015361786,0.2999608516693115,0.6262924671173096,0.995121419429779,9,33.59086662433963,4.977030586081029,4.24397611618042,0.29812002182006836,-5.041689872741699,1.2909990800835658e-05,0.04523055627942085,0.4068014919757843,0.5479550361633301
four_class_provisional_roi,115200_to_460800,ce_feat_1_kd,73,frame_shape,test,20260920-194108-roll-460800,roll,3,3,51,True,1.0422065258026123,0.6529676914215088,0.4561021029949188,0.9950028657913208,9,46.62395960013607,86.77847327240417,4.525814533233643,0.21823596954345703,-3.6439247131347656,4.0457539398630615e-06,0.047723423689603806,0.4244462251663208,0.527826189994812
four_class_provisional_roi,115200_to_460800,phase_ce_feat_1,17,shape_phase,train,20260920-184058-normal-11520,normal,0,0,61,True,1.9892563819885254,2.3187689781188965,0.5200675129890442,0.9627176523208618,9,220.3924509072043,34.2323855410824,11.35113525390625,1.0799412727355957,-12.347940444946289,0.7055866122245789,0.01306146290153265,0.2398819774389267,0.04146978631615639
four_class_provisional_roi,115200_to_460800,phase_ce_feat_1,17,shape_phase,test,20260920-184857-normal-460800,normal,0,0,48,True,2.2795186042785645,2.4527997970581055,0.31857892870903015,0.9570979475975037,9,241.20774632584522,50.57062366196813,11.814804077148438,0.9265623092651367,-12.759894371032715,0.6694779396057129,0.01478109136223793,0.26534536480903625,0.050395626574754715
four_class_provisional_roi,115200_to_460800,phase_ce_feat_1,17,shape_phase,train,20260920-190512-outBroken-115200,outBroken,2,2,50,False,0.033604130148887634,0.04247252643108368,0.9505339860916138,0.9992697834968567,9,3.729411541056314,0.5719168907747232,1.469508409500122,3.457737922668457,1.7076377868652344,9.019344361149706e-06,0.03020455874502659,0.9588162899017334,0.010970162227749825
four_class_provisional_roi,115200_to_460800,phase_ce_feat_1,17,shape_phase,test,20260920-190913-outBroken-460800,outBroken,2,2,50,False,0.27974677085876465,0.26856109499931335,0.6922730803489685,0.9993703961372375,9,10.788773828129486,25.018815737727113,2.3054254055023193,3.3901281356811523,2.040010929107666,6.322367880784441e-06,0.03250386565923691,0.9582536816596985,0.009236108511686325
four_class_provisional_roi,115200_to_460800,phase_ce_feat_1,17,shape_phase,train,20260920-192216-inBroken-115200,inBroken,1,1,50,True,0.3212185502052307,0.4463680684566498,0.7342360615730286,0.9913479089736938,9,34.60561589632858,6.510358952145549,4.551032066345215,1.904078483581543,-3.798983573913574,3.950506055616643e-08,0.8698785901069641,0.1296699196100235,0.00045138373388908803
four_class_provisional_roi,115200_to_460800,phase_ce_feat_1,17,shape_phase,test,20260920-192610-inBroken-460800,inBroken,1,1,51,True,0.25483646988868713,0.34175437688827515,0.7398846745491028,0.9943930506706238,9,23.14239105000856,9.476677620704908,3.6390795707702637,1.260634422302246,-3.0298943519592285,7.897913434362636e-08,0.7763464450836182,0.22294269502162933,0.0007107231067493558
four_class_provisional_roi,115200_to_460800,phase_ce_feat_1,17,shape_phase,train,20260920-193718-roll-115200,roll,3,3,51,True,0.4871622323989868,0.49567872285842896,0.6029532551765442,0.9920269250869751,9,54.95768977970208,7.399078201749235,5.508886337280273,1.9931535720825195,-5.041689872741699,3.402923766770982e-06,0.0268239788711071,0.11688456684350967,0.8562880754470825
four_class_provisional_roi,115200_to_460800,phase_ce_feat_1,17,shape_phase,test,20260920-194108-roll-460800,roll,3,3,51,True,1.1578013896942139,0.732020378112793,0.44197598099708557,0.9933140277862549,9,59.8768977579635,88.32168780090824,5.055929660797119,1.9357318878173828,-3.6439247131347656,1.8748401089396793e-06,0.028433892875909805,0.12303708493709564,0.848527193069458
four_class_provisional_roi,115200_to_460800,phase_ce_feat_1,73,shape_phase,train,20260920-184058-normal-11520,normal,0,0,61,True,1.9736158847808838,2.2992310523986816,0.5188784599304199,0.9630472660064697,9,218.2908795963046,34.33195859794327,11.288451194763184,1.0201668739318848,-12.347940444946289,0.6940178871154785,0.013966166414320469,0.25056955218315125,0.04144642502069473
four_class_provisional_roi,115200_to_460800,phase_ce_feat_1,73,shape_phase,test,20260920-184857-normal-460800,normal,0,0,48,True,2.2455811500549316,2.4104785919189453,0.31679868698120117,0.9578195214271545,9,236.73443539172067,50.69995097987599,11.691970825195312,0.8017520904541016,-12.759894371032715,0.6448646187782288,0.016198936849832535,0.29038938879966736,0.0485469289124012
four_class_provisional_roi,115200_to_460800,phase_ce_feat_1,73,shape_phase,train,20260920-190512-outBroken-115200,outBroken,2,2,50,False,0.03348968178033829,0.04234442114830017,0.950685977935791,0.9992718696594238,9,3.71758017609874,0.5690991114670845,1.4676234722137451,3.4576005935668945,1.7076377868652344,9.169500117423013e-06,0.03020935133099556,0.9587216377258301,0.011059907265007496
four_class_provisional_roi,115200_to_460800,phase_ce_feat_1,73,shape_phase,test,20260920-190913-outBroken-460800,outBroken,2,2,50,False,0.2775139808654785,0.2666740119457245,0.6943525075912476,0.9993755221366882,9,10.026217607757513,25.495576493094767,2.2150766849517822,3.3779377937316895,2.040010929107666,7.955470209708437e-06,0.03271981328725815,0.9566464424133301,0.010625838302075863
four_class_provisional_roi,115200_to_460800,phase_ce_feat_1,73,shape_phase,train,20260920-192216-inBroken-115200,inBroken,1,1,50,True,0.32911255955696106,0.4551087021827698,0.7286601662635803,0.9911757707595825,9,35.45061032030564,6.675798896602444,4.605945110321045,1.9726552963256836,-3.798983573913574,3.8505419297507615e-08,0.8774067759513855,0.12214779853820801,0.0004454990557860583
four_class_provisional_roi,115200_to_460800,phase_ce_feat_1,73,shape_phase,test,20260920-192610-inBroken-460800,inBroken,1,1,51,True,0.26569175720214844,0.3493342399597168,0.7252718210220337,0.9941710829734802,9,24.749101927581105,9.259441495736002,3.7737057209014893,1.410740852355957,-3.0298943519592285,8.181574173704576e-08,0.800966739654541,0.19812986254692078,0.0009033906972035766
four_class_provisional_roi,115200_to_460800,phase_ce_feat_1,73,shape_phase,train,20260920-193718-roll-115200,roll,3,3,51,True,0.47576332092285156,0.48569416999816895,0.6040149927139282,0.9921761751174927,9,53.6690315231791,7.228674910949485,5.446983337402344,1.9168262481689453,-5.041689872741699,3.5614100397651782e-06,0.02842535264790058,0.12469741702079773,0.8468737602233887
four_class_provisional_roi,115200_to_460800,phase_ce_feat_1,73,shape_phase,test,20260920-194108-roll-460800,roll,3,3,51,True,1.1453251838684082,0.7269515991210938,0.44441458582878113,0.9934661388397217,9,58.618517544117346,87.98310092079842,5.009192943572998,1.872629165649414,-3.6439247131347656,2.083156005028286e-06,0.030409933999180794,0.1296483725309372,0.8399397134780884
four_class_provisional_roi,115200_to_460800,smooth_ce_feat_1,17,smooth_shape,train,20260920-184058-normal-11520,normal,0,0,61,True,2.046114206314087,2.3824620246887207,0.5182124972343445,0.9616552591323853,9,226.646314292588,35.256317551552726,11.511393547058105,1.2704672813415527,-12.347940444946289,0.7408575415611267,0.011767737567424774,0.2086150199174881,0.03875971585512161
four_class_provisional_roi,115200_to_460800,smooth_ce_feat_1,17,smooth_shape,test,20260920-184857-normal-460800,normal,0,0,48,True,2.3516910076141357,2.526780605316162,0.3199034333229065,0.9558093547821045,9,248.77553567514798,52.240904887637086,11.991211891174316,1.134556531906128,-12.759894371032715,0.7144672870635986,0.013121452182531357,0.23216722905635834,0.04024386405944824
four_class_provisional_roi,115200_to_460800,smooth_ce_feat_1,17,smooth_shape,train,20260920-190512-outBroken-115200,outBroken,2,2,50,False,0.033240724354982376,0.04161045700311661,0.9512969851493835,0.9992841482162476,9,3.6831103232202773,0.5717023022101153,1.459653615951538,3.446340560913086,1.7076377868652344,8.916695151128806e-06,0.030572559684515,0.9584015607833862,0.01101699098944664
four_class_provisional_roi,115200_to_460800,smooth_ce_feat_1,17,smooth_shape,test,20260920-190913-outBroken-460800,outBroken,2,2,50,False,0.26836252212524414,0.25165003538131714,0.7104195952415466,0.9994630813598633,9,10.003040413872302,24.347361815372533,2.2026236057281494,3.2146239280700684,2.040010929107666,7.011561137915123e-06,0.04016182944178581,0.9494789242744446,0.010352130979299545
four_class_provisional_roi,115200_to_460800,smooth_ce_feat_1,17,smooth_shape,train,20260920-192216-inBroken-115200,inBroken,1,1,50,True,0.33935803174972534,0.47063469886779785,0.7272582650184631,0.9908754825592041,9,36.55358585032282,6.884243296077926,4.675861358642578,2.0589733123779297,-3.798983573913574,3.541840243315164e-08,0.8862192034721375,0.11336084455251694,0.00041999423410743475
four_class_provisional_roi,115200_to_460800,smooth_ce_feat_1,17,smooth_shape,test,20260920-192610-inBroken-460800,inBroken,1,1,51,True,0.2915278375148773,0.3986692726612091,0.7270470261573792,0.9933761358261108,9,27.180390011877662,10.135174360473671,3.9547324180603027,1.6652684211730957,-3.0298943519592285,5.843005013161928e-08,0.8380096554756165,0.16135458648204803,0.0006356254452839494
four_class_provisional_roi,115200_to_460800,smooth_ce_feat_1,17,smooth_shape,train,20260920-193718-roll-115200,roll,3,3,51,True,0.49000227451324463,0.5014586448669434,0.5972702503204346,0.9919171333312988,9,55.24555581439331,7.4747360432069145,5.535401821136475,2.0142998695373535,-5.041689872741699,3.0957417038735e-05,0.025996088981628418,0.11494705826044083,0.8590258955955505
four_class_provisional_roi,115200_to_460800,smooth_ce_feat_1,17,smooth_shape,test,20260920-194108-roll-460800,roll,3,3,51,True,1.1537761688232422,0.7314597368240356,0.4422670304775238,0.9933691024780273,9,59.522254220060105,88.16111128408576,5.061723232269287,1.9346675872802734,-3.6439247131347656,2.1671185095328838e-06,0.027874737977981567,0.12345368415117264,0.8486694693565369
four_class_provisional_roi,115200_to_460800,smooth_ce_feat_1,73,smooth_shape,train,20260920-184058-normal-11520,normal,0,0,61,True,2.064602851867676,2.4094462394714355,0.5189257264137268,0.9612078666687012,9,228.7855845710202,35.483608574487214,11.558616638183594,1.3227028846740723,-12.347940444946289,0.7521570324897766,0.01114454586058855,0.20083820819854736,0.03586014732718468
four_class_provisional_roi,115200_to_460800,smooth_ce_feat_1,73,smooth_shape,test,20260920-184857-normal-460800,normal,0,0,48,True,2.390493392944336,2.5724937915802,0.32024937868118286,0.9550099968910217,9,253.02907441545332,52.95408984628295,12.082976341247559,1.2362256050109863,-12.759894371032715,0.73692387342453,0.012072640471160412,0.21541577577590942,0.03558778390288353
four_class_provisional_roi,115200_to_460800,smooth_ce_feat_1,73,smooth_shape,train,20260920-190512-outBroken-115200,outBroken,2,2,50,False,0.03434325009584427,0.042281247675418854,0.9499244093894958,0.9992713332176208,9,3.8022257859505486,0.593710037850285,1.4835546016693115,3.462580680847168,1.7076377868652344,8.80468542163726e-06,0.03009931556880474,0.9593268632888794,0.010564896278083324
four_class_provisional_roi,115200_to_460800,smooth_ce_feat_1,73,smooth_shape,test,20260920-190913-outBroken-460800,outBroken,2,2,50,False,0.27161064743995667,0.25336623191833496,0.7050871253013611,0.9994328618049622,9,10.262368626501278,24.503794293041402,2.23126482963562,3.269308567047119,2.040010929107666,6.867928277642932e-06,0.03745706006884575,0.9528869390487671,0.00964902900159359
four_class_provisional_roi,115200_to_460800,smooth_ce_feat_1,73,smooth_shape,train,20260920-192216-inBroken-115200,inBroken,1,1,50,True,0.3264758586883545,0.4513615667819977,0.7309074997901917,0.9912477731704712,9,35.16809613311625,6.6208145571407915,4.589112758636475,1.9498305320739746,-3.798983573913574,3.8302861327110804e-08,0.874803364276886,0.12475097924470901,0.00044567935401573777
four_class_provisional_roi,115200_to_460800,smooth_ce_feat_1,73,smooth_shape,test,20260920-192610-inBroken-460800,inBroken,1,1,51,True,0.286795973777771,0.3842849135398865,0.7257483005523682,0.9935606718063354,9,27.01113526504649,9.698752134851734,3.9500625133514404,1.6478257179260254,-3.0298943519592285,6.153032217071086e-08,0.8359818458557129,0.1632092446088791,0.0008089292678050697
four_class_provisional_roi,115200_to_460800,smooth_ce_feat_1,73,smooth_shape,train,20260920-193718-roll-115200,roll,3,3,51,True,0.4840473532676697,0.49497655034065247,0.6039933562278748,0.9920315146446228,9,54.58349342773056,7.374570907168127,5.496431350708008,1.9746441841125488,-5.041689872741699,1.371435519104125e-05,0.027615096420049667,0.1189306378364563,0.8534405827522278
four_class_provisional_roi,115200_to_460800,smooth_ce_feat_1,73,smooth_shape,test,20260920-194108-roll-460800,roll,3,3,51,True,1.1460834741592407,0.7272776365280151,0.4451301693916321,0.9934332370758057,9,58.72928645047408,87.96940594692825,5.011064529418945,1.8773512840270996,-3.6439247131347656,2.073781615763437e-06,0.030287493020296097,0.12965303659439087,0.840057373046875
four_class_provisional_roi,460800_to_115200,embedding_only,17,frame_shape,test,20260920-184058-normal-11520,normal,0,2,61,True,0.19675657153129578,0.13448864221572876,0.8082867860794067,0.998830258846283,9,7.872760272567003,17.312081246071454,2.1079089641571045,-12.755099296569824,-12.347940444946289,2.81320467365731e-06,0.02623884193599224,0.970091700553894,0.003666521981358528
four_class_provisional_roi,460800_to_115200,embedding_only,17,frame_shape,train,20260920-184857-normal-460800,normal,0,2,48,True,2.8742440917994827e-05,1.6954978491412476e-05,0.9999882578849792,0.9999996423721313,9,0.0009385502644248544,0.002740482174760082,0.026383401826024055,-12.770692825317383,-12.759894371032715,2.774542963379645e-06,0.021519379690289497,0.9752710461616516,0.003206683089956641
four_class_provisional_roi,460800_to_115200,embedding_only,17,frame_shape,test,20260920-190512-outBroken-115200,outBroken,2,2,50,False,0.23851774632930756,0.21638044714927673,0.7187572717666626,0.9996439218521118,9,6.084521177889647,24.445749762033955,1.896634817123413,2.0636844635009766,1.7076377868652344,1.733471071929671e-05,0.10973275452852249,0.8638831973075867,0.026366526260972023
four_class_provisional_roi,460800_to_115200,embedding_only,17,frame_shape,train,20260920-190913-outBroken-460800,outBroken,2,2,50,False,0.00042067322647199035,0.00035685510374605656,0.9999873042106628,0.9999966025352478,9,0.01688886110193833,0.03695730965213102,0.09895212203264236,2.025479793548584,2.040010929107666,1.9952098227804527e-05,0.11311942338943481,0.8573640584945679,0.02949652262032032
four_class_provisional_roi,460800_to_115200,embedding_only,17,frame_shape,test,20260920-192216-inBroken-115200,inBroken,1,2,50,True,0.10700461268424988,0.07634934037923813,0.9671640396118164,0.9986847043037415,9,5.138471812937526,8.55811854360682,1.7130531072616577,-2.8280081748962402,-3.798983573913574,3.2817388273542747e-07,0.05605350434780121,0.9427072405815125,0.0012388876639306545
four_class_provisional_roi,460800_to_115200,embedding_only,17,frame_shape,train,20260920-192610-inBroken-460800,inBroken,1,2,51,True,2.7321908419253305e-05,2.1352945623220876e-05,0.9999802112579346,0.9999998807907104,9,0.0007498387804362493,0.002747365549937165,0.02231878787279129,-3.0353994369506836,-3.0298943519592285,5.6961830807722436e-08,0.04583855718374252,0.9537849426269531,0.00037660475936718285
four_class_provisional_roi,460800_to_115200,embedding_only,17,frame_shape,test,20260920-193718-roll-115200,roll,3,2,51,True,0.5644199252128601,0.4691741466522217,0.37174516916275024,0.9976698756217957,9,18.136975123773976,54.1087734592043,3.1711626052856445,-3.8016414642333984,-5.041689872741699,4.073092895851005e-06,0.1365329921245575,0.8440624475479126,0.019400453194975853
four_class_provisional_roi,460800_to_115200,embedding_only,17,frame_shape,train,20260920-194108-roll-460800,roll,3,2,51,True,0.0006854292587377131,0.000681613979395479,0.9999764561653137,0.9999974370002747,9,0.02915368411933837,0.05858125888957024,0.13860486447811127,-3.5972771644592285,-3.6439247131347656,4.209552571410313e-06,0.15357601642608643,0.8238247632980347,0.022594936192035675
four_class_provisional_roi,460800_to_115200,embedding_only,73,frame_shape,test,20260920-184058-normal-11520,normal,0,2,61,True,0.18998995423316956,0.12571100890636444,0.8184958100318909,0.9989020824432373,9,7.453638404875836,16.865078076688604,2.0538415908813477,-12.655134201049805,-12.347940444946289,3.1183899409370497e-06,0.026266928762197495,0.9697754383087158,0.003954483196139336
four_class_provisional_roi,460800_to_115200,embedding_only,73,frame_shape,train,20260920-184857-normal-460800,normal,0,2,48,True,9.527588554192334e-05,5.681471884599887e-05,0.9999207854270935,0.9999989867210388,9,0.0035462939224449666,0.00864901951354707,0.05036630108952522,-12.729313850402832,-12.759894371032715,2.89474701276049e-06,0.021252743899822235,0.9754372239112854,0.003306947648525238
four_class_provisional_roi,460800_to_115200,embedding_only,73,frame_shape,test,20260920-190512-outBroken-115200,outBroken,2,2,50,False,0.22722920775413513,0.2020779550075531,0.7201313972473145,0.9996410608291626,9,5.6688972678792044,23.416443622905433,1.8326570987701416,2.0899105072021484,1.7076377868652344,1.6335521650034934e-05,0.10736015439033508,0.8673804998397827,0.02524275705218315
four_class_provisional_roi,460800_to_115200,embedding_only,73,frame_shape,train,20260920-190913-outBroken-460800,outBroken,2,2,50,False,3.437013947404921e-05,2.820945155690424e-05,0.9999711513519287,0.9999995827674866,9,0.0014289857488755861,0.002970392056526416,0.03169592469930649,2.048429012298584,2.040010929107666,1.873302426247392e-05,0.11102365702390671,0.8609865307807922,0.02797088399529457
four_class_provisional_roi,460800_to_115200,embedding_only,73,frame_shape,test,20260920-192216-inBroken-115200,inBroken,1,2,50,True,0.12033374607563019,0.0918230414390564,0.9649117588996887,0.9986013770103455,9,5.601487830881782,9.801232045549304,1.7798575162887573,-2.864668846130371,-3.798983573913574,2.836179078258283e-07,0.05403721705079079,0.9448057413101196,0.0011566481553018093
four_class_provisional_roi,460800_to_115200,embedding_only,73,frame_shape,train,20260920-192610-inBroken-460800,inBroken,1,2,51,True,0.0004596904036588967,0.0003701707464642823,0.9999749064445496,0.9999938011169434,9,0.025696935846489716,0.03314343729607504,0.1256563365459442,-3.011075019836426,-3.0298943519592285,6.434231636376353e-08,0.046916186809539795,0.9526695609092712,0.00041429608245380223
four_class_provisional_roi,460800_to_115200,embedding_only,73,frame_shape,test,20260920-193718-roll-115200,roll,3,2,51,True,0.5756744146347046,0.4781271517276764,0.36656513810157776,0.9976081252098083,9,18.502340624295154,55.18398309484167,3.1992640495300293,-3.759035587310791,-5.041689872741699,4.368149802758126e-06,0.13616372644901276,0.8438475131988525,0.019984373822808266
four_class_provisional_roi,460800_to_115200,embedding_only,73,frame_shape,train,20260920-194108-roll-460800,roll,3,2,51,True,0.00013449907419271767,0.0001144061898230575,0.9999670386314392,0.9999991655349731,9,0.006111165316725701,0.011104717533453034,0.060649748891592026,-3.6042556762695312,-3.6439247131347656,4.297921350371325e-06,0.15186814963817596,0.8256293535232544,0.02249804139137268
four_class_provisional_roi,460800_to_115200,ce_only,17,frame_shape,test,20260920-184058-normal-11520,normal,0,0,61,True,7.714567184448242,8.813061714172363,0.3329099416732788,0.8526774644851685,9,706.5982187857942,280.8663794097692,20.960613250732422,7.440118789672852,-12.347940444946289,0.9966405034065247,3.7839581636944786e-06,1.778503428795375e-05,0.003337848000228405
four_class_provisional_roi,460800_to_115200,ce_only,17,frame_shape,train,20260920-184857-normal-460800,normal,0,0,48,True,8.54060173034668,9.248810768127441,0.22755694389343262,0.8344578146934509,9,789.3801920744074,303.816810672878,21.937349319458008,8.56942081451416,-12.759894371032715,0.999774158000946,1.1505836710057338e-06,7.613386969751446e-06,0.0002170814696000889
four_class_provisional_roi,460800_to_115200,ce_only,17,frame_shape,test,20260920-190512-outBroken-115200,outBroken,2,2,50,False,2.329822540283203,2.1139121055603027,-0.34954994916915894,0.9695467948913574,9,186.68231321075316,111.5349853773807,10.48269271850586,9.446577072143555,1.7076377868652344,1.1644064878968408e-10,8.072666241787374e-05,0.9999147653579712,4.616877049556933e-06
four_class_provisional_roi,460800_to_115200,ce_only,17,frame_shape,train,20260920-190913-outBroken-460800,outBroken,2,2,50,False,2.4866600036621094,2.5953686237335205,-0.24787373840808868,0.970594048500061,9,204.84857868777925,113.44390895808353,11.14470386505127,9.72760009765625,2.040010929107666,7.792906597803295e-11,6.051540913176723e-05,0.9999356269836426,3.830159130302491e-06
four_class_provisional_roi,460800_to_115200,ce_only,17,frame_shape,test,20260920-192216-inBroken-115200,inBroken,1,1,50,True,1.0742473602294922,0.7235767841339111,-0.13508804142475128,0.9881898760795593,9,62.81853864004086,74.68511883254826,6.131247520446777,2.5554895401000977,-3.798983573913574,3.723469035321614e-07,0.8280413150787354,0.17062737047672272,0.0013309110654518008
four_class_provisional_roi,460800_to_115200,ce_only,17,frame_shape,train,20260920-192610-inBroken-460800,inBroken,1,1,51,True,2.7236413955688477,1.9988237619400024,-0.2298709601163864,0.9643580913543701,9,201.56834701998793,147.0577607509923,10.977411270141602,8.900517463684082,-3.0298943519592285,7.150212866235961e-08,0.9997289180755615,0.00013073654554318637,0.00014007589197717607
four_class_provisional_roi,460800_to_115200,ce_only,17,frame_shape,test,20260920-193718-roll-115200,roll,3,3,51,True,4.576525688171387,4.440506935119629,-0.043514493852853775,0.9230658411979675,9,402.22549260535834,183.56985213967909,15.678690910339355,6.501863479614258,-5.041689872741699,0.04226715862751007,0.0001658046676311642,0.00013759199646301568,0.9574293494224548
four_class_provisional_roi,460800_to_115200,ce_only,17,frame_shape,train,20260920-194108-roll-460800,roll,3,3,51,True,4.395367622375488,4.245871543884277,0.11504890769720078,0.944908618927002,9,338.95677075287443,223.65030533791872,14.309283256530762,8.293392181396484,-3.6439247131347656,0.00028883788036182523,0.00018748603179119527,8.117873221635818e-05,0.9994425773620605
four_class_provisional_roi,460800_to_115200,ce_only,73,frame_shape,test,20260920-184058-normal-11520,normal,0,0,61,True,8.355545043945312,9.285325050354004,0.30783942341804504,0.8448765873908997,9,756.2674816002855,313.2423082301507,21.59206771850586,7.15438985824585,-12.347940444946289,0.9973665475845337,4.502738647715887e-06,9.497354767518118e-06,0.002619293052703142
four_class_provisional_roi,460800_to_115200,ce_only,73,frame_shape,train,20260920-184857-normal-460800,normal,0,0,48,True,9.205747604370117,9.76681900024414,0.2124919593334198,0.8257915377616882,9,842.2042664451185,336.1314430546044,22.589366912841797,8.111139297485352,-12.759894371032715,0.9996726512908936,1.3211075611252454e-06,3.250161398682394e-06,0.0003228149435017258
four_class_provisional_roi,460800_to_115200,ce_only,73,frame_shape,test,20260920-190512-outBroken-115200,outBroken,2,2,50,False,2.5665178298950195,2.37056303024292,-0.3456067740917206,0.9668862223625183,9,208.71369898625113,119.80059517664951,11.114827156066895,9.311309814453125,1.7076377868652344,4.481741713857623e-11,9.309433517046273e-05,0.9999038577079773,3.0276639790827176e-06
four_class_provisional_roi,460800_to_115200,ce_only,73,frame_shape,train,20260920-190913-outBroken-460800,outBroken,2,2,50,False,2.8102564811706543,2.96193790435791,-0.25685185194015503,0.9672977328300476,9,233.86321062329105,125.8496231355147,11.947607040405273,9.675727844238281,2.040010929107666,2.5411417761689314e-11,6.358918471960351e-05,0.9999346137046814,1.981836931008729e-06
four_class_provisional_roi,460800_to_115200,ce_only,73,frame_shape,test,20260920-192216-inBroken-115200,inBroken,1,1,50,True,1.2915973663330078,0.8779211640357971,-0.1336965411901474,0.9859030842781067,9,79.08647333988912,86.2379906989261,6.909634590148926,3.714980125427246,-3.798983573913574,1.3610835480903916e-07,0.9162527322769165,0.08296247571706772,0.0007846509688533843
four_class_provisional_roi,460800_to_115200,ce_only,73,frame_shape,train,20260920-192610-inBroken-460800,inBroken,1,1,51,True,2.7980270385742188,1.9983899593353271,-0.19480839371681213,0.9654163718223572,9,202.64322058393134,155.5042324522263,11.044929504394531,9.129873275756836,-3.0298943519592285,1.6576075623220277e-08,0.9998034238815308,8.533630898455158e-05,0.00011119074770249426
four_class_provisional_roi,460800_to_115200,ce_only,73,frame_shape,test,20260920-193718-roll-115200,roll,3,3,51,True,4.544594764709473,4.290661811828613,-0.040790166705846786,0.9257766604423523,9,399.7736794217417,181.93445899809137,15.535903930664062,6.452325820922852,-5.041689872741699,0.04276587814092636,0.0002629471418913454,0.0001423793873982504,0.956828773021698
four_class_provisional_roi,460800_to_115200,ce_only,73,frame_shape,train,20260920-194108-roll-460800,roll,3,3,51,True,4.276055335998535,4.033285617828369,0.13959859311580658,0.9478503465652466,9,331.89909614381486,215.43596590459507,14.067163467407227,8.340760231018066,-3.6439247131347656,0.00028573485906235874,0.0002449718303978443,8.602659363532439e-05,0.9993833899497986
four_class_provisional_roi,460800_to_115200,ce_feat_0p1,17,frame_shape,test,20260920-184058-normal-11520,normal,0,0,61,True,2.7516822814941406,3.996774196624756,0.44268113374710083,0.9360554814338684,9,292.87448165431164,59.34082344038077,13.801507949829102,3.3545029163360596,-12.347940444946289,0.9315122961997986,0.006721136160194874,0.03911110758781433,0.02265520952641964
four_class_provisional_roi,460800_to_115200,ce_feat_0p1,17,frame_shape,train,20260920-184857-normal-460800,normal,0,0,48,True,3.032353401184082,4.09750509262085,0.4500105381011963,0.9253650307655334,9,327.47601420948104,60.66521398074502,14.430855751037598,3.714350700378418,-12.759894371032715,0.9685958027839661,0.0035721587482839823,0.02371387928724289,0.004118047188967466
four_class_provisional_roi,460800_to_115200,ce_feat_0p1,17,frame_shape,test,20260920-190512-outBroken-115200,outBroken,2,2,50,False,0.35800623893737793,0.33083415031433105,0.594288170337677,0.996633768081665,9,19.530621166935497,26.294176341478313,3.351766347885132,5.025886535644531,1.7076377868652344,5.278584467305336e-06,0.006563208531588316,0.9906280636787415,0.0028034576680511236
four_class_provisional_roi,460800_to_115200,ce_feat_0p1,17,frame_shape,train,20260920-190913-outBroken-460800,outBroken,2,2,50,False,0.11177398264408112,0.13394629955291748,0.893828809261322,0.9972811341285706,9,12.264147500314683,2.042922478821863,2.5550785064697266,5.195620536804199,2.040010929107666,3.944570380554069e-06,0.005522480700165033,0.9919446706771851,0.0025287820026278496
four_class_provisional_roi,460800_to_115200,ce_feat_0p1,17,frame_shape,test,20260920-192216-inBroken-115200,inBroken,1,1,50,True,0.3980511426925659,0.4227979779243469,0.625900149345398,0.9920640587806702,9,36.53592974990639,14.414619755214984,4.70901346206665,1.8733172416687012,-3.798983573913574,8.139561913367288e-08,0.8417471051216125,0.15752257406711578,0.0007301754667423666
four_class_provisional_roi,460800_to_115200,ce_feat_0p1,17,frame_shape,train,20260920-192610-inBroken-460800,inBroken,1,1,51,True,0.5415571928024292,0.7268437743186951,0.6685438752174377,0.9867655038833618,9,58.11713659726511,11.202186537979994,5.872371673583984,4.199901103973389,-3.0298943519592285,5.774641209654874e-09,0.9850643277168274,0.014825742691755295,0.00010981227387674153
four_class_provisional_roi,460800_to_115200,ce_feat_0p1,17,frame_shape,test,20260920-193718-roll-115200,roll,3,3,51,True,1.4044504165649414,1.5086168050765991,0.2676509916782379,0.9829753041267395,9,111.2441880433696,68.52547465272926,8.139732360839844,3.912067413330078,-5.041689872741699,0.009168812073767185,0.010202674195170403,0.028667841106653214,0.9519606232643127
four_class_provisional_roi,460800_to_115200,ce_feat_0p1,17,frame_shape,train,20260920-194108-roll-460800,roll,3,3,51,True,0.6897743940353394,0.7558976411819458,0.7816317677497864,0.9903708100318909,9,76.25568168042429,12.03544407405645,6.438540935516357,4.394699573516846,-3.6439247131347656,2.2140179680718575e-06,0.007086089346557856,0.01221360545605421,0.9806979894638062
four_class_provisional_roi,460800_to_115200,ce_feat_0p1,73,frame_shape,test,20260920-184058-normal-11520,normal,0,0,61,True,2.7297725677490234,4.031353950500488,0.44254520535469055,0.9354342222213745,9,291.2549007931284,58.15599219456382,13.776305198669434,3.2921340465545654,-12.347940444946289,0.9238603115081787,0.006747841835021973,0.04372835159301758,0.02566341869533062
four_class_provisional_roi,460800_to_115200,ce_feat_0p1,73,frame_shape,train,20260920-184857-normal-460800,normal,0,0,48,True,3.067906618118286,4.211731433868408,0.4465860426425934,0.9232039451599121,9,331.6835075043217,61.00855120444386,14.535120010375977,3.823371648788452,-12.759894371032715,0.9713812470436096,0.0032773029524832964,0.02129312790930271,0.004048342350870371
four_class_provisional_roi,460800_to_115200,ce_feat_0p1,73,frame_shape,test,20260920-190512-outBroken-115200,outBroken,2,2,50,False,0.35500767827033997,0.3213593363761902,0.5926320552825928,0.9965353608131409,9,19.310524062327236,26.130457812285854,3.2951500415802,5.0624308586120605,1.7076377868652344,3.8469984247058164e-06,0.00630209082737565,0.9909913539886475,0.002702547237277031
four_class_provisional_roi,460800_to_115200,ce_feat_0p1,73,frame_shape,train,20260920-190913-outBroken-460800,outBroken,2,2,50,False,0.11138753592967987,0.1336580514907837,0.894146203994751,0.9972849488258362,9,12.231825283734103,2.0257779652653927,2.551192283630371,5.196825981140137,2.040010929107666,4.015733338746941e-06,0.00549716642126441,0.99193274974823,0.002566075650975108
four_class_provisional_roi,460800_to_115200,ce_feat_0p1,73,frame_shape,test,20260920-192216-inBroken-115200,inBroken,1,1,50,True,0.3628069758415222,0.36816906929016113,0.6291525363922119,0.9934708476066589,9,30.722314958198716,15.716977959824828,4.324946403503418,1.2631769180297852,-3.798983573913574,1.3655099451170827e-07,0.750244677066803,0.2487621158361435,0.0009931143140420318
four_class_provisional_roi,460800_to_115200,ce_feat_0p1,73,frame_shape,train,20260920-192610-inBroken-460800,inBroken,1,1,51,True,0.5279018878936768,0.708750307559967,0.6731745600700378,0.9870999455451965,9,56.706152300358006,10.865287186271864,5.803490161895752,4.109862804412842,-3.0298943519592285,6.009061692680007e-09,0.9836735725402832,0.01621253974735737,0.00011391211592126638
four_class_provisional_roi,460800_to_115200,ce_feat_0p1,73,frame_shape,test,20260920-193718-roll-115200,roll,3,3,51,True,1.4695103168487549,1.577643632888794,0.2679940462112427,0.9822016954421997,9,117.34327415899921,70.75403605259046,8.35671615600586,4.1664323806762695,-5.041689872741699,0.0031069645192474127,0.008378553204238415,0.021840685978531837,0.9666736721992493
four_class_provisional_roi,460800_to_115200,ce_feat_0p1,73,frame_shape,train,20260920-194108-roll-460800,roll,3,3,51,True,0.7212619781494141,0.7867433428764343,0.778540849685669,0.9900253415107727,9,79.7545133435869,12.567022978772652,6.587148666381836,4.575438976287842,-3.6439247131347656,1.9962049009336624e-06,0.006121481768786907,0.010201302357017994,0.9836753606796265
four_class_provisional_roi,460800_to_115200,ce_feat_1,17,frame_shape,test,20260920-184058-normal-11520,normal,0,0,61,True,1.942339301109314,2.931274890899658,0.39453521370887756,0.9557499289512634,9,205.01808854362218,43.601359275969784,11.540587425231934,0.8584580421447754,-12.347940444946289,0.6312267184257507,0.04261908307671547,0.2669123113155365,0.059241849929094315
four_class_provisional_roi,460800_to_115200,ce_feat_1,17,frame_shape,train,20260920-184857-normal-460800,normal,0,0,48,True,2.037449359893799,2.906195878982544,0.40171316266059875,0.9481656551361084,9,227.99025021737873,32.80325212641412,12.015377044677734,1.11873459815979,-12.759894371032715,0.7009100914001465,0.034406572580337524,0.22927284240722656,0.03541053086519241
four_class_provisional_roi,460800_to_115200,ce_feat_1,17,frame_shape,test,20260920-190512-outBroken-115200,outBroken,2,2,50,False,0.2657970190048218,0.2402413934469223,0.6766371130943298,0.9987810850143433,9,9.792957212802396,24.22906441259321,2.442418336868286,3.5211894512176514,1.7076377868652344,1.1471153811726253e-05,0.028494739904999733,0.961445689201355,0.0100482776761055
four_class_provisional_roi,460800_to_115200,ce_feat_1,17,frame_shape,train,20260920-190913-outBroken-460800,outBroken,2,2,50,False,0.026761488988995552,0.032679393887519836,0.9729565978050232,0.9993247389793396,9,2.9621301442530075,0.46334053665226754,1.2825331687927246,3.611696720123291,2.040010929107666,9.961157047655433e-06,0.026061570271849632,0.9641011953353882,0.00982719287276268
four_class_provisional_roi,460800_to_115200,ce_feat_1,17,frame_shape,test,20260920-192216-inBroken-115200,inBroken,1,1,50,True,0.2761920392513275,0.25965434312820435,0.7171145677566528,0.9951452016830444,9,22.614637140460275,12.737942672706618,3.6765739917755127,0.49036073684692383,-3.798983573913574,2.1919764492395188e-07,0.6146709322929382,0.38372325897216797,0.0016055363230407238
four_class_provisional_roi,460800_to_115200,ce_feat_1,17,frame_shape,train,20260920-192610-inBroken-460800,inBroken,1,1,51,True,0.2746838331222534,0.36513668298721313,0.7699248790740967,0.9933483004570007,9,29.676817828004374,5.482713322996565,4.179198741912842,2.1588969230651855,-3.0298943519592285,3.04162881548109e-08,0.8960404396057129,0.10355938971042633,0.00040019143489189446
four_class_provisional_roi,460800_to_115200,ce_feat_1,17,frame_shape,test,20260920-193718-roll-115200,roll,3,3,51,True,1.0619025230407715,1.0741279125213623,0.27755096554756165,0.9880071878433228,9,75.28791219900411,60.63560785733273,6.68815279006958,2.047219753265381,-5.041689872741699,0.004440836142748594,0.04766785725951195,0.1253942996263504,0.8224968314170837
four_class_provisional_roi,460800_to_115200,ce_feat_1,17,frame_shape,train,20260920-194108-roll-460800,roll,3,3,51,True,0.38945746421813965,0.41832584142684937,0.8481186032295227,0.9945432543754578,9,43.0694187106212,6.781139015818733,4.830162525177002,2.482638359069824,-3.6439247131347656,6.81810570313246e-06,0.039981450885534286,0.07416901737451553,0.8858427405357361
four_class_provisional_roi,460800_to_115200,ce_feat_1,73,frame_shape,test,20260920-184058-normal-11520,normal,0,0,61,True,1.9635355472564697,2.942054033279419,0.398397833108902,0.955363929271698,9,207.73898178696248,43.59358878932215,11.612954139709473,0.9608211517333984,-12.347940444946289,0.652787983417511,0.03616577386856079,0.25113216042518616,0.05991406366229057
four_class_provisional_roi,460800_to_115200,ce_feat_1,73,frame_shape,train,20260920-184857-normal-460800,normal,0,0,48,True,2.117945432662964,3.0067458152770996,0.39840781688690186,0.9462260007858276,9,236.9121196514384,34.184891699436186,12.244816780090332,1.3889470100402832,-12.759894371032715,0.7516123652458191,0.02875182032585144,0.1875983625650406,0.03203735873103142
four_class_provisional_roi,460800_to_115200,ce_feat_1,73,frame_shape,test,20260920-190512-outBroken-115200,outBroken,2,2,50,False,0.2725483179092407,0.24679547548294067,0.6760429739952087,0.9987883567810059,9,9.907443529631195,24.97874177184555,2.456808567047119,3.492521286010742,1.7076377868652344,1.1267000445513986e-05,0.029296569526195526,0.9606699347496033,0.010022146627306938
four_class_provisional_roi,460800_to_115200,ce_feat_1,73,frame_shape,train,20260920-190913-outBroken-460800,outBroken,2,2,50,False,0.026513103395700455,0.032360754907131195,0.973191499710083,0.9993312358856201,9,2.93677263534916,0.4569045310648664,1.277252435684204,3.6061618328094482,2.040010929107666,1.0190469765802845e-05,0.026201480999588966,0.9638977646827698,0.009890619665384293
four_class_provisional_roi,460800_to_115200,ce_feat_1,73,frame_shape,test,20260920-192216-inBroken-115200,inBroken,1,1,50,True,0.2993941009044647,0.2818230986595154,0.6871336698532104,0.9948849678039551,9,23.815153868148453,14.507291028428186,3.7492520809173584,0.4433426856994629,-3.798983573913574,3.5033940548601095e-07,0.6047330498695374,0.39342567324638367,0.001840995973907411
four_class_provisional_roi,460800_to_115200,ce_feat_1,73,frame_shape,train,20260920-192610-inBroken-460800,inBroken,1,1,51,True,0.26186540722846985,0.34672802686691284,0.7720814347267151,0.9936850070953369,9,28.290564033646206,5.228209526985417,4.08473014831543,2.0383009910583496,-3.0298943519592285,3.484364086148162e-08,0.8842893242835999,0.11526822298765182,0.00044245971366763115
four_class_provisional_roi,460800_to_115200,ce_feat_1,73,frame_shape,test,20260920-193718-roll-115200,roll,3,3,51,True,1.0736429691314697,1.0861767530441284,0.2810205817222595,0.988045334815979,9,75.26302774867307,62.16328119558156,6.688597202301025,1.9826769828796387,-5.041689872741699,0.0019685025326907635,0.04743995890021324,0.12802642583847046,0.8225651979446411
four_class_provisional_roi,460800_to_115200,ce_feat_1,73,frame_shape,train,20260920-194108-roll-460800,roll,3,3,51,True,0.3674386143684387,0.3973047137260437,0.8546246290206909,0.9948199987411499,9,40.64115885908954,6.390987912527651,4.691577911376953,2.302638530731201,-3.6439247131347656,7.3962228270829655e-06,0.04475289583206177,0.08696838468313217,0.8682712316513062
four_class_provisional_roi,460800_to_115200,ce_feat_10,17,frame_shape,test,20260920-184058-normal-11520,normal,0,2,61,True,0.3578267991542816,0.4550935626029968,0.625292181968689,0.9955824613571167,9,26.328758525193074,19.473070766194734,4.125884532928467,-8.1710205078125,-12.347940444946289,0.0002714459551498294,0.06765096634626389,0.9096492528915405,0.022428331896662712
four_class_provisional_roi,460800_to_115200,ce_feat_10,17,frame_shape,train,20260920-184857-normal-460800,normal,0,2,48,True,0.23806479573249817,0.3420303463935852,0.7262644171714783,0.9945315718650818,9,26.700482750774416,3.7718135984287646,4.104615688323975,-7.9228386878967285,-12.759894371032715,0.00033450304181315005,0.06089344620704651,0.9188092350959778,0.01996280811727047
four_class_provisional_roi,460800_to_115200,ce_feat_10,17,frame_shape,test,20260920-190512-outBroken-115200,outBroken,2,2,50,False,0.24338240921497345,0.21933427453041077,0.7103129029273987,0.9995108246803284,9,6.614220623724442,24.538726374687705,1.9896529912948608,2.4591097831726074,1.7076377868652344,1.5293937394744717e-05,0.07713562995195389,0.9019750356674194,0.020874077454209328
four_class_provisional_roi,460800_to_115200,ce_feat_10,17,frame_shape,train,20260920-190913-outBroken-460800,outBroken,2,2,50,False,0.0020543085411190987,0.0025633168406784534,0.9980284571647644,0.9999457597732544,9,0.21444159763293819,0.04850989554210106,0.3523968458175659,2.4691739082336426,2.040010929107666,1.6891235645744018e-05,0.07628513127565384,0.9010856747627258,0.022612381726503372
four_class_provisional_roi,460800_to_115200,ce_feat_10,17,frame_shape,test,20260920-192216-inBroken-115200,inBroken,1,2,50,True,0.17545343935489655,0.14760613441467285,0.8487686514854431,0.9973041415214539,9,12.681574338936795,9.776466219400303,2.726141929626465,-0.8405795097351074,-3.798983573913574,3.485879176423623e-07,0.303760290145874,0.6943751573562622,0.0018642039503902197
four_class_provisional_roi,460800_to_115200,ce_feat_10,17,frame_shape,train,20260920-192610-inBroken-460800,inBroken,1,2,51,True,0.07772599160671234,0.10244137048721313,0.918358325958252,0.9981451630592346,9,8.42584454191687,1.5230828270450605,2.210456132888794,-0.2523202896118164,-3.0298943519592285,8.384770922020834e-08,0.43692004680633545,0.5622917413711548,0.0007882359204813838
four_class_provisional_roi,460800_to_115200,ce_feat_10,17,frame_shape,test,20260920-193718-roll-115200,roll,3,2,51,True,0.7500337958335876,0.7101442813873291,0.34146031737327576,0.994476318359375,9,37.3848702053977,58.619454868939314,4.74476432800293,-0.6609005928039551,-5.041689872741699,1.8261935110786e-05,0.1886403113603592,0.527376115322113,0.2839653491973877
four_class_provisional_roi,460800_to_115200,ce_feat_10,17,frame_shape,train,20260920-194108-roll-460800,roll,3,2,51,True,0.10918334871530533,0.11794368177652359,0.9491564035415649,0.9984632730484009,9,12.083397274958848,1.8920720299533513,2.5680015087127686,-0.32145166397094727,-3.6439247131347656,1.0663384273357224e-05,0.19479243457317352,0.4666898846626282,0.33850711584091187
four_class_provisional_roi,460800_to_115200,ce_feat_10,73,frame_shape,test,20260920-184058-normal-11520,normal,0,2,61,True,0.3597998321056366,0.4561712145805359,0.6255453824996948,0.995538592338562,9,26.665709049107093,19.388671891595237,4.156935214996338,-8.10953426361084,-12.347940444946289,0.00028467681840993464,0.06553690135478973,0.9110293984413147,0.02314896695315838
four_class_provisional_roi,460800_to_115200,ce_feat_10,73,frame_shape,train,20260920-184857-normal-460800,normal,0,2,48,True,0.23685307800769806,0.34095892310142517,0.7278146743774414,0.9945926070213318,9,26.61346810233423,3.703727018895243,4.104556560516357,-7.93650484085083,-12.759894371032715,0.0003304152050986886,0.05966039001941681,0.9202594757080078,0.019749831408262253
four_class_provisional_roi,460800_to_115200,ce_feat_10,73,frame_shape,test,20260920-190512-outBroken-115200,outBroken,2,2,50,False,0.23322440683841705,0.20432323217391968,0.709599494934082,0.9994993805885315,9,6.177627655840214,23.67509865570734,1.9141762256622314,2.4838409423828125,1.7076377868652344,1.3714492524741217e-05,0.07550027966499329,0.9049355387687683,0.01955040544271469
four_class_provisional_roi,460800_to_115200,ce_feat_10,73,frame_shape,train,20260920-190913-outBroken-460800,outBroken,2,2,50,False,0.00218912772834301,0.0026143973227590322,0.9978987574577332,0.9999467730522156,9,0.23855302648652185,0.04165531593222607,0.36735695600509644,2.4810619354248047,2.040010929107666,1.5891124348854646e-05,0.07555041462182999,0.903106153011322,0.021327577531337738
four_class_provisional_roi,460800_to_115200,ce_feat_10,73,frame_shape,test,20260920-192216-inBroken-115200,inBroken,1,2,50,True,0.1782979816198349,0.15605387091636658,0.8413025736808777,0.9973574280738831,9,12.555097862011934,10.267042747454548,2.716386556625366,-0.8378915786743164,-3.798983573913574,2.608537386095122e-07,0.30397313833236694,0.6944379210472107,0.0015885623870417476
four_class_provisional_roi,460800_to_115200,ce_feat_10,73,frame_shape,train,20260920-192610-inBroken-460800,inBroken,1,2,51,True,0.07534106075763702,0.0972505658864975,0.9175291657447815,0.9982340931892395,9,8.15065142032065,1.4930041029959418,2.184252977371216,-0.2998952865600586,-3.0298943519592285,8.957321995239909e-08,0.4252380430698395,0.573914647102356,0.0008472243207506835
four_class_provisional_roi,460800_to_115200,ce_feat_10,73,frame_shape,test,20260920-193718-roll-115200,roll,3,2,51,True,0.7331819534301758,0.6922069787979126,0.33915647864341736,0.9945834875106812,9,36.36929773144127,57.477985321612934,4.66924524307251,-0.7256746292114258,-5.041689872741699,1.8356287910137326e-05,0.18259571492671967,0.5441194176673889,0.2732665538787842
four_class_provisional_roi,460800_to_115200,ce_feat_10,73,frame_shape,train,20260920-194108-roll-460800,roll,3,2,51,True,0.10502003133296967,0.11197316646575928,0.9480289220809937,0.9985171556472778,9,11.623315125155864,1.8192493930960625,2.507641553878784,-0.3877444267272949,-3.6439247131347656,1.1242802429478616e-05,0.19157563149929047,0.48154255747795105,0.32687053084373474
four_class_provisional_roi,460800_to_115200,ce_feat_1_kd,17,frame_shape,test,20260920-184058-normal-11520,normal,0,2,61,True,1.6339128017425537,2.4927659034729004,0.43412232398986816,0.9635918140411377,9,170.573906584957,38.56691017764286,10.546537399291992,-0.47782444953918457,-12.347940444946289,0.36647647619247437,0.03683901205658913,0.56623375415802,0.030450670048594475
four_class_provisional_roi,460800_to_115200,ce_feat_1_kd,17,frame_shape,train,20260920-184857-normal-460800,normal,0,2,48,True,1.7435874938964844,2.4762794971466064,0.43842822313308716,0.9563302397727966,9,195.28093361810863,27.89826866816924,11.113238334655762,-0.1957862377166748,-12.759894371032715,0.42781832814216614,0.030941113829612732,0.5201874375343323,0.02105317823588848
four_class_provisional_roi,460800_to_115200,ce_feat_1_kd,17,frame_shape,test,20260920-190512-outBroken-115200,outBroken,2,2,50,False,0.24914030730724335,0.22018559277057648,0.7007752060890198,0.9992920756340027,9,8.124474748353485,23.765483289847573,2.1782281398773193,2.743509292602539,1.7076377868652344,1.6870622857823037e-05,0.0592840276658535,0.9209120273590088,0.019787216559052467
four_class_provisional_roi,460800_to_115200,ce_feat_1_kd,17,frame_shape,train,20260920-190913-outBroken-460800,outBroken,2,2,50,False,0.008084981702268124,0.010311123915016651,0.9919157028198242,0.9997863173484802,9,0.8732312680982675,0.1616463441521835,0.6582833528518677,2.7894673347473145,2.040010929107666,1.513718507339945e-05,0.05675449222326279,0.9232472777366638,0.01998305879533291
four_class_provisional_roi,460800_to_115200,ce_feat_1_kd,17,frame_shape,test,20260920-192216-inBroken-115200,inBroken,1,2,50,True,0.20206665992736816,0.1740485280752182,0.8086221814155579,0.9967982172966003,9,15.181764743693542,10.682769383311964,2.9706871509552,-0.4376821517944336,-3.798983573913574,2.4688014832463523e-07,0.39379701018333435,0.6043463349342346,0.0018564503407105803
four_class_provisional_roi,460800_to_115200,ce_feat_1_kd,17,frame_shape,train,20260920-192610-inBroken-460800,inBroken,1,1,51,True,0.127491295337677,0.16684676706790924,0.8771407008171082,0.9969751834869385,9,13.760192505668867,2.5586920978347845,2.7596945762634277,0.4303617477416992,-3.0298943519592285,7.057953865796662e-08,0.605530858039856,0.39379724860191345,0.0006717823562212288
four_class_provisional_roi,460800_to_115200,ce_feat_1_kd,17,frame_shape,test,20260920-193718-roll-115200,roll,3,3,51,True,0.8581842184066772,0.8018877506256104,0.26393985748291016,0.9913809895515442,9,52.70623541195834,57.141341627869906,5.439406871795654,0.47391605377197266,-5.041689872741699,0.0022034167777746916,0.09733749181032181,0.3475002348423004,0.5529589056968689
four_class_provisional_roi,460800_to_115200,ce_feat_1_kd,17,frame_shape,train,20260920-194108-roll-460800,roll,3,3,51,True,0.23723793029785156,0.25247982144355774,0.8864113688468933,0.9966315627098083,9,25.87183358366185,4.494624717158106,3.662842035293579,0.8688812255859375,-3.6439247131347656,1.465307104808744e-05,0.09886056929826736,0.2663840055465698,0.6347407102584839
four_class_provisional_roi,460800_to_115200,ce_feat_1_kd,73,frame_shape,test,20260920-184058-normal-11520,normal,0,2,61,True,1.6092493534088135,2.4365339279174805,0.43883615732192993,0.9643270969390869,9,168.02695664352308,37.95698043269802,10.458754539489746,-0.5532321929931641,-12.347940444946289,0.3548298478126526,0.034469183534383774,0.5795287489891052,0.03117218054831028
four_class_provisional_roi,460800_to_115200,ce_feat_1_kd,73,frame_shape,train,20260920-184857-normal-460800,normal,0,2,48,True,1.7659612894058228,2.5008468627929688,0.4379604458808899,0.9558466076850891,9,197.71929812869996,28.323738797066582,11.179191589355469,-0.1204833984375,-12.759894371032715,0.4462718665599823,0.02976962924003601,0.5032980442047119,0.020660394802689552
four_class_provisional_roi,460800_to_115200,ce_feat_1_kd,73,frame_shape,test,20260920-190512-outBroken-115200,outBroken,2,2,50,False,0.2528507113456726,0.22270356118679047,0.6994282603263855,0.9993011951446533,9,8.124907134189126,24.239984906334485,2.1783745288848877,2.7267704010009766,1.7076377868652344,1.6071464415290393e-05,0.06028207764029503,0.9203352928161621,0.019366439431905746
four_class_provisional_roi,460800_to_115200,ce_feat_1_kd,73,frame_shape,train,20260920-190913-outBroken-460800,outBroken,2,2,50,False,0.008125925436615944,0.010439222678542137,0.991855800151825,0.9997844099998474,9,0.8783474536724312,0.16177098039344795,0.6613678336143494,2.7967419624328613,2.040010929107666,1.5039220670587383e-05,0.05638400465250015,0.9238110184669495,0.01978980004787445
four_class_provisional_roi,460800_to_115200,ce_feat_1_kd,73,frame_shape,test,20260920-192216-inBroken-115200,inBroken,1,2,50,True,0.23355302214622498,0.19774284958839417,0.7835666537284851,0.9964242577552795,9,16.81806124141299,13.076727207492379,3.098139762878418,-0.49529266357421875,-3.798983573913574,4.5214753185973677e-07,0.3804832100868225,0.617318332195282,0.0021981769241392612
four_class_provisional_roi,460800_to_115200,ce_feat_1_kd,73,frame_shape,train,20260920-192610-inBroken-460800,inBroken,1,1,51,True,0.1270301640033722,0.1650172770023346,0.8745337128639221,0.9970062375068665,9,13.707711794033784,2.552149786794157,2.7590417861938477,0.43411731719970703,-3.0298943519592285,7.433457938077481e-08,0.606415331363678,0.39288344979286194,0.0007011370616964996
four_class_provisional_roi,460800_to_115200,ce_feat_1_kd,73,frame_shape,test,20260920-193718-roll-115200,roll,3,3,51,True,0.8639426231384277,0.8082360029220581,0.2701142728328705,0.991591215133667,9,51.758673366378005,58.825990773422056,5.385927200317383,0.35379552841186523,-5.041689872741699,0.0009106085635721684,0.09790375828742981,0.3733530640602112,0.5278326272964478
four_class_provisional_roi,460800_to_115200,ce_feat_1_kd,73,frame_shape,train,20260920-194108-roll-460800,roll,3,3,51,True,0.21976855397224426,0.23684445023536682,0.8927269577980042,0.9968394637107849,9,23.936330562641547,4.194044546988831,3.5216612815856934,0.6575593948364258,-3.6439247131347656,1.4958931387809571e-05,0.10484123229980469,0.305556982755661,0.5895869135856628
four_class_provisional_roi,460800_to_115200,phase_ce_feat_1,17,shape_phase,test,20260920-184058-normal-11520,normal,0,0,61,True,1.9703577756881714,2.978891372680664,0.3966764807701111,0.9550303220748901,9,208.19826031197766,44.00752150972688,11.634413719177246,0.9425101280212402,-12.347940444946289,0.6549915671348572,0.03925703465938568,0.25643154978752136,0.04931977763772011
four_class_provisional_roi,460800_to_115200,phase_ce_feat_1,17,shape_phase,train,20260920-184857-normal-460800,normal,0,0,48,True,2.0416178703308105,2.906747341156006,0.40010207891464233,0.9481323957443237,9,228.39832701931795,32.92874636298879,12.02359676361084,1.1390652656555176,-12.759894371032715,0.7039253115653992,0.034506332129240036,0.22548192739486694,0.03608642518520355
four_class_provisional_roi,460800_to_115200,phase_ce_feat_1,17,shape_phase,test,20260920-190512-outBroken-115200,outBroken,2,2,50,False,0.2854004204273224,0.25997206568717957,0.6741299033164978,0.9986404776573181,9,10.601913484832831,25.929340204881584,2.5180001258850098,3.5980658531188965,1.7076377868652344,1.014237386698369e-05,0.02638980560004711,0.9637960195541382,0.009804153814911842
four_class_provisional_roi,460800_to_115200,phase_ce_feat_1,17,shape_phase,train,20260920-190913-outBroken-460800,outBroken,2,2,50,False,0.026578782126307487,0.0323939174413681,0.9731016159057617,0.9993319511413574,9,2.9435455056872764,0.45853853236151026,1.276968240737915,3.6079888343811035,2.040010929107666,9.980716640711762e-06,0.026133045554161072,0.9639789462089539,0.009877917356789112
four_class_provisional_roi,460800_to_115200,phase_ce_feat_1,17,shape_phase,test,20260920-192216-inBroken-115200,inBroken,1,1,50,True,0.29648083448410034,0.2646804749965668,0.6928369402885437,0.9952613711357117,9,22.09506621418023,15.854482675657236,3.657073736190796,0.1636791229248047,-3.798983573913574,3.551798499756842e-07,0.5398470163345337,0.45784178376197815,0.002310909330844879
four_class_provisional_roi,460800_to_115200,phase_ce_feat_1,17,shape_phase,train,20260920-192610-inBroken-460800,inBroken,1,1,51,True,0.2665208578109741,0.35330331325531006,0.7713552117347717,0.9935649037361145,9,28.796811977402534,5.31785991628016,4.1204938888549805,2.0828371047973633,-3.0298943519592285,3.280971938579569e-08,0.8887785077095032,0.11079530417919159,0.0004260637506376952
four_class_provisional_roi,460800_to_115200,phase_ce_feat_1,17,shape_phase,test,20260920-193718-roll-115200,roll,3,3,51,True,1.0974522829055786,1.1151623725891113,0.28527167439460754,0.9879477024078369,9,76.75201682003498,63.72187758009446,6.76144552230835,2.0755605697631836,-5.041689872741699,0.0002700279583223164,0.04680889844894409,0.11108306050300598,0.841838002204895
four_class_provisional_roi,460800_to_115200,phase_ce_feat_1,17,shape_phase,train,20260920-194108-roll-460800,roll,3,3,51,True,0.3702743947505951,0.39870721101760864,0.8526100516319275,0.9947872161865234,9,40.94452501689958,6.450593945064958,4.7082319259643555,2.3293609619140625,-3.6439247131347656,6.8912086135242134e-06,0.04435935989022255,0.08486059308052063,0.8707730174064636
four_class_provisional_roi,460800_to_115200,phase_ce_feat_1,73,shape_phase,test,20260920-184058-normal-11520,normal,0,0,61,True,2.0071816444396973,3.0288095474243164,0.39847058057785034,0.9540379643440247,9,212.57802042345176,44.341218516727366,11.751736640930176,1.0923333168029785,-12.347940444946289,0.6852287650108337,0.03526153787970543,0.23123019933700562,0.04827941954135895
four_class_provisional_roi,460800_to_115200,phase_ce_feat_1,73,shape_phase,train,20260920-184857-normal-460800,normal,0,0,48,True,2.063018560409546,2.9350247383117676,0.4013006389141083,0.9476044178009033,9,230.76833650813535,33.29802681552057,12.084792137145996,1.201373815536499,-12.759894371032715,0.7176246047019958,0.0324820801615715,0.21605418622493744,0.033839114010334015
four_class_provisional_roi,460800_to_115200,phase_ce_feat_1,73,shape_phase,test,20260920-190512-outBroken-115200,outBroken,2,2,50,False,0.29250067472457886,0.2676216959953308,0.6734911203384399,0.9986069202423096,9,10.840107414805068,26.5999781516618,2.5445194244384766,3.6128034591674805,1.7076377868652344,1.0259604096063413e-05,0.026010604575276375,0.9640601873397827,0.009918895550072193
four_class_provisional_roi,460800_to_115200,phase_ce_feat_1,73,shape_phase,train,20260920-190913-outBroken-460800,outBroken,2,2,50,False,0.026776574552059174,0.03276383876800537,0.9732435941696167,0.9993162155151367,9,2.961244914998802,0.466156878347034,1.285512924194336,3.617443323135376,2.040010929107666,1.0298377674189396e-05,0.0258939191699028,0.9641266465187073,0.009969169273972511
four_class_provisional_roi,460800_to_115200,phase_ce_feat_1,73,shape_phase,test,20260920-192216-inBroken-115200,inBroken,1,1,50,True,0.29982078075408936,0.2821280360221863,0.686793863773346,0.9950408935546875,9,23.498260520779105,14.878796572343521,3.7546651363372803,0.44330263137817383,-3.798983573913574,2.5148881377390353e-07,0.6041465997695923,0.39403221011161804,0.001820837613195181
four_class_provisional_roi,460800_to_115200,phase_ce_feat_1,73,shape_phase,train,20260920-192610-inBroken-460800,inBroken,1,1,51,True,0.26500147581100464,0.3510395586490631,0.771018385887146,0.9936060309410095,9,28.62772389345651,5.292464027427544,4.106313705444336,2.068406581878662,-3.0298943519592285,3.39658008385868e-08,0.8873361349105835,0.11223253607749939,0.0004311722586862743
four_class_provisional_roi,460800_to_115200,phase_ce_feat_1,73,shape_phase,test,20260920-193718-roll-115200,roll,3,3,51,True,1.0780699253082275,1.0969866514205933,0.28752002120018005,0.9882316589355469,9,75.1872360806461,62.8057167863531,6.695677757263184,2.0511889457702637,-5.041689872741699,0.0002738196635618806,0.04866338148713112,0.11288005858659744,0.838182806968689
four_class_provisional_roi,460800_to_115200,phase_ce_feat_1,73,shape_phase,train,20260920-194108-roll-460800,roll,3,3,51,True,0.3625510334968567,0.3914768099784851,0.8554136753082275,0.9948980212211609,9,40.11540497180583,6.291127555750845,4.655142784118652,2.270822525024414,-3.6439247131347656,6.349410796246957e-06,0.04659592732787132,0.08931569755077362,0.8640820384025574
four_class_provisional_roi,460800_to_115200,smooth_ce_feat_1,17,smooth_shape,test,20260920-184058-normal-11520,normal,0,0,61,True,1.9632426500320435,2.962090015411377,0.3952411711215973,0.9552267789840698,9,207.44723648791805,43.84783117865914,11.608697891235352,0.9333012104034424,-12.347940444946289,0.6482051014900208,0.04053972288966179,0.25672075152397156,0.0545344278216362
four_class_provisional_roi,460800_to_115200,smooth_ce_feat_1,17,smooth_shape,train,20260920-184857-normal-460800,normal,0,0,48,True,2.063051462173462,2.9386510848999023,0.4009961783885956,0.9475476741790771,9,230.84910831524547,33.22148493632491,12.090773582458496,1.2054049968719482,-12.759894371032715,0.7178545594215393,0.03254112973809242,0.2152968794107437,0.03430742397904396
four_class_provisional_roi,460800_to_115200,smooth_ce_feat_1,17,smooth_shape,test,20260920-190512-outBroken-115200,outBroken,2,2,50,False,0.2675014138221741,0.2392006814479828,0.6805689930915833,0.9987360239028931,9,9.844461691069744,24.3957188874833,2.4246108531951904,3.5686841011047363,1.7076377868652344,1.049697857524734e-05,0.027225522324442863,0.9622790813446045,0.010485071688890457
four_class_provisional_roi,460800_to_115200,smooth_ce_feat_1,17,smooth_shape,train,20260920-190913-outBroken-460800,outBroken,2,2,50,False,0.026483800262212753,0.03242441639304161,0.9732825756072998,0.9993293285369873,9,2.9301636956785666,0.4597626423895058,1.2755125761032104,3.6098074913024902,2.040010929107666,1.0092650882143062e-05,0.026109760627150536,0.9638333916664124,0.010046649724245071
four_class_provisional_roi,460800_to_115200,smooth_ce_feat_1,17,smooth_shape,test,20260920-192216-inBroken-115200,inBroken,1,1,50,True,0.3092682361602783,0.322764128446579,0.6940022110939026,0.9940363168716431,9,27.588679036736686,11.997658154709349,4.031666278839111,1.0739421844482422,-3.798983573913574,1.435599870092119e-07,0.7388201951980591,0.26014775037765503,0.001031992956995964
four_class_provisional_roi,460800_to_115200,smooth_ce_feat_1,17,smooth_shape,train,20260920-192610-inBroken-460800,inBroken,1,1,51,True,0.2725542187690735,0.3621678352355957,0.770102322101593,0.9934026598930359,9,29.454880797969707,5.432061279790159,4.164490222930908,2.1393637657165527,-3.0298943519592285,3.1173016168395407e-08,0.8941758275032043,0.10541245341300964,0.000411746499594301
four_class_provisional_roi,460800_to_115200,smooth_ce_feat_1,17,smooth_shape,test,20260920-193718-roll-115200,roll,3,3,51,True,1.06931734085083,1.085869550704956,0.2826875150203705,0.9880656003952026,9,75.34442408774316,61.52819312031559,6.6957807540893555,2.059086322784424,-5.041689872741699,0.0043486254289746284,0.04747933894395828,0.12225174158811569,0.8259202837944031
four_class_provisional_roi,460800_to_115200,smooth_ce_feat_1,17,smooth_shape,train,20260920-194108-roll-460800,roll,3,3,51,True,0.3856428563594818,0.4143596887588501,0.8489320278167725,0.9945890307426453,9,42.61601556126373,6.746270482954498,4.804731369018555,2.441495895385742,-3.6439247131347656,7.087246558512561e-06,0.0401156060397625,0.0770343765616417,0.8828429579734802
four_class_provisional_roi,460800_to_115200,smooth_ce_feat_1,73,smooth_shape,test,20260920-184058-normal-11520,normal,0,0,61,True,1.959139108657837,2.9430980682373047,0.39820578694343567,0.9554675221443176,9,207.13121612796886,43.63858832308116,11.601432800292969,0.9294190406799316,-12.347940444946289,0.6482019424438477,0.03745395317673683,0.25906264781951904,0.05528150498867035
four_class_provisional_roi,460800_to_115200,smooth_ce_feat_1,73,smooth_shape,train,20260920-184857-normal-460800,normal,0,0,48,True,2.0793023109436035,2.952565908432007,0.399259090423584,0.9472538232803345,9,232.62933198154937,33.52136351639471,12.133673667907715,1.2595252990722656,-12.759894371032715,0.7282801270484924,0.030950380489230156,0.2069217711687088,0.03384780138731003
four_class_provisional_roi,460800_to_115200,smooth_ce_feat_1,73,smooth_shape,test,20260920-190512-outBroken-115200,outBroken,2,2,50,False,0.27694183588027954,0.25445684790611267,0.675713062286377,0.9987307190895081,9,10.366385001682032,25.082169464257273,2.522459030151367,3.5591530799865723,1.7076377868652344,1.1826039553852752e-05,0.027486298233270645,0.9627106189727783,0.009791368618607521
four_class_provisional_roi,460800_to_115200,smooth_ce_feat_1,73,smooth_shape,train,20260920-190913-outBroken-460800,outBroken,2,2,50,False,0.027053948491811752,0.03292487561702728,0.9726144075393677,0.9993206858634949,9,2.996624490505048,0.4662808495078752,1.2898701429367065,3.6215739250183105,2.040010929107666,1.0144023690372705e-05,0.025829138234257698,0.9643875956535339,0.009773238562047482
four_class_provisional_roi,460800_to_115200,smooth_ce_feat_1,73,smooth_shape,test,20260920-192216-inBroken-115200,inBroken,1,1,50,True,0.3184770345687866,0.331226646900177,0.682654619216919,0.9939910173416138,9,28.20895610339015,12.556103411962837,4.106062889099121,1.0951004028320312,-3.798983573913574,1.363588353342493e-07,0.7434042096138,0.2554152011871338,0.0011804322712123394
four_class_provisional_roi,460800_to_115200,smooth_ce_feat_1,73,smooth_shape,train,20260920-192610-inBroken-460800,inBroken,1,1,51,True,0.2584308087825775,0.3427698612213135,0.7736916542053223,0.9937569499015808,9,27.921220270073672,5.1579267233255255,4.05673885345459,2.0050511360168457,-3.0298943519592285,3.6071831743811344e-08,0.8808428645133972,0.11870638281106949,0.00045069411862641573
four_class_provisional_roi,460800_to_115200,smooth_ce_feat_1,73,smooth_shape,test,20260920-193718-roll-115200,roll,3,3,51,True,1.077547311782837,1.0902073383331299,0.2829097509384155,0.9881047010421753,9,75.32220254467614,62.60384766169125,6.694668769836426,2.008510112762451,-5.041689872741699,0.0019309192430227995,0.04628194123506546,0.12478246539831161,0.8270045518875122
four_class_provisional_roi,460800_to_115200,smooth_ce_feat_1,73,smooth_shape,train,20260920-194108-roll-460800,roll,3,3,51,True,0.36913570761680603,0.39890795946121216,0.8541240096092224,0.9947987198829651,9,40.8240607343842,6.425306675365153,4.702805519104004,2.3136730194091797,-3.6439247131347656,7.434693543473259e-06,0.04413503780961037,0.08618823438882828,0.8696693778038025
three_class_geometry_compatible,115200_to_460800,embedding_only,17,frame_shape,train,20260920-184058-normal-11520,normal,0,2,61,True,0.00011905822611879557,0.00010261654097121209,0.9999939799308777,0.9999989867210388,9,0.0047070130955992355,0.010532440044079463,0.05659451708197594,-12.315500259399414,-12.347940444946289,4.4566677388502285e-06,0.004510969389230013,0.9928237199783325,0.0026608321350067854
three_class_geometry_compatible,115200_to_460800,embedding_only,17,frame_shape,test,20260920-184857-normal-460800,normal,0,2,48,True,0.169233039021492,0.14401577413082123,0.6435389518737793,0.9989076852798462,9,6.978520393163902,14.68330807062615,2.0970773696899414,-12.390212059020996,-12.759894371032715,4.1366706682310905e-06,0.004720606375485659,0.9926750063896179,0.0026004051323980093
three_class_geometry_compatible,115200_to_460800,embedding_only,17,frame_shape,train,20260920-192216-inBroken-115200,inBroken,1,2,50,True,1.499876452726312e-05,1.3785161172563676e-05,0.999991238117218,0.9999998807907104,9,0.0004402877552827909,0.0014795542191579443,0.016560843214392662,-3.797252655029297,-3.798983573913574,5.086468846116077e-08,0.021933669224381447,0.977741539478302,0.0003246444102842361
three_class_geometry_compatible,115200_to_460800,embedding_only,17,frame_shape,test,20260920-192610-inBroken-460800,inBroken,1,2,51,True,0.08024396002292633,0.04339819401502609,0.8405451774597168,0.9994808435440063,9,2.8504130381788526,7.420813054735073,1.268977165222168,-3.8169569969177246,-3.0298943519592285,7.65421432902258e-08,0.02151378057897091,0.978047251701355,0.0004388946108520031
three_class_geometry_compatible,115200_to_460800,embedding_only,17,frame_shape,train,20260920-193718-roll-115200,roll,3,2,51,True,3.697290230775252e-05,4.249167614034377e-05,0.999920129776001,0.9999995231628418,9,0.0020287165570127604,0.0027038152804967,0.036187123507261276,-5.023341655731201,-5.041689872741699,1.0316340421923087e-06,0.034037280827760696,0.9596331119537354,0.006328653544187546
three_class_geometry_compatible,115200_to_460800,embedding_only,17,frame_shape,test,20260920-194108-roll-460800,roll,3,2,51,True,1.0215877294540405,0.6245191693305969,0.7360290288925171,0.9968602657318115,9,24.97725071327893,105.78597799535679,3.840468168258667,-5.088824272155762,-3.6439247131347656,9.883505072139087e-07,0.033304791897535324,0.9607390761375427,0.00595506327226758
three_class_geometry_compatible,115200_to_460800,embedding_only,73,frame_shape,train,20260920-184058-normal-11520,normal,0,2,61,True,0.0001342620380455628,0.00011848763097077608,0.999993622303009,0.9999988675117493,9,0.005517585088310328,0.01166795586930829,0.06148342043161392,-12.386418342590332,-12.347940444946289,4.149133474129485e-06,0.004809998907148838,0.9925517439842224,0.0026341122575104237
three_class_geometry_compatible,115200_to_460800,embedding_only,73,frame_shape,test,20260920-184857-normal-460800,normal,0,2,48,True,0.1635197401046753,0.13706806302070618,0.6434329152107239,0.998956024646759,9,6.667996935822499,14.262531467732343,2.0490450859069824,-12.41970443725586,-12.759894371032715,4.017593255412066e-06,0.004937427584081888,0.9924452900886536,0.0026132753118872643
three_class_geometry_compatible,115200_to_460800,embedding_only,73,frame_shape,train,20260920-192216-inBroken-115200,inBroken,1,2,50,True,7.085110155458096e-06,8.001605237950571e-06,0.9999955892562866,1.0,9,0.00035901975198522845,0.0005478743900744432,0.01563727855682373,-3.802600860595703,-3.798983573913574,5.224886834298559e-08,0.021819183602929115,0.9778512716293335,0.0003294159541837871
three_class_geometry_compatible,115200_to_460800,embedding_only,73,frame_shape,test,20260920-192610-inBroken-460800,inBroken,1,2,51,True,0.08272001147270203,0.04223286360502243,0.8412022590637207,0.9993909597396851,9,3.0773085021168174,7.510853647067327,1.341727375984192,-3.8396201133728027,-3.0298943519592285,9.920609755909027e-08,0.021040845662355423,0.978434681892395,0.0005244339699856937
three_class_geometry_compatible,115200_to_460800,embedding_only,73,frame_shape,train,20260920-193718-roll-115200,roll,3,2,51,True,0.0001549879088997841,0.00011505073052830994,0.9998212456703186,0.999998152256012,9,0.006350437206740833,0.013488016196102206,0.07036413252353668,-5.040811538696289,-5.041689872741699,9.623676078263088e-07,0.03501579910516739,0.9587754607200623,0.006207707338035107
three_class_geometry_compatible,115200_to_460800,embedding_only,73,frame_shape,test,20260920-194108-roll-460800,roll,3,2,51,True,1.0214930772781372,0.6346339583396912,0.7268232107162476,0.9968578815460205,9,25.014477977327637,105.73663892951299,3.826046943664551,-5.109241962432861,-3.6439247131347656,9.068030522030313e-07,0.03442102670669556,0.9597581624984741,0.005820019170641899
three_class_geometry_compatible,115200_to_460800,ce_only,17,frame_shape,train,20260920-184058-normal-11520,normal,0,0,61,True,8.439443588256836,9.807245254516602,0.4631231725215912,0.8410009145736694,9,765.0931899666354,315.1556215488834,22.178003311157227,8.2210111618042,-12.347940444946289,0.9996266961097717,2.956020580313634e-06,3.334067514515482e-06,0.00036688396357931197
three_class_geometry_compatible,115200_to_460800,ce_only,17,frame_shape,test,20260920-184857-normal-460800,normal,0,0,48,True,8.555793762207031,9.713077545166016,0.4068759083747864,0.8335274457931519,9,785.8570716379525,309.28456535873624,22.40763282775879,8.241615295410156,-12.759894371032715,0.9997190833091736,3.6971212011849275e-06,4.084719421371119e-06,0.00027331107412464917
three_class_geometry_compatible,115200_to_460800,ce_only,17,frame_shape,train,20260920-192216-inBroken-115200,inBroken,1,1,50,True,2.835570812225342,2.392610549926758,-0.17453056573867798,0.9567634463310242,9,201.66900127570645,161.28403911187007,11.399269104003906,8.572853088378906,-3.798983573913574,5.2660837468465616e-08,0.9996640682220459,0.00014385323447640985,0.00019191644969396293
three_class_geometry_compatible,115200_to_460800,ce_only,17,frame_shape,test,20260920-192610-inBroken-460800,inBroken,1,1,51,True,2.236891984939575,1.886711835861206,0.004992540925741196,0.9662343859672546,9,160.3645452436488,125.95764252088506,10.130107879638672,8.03400993347168,-3.0298943519592285,7.285925818223404e-08,0.9993707537651062,0.00033604298369027674,0.00029320045723579824
three_class_geometry_compatible,115200_to_460800,ce_only,17,frame_shape,train,20260920-193718-roll-115200,roll,3,3,51,True,4.061129570007324,4.075107574462891,0.262638658285141,0.9308285713195801,9,348.9154302358114,170.90917740052183,14.863738059997559,8.55910873413086,-5.041689872741699,0.00028280093101784587,0.0002055789955193177,6.976063014008105e-05,0.999441921710968
three_class_geometry_compatible,115200_to_460800,ce_only,17,frame_shape,test,20260920-194108-roll-460800,roll,3,3,51,True,4.890103340148926,4.092625141143799,0.18660250306129456,0.9453153610229492,9,321.164492684066,304.76872917703975,13.900614738464355,8.455912590026855,-3.6439247131347656,0.00012069025979144499,0.00025343557354062796,9.27783185034059e-05,0.9995331168174744
three_class_geometry_compatible,115200_to_460800,ce_only,73,frame_shape,train,20260920-184058-normal-11520,normal,0,0,61,True,9.860851287841797,11.049846649169922,0.4511207342147827,0.8234333395957947,9,870.677181100159,391.5118950392416,23.67117691040039,8.184099197387695,-12.347940444946289,0.9996472001075745,9.511344387647114e-07,5.773576390311064e-07,0.00035119953099638224
three_class_geometry_compatible,115200_to_460800,ce_only,73,frame_shape,test,20260920-184857-normal-460800,normal,0,0,48,True,9.8458890914917,10.856590270996094,0.40368494391441345,0.8171985149383545,9,882.0376859412675,378.23617316934707,23.778188705444336,8.038150787353516,-12.759894371032715,0.9996584057807922,1.4630446685259813e-06,9.189927254737995e-07,0.00033927871845662594
three_class_geometry_compatible,115200_to_460800,ce_only,73,frame_shape,train,20260920-192216-inBroken-115200,inBroken,1,1,50,True,2.70003080368042,2.1656198501586914,-0.06569793075323105,0.9617772698402405,9,179.54683820850346,166.0570888830368,10.7695894241333,9.064186096191406,-3.798983573913574,4.072097326002222e-09,0.9998519420623779,0.00012025051546515897,2.7703272280632518e-05
three_class_geometry_compatible,115200_to_460800,ce_only,73,frame_shape,test,20260920-192610-inBroken-460800,inBroken,1,1,51,True,1.8918765783309937,1.5102810859680176,0.13513337075710297,0.9732782244682312,9,125.22703786749443,116.9331609972547,8.956480026245117,7.574002742767334,-3.0298943519592285,1.1679670564035405e-08,0.999350905418396,0.0005689477548003197,8.010539022507146e-05
three_class_geometry_compatible,115200_to_460800,ce_only,73,frame_shape,train,20260920-193718-roll-115200,roll,3,3,51,True,3.7023684978485107,3.8330092430114746,0.2611963748931885,0.9346110224723816,9,321.82687841752465,152.0763008186684,14.372086524963379,8.083053588867188,-5.041689872741699,0.00044812660780735314,0.00021883756562601775,0.0001840965123847127,0.9991488456726074
three_class_geometry_compatible,115200_to_460800,ce_only,73,frame_shape,test,20260920-194108-roll-460800,roll,3,3,51,True,4.527642726898193,3.8803610801696777,0.18468372523784637,0.9490066170692444,9,294.63458683674685,284.903671636657,13.448702812194824,8.316904067993164,-3.6439247131347656,0.00026577457902021706,0.0002638806472532451,0.00024025444872677326,0.9992302656173706
three_class_geometry_compatible,115200_to_460800,ce_feat_0p1,17,frame_shape,train,20260920-184058-normal-11520,normal,0,0,61,True,2.724961280822754,3.592860221862793,0.5951783657073975,0.9416173100471497,9,297.26127846734596,51.53376081071865,13.699845314025879,3.775728225708008,-12.347940444946289,0.97076815366745,0.001522030564956367,0.022495882585644722,0.005213945172727108
three_class_geometry_compatible,115200_to_460800,ce_feat_0p1,17,frame_shape,test,20260920-184857-normal-460800,normal,0,0,48,True,2.981818675994873,3.611044406890869,0.42175406217575073,0.9370187520980835,9,311.87227853280126,69.8005058864663,13.944330215454102,3.38598370552063,-12.759894371032715,0.9571849703788757,0.002189232734963298,0.03434044495224953,0.006285304203629494
three_class_geometry_compatible,115200_to_460800,ce_feat_0p1,17,frame_shape,train,20260920-192216-inBroken-115200,inBroken,1,1,50,True,0.5891379117965698,1.0402774810791016,0.6330575346946716,0.9796695709228516,9,62.19831133960827,13.211341040639029,6.433999538421631,4.150555610656738,-3.798983573913574,6.193015877897778e-09,0.9843018054962158,0.015614091418683529,8.42275403556414e-05
three_class_geometry_compatible,115200_to_460800,ce_feat_0p1,17,frame_shape,test,20260920-192610-inBroken-460800,inBroken,1,1,51,True,0.5476763844490051,0.9724894762039185,0.6289697289466858,0.9828518033027649,9,52.05695088480644,18.045628289894392,5.787471294403076,3.900613784790039,-3.0298943519592285,8.858108913045726e-09,0.9798452854156494,0.02004079893231392,0.00011390959843993187
three_class_geometry_compatible,115200_to_460800,ce_feat_0p1,17,frame_shape,train,20260920-193718-roll-115200,roll,3,3,51,True,0.8342157006263733,1.009966492652893,0.6526805758476257,0.9841522574424744,9,93.02957187198388,13.750032370802456,7.469973087310791,4.300841808319092,-5.041689872741699,1.629106373002287e-05,0.003995268139988184,0.01354277040809393,0.9824458956718445
three_class_geometry_compatible,115200_to_460800,ce_feat_0p1,17,frame_shape,test,20260920-194108-roll-460800,roll,3,3,51,True,1.5787255764007568,1.0486773252487183,0.46367207169532776,0.9876606464385986,9,89.01291574733149,113.06394496470543,6.500696182250977,4.113073825836182,-3.6439247131347656,5.910964659960882e-07,0.00469651585444808,0.017058294266462326,0.9782444834709167
three_class_geometry_compatible,115200_to_460800,ce_feat_0p1,73,frame_shape,train,20260920-184058-normal-11520,normal,0,0,61,True,2.771047592163086,3.6703734397888184,0.5950381755828857,0.9403515458106995,9,302.44655993293304,52.247538353105966,13.818816184997559,3.9214847087860107,-12.347940444946289,0.9744269847869873,0.0014012334868311882,0.01942654326558113,0.004745273385196924
three_class_geometry_compatible,115200_to_460800,ce_feat_0p1,73,frame_shape,test,20260920-184857-normal-460800,normal,0,0,48,True,3.1094372272491455,3.791210412979126,0.4220346212387085,0.93404221534729,9,325.55617349138885,72.45181077610704,14.254054069519043,3.759302854537964,-12.759894371032715,0.9678432941436768,0.0016914574662223458,0.025321053341031075,0.005144361872226
three_class_geometry_compatible,115200_to_460800,ce_feat_0p1,73,frame_shape,train,20260920-192216-inBroken-115200,inBroken,1,1,50,True,0.5870500802993774,1.0493099689483643,0.6290260553359985,0.9794926643371582,9,62.279441491936865,12.862971499137728,6.439512729644775,4.153870105743408,-3.798983573913574,6.799056873063591e-09,0.9843623638153076,0.015556036494672298,8.168773638317361e-05
three_class_geometry_compatible,115200_to_460800,ce_feat_0p1,73,frame_shape,test,20260920-192610-inBroken-460800,inBroken,1,1,51,True,0.5050119161605835,0.900772213935852,0.6280965805053711,0.9841578602790833,9,48.30412408907685,16.33740026623529,5.576130390167236,3.627957820892334,-3.0298943519592285,1.22865042584408e-08,0.9732841849327087,0.026568487286567688,0.0001471841533202678
three_class_geometry_compatible,115200_to_460800,ce_feat_0p1,73,frame_shape,train,20260920-193718-roll-115200,roll,3,3,51,True,0.8266909122467041,1.004068374633789,0.6522068977355957,0.9842290282249451,9,92.22013662360526,13.596304500435737,7.442215442657471,4.261351108551025,-5.041689872741699,1.093121954909293e-05,0.004097480792552233,0.01410754770040512,0.9817839860916138
three_class_geometry_compatible,115200_to_460800,ce_feat_0p1,73,frame_shape,test,20260920-194108-roll-460800,roll,3,3,51,True,1.5606154203414917,1.019631266593933,0.4625696837902069,0.9881345629692078,9,86.57193662074033,113.18683259495698,6.365225791931152,3.894930362701416,-3.6439247131347656,5.939966172263667e-07,0.005671083461493254,0.021601522341370583,0.9727268815040588
three_class_geometry_compatible,115200_to_460800,ce_feat_1,17,frame_shape,train,20260920-184058-normal-11520,normal,0,0,61,True,1.8499239683151245,2.5437400341033936,0.6084933280944824,0.9589774012565613,9,204.48493626018532,32.305325957120715,11.383646965026855,1.1093926429748535,-12.347940444946289,0.7108981013298035,0.01561802253127098,0.23516419529914856,0.03831971809267998
three_class_geometry_compatible,115200_to_460800,ce_feat_1,17,frame_shape,test,20260920-184857-normal-460800,normal,0,0,48,True,2.0898489952087402,2.5950675010681152,0.43334755301475525,0.954607367515564,9,218.88258373526975,48.618112931848216,11.697721481323242,0.8163738250732422,-12.759894371032715,0.6496869921684265,0.01877576671540737,0.29041409492492676,0.04112306982278824
three_class_geometry_compatible,115200_to_460800,ce_feat_1,17,frame_shape,train,20260920-192216-inBroken-115200,inBroken,1,1,50,True,0.3115934729576111,0.5413956642150879,0.6996179223060608,0.9894984364509583,9,33.41090790569878,6.473055266793836,4.706923484802246,2.0743069648742676,-3.798983573913574,3.625489597425258e-08,0.8879489302635193,0.11168407648801804,0.0003671300073619932
three_class_geometry_compatible,115200_to_460800,ce_feat_1,17,frame_shape,test,20260920-192610-inBroken-460800,inBroken,1,1,51,True,0.29323333501815796,0.49662166833877563,0.6863487958908081,0.9916918277740479,9,26.344880523336244,11.18898652932632,4.0767316818237305,1.8057379722595215,-3.0298943519592285,4.978372203368053e-08,0.8577542901039124,0.14178457856178284,0.0004611629119608551
three_class_geometry_compatible,115200_to_460800,ce_feat_1,17,frame_shape,train,20260920-193718-roll-115200,roll,3,3,51,True,0.45502233505249023,0.5546977519989014,0.6938456892967224,0.9911298155784607,9,50.99408331015364,7.248772010363188,5.5077033042907715,1.969113826751709,-5.041689872741699,1.8750457456917502e-05,0.026329290121793747,0.11947648972272873,0.8541755080223083
three_class_geometry_compatible,115200_to_460800,ce_feat_1,17,frame_shape,test,20260920-194108-roll-460800,roll,3,3,51,True,1.2963426113128662,0.7634556293487549,0.5030811429023743,0.9926421642303467,9,55.68505368834663,110.2467981629909,5.0031633377075195,1.878098487854004,-3.6439247131347656,2.289450776515878e-06,0.028664186596870422,0.13061416149139404,0.8407193422317505
three_class_geometry_compatible,115200_to_460800,ce_feat_1,73,frame_shape,train,20260920-184058-normal-11520,normal,0,0,61,True,1.810449242591858,2.495399236679077,0.6091388463973999,0.9597830176353455,9,200.14981782119713,31.587684113562474,11.263468742370605,0.9681682586669922,-12.347940444946289,0.6823446750640869,0.017114123329520226,0.2596387565135956,0.04090253636240959
three_class_geometry_compatible,115200_to_460800,ce_feat_1,73,frame_shape,test,20260920-184857-normal-460800,normal,0,0,48,True,2.0810327529907227,2.5876989364624023,0.43316712975502014,0.9547451734542847,9,217.917150830011,48.455031729083046,11.675461769104004,0.7895631790161133,-12.759894371032715,0.6437660455703735,0.01891876757144928,0.2944304645061493,0.04288475587964058
three_class_geometry_compatible,115200_to_460800,ce_feat_1,73,frame_shape,train,20260920-192216-inBroken-115200,inBroken,1,1,50,True,0.3086948096752167,0.5369340181350708,0.7010872960090637,0.9895873069763184,9,33.084781632680176,6.428151321127855,4.682079792022705,2.0471768379211426,-3.798983573913574,3.734914244546417e-08,0.885209321975708,0.11443036794662476,0.00036008565803058445
three_class_geometry_compatible,115200_to_460800,ce_feat_1,73,frame_shape,test,20260920-192610-inBroken-460800,inBroken,1,1,51,True,0.2748780846595764,0.454691082239151,0.6858896613121033,0.9924005270004272,9,24.541376783799354,10.64301933346318,3.9306232929229736,1.6250948905944824,-3.0298943519592285,5.984392004165784e-08,0.8337507247924805,0.16568154096603394,0.0005677309236489236
three_class_geometry_compatible,115200_to_460800,ce_feat_1,73,frame_shape,train,20260920-193718-roll-115200,roll,3,3,51,True,0.4730794131755829,0.5746292471885681,0.6905587911605835,0.9908251762390137,9,53.01616612064427,7.537999872304938,5.614918231964111,2.102072238922119,-5.041689872741699,1.0668607501429506e-05,0.02407972328364849,0.10669895261526108,0.8692105412483215
three_class_geometry_compatible,115200_to_460800,ce_feat_1,73,frame_shape,test,20260920-194108-roll-460800,roll,3,3,51,True,1.305556058883667,0.7668651342391968,0.49970659613609314,0.9925552010536194,9,56.61417563405013,110.49701000556752,5.029296398162842,1.8914194107055664,-3.6439247131347656,2.0469724404392764e-06,0.027921870350837708,0.1307046264410019,0.8413714170455933
three_class_geometry_compatible,115200_to_460800,ce_feat_10,17,frame_shape,train,20260920-184058-normal-11520,normal,0,2,61,True,0.2594195306301117,0.360735684633255,0.8178646564483643,0.9944638609886169,9,28.75550586803031,4.450195377435977,4.288639545440674,-7.2441511154174805,-12.347940444946289,0.0006917929858900607,0.017540691420435905,0.9606636762619019,0.02110384963452816
three_class_geometry_compatible,115200_to_460800,ce_feat_10,17,frame_shape,test,20260920-184857-normal-460800,normal,0,2,48,True,0.4449520707130432,0.47328582406044006,0.5617209672927856,0.9922499060630798,9,37.394920490657896,19.55894438549441,4.842505931854248,-7.507429599761963,-12.759894371032715,0.0005379543290473521,0.01766539178788662,0.962546169757843,0.019250426441431046
three_class_geometry_compatible,115200_to_460800,ce_feat_10,17,frame_shape,train,20260920-192216-inBroken-115200,inBroken,1,2,50,True,0.10206730663776398,0.17496144771575928,0.859467089176178,0.9966599941253662,9,11.019707263256828,2.0449078824170144,2.6847476959228516,-0.40012550354003906,-3.798983573913574,9.555702717989334e-08,0.4010280966758728,0.5982041954994202,0.0007675159722566605
three_class_geometry_compatible,115200_to_460800,ce_feat_10,17,frame_shape,test,20260920-192610-inBroken-460800,inBroken,1,2,51,True,0.12390932440757751,0.15561401844024658,0.7914477586746216,0.9978018403053284,9,7.799876202993801,8.06051730040938,2.1230664253234863,-0.73565673828125,-3.0298943519592285,1.256079542599764e-07,0.32419881224632263,0.674858033657074,0.0009429687052033842
three_class_geometry_compatible,115200_to_460800,ce_feat_10,17,frame_shape,train,20260920-193718-roll-115200,roll,3,2,51,True,0.14934605360031128,0.17710261046886444,0.8254902362823486,0.9970890879631042,9,16.720438013276304,2.395856976507521,3.139986515045166,-0.9440679550170898,-5.041689872741699,5.118965873407433e-06,0.09097006171941757,0.6543211936950684,0.25470370054244995
three_class_geometry_compatible,115200_to_460800,ce_feat_10,17,frame_shape,test,20260920-194108-roll-460800,roll,3,2,51,True,1.0611941814422607,0.5778951048851013,0.6059459447860718,0.9967295527458191,9,29.326630687540966,106.50622603858784,3.627385377883911,-1.0361528396606445,-3.6439247131347656,5.0168873713118955e-06,0.09200331568717957,0.6687466502189636,0.2392449826002121
three_class_geometry_compatible,115200_to_460800,ce_feat_10,73,frame_shape,train,20260920-184058-normal-11520,normal,0,2,61,True,0.23494966328144073,0.33105164766311646,0.8186020255088806,0.9949635863304138,9,26.060094473167837,4.013464409823612,4.085273265838623,-7.489446640014648,-12.347940444946289,0.0005419070948846638,0.017484961077570915,0.9628881812095642,0.01908496767282486
three_class_geometry_compatible,115200_to_460800,ce_feat_10,73,frame_shape,test,20260920-184857-normal-460800,normal,0,2,48,True,0.43261992931365967,0.4602057933807373,0.5593897700309753,0.9924782514572144,9,36.19250227854769,19.18284627195421,4.765613079071045,-7.611850261688232,-12.759894371032715,0.00048501184210181236,0.01721343770623207,0.9638259410858154,0.018475696444511414
three_class_geometry_compatible,115200_to_460800,ce_feat_10,73,frame_shape,train,20260920-192216-inBroken-115200,inBroken,1,2,50,True,0.09515394270420074,0.1625959873199463,0.8633190989494324,0.9968894720077515,9,10.261821059300845,1.9178843623528405,2.591998338699341,-0.5164413452148438,-3.798983573913574,9.930773359201339e-08,0.37345901131629944,0.6257627606391907,0.0007780740270391107
three_class_geometry_compatible,115200_to_460800,ce_feat_10,73,frame_shape,test,20260920-192610-inBroken-460800,inBroken,1,2,51,True,0.11129516363143921,0.12689128518104553,0.7972085475921631,0.9981932640075684,9,6.45396382698604,7.791817718102008,1.92424476146698,-1.0124125480651855,-3.0298943519592285,1.3559441924826388e-07,0.26710641384124756,0.7318918108940125,0.0010017865570262074
three_class_geometry_compatible,115200_to_460800,ce_feat_10,73,frame_shape,train,20260920-193718-roll-115200,roll,3,2,51,True,0.14564992487430573,0.17255443334579468,0.8325597643852234,0.9971657395362854,9,16.319857954169876,2.3233325334276698,3.0982511043548584,-0.9948077201843262,-5.041689872741699,4.525212716544047e-06,0.09230789542198181,0.6624900698661804,0.24519743025302887
three_class_geometry_compatible,115200_to_460800,ce_feat_10,73,frame_shape,test,20260920-194108-roll-460800,roll,3,2,51,True,1.0549062490463257,0.575799286365509,0.609974205493927,0.9967427253723145,9,28.97392149344939,106.0540820246491,3.582143545150757,-1.1461234092712402,-3.6439247131347656,4.084686224814504e-06,0.09064330905675888,0.6884114146232605,0.22094103693962097
three_class_geometry_compatible,115200_to_460800,ce_feat_1_kd,17,frame_shape,train,20260920-184058-normal-11520,normal,0,2,61,True,1.5340596437454224,2.058258533477783,0.6435894966125488,0.9670175909996033,9,169.72567609085087,26.63396589841298,10.341798782348633,-0.34810972213745117,-12.347940444946289,0.400310754776001,0.01181760523468256,0.5665711164474487,0.02130047231912613
three_class_geometry_compatible,115200_to_460800,ce_feat_1_kd,17,frame_shape,test,20260920-184857-normal-460800,normal,0,2,48,True,1.8044798374176025,2.1519503593444824,0.44324037432670593,0.962408721446991,9,187.55037012845963,43.42306337439581,10.774393081665039,-0.6084423065185547,-12.759894371032715,0.34217190742492676,0.012926745228469372,0.6237109303474426,0.021190285682678223
three_class_geometry_compatible,115200_to_460800,ce_feat_1_kd,17,frame_shape,train,20260920-192216-inBroken-115200,inBroken,1,1,50,True,0.16273218393325806,0.2802696228027344,0.8012686967849731,0.994615375995636,9,17.461880888559918,3.3678404472033936,3.3290817737579346,0.36873340606689453,-3.798983573913574,8.293094566624859e-08,0.5907381772994995,0.408598929643631,0.0006627573166042566
three_class_geometry_compatible,115200_to_460800,ce_feat_1_kd,17,frame_shape,test,20260920-192610-inBroken-460800,inBroken,1,1,51,True,0.17242996394634247,0.26278701424598694,0.7617246508598328,0.9960179924964905,9,12.98171860578531,9.089316931941607,2.7571516036987305,0.1617431640625,-3.0298943519592285,1.0417512186222666e-07,0.539863109588623,0.45936790108680725,0.0007689024787396193
three_class_geometry_compatible,115200_to_460800,ce_feat_1_kd,17,frame_shape,train,20260920-193718-roll-115200,roll,3,3,51,True,0.2987663149833679,0.3477937579154968,0.7124260067939758,0.9943740963935852,9,32.96595534431236,5.276134023258196,4.390761852264404,0.44722843170166016,-5.041689872741699,1.2797362614946906e-05,0.04329277575016022,0.3732050955295563,0.5834892988204956
three_class_geometry_compatible,115200_to_460800,ce_feat_1_kd,17,frame_shape,test,20260920-194108-roll-460800,roll,3,3,51,True,1.2015241384506226,0.6739428639411926,0.5257822871208191,0.9945065379142761,9,44.90554818989041,108.88953727640217,4.596045970916748,0.373293399810791,-3.6439247131347656,4.565041308524087e-06,0.04589087888598442,0.3893078565597534,0.5647966861724854
three_class_geometry_compatible,115200_to_460800,ce_feat_1_kd,73,frame_shape,train,20260920-184058-normal-11520,normal,0,2,61,True,1.4511151313781738,1.9536113739013672,0.6462571620941162,0.9687686562538147,9,160.5822064443097,25.16052544106718,10.05595874786377,-0.6905026435852051,-12.347940444946289,0.3228943347930908,0.012876251712441444,0.643328845500946,0.020900532603263855
three_class_geometry_compatible,115200_to_460800,ce_feat_1_kd,73,frame_shape,test,20260920-184857-normal-460800,normal,0,2,48,True,1.7369747161865234,2.068392276763916,0.4438325762748718,0.9638491272926331,9,180.24401495313597,42.08875928620618,10.558500289916992,-0.8695645332336426,-12.759894371032715,0.2874566912651062,0.013432788662612438,0.67804354429245,0.021066872403025627
three_class_geometry_compatible,115200_to_460800,ce_feat_1_kd,73,frame_shape,train,20260920-192216-inBroken-115200,inBroken,1,1,50,True,0.16217711567878723,0.27973097562789917,0.8036848306655884,0.9946273565292358,9,17.393825018417115,3.3648469130841128,3.321990728378296,0.35941457748413086,-3.798983573913574,8.151269526024407e-08,0.5884988307952881,0.4108700454235077,0.0006310788448899984
three_class_geometry_compatible,115200_to_460800,ce_feat_1_kd,73,frame_shape,test,20260920-192610-inBroken-460800,inBroken,1,1,51,True,0.16027379035949707,0.23409609496593475,0.762987494468689,0.99643874168396,9,11.881792411953423,8.633252189008012,2.628147602081299,0.02693462371826172,-3.0298943519592285,1.1589411030854535e-07,0.5062953233718872,0.4928140342235565,0.0008906365837901831
three_class_geometry_compatible,115200_to_460800,ce_feat_1_kd,73,frame_shape,train,20260920-193718-roll-115200,roll,3,3,51,True,0.28847387433052063,0.3353469967842102,0.7151221036911011,0.9945952892303467,9,31.817588728146738,5.107066411165858,4.304574012756348,0.34093379974365234,-5.041689872741699,9.68591575656319e-06,0.043835822492837906,0.39748239517211914,0.5586721301078796
three_class_geometry_compatible,115200_to_460800,ce_feat_1_kd,73,frame_shape,test,20260920-194108-roll-460800,roll,3,3,51,True,1.2007571458816528,0.6693966388702393,0.5249388813972473,0.9945423007011414,9,44.36704858870975,109.32986727540667,4.549847602844238,0.19874048233032227,-3.6439247131347656,3.9024598663672805e-06,0.04717887192964554,0.4291863441467285,0.5236307978630066
three_class_geometry_compatible,115200_to_460800,phase_ce_feat_1,17,shape_phase,train,20260920-184058-normal-11520,normal,0,0,61,True,1.8522340059280396,2.546253204345703,0.6092809438705444,0.9589359164237976,9,204.73313842999738,32.352810222410355,11.38929271697998,1.1146650314331055,-12.347940444946289,0.7129626274108887,0.015541721135377884,0.23411917686462402,0.03737657517194748
three_class_geometry_compatible,115200_to_460800,phase_ce_feat_1,17,shape_phase,test,20260920-184857-normal-460800,normal,0,0,48,True,2.125469446182251,2.643554925918579,0.43206527829170227,0.9537975788116455,9,222.75591017553313,49.3042014434657,11.806806564331055,0.9450702667236328,-12.759894371032715,0.6751189827919006,0.017512481659650803,0.26446300745010376,0.04290560260415077
three_class_geometry_compatible,115200_to_460800,phase_ce_feat_1,17,shape_phase,train,20260920-192216-inBroken-115200,inBroken,1,1,50,True,0.3136933743953705,0.545260488986969,0.6997954845428467,0.989424467086792,9,33.627193177507664,6.52555668564935,4.721228122711182,2.09342622756958,-3.798983573913574,3.5510886675638176e-08,0.8898613452911377,0.1097865030169487,0.00035221167490817606
three_class_geometry_compatible,115200_to_460800,phase_ce_feat_1,17,shape_phase,test,20260920-192610-inBroken-460800,inBroken,1,1,51,True,0.29793357849121094,0.5070396661758423,0.6896860003471375,0.9915182590484619,9,26.751934865610806,11.383563215439262,4.108096599578857,1.8463077545166016,-3.0298943519592285,4.543476350704623e-08,0.8630235195159912,0.13656672835350037,0.000409670639783144
three_class_geometry_compatible,115200_to_460800,phase_ce_feat_1,17,shape_phase,train,20260920-193718-roll-115200,roll,3,3,51,True,0.4755117893218994,0.5802092552185059,0.6918187737464905,0.9907288551330566,9,53.28819786403112,7.5773138271535405,5.6365485191345215,2.1240200996398926,-5.041689872741699,4.533478204393759e-06,0.024172985926270485,0.10433445125818253,0.871488094329834
three_class_geometry_compatible,115200_to_460800,phase_ce_feat_1,17,shape_phase,test,20260920-194108-roll-460800,roll,3,3,51,True,1.3154296875,0.7848881483078003,0.5008041262626648,0.9922375082969666,9,58.45785071440686,109.91713385512952,5.135430812835693,2.113576889038086,-3.6439247131347656,1.9118042473564856e-06,0.024581091478466988,0.10626094788312912,0.8691561818122864
three_class_geometry_compatible,115200_to_460800,phase_ce_feat_1,73,shape_phase,train,20260920-184058-normal-11520,normal,0,0,61,True,1.9008820056915283,2.6086831092834473,0.6079142689704895,0.9578973650932312,9,210.08593009437627,33.22697884066939,11.53880500793457,1.2942557334899902,-12.347940444946289,0.7456969618797302,0.013983633369207382,0.2046562284231186,0.03566320985555649
three_class_geometry_compatible,115200_to_460800,phase_ce_feat_1,73,shape_phase,test,20260920-184857-normal-460800,normal,0,0,48,True,2.1841537952423096,2.7204043865203857,0.43074342608451843,0.9525006413459778,9,229.2063243433592,50.36536493923002,11.983046531677246,1.151991844177246,-12.759894371032715,0.7141311764717102,0.015498579479753971,0.22908776998519897,0.041282400488853455
three_class_geometry_compatible,115200_to_460800,phase_ce_feat_1,73,shape_phase,train,20260920-192216-inBroken-115200,inBroken,1,1,50,True,0.3252350687980652,0.5586721897125244,0.695331335067749,0.9891623854637146,9,34.6777751157106,6.952312511901066,4.794034481048584,2.181591033935547,-3.798983573913574,3.334571374580264e-08,0.8981819152832031,0.10147417336702347,0.00034383346792310476
three_class_geometry_compatible,115200_to_460800,phase_ce_feat_1,73,shape_phase,test,20260920-192610-inBroken-460800,inBroken,1,1,51,True,0.32783573865890503,0.5591637492179871,0.684346079826355,0.990601658821106,9,29.847801533843516,12.115173664241988,4.3430399894714355,2.1314005851745605,-3.0298943519592285,3.615210530938384e-08,0.8933103680610657,0.1063309907913208,0.0003587551764212549
three_class_geometry_compatible,115200_to_460800,phase_ce_feat_1,73,shape_phase,train,20260920-193718-roll-115200,roll,3,3,51,True,0.46874919533729553,0.5690334439277649,0.6919167041778564,0.9908972382545471,9,52.4079995351499,7.591896818485461,5.586569309234619,2.0660362243652344,-5.041689872741699,4.767751306644641e-06,0.025066273286938667,0.10980290919542313,0.8651260733604431
three_class_geometry_compatible,115200_to_460800,phase_ce_feat_1,73,shape_phase,test,20260920-194108-roll-460800,roll,3,3,51,True,1.3091340065002441,0.7714458107948303,0.500004231929779,0.9924686551094055,9,56.92957634130583,110.63956528881842,5.050704002380371,1.963249683380127,-3.6439247131347656,1.9137428353133146e-06,0.027034200727939606,0.12112466990947723,0.8518392443656921
three_class_geometry_compatible,115200_to_460800,smooth_ce_feat_1,17,smooth_shape,train,20260920-184058-normal-11520,normal,0,0,61,True,1.9238414764404297,2.638259172439575,0.6074362397193909,0.9574063420295715,9,212.60388602947995,33.647835474882704,11.606734275817871,1.3721351623535156,-12.347940444946289,0.7594154477119446,0.013161873444914818,0.19321702420711517,0.034205880016088486
three_class_geometry_compatible,115200_to_460800,smooth_ce_feat_1,17,smooth_shape,test,20260920-184857-normal-460800,normal,0,0,48,True,2.191300868988037,2.7194619178771973,0.4331168532371521,0.9524819254875183,9,229.76170225860724,50.72480903718777,11.983931541442871,1.144747257232666,-12.759894371032715,0.7177354693412781,0.015167094767093658,0.2323940396308899,0.03470336273312569
three_class_geometry_compatible,115200_to_460800,smooth_ce_feat_1,17,smooth_shape,train,20260920-192216-inBroken-115200,inBroken,1,1,50,True,0.31436872482299805,0.5413274168968201,0.6993131041526794,0.9894993901252747,9,33.525910427808846,6.713285656258888,4.716602802276611,2.0823616981506348,-3.798983573913574,3.539808801633626e-08,0.8887192606925964,0.11091078817844391,0.0003699723747558892
three_class_geometry_compatible,115200_to_460800,smooth_ce_feat_1,17,smooth_shape,test,20260920-192610-inBroken-460800,inBroken,1,1,51,True,0.3054082691669464,0.5154615044593811,0.6845992803573608,0.9913662672042847,9,27.45922635752762,11.633029229858876,4.162755489349365,1.9083843231201172,-3.0298943519592285,4.50951915809128e-08,0.8698498606681824,0.12971119582653046,0.0004389519745018333
three_class_geometry_compatible,115200_to_460800,smooth_ce_feat_1,17,smooth_shape,train,20260920-193718-roll-115200,roll,3,3,51,True,0.4524143934249878,0.5510668754577637,0.6954541802406311,0.9911897778511047,9,50.70755100181913,7.201497171737031,5.48912239074707,1.9514713287353516,-5.041689872741699,3.067030047532171e-05,0.027029700577259064,0.12130743265151978,0.8516322374343872
three_class_geometry_compatible,115200_to_460800,smooth_ce_feat_1,17,smooth_shape,test,20260920-194108-roll-460800,roll,3,3,51,True,1.298750638961792,0.7681321501731873,0.5031255483627319,0.9925738573074341,9,56.166502665232464,110.07357240897204,5.011058807373047,1.9131455421447754,-3.6439247131347656,2.038432057815953e-06,0.029126353561878204,0.12607668340206146,0.8447948694229126
three_class_geometry_compatible,115200_to_460800,smooth_ce_feat_1,73,smooth_shape,train,20260920-184058-normal-11520,normal,0,0,61,True,1.8459665775299072,2.5408730506896973,0.608614981174469,0.9590257406234741,9,204.0662684100891,32.21746721841778,11.37344741821289,1.0981683731079102,-12.347940444946289,0.7082706093788147,0.01583033986389637,0.23683412373065948,0.03906502574682236
three_class_geometry_compatible,115200_to_460800,smooth_ce_feat_1,73,smooth_shape,test,20260920-184857-normal-460800,normal,0,0,48,True,2.137233018875122,2.657761812210083,0.4329310357570648,0.9535512328147888,9,223.98955802704734,49.57625612773914,11.83879566192627,0.9809589385986328,-12.759894371032715,0.6836000084877014,0.0169405248016119,0.2593148350715637,0.04014462232589722
three_class_geometry_compatible,115200_to_460800,smooth_ce_feat_1,73,smooth_shape,train,20260920-192216-inBroken-115200,inBroken,1,1,50,True,0.3132431209087372,0.5436688661575317,0.6992073059082031,0.989454984664917,9,33.57560379666547,6.519516222282856,4.71636438369751,2.0893125534057617,-3.798983573913574,3.605191167821431e-08,0.8893710970878601,0.1102726012468338,0.0003563044301699847
three_class_geometry_compatible,115200_to_460800,smooth_ce_feat_1,73,smooth_shape,test,20260920-192610-inBroken-460800,inBroken,1,1,51,True,0.2915427088737488,0.48829126358032227,0.6843729019165039,0.9918109774589539,9,26.21101297544502,11.106455413145307,4.065975189208984,1.7911691665649414,-3.0298943519592285,4.933599839773706e-08,0.855255663394928,0.14422883093357086,0.0005154858226887882
three_class_geometry_compatible,115200_to_460800,smooth_ce_feat_1,73,smooth_shape,train,20260920-193718-roll-115200,roll,3,3,51,True,0.47207897901535034,0.5755460858345032,0.6898283958435059,0.9907954335212708,9,52.89396704142614,7.5321420915464,5.61444616317749,2.0942931175231934,-5.041689872741699,2.3283146219910122e-05,0.02414158545434475,0.1075066477060318,0.8683283925056458
three_class_geometry_compatible,115200_to_460800,smooth_ce_feat_1,73,smooth_shape,test,20260920-194108-roll-460800,roll,3,3,51,True,1.3115746974945068,0.7726835608482361,0.49952659010887146,0.992377758026123,9,57.66188755998403,110.21967209218958,5.071410655975342,1.9686551094055176,-3.6439247131347656,1.7274005585932173e-06,0.026294266805052757,0.12161048501729965,0.8520933985710144
three_class_geometry_compatible,460800_to_115200,embedding_only,17,frame_shape,test,20260920-184058-normal-11520,normal,0,2,61,True,0.2248266488313675,0.14132703840732574,0.7711994051933289,0.9988408088684082,9,7.730766985461241,21.047043460374972,2.11883807182312,-12.767996788024902,-12.347940444946289,2.791563019854948e-06,0.024341050535440445,0.9721840023994446,0.003471944248303771
three_class_geometry_compatible,460800_to_115200,embedding_only,17,frame_shape,train,20260920-184857-normal-460800,normal,0,2,48,True,1.6747088011470623e-05,1.5192542377917562e-05,0.9999896883964539,0.9999998807907104,9,0.0006863041160755655,0.001457323190716909,0.02309630811214447,-12.768379211425781,-12.759894371032715,2.779825763354893e-06,0.021550379693508148,0.9752237200737,0.003222997300326824
three_class_geometry_compatible,460800_to_115200,embedding_only,17,frame_shape,test,20260920-192216-inBroken-115200,inBroken,1,2,50,True,0.08325180411338806,0.06364977359771729,0.9352807402610779,0.9993922114372253,9,3.4704806383340134,7.185750312185061,1.3671516180038452,-3.0087313652038574,-3.798983573913574,6.87712855551581e-08,0.04707091301679611,0.9524959325790405,0.0004331235832069069
three_class_geometry_compatible,460800_to_115200,embedding_only,17,frame_shape,train,20260920-192610-inBroken-460800,inBroken,1,2,51,True,7.73595274949912e-06,4.427201020007487e-06,0.9999954700469971,0.9999998807907104,9,0.0001959376568130647,0.0007942643526911555,0.010531664825975895,-3.02816104888916,-3.0298943519592285,5.6820994132067426e-08,0.046155598014593124,0.9534653425216675,0.0003789415641222149
three_class_geometry_compatible,460800_to_115200,embedding_only,17,frame_shape,test,20260920-193718-roll-115200,roll,3,2,51,True,0.5399600863456726,0.4356861710548401,0.169311061501503,0.9978518486022949,9,16.530383915910917,52.584505439281045,3.009812116622925,-3.881011962890625,-5.041689872741699,3.915102752216626e-06,0.1322173774242401,0.8493846654891968,0.0183939877897501
three_class_geometry_compatible,460800_to_115200,embedding_only,17,frame_shape,train,20260920-194108-roll-460800,roll,3,2,51,True,4.5470063923858106e-05,4.246262687956914e-05,0.9999909400939941,0.9999997019767761,9,0.0018433072551123767,0.003976860975020832,0.0356203131377697,-3.622711181640625,-3.6439247131347656,4.189525498077273e-06,0.15165308117866516,0.826250433921814,0.022092249244451523
three_class_geometry_compatible,460800_to_115200,embedding_only,73,frame_shape,test,20260920-184058-normal-11520,normal,0,2,61,True,0.2208164483308792,0.13263648748397827,0.7788705825805664,0.9988554120063782,9,7.5068513307417675,20.757654136827504,2.0872268676757812,-12.727052688598633,-12.347940444946289,2.9000452741456684e-06,0.025555962696671486,0.9707489609718323,0.0036922437138855457
three_class_geometry_compatible,460800_to_115200,embedding_only,73,frame_shape,train,20260920-184857-normal-460800,normal,0,2,48,True,6.974551070015877e-05,6.869333446957171e-05,0.999913215637207,0.9999992847442627,9,0.003024948187079375,0.005902478378917431,0.04673219472169876,-12.735038757324219,-12.759894371032715,2.8747779197146883e-06,0.021973079070448875,0.9746716618537903,0.0033524101600050926
three_class_geometry_compatible,460800_to_115200,embedding_only,73,frame_shape,test,20260920-192216-inBroken-115200,inBroken,1,2,50,True,0.07619794458150864,0.05508076399564743,0.9369875192642212,0.9994539618492126,9,3.170635750647408,6.582701516257977,1.2986704111099243,-3.036745071411133,-3.798983573913574,5.999888941232712e-08,0.045824214816093445,0.953788161277771,0.000387585605494678
three_class_geometry_compatible,460800_to_115200,embedding_only,73,frame_shape,train,20260920-192610-inBroken-460800,inBroken,1,2,51,True,0.0006595776649191976,0.0005674674757756293,0.999978244304657,0.9999927282333374,9,0.029493960739311216,0.054931980325556275,0.13705235719680786,-3.0471959114074707,-3.0298943519592285,5.165809469076521e-08,0.04532730206847191,0.9543237686157227,0.0003490268427412957
three_class_geometry_compatible,460800_to_115200,embedding_only,73,frame_shape,test,20260920-193718-roll-115200,roll,3,2,51,True,0.5560615062713623,0.451343297958374,0.16897115111351013,0.9977716207504272,9,17.169438690955904,54.006428942176086,3.080033302307129,-3.8479433059692383,-5.041689872741699,4.010896645922912e-06,0.13397346436977386,0.8472830653190613,0.01873953267931938
three_class_geometry_compatible,460800_to_115200,embedding_only,73,frame_shape,train,20260920-194108-roll-460800,roll,3,2,51,True,5.291045908961678e-06,3.967784778069472e-06,0.9999976754188538,1.0000001192092896,9,0.00012761223175814413,0.0005496416222260338,0.009374772198498249,-3.6388540267944336,-3.6439247131347656,4.123300641367678e-06,0.1513422578573227,0.8269021511077881,0.02175166644155979
three_class_geometry_compatible,460800_to_115200,ce_only,17,frame_shape,test,20260920-184058-normal-11520,normal,0,0,61,True,8.67435073852539,9.252363204956055,0.3996249735355377,0.8508909344673157,9,770.7889692216831,339.5278176906224,21.034576416015625,9.232751846313477,-12.347940444946289,0.9929350018501282,0.002528655342757702,0.0011514372890815139,0.0033849638421088457
three_class_geometry_compatible,460800_to_115200,ce_only,17,frame_shape,train,20260920-184857-normal-460800,normal,0,0,48,True,9.679494857788086,9.865408897399902,0.3246176838874817,0.8334355354309082,9,865.364019322026,373.61133378640454,22.139347076416016,10.169890403747559,-12.759894371032715,0.9999445080757141,2.0189447695884155e-06,4.165483915130608e-06,4.934727257932536e-05
three_class_geometry_compatible,460800_to_115200,ce_only,17,frame_shape,test,20260920-192216-inBroken-115200,inBroken,1,1,50,True,3.138388156890869,2.4621338844299316,-0.3272019326686859,0.9598073363304138,9,223.832424372606,177.881243420403,11.598506927490234,8.375480651855469,-3.798983573913574,1.7979228061903996e-07,0.9994213581085205,0.00025186288985423744,0.00032657149131409824
three_class_geometry_compatible,460800_to_115200,ce_only,17,frame_shape,train,20260920-192610-inBroken-460800,inBroken,1,1,51,True,2.870548963546753,2.2213871479034424,-0.27202674746513367,0.9633213877677917,9,209.86330882414634,157.5669653628145,11.278299331665039,8.652448654174805,-3.0298943519592285,1.1003217537108867e-07,0.9997059106826782,0.00011862580868182704,0.0001752090611262247
three_class_geometry_compatible,460800_to_115200,ce_only,17,frame_shape,test,20260920-193718-roll-115200,roll,3,3,51,True,4.489285945892334,4.222685813903809,0.19822905957698822,0.9302400946617126,9,383.87009342857516,190.7585163409118,15.007401466369629,7.857867240905762,-5.041689872741699,0.0356898196041584,0.00018173082207795233,0.00011378308408893645,0.9640147686004639
three_class_geometry_compatible,460800_to_115200,ce_only,17,frame_shape,train,20260920-194108-roll-460800,roll,3,3,51,True,4.338724136352539,3.7265536785125732,0.22078937292099,0.9491997957229614,9,330.56673015102473,224.789937994554,13.582329750061035,9.173101425170898,-3.6439247131347656,6.0456208302639425e-05,0.0001079012145055458,4.8251255066134036e-05,0.9997836351394653
three_class_geometry_compatible,460800_to_115200,ce_only,73,frame_shape,test,20260920-184058-normal-11520,normal,0,0,61,True,8.992622375488281,9.358179092407227,0.39743345975875854,0.8507301807403564,9,777.1408568843127,373.91482262418447,21.29248809814453,7.66771936416626,-12.347940444946289,0.9930537343025208,0.0008459223317913711,0.001137609826400876,0.004962591920047998
three_class_geometry_compatible,460800_to_115200,ce_only,73,frame_shape,train,20260920-184857-normal-460800,normal,0,0,48,True,10.175472259521484,10.215136528015137,0.32268959283828735,0.8303176164627075,9,886.9443668020549,415.5160316029248,22.623804092407227,8.595781326293945,-12.759894371032715,0.9997867941856384,1.0909108141277102e-06,2.648065901666996e-06,0.0002095148665830493
three_class_geometry_compatible,460800_to_115200,ce_only,73,frame_shape,test,20260920-192216-inBroken-115200,inBroken,1,1,50,True,2.8641958236694336,2.259309768676758,-0.17756585776805878,0.9669848084449768,9,198.66478177636796,167.95227133926295,11.052642822265625,8.950286865234375,-3.798983573913574,2.528435683046837e-09,0.9997449517250061,0.00016047315148171037,9.442813461646438e-05
three_class_geometry_compatible,460800_to_115200,ce_only,73,frame_shape,train,20260920-192610-inBroken-460800,inBroken,1,1,51,True,2.523390054702759,1.9273509979248047,-0.08285604417324066,0.9709474444389343,9,177.21225440812228,145.78166335971267,10.455760955810547,9.140198707580566,-3.0298943519592285,1.6692514037686124e-09,0.9998204112052917,0.00010916782775893807,7.049980195006356e-05
three_class_geometry_compatible,460800_to_115200,ce_only,73,frame_shape,test,20260920-193718-roll-115200,roll,3,3,51,True,4.585758209228516,4.281280994415283,0.17872408032417297,0.9298610687255859,9,391.377330464242,195.599708154429,15.154428482055664,7.305241584777832,-5.041689872741699,0.03303215652704239,0.00023503630654886365,0.00011966862075496465,0.9666129946708679
three_class_geometry_compatible,460800_to_115200,ce_only,73,frame_shape,train,20260920-194108-roll-460800,roll,3,3,51,True,4.130761623382568,3.5816338062286377,0.24602846801280975,0.9511508941650391,9,320.2754986262467,208.4619671733035,13.408639907836914,8.634296417236328,-3.6439247131347656,0.00010205977741861716,0.0001815112482290715,7.344747427850962e-05,0.9996429085731506
three_class_geometry_compatible,460800_to_115200,ce_feat_0p1,17,frame_shape,test,20260920-184058-normal-11520,normal,0,0,61,True,2.968147039413452,4.077480792999268,0.4605720043182373,0.9342402815818787,9,307.50124903244443,72.42158654187557,13.435317039489746,3.2973079681396484,-12.347940444946289,0.9224701523780823,0.00974280759692192,0.0486784353852272,0.019108520820736885
three_class_geometry_compatible,460800_to_115200,ce_feat_0p1,17,frame_shape,train,20260920-184857-normal-460800,normal,0,0,48,True,3.1981287002563477,4.191184997558594,0.49609073996543884,0.9236741662025452,9,349.85621477565314,59.504249660491084,14.187519073486328,3.8018691539764404,-12.759894371032715,0.9681859016418457,0.004556906875222921,0.021741876378655434,0.005515290889889002
three_class_geometry_compatible,460800_to_115200,ce_feat_0p1,17,frame_shape,test,20260920-192216-inBroken-115200,inBroken,1,1,50,True,0.7024949789047241,0.9031355381011963,0.5369583368301392,0.9836447238922119,9,69.83260565283743,20.086757993732455,6.489272117614746,4.132565498352051,-3.798983573913574,8.69033645045647e-09,0.983469545841217,0.016408400610089302,0.00012199899356346577
three_class_geometry_compatible,460800_to_115200,ce_feat_0p1,17,frame_shape,train,20260920-192610-inBroken-460800,inBroken,1,1,51,True,0.5364189147949219,0.780780553817749,0.6454797983169556,0.9858464002609253,9,57.902034666880695,10.759585958792087,5.898746490478516,4.223154067993164,-3.0298943519592285,7.651601130476138e-09,0.9853888154029846,0.014502869918942451,0.00010856943117687479
three_class_geometry_compatible,460800_to_115200,ce_feat_0p1,17,frame_shape,test,20260920-193718-roll-115200,roll,3,3,51,True,1.4075459241867065,1.6547051668167114,0.23130133748054504,0.9822041988372803,9,112.15360656251664,68.01227437511278,8.299920082092285,3.981985569000244,-5.041689872741699,0.01538739912211895,0.010461989790201187,0.025221310555934906,0.9489293098449707
three_class_geometry_compatible,460800_to_115200,ce_feat_0p1,17,frame_shape,train,20260920-194108-roll-460800,roll,3,3,51,True,0.7111198902130127,0.831096351146698,0.7693337798118591,0.9897845983505249,9,78.14829483589573,12.875044512905976,6.537956237792969,4.4722795486450195,-3.6439247131347656,2.116963514708914e-06,0.006450766231864691,0.011311338283121586,0.9822359085083008
three_class_geometry_compatible,460800_to_115200,ce_feat_0p1,73,frame_shape,test,20260920-184058-normal-11520,normal,0,0,61,True,2.9754443168640137,4.099180698394775,0.461054265499115,0.9338517785072327,9,308.1709577630603,72.6859010926518,13.453224182128906,3.3121511936187744,-12.347940444946289,0.9251771569252014,0.010125642642378807,0.048080120235681534,0.01661708764731884
three_class_geometry_compatible,460800_to_115200,ce_feat_0p1,73,frame_shape,train,20260920-184857-normal-460800,normal,0,0,48,True,3.19035005569458,4.200835704803467,0.4968067407608032,0.9234979152679443,9,349.30917490459706,59.05562776608221,14.179070472717285,3.7935330867767334,-12.759894371032715,0.9677066802978516,0.004602528642863035,0.022042885422706604,0.00564790703356266
three_class_geometry_compatible,460800_to_115200,ce_feat_0p1,73,frame_shape,test,20260920-192216-inBroken-115200,inBroken,1,1,50,True,0.7137423157691956,0.913506031036377,0.5286580324172974,0.983411967754364,9,70.94589298192159,20.413124618929565,6.531053066253662,4.2048540115356445,-3.798983573913574,9.228092956448108e-09,0.9843752980232239,0.01550710666924715,0.0001176226869574748
three_class_geometry_compatible,460800_to_115200,ce_feat_0p1,73,frame_shape,train,20260920-192610-inBroken-460800,inBroken,1,1,51,True,0.5305137634277344,0.7730459570884705,0.6471065282821655,0.9859917163848877,9,57.296286931307904,10.609472528722591,5.870177268981934,4.184238910675049,-3.0298943519592285,7.706866256285139e-09,0.9847556948661804,0.015134158544242382,0.00011001661187037826
three_class_geometry_compatible,460800_to_115200,ce_feat_0p1,73,frame_shape,test,20260920-193718-roll-115200,roll,3,3,51,True,1.4536616802215576,1.7078909873962402,0.23086407780647278,0.9812477231025696,9,117.17167751591064,68.89700892511857,8.481080055236816,4.088656902313232,-5.041689872741699,0.011856558732688427,0.008470176719129086,0.0225211214274168,0.9571521282196045
three_class_geometry_compatible,460800_to_115200,ce_feat_0p1,73,frame_shape,train,20260920-194108-roll-460800,roll,3,3,51,True,0.7175678610801697,0.8386138677597046,0.7690694332122803,0.9897015690803528,9,78.85334746471469,12.995334846170643,6.56999397277832,4.506900310516357,-3.6439247131347656,2.1945268144918373e-06,0.00623387610539794,0.01093302946537733,0.982830822467804
three_class_geometry_compatible,460800_to_115200,ce_feat_1,17,frame_shape,test,20260920-184058-normal-11520,normal,0,0,61,True,2.083085060119629,2.926642417907715,0.4707481265068054,0.9539325833320618,9,213.82793514266166,52.80693630758865,11.218327522277832,0.8030965328216553,-12.347940444946289,0.6251610517501831,0.04906616359949112,0.26546043157577515,0.060312315821647644
three_class_geometry_compatible,460800_to_115200,ce_feat_1,17,frame_shape,train,20260920-184857-normal-460800,normal,0,0,48,True,2.221463203430176,2.9899463653564453,0.5048325061798096,0.9461202621459961,9,245.51160804705205,38.83568918650968,11.883193016052246,1.2457005977630615,-12.759894371032715,0.714019238948822,0.03861835226416588,0.20580120384693146,0.04156133905053139
three_class_geometry_compatible,460800_to_115200,ce_feat_1,17,frame_shape,test,20260920-192216-inBroken-115200,inBroken,1,1,50,True,0.41541504859924316,0.5033202767372131,0.652427613735199,0.9910027384757996,9,39.204077294368545,13.969048172357883,4.8409881591796875,2.0858569145202637,-3.798983573913574,3.693581263064516e-08,0.8886616230010986,0.11095335334539413,0.00038492560270242393
three_class_geometry_compatible,460800_to_115200,ce_feat_1,17,frame_shape,train,20260920-192610-inBroken-460800,inBroken,1,1,51,True,0.2731621563434601,0.39711833000183105,0.7549329996109009,0.9927799105644226,9,29.617153617414573,5.347603314824743,4.204172134399414,2.171316146850586,-3.0298943519592285,3.4039569385413415e-08,0.8972393870353699,0.10239157825708389,0.00036887548048980534
three_class_geometry_compatible,460800_to_115200,ce_feat_1,17,frame_shape,test,20260920-193718-roll-115200,roll,3,3,51,True,1.046912670135498,1.1547577381134033,0.2213534414768219,0.9878650307655334,9,72.90460053928068,61.10022937221343,6.686418056488037,1.89715576171875,-5.041689872741699,0.006370033137500286,0.053046513348817825,0.1382235288619995,0.8023597598075867
three_class_geometry_compatible,460800_to_115200,ce_feat_1,17,frame_shape,train,20260920-194108-roll-460800,roll,3,3,51,True,0.3779946267604828,0.4377390742301941,0.840707540512085,0.994480550289154,9,41.530642242341784,6.852668481255761,4.753408908843994,2.3498191833496094,-3.6439247131347656,6.743598532921169e-06,0.04242679476737976,0.0835413932800293,0.8740249872207642
three_class_geometry_compatible,460800_to_115200,ce_feat_1,73,frame_shape,test,20260920-184058-normal-11520,normal,0,0,61,True,1.9897918701171875,2.8088483810424805,0.472897469997406,0.9561058282852173,9,203.19012251780188,51.50323976449509,10.93561840057373,0.4461677074432373,-12.347940444946289,0.5499047636985779,0.059099383652210236,0.33111947774887085,0.05987654626369476
three_class_geometry_compatible,460800_to_115200,ce_feat_1,73,frame_shape,train,20260920-184857-normal-460800,normal,0,0,48,True,2.1107306480407715,2.855071783065796,0.5083239674568176,0.9486177563667297,9,233.29151622952477,36.88199569316018,11.580652236938477,0.8952724933624268,-12.759894371032715,0.6420381665229797,0.04863366112112999,0.2626909911632538,0.04663717746734619
three_class_geometry_compatible,460800_to_115200,ce_feat_1,73,frame_shape,test,20260920-192216-inBroken-115200,inBroken,1,1,50,True,0.4206312894821167,0.5071104764938354,0.64787757396698,0.9909273386001587,9,39.65185733967549,14.1889463710176,4.8610944747924805,2.125349998474121,-3.798983573913574,3.770923839852003e-08,0.8921666145324707,0.10745089501142502,0.00038236507680267096
three_class_geometry_compatible,460800_to_115200,ce_feat_1,73,frame_shape,train,20260920-192610-inBroken-460800,inBroken,1,1,51,True,0.2728478014469147,0.39632052183151245,0.7556713223457336,0.9927961230278015,9,29.58318566225317,5.341331212745045,4.201773166656494,2.168078899383545,-3.0298943519592285,3.334314868652655e-08,0.8968565464019775,0.1027764305472374,0.0003668841964099556
three_class_geometry_compatible,460800_to_115200,ce_feat_1,73,frame_shape,test,20260920-193718-roll-115200,roll,3,3,51,True,1.021901249885559,1.1166791915893555,0.21902945637702942,0.9876866340637207,9,72.02386597694976,58.779494208449975,6.622125148773193,1.7434720993041992,-5.041689872741699,0.0053156898356974125,0.05738746374845505,0.15726231038570404,0.7800345420837402
three_class_geometry_compatible,460800_to_115200,ce_feat_1,73,frame_shape,train,20260920-194108-roll-460800,roll,3,3,51,True,0.3666802942752838,0.4252743124961853,0.8423327207565308,0.9946144223213196,9,40.25173542665289,6.6833421621096125,4.677412986755371,2.257106304168701,-3.6439247131347656,7.647556230949704e-06,0.04505210369825363,0.09061410278081894,0.8643261790275574
three_class_geometry_compatible,460800_to_115200,ce_feat_10,17,frame_shape,test,20260920-184058-normal-11520,normal,0,2,61,True,0.37699878215789795,0.4202333688735962,0.6645408868789673,0.9955093264579773,9,24.821113679060055,23.434724893113135,3.8962223529815674,-8.415148735046387,-12.347940444946289,0.00021505483891814947,0.06811013072729111,0.910162091255188,0.021512791514396667
three_class_geometry_compatible,460800_to_115200,ce_feat_10,17,frame_shape,train,20260920-184857-normal-460800,normal,0,2,48,True,0.22279000282287598,0.30315470695495605,0.8111732602119446,0.9948759078979492,9,24.55654859135356,3.960571037166809,3.7921149730682373,-8.224881172180176,-12.759894371032715,0.000245877105044201,0.06521391123533249,0.9138892292976379,0.020651081576943398
three_class_geometry_compatible,460800_to_115200,ce_feat_10,17,frame_shape,test,20260920-192216-inBroken-115200,inBroken,1,2,50,True,0.19446760416030884,0.19933828711509705,0.8135765790939331,0.996719241142273,9,15.263024730778001,9.62882856552578,2.99448561668396,-0.3188743591308594,-3.798983573913574,1.0143631357095728e-07,0.42108458280563354,0.578085720539093,0.0008295265724882483
three_class_geometry_compatible,460800_to_115200,ce_feat_10,17,frame_shape,train,20260920-192610-inBroken-460800,inBroken,1,2,51,True,0.07814246416091919,0.11316049098968506,0.9109429121017456,0.9979445338249207,9,8.474600502873328,1.5276352484138802,2.2300548553466797,-0.23761940002441406,-3.0298943519592285,8.602268053437001e-08,0.4405696988105774,0.5587010383605957,0.0007291401852853596
three_class_geometry_compatible,460800_to_115200,ce_feat_10,17,frame_shape,test,20260920-193718-roll-115200,roll,3,2,51,True,0.7039304971694946,0.6907190084457397,0.20400382578372955,0.9947638511657715,9,34.14197927000764,55.9611211513858,4.5832037925720215,-0.8379979133605957,-5.041689872741699,1.7837455743574537e-05,0.17875194549560547,0.5599223375320435,0.26130789518356323
three_class_geometry_compatible,460800_to_115200,ce_feat_10,17,frame_shape,train,20260920-194108-roll-460800,roll,3,2,51,True,0.10815154016017914,0.12319746613502502,0.9387654662132263,0.9984102845191956,9,11.879402824492216,1.963993670826576,2.5376579761505127,-0.3694729804992676,-3.6439247131347656,1.1503861060191412e-05,0.18633027374744415,0.4810869097709656,0.3325712978839874
three_class_geometry_compatible,460800_to_115200,ce_feat_10,73,frame_shape,test,20260920-184058-normal-11520,normal,0,2,61,True,0.3709469437599182,0.41028302907943726,0.6631102561950684,0.9956161975860596,9,24.107043325433054,23.374164130734265,3.8411552906036377,-8.500953674316406,-12.347940444946289,0.0001950539299286902,0.06923866271972656,0.9096767902374268,0.020889529958367348
three_class_geometry_compatible,460800_to_115200,ce_feat_10,73,frame_shape,train,20260920-184857-normal-460800,normal,0,2,48,True,0.217641681432724,0.2970743477344513,0.810712456703186,0.9949744343757629,9,23.98680470172612,3.871332281029358,3.749150514602661,-8.276069641113281,-12.759894371032715,0.00023365994275081903,0.0655570849776268,0.913919985294342,0.02028924599289894
three_class_geometry_compatible,460800_to_115200,ce_feat_10,73,frame_shape,test,20260920-192216-inBroken-115200,inBroken,1,2,50,True,0.19421996176242828,0.19844064116477966,0.8133665919303894,0.9967629909515381,9,15.101099134643892,9.759056769767106,2.9780755043029785,-0.3460350036621094,-3.798983573913574,1.0374331083085053e-07,0.4145001471042633,0.5846570134162903,0.0008426527492702007
three_class_geometry_compatible,460800_to_115200,ce_feat_10,73,frame_shape,train,20260920-192610-inBroken-460800,inBroken,1,2,51,True,0.07945555448532104,0.11485575884580612,0.9100155234336853,0.9979133605957031,9,8.619291870212624,1.5510189686715348,2.2496449947357178,-0.2147083282470703,-3.0298943519592285,8.450579969121463e-08,0.4462254047393799,0.5530453324317932,0.0007292978116311133
three_class_geometry_compatible,460800_to_115200,ce_feat_10,73,frame_shape,test,20260920-193718-roll-115200,roll,3,2,51,True,0.7153190970420837,0.7028241157531738,0.20609423518180847,0.9947225451469421,9,34.49118752633615,57.069655134583606,4.614307880401611,-0.8604683876037598,-5.041689872741699,1.706655166344717e-05,0.1801902800798416,0.566261887550354,0.25353074073791504
three_class_geometry_compatible,460800_to_115200,ce_feat_10,73,frame_shape,train,20260920-194108-roll-460800,roll,3,2,51,True,0.10093250870704651,0.11530977487564087,0.9416284561157227,0.9985076189041138,9,11.068893750380889,1.8504681030197387,2.4457976818084717,-0.48244142532348633,-3.6439247131347656,1.0928197298198938e-05,0.1896977722644806,0.500974714756012,0.3093165457248688
three_class_geometry_compatible,460800_to_115200,ce_feat_1_kd,17,frame_shape,test,20260920-184058-normal-11520,normal,0,2,61,True,1.704206943511963,2.398231029510498,0.5044230818748474,0.9633281230926514,9,171.86441161723042,46.274072789856376,10.028084754943848,-0.7678148746490479,-12.347940444946289,0.3161792755126953,0.04260595515370369,0.609241247177124,0.031973641365766525
three_class_geometry_compatible,460800_to_115200,ce_feat_1_kd,17,frame_shape,train,20260920-184857-normal-460800,normal,0,2,48,True,1.8322434425354004,2.4448776245117188,0.5368281602859497,0.9562397003173828,9,202.753085599406,31.774077982614862,10.742179870605469,-0.35233640670776367,-12.759894371032715,0.3872450292110443,0.03718070685863495,0.550448477268219,0.02512582391500473
three_class_geometry_compatible,460800_to_115200,ce_feat_1_kd,17,frame_shape,test,20260920-192216-inBroken-115200,inBroken,1,1,50,True,0.26006272435188293,0.2830336391925812,0.7603514790534973,0.9950398802757263,9,22.491604879720207,10.796423767222134,3.553185224533081,0.4237060546875,-3.798983573913574,7.652997879858958e-08,0.6039029955863953,0.3954710364341736,0.0006257882923819125
three_class_geometry_compatible,460800_to_115200,ce_feat_1_kd,17,frame_shape,train,20260920-192610-inBroken-460800,inBroken,1,1,51,True,0.12974074482917786,0.1869288682937622,0.8638444542884827,0.9966008067131042,9,14.00504897243912,2.6017655913087667,2.789055585861206,0.46918487548828125,-3.0298943519592285,7.48959578800168e-08,0.6147897243499756,0.38458311557769775,0.0006270972662605345
three_class_geometry_compatible,460800_to_115200,ce_feat_1_kd,17,frame_shape,test,20260920-193718-roll-115200,roll,3,3,51,True,0.8622757196426392,0.8600823879241943,0.18445941805839539,0.9912704825401306,9,51.88300804816109,58.48828315134689,5.467694282531738,0.40844202041625977,-5.041689872741699,0.002446061000227928,0.09872307628393173,0.3580758273601532,0.5407550930976868
three_class_geometry_compatible,460800_to_115200,ce_feat_1_kd,17,frame_shape,train,20260920-194108-roll-460800,roll,3,3,51,True,0.237239807844162,0.26859980821609497,0.8706794381141663,0.9964810013771057,9,25.643827695751533,4.722866886513401,3.6572155952453613,0.8375153541564941,-3.6439247131347656,1.4463927072938532e-05,0.09903963655233383,0.272231787443161,0.6287140846252441
three_class_geometry_compatible,460800_to_115200,ce_feat_1_kd,73,frame_shape,test,20260920-184058-normal-11520,normal,0,2,61,True,1.6571543216705322,2.343062162399292,0.5069139003753662,0.9644156098365784,9,166.4497036842337,45.66603094234151,9.87026596069336,-0.9856643676757812,-12.347940444946289,0.2710011899471283,0.04399552568793297,0.6559560894966125,0.029047196730971336
three_class_geometry_compatible,460800_to_115200,ce_feat_1_kd,73,frame_shape,train,20260920-184857-normal-460800,normal,0,2,48,True,1.7663137912750244,2.364518642425537,0.5397563576698303,0.9577333927154541,9,195.47469305185376,30.61345998553878,10.544595718383789,-0.5869457721710205,-12.759894371032715,0.3345319330692291,0.03935492783784866,0.6010506749153137,0.025062454864382744
three_class_geometry_compatible,460800_to_115200,ce_feat_1_kd,73,frame_shape,test,20260920-192216-inBroken-115200,inBroken,1,1,50,True,0.26188895106315613,0.28360170125961304,0.7573672533035278,0.9950239062309265,9,22.586534122195957,10.935253284808539,3.5546045303344727,0.43694114685058594,-3.798983573913574,8.14653304814783e-08,0.6070051789283752,0.39235764741897583,0.0006371435010805726
three_class_geometry_compatible,460800_to_115200,ce_feat_1_kd,73,frame_shape,train,20260920-192610-inBroken-460800,inBroken,1,1,51,True,0.12913808226585388,0.18580570816993713,0.864319920539856,0.9966209530830383,9,13.93990468237747,2.589770175948442,2.7827885150909424,0.4602804183959961,-3.0298943519592285,7.422698189429866e-08,0.612661600112915,0.38671067357063293,0.0006275689229369164
three_class_geometry_compatible,460800_to_115200,ce_feat_1_kd,73,frame_shape,test,20260920-193718-roll-115200,roll,3,3,51,True,0.8279505968093872,0.8146134614944458,0.1811249554157257,0.9912474155426025,9,50.55558483413016,55.42209386762815,5.3719964027404785,0.16712141036987305,-5.041689872741699,0.0024073494132608175,0.10213401168584824,0.4060196578502655,0.48943892121315
three_class_geometry_compatible,460800_to_115200,ce_feat_1_kd,73,frame_shape,train,20260920-194108-roll-460800,roll,3,3,51,True,0.22093430161476135,0.25225120782852173,0.8749366998672485,0.9966812133789062,9,23.854315132279144,4.425274148495223,3.525740146636963,0.6542744636535645,-3.6439247131347656,1.5664443708374165e-05,0.1065002828836441,0.30564624071121216,0.5878378748893738
three_class_geometry_compatible,460800_to_115200,phase_ce_feat_1,17,shape_phase,test,20260920-184058-normal-11520,normal,0,0,61,True,2.154322624206543,3.0322399139404297,0.47217267751693726,0.952243983745575,9,221.64993340227957,54.1033752617289,11.419659614562988,1.012925624847412,-12.347940444946289,0.6617594957351685,0.045766618102788925,0.2413611263036728,0.05111268162727356
three_class_geometry_compatible,460800_to_115200,phase_ce_feat_1,17,shape_phase,train,20260920-184857-normal-460800,normal,0,0,48,True,2.1964762210845947,2.960503578186035,0.5053704380989075,0.9466649889945984,9,242.75447159028036,38.39449666641857,11.816570281982422,1.1715013980865479,-12.759894371032715,0.6988645195960999,0.041256602853536606,0.21687082946300507,0.04300810396671295
three_class_geometry_compatible,460800_to_115200,phase_ce_feat_1,17,shape_phase,test,20260920-192216-inBroken-115200,inBroken,1,1,50,True,0.41706180572509766,0.5025890469551086,0.6463689804077148,0.9910765886306763,9,39.14751066980649,14.236406009679587,4.84319543838501,2.071080207824707,-3.798983573913574,3.911444679260967e-08,0.8861883282661438,0.1133987233042717,0.0004129815788473934
three_class_geometry_compatible,460800_to_115200,phase_ce_feat_1,17,shape_phase,train,20260920-192610-inBroken-460800,inBroken,1,1,51,True,0.2729998230934143,0.3964453637599945,0.7546625733375549,0.9927937388420105,9,29.600131244146986,5.34384855810091,4.203444957733154,2.1698203086853027,-3.0298943519592285,3.394886149976628e-08,0.8971161842346191,0.1025136336684227,0.00037013940163888037
three_class_geometry_compatible,460800_to_115200,phase_ce_feat_1,17,shape_phase,test,20260920-193718-roll-115200,roll,3,3,51,True,1.0817341804504395,1.181692361831665,0.21498467028141022,0.9868595600128174,9,77.204136127454,61.25784090388218,6.857580184936523,1.9258813858032227,-5.041689872741699,0.0019357685232535005,0.0527770109474659,0.13185319304466248,0.8134340643882751
three_class_geometry_compatible,460800_to_115200,phase_ce_feat_1,17,shape_phase,train,20260920-194108-roll-460800,roll,3,3,51,True,0.3731757402420044,0.4327753484249115,0.842032253742218,0.9945414066314697,9,40.9968000521898,6.769691390551481,4.721818923950195,2.313887119293213,-3.6439247131347656,7.872066817071754e-06,0.04384187236428261,0.08611250668764114,0.870037853717804
three_class_geometry_compatible,460800_to_115200,phase_ce_feat_1,73,shape_phase,test,20260920-184058-normal-11520,normal,0,0,61,True,2.1582672595977783,3.0410642623901367,0.4719112515449524,0.9520999193191528,9,222.0432375610141,54.21496882668658,11.430554389953613,1.0254697799682617,-12.347940444946289,0.6635512113571167,0.04578883945941925,0.2391720563173294,0.05148785933852196
three_class_geometry_compatible,460800_to_115200,phase_ce_feat_1,73,shape_phase,train,20260920-184857-normal-460800,normal,0,0,48,True,2.200643301010132,2.964395046234131,0.5052266120910645,0.9465931057929993,9,243.19485622687597,38.487480927319346,11.826642990112305,1.1839210987091064,-12.759894371032715,0.7013103365898132,0.04070797935128212,0.2150503545999527,0.042931314557790756
three_class_geometry_compatible,460800_to_115200,phase_ce_feat_1,73,shape_phase,test,20260920-192216-inBroken-115200,inBroken,1,1,50,True,0.4168100953102112,0.5006380677223206,0.644292950630188,0.9911719560623169,9,38.99983962018031,14.351852646735733,4.84155797958374,2.0458450317382812,-3.798983573913574,3.826511729698723e-08,0.8837506771087646,0.11582435667514801,0.0004248999466653913
three_class_geometry_compatible,460800_to_115200,phase_ce_feat_1,73,shape_phase,train,20260920-192610-inBroken-460800,inBroken,1,1,51,True,0.2743651270866394,0.3973843455314636,0.7530382871627808,0.9927787780761719,9,29.749855294786926,5.368882124370394,4.2152886390686035,2.1826672554016113,-3.0298943519592285,3.3560578316382816e-08,0.8982954025268555,0.10133437812328339,0.000370054563973099
three_class_geometry_compatible,460800_to_115200,phase_ce_feat_1,73,shape_phase,test,20260920-193718-roll-115200,roll,3,3,51,True,1.107899785041809,1.2163829803466797,0.21822696924209595,0.9866710901260376,9,78.98065580987927,62.83051623149154,6.947302341461182,2.0937905311584473,-5.041689872741699,0.0011622202582657337,0.04883575066924095,0.10961725562810898,0.840384840965271
three_class_geometry_compatible,460800_to_115200,phase_ce_feat_1,73,shape_phase,train,20260920-194108-roll-460800,roll,3,3,51,True,0.3672221004962921,0.4270362854003906,0.8435309529304504,0.9946134090423584,9,40.33054086728045,6.673888519958577,4.684067726135254,2.2594399452209473,-3.6439247131347656,7.213547178253066e-06,0.04468507692217827,0.0904856026172638,0.8648220300674438
three_class_geometry_compatible,460800_to_115200,smooth_ce_feat_1,17,smooth_shape,test,20260920-184058-normal-11520,normal,0,0,61,True,2.0634636878967285,2.911987066268921,0.4717835783958435,0.9543014168739319,9,211.47506665667322,52.64826970423531,11.157176971435547,0.7104415893554688,-12.347940444946289,0.6024281978607178,0.053256094455718994,0.28645822405815125,0.057857464998960495
three_class_geometry_compatible,460800_to_115200,smooth_ce_feat_1,17,smooth_shape,train,20260920-184857-normal-460800,normal,0,0,48,True,2.1615238189697266,2.918891429901123,0.5071348547935486,0.9474354982376099,9,238.91675709936328,37.75828984051978,11.720663070678711,1.0543348789215088,-12.759894371032715,0.6764123439788818,0.043641384690999985,0.2360529750585556,0.04389322176575661
three_class_geometry_compatible,460800_to_115200,smooth_ce_feat_1,17,smooth_shape,test,20260920-192216-inBroken-115200,inBroken,1,1,50,True,0.42171433568000793,0.5114868879318237,0.650114893913269,0.9908496141433716,9,39.874704416010495,14.10472970293625,4.881992340087891,2.1369495391845703,-3.798983573913574,3.507634005472937e-08,0.8934508562088013,0.10617519170045853,0.0003740038082469255
three_class_geometry_compatible,460800_to_115200,smooth_ce_feat_1,17,smooth_shape,train,20260920-192610-inBroken-460800,inBroken,1,1,51,True,0.2723746597766876,0.3955969214439392,0.7547157406806946,0.9928090572357178,9,29.53600788039237,5.327949096871872,4.199336051940918,2.163970947265625,-3.0298943519592285,3.4276720128900706e-08,0.896508514881134,0.10311724990606308,0.00037421859451569617
three_class_geometry_compatible,460800_to_115200,smooth_ce_feat_1,17,smooth_shape,test,20260920-193718-roll-115200,roll,3,3,51,True,1.044970989227295,1.1570669412612915,0.22355085611343384,0.9881161451339722,9,72.42739813902415,61.32889985732223,6.675573825836182,1.936448097229004,-5.041689872741699,0.005968134384602308,0.055092208087444305,0.13288737833499908,0.8060525059700012
three_class_geometry_compatible,460800_to_115200,smooth_ce_feat_1,17,smooth_shape,train,20260920-194108-roll-460800,roll,3,3,51,True,0.3806416988372803,0.44009602069854736,0.8402025699615479,0.99445641040802,9,41.82417826282939,6.897962553592855,4.769225597381592,2.3703179359436035,-3.6439247131347656,6.710935849696398e-06,0.041786324232816696,0.08211477100849152,0.8760921955108643
three_class_geometry_compatible,460800_to_115200,smooth_ce_feat_1,73,smooth_shape,test,20260920-184058-normal-11520,normal,0,0,61,True,2.023115634918213,2.8546595573425293,0.47203153371810913,0.9553155303001404,9,206.91979555332705,52.038996829637,11.035104751586914,0.566211462020874,-12.347940444946289,0.5765887498855591,0.0568765364587307,0.30837228894233704,0.05816241726279259
three_class_geometry_compatible,460800_to_115200,smooth_ce_feat_1,73,smooth_shape,train,20260920-184857-normal-460800,normal,0,0,48,True,2.143547534942627,2.8954687118530273,0.507091760635376,0.9478692412376404,9,236.90763171658716,37.46646508862891,11.671749114990234,1.0034997463226318,-12.759894371032715,0.6644406914710999,0.045785609632730484,0.2440977245569229,0.0456758551299572
three_class_geometry_compatible,460800_to_115200,smooth_ce_feat_1,73,smooth_shape,test,20260920-192216-inBroken-115200,inBroken,1,1,50,True,0.4294518828392029,0.5202582478523254,0.6469054222106934,0.9906952977180481,9,40.663014754418896,14.306826050064219,4.929824352264404,2.197066307067871,-3.798983573913574,3.304398887848947e-08,0.8988742828369141,0.10076440870761871,0.00036114189424552023
three_class_geometry_compatible,460800_to_115200,smooth_ce_feat_1,73,smooth_shape,train,20260920-192610-inBroken-460800,inBroken,1,1,51,True,0.2730594277381897,0.39640361070632935,0.755235493183136,0.9927944540977478,9,29.60662552304787,5.344982668442237,4.203575134277344,2.1702089309692383,-3.0298943519592285,3.3621894601765234e-08,0.897023618221283,0.10260729491710663,0.0003690463490784168
three_class_geometry_compatible,460800_to_115200,smooth_ce_feat_1,73,smooth_shape,test,20260920-193718-roll-115200,roll,3,3,51,True,1.0416676998138428,1.142411231994629,0.21843703091144562,0.9876061677932739,9,73.16778962811298,60.16566578038157,6.6835832595825195,1.8201165199279785,-5.041689872741699,0.0035269956570118666,0.05700710415840149,0.14419621229171753,0.7952696681022644
three_class_geometry_compatible,460800_to_115200,smooth_ce_feat_1,73,smooth_shape,train,20260920-194108-roll-460800,roll,3,3,51,True,0.36632275581359863,0.42474934458732605,0.8421501517295837,0.9946168065071106,9,40.20147745058934,6.687832829802282,4.674826145172119,2.2504825592041016,-3.6439247131347656,8.593073289375752e-06,0.044840190559625626,0.09120722115039825,0.8639438152313232
