bag_id,label,state,n_windows,prediction,p0,p1,p2,p3,task,fold,direction,method,seed,modality
20260920-184857-normal-460800,0,normal,6,0,0.8318249337743642,0.0990287476570915,0.03445283181541232,0.03469348675313184,four_class_provisional_roi,0000,115200_to_460800,contact_hidden,-1,contact
20260920-190913-outBroken-460800,2,outBroken,10,2,0.003370728109504181,0.00024197789252030605,0.9767400804323995,0.019647213565576048,four_class_provisional_roi,0000,115200_to_460800,contact_hidden,-1,contact
20260920-192610-inBroken-460800,1,inBroken,7,1,0.002097330521689919,0.9821043398442032,0.00038998794344841667,0.015408341690658545,four_class_provisional_roi,0000,115200_to_460800,contact_hidden,-1,contact
20260920-194108-roll-460800,3,roll,3,3,0.0009766866340999813,0.05649915703945293,0.026166489922041857,0.9163576664044052,four_class_provisional_roi,0000,115200_to_460800,contact_hidden,-1,contact
20260920-184857-normal-460800,0,normal,6,0,0.8925631824488921,0.06392678895862158,0.033161656181660906,0.010348372410825486,four_class_provisional_roi,0000,115200_to_460800,contact_xyz_hidden,-1,contact
20260920-190913-outBroken-460800,2,outBroken,10,2,0.00518374872422715,0.0009050982226251928,0.9783703163934607,0.015540836659686762,four_class_provisional_roi,0000,115200_to_460800,contact_xyz_hidden,-1,contact
20260920-192610-inBroken-460800,1,inBroken,7,1,0.0017537599272334562,0.9797964906876212,0.0003684416819547177,0.01808130770319066,four_class_provisional_roi,0000,115200_to_460800,contact_xyz_hidden,-1,contact
20260920-194108-roll-460800,3,roll,3,3,0.0006360715454197556,0.006019191101580497,0.0031884532248366306,0.990156284128163,four_class_provisional_roi,0000,115200_to_460800,contact_xyz_hidden,-1,contact
20260920-184857-normal-460800,0,normal,6,0,0.975154197004605,0.0021928987427759622,0.012274151357722017,0.010378752894896964,four_class_provisional_roi,0000,115200_to_460800,contact_spectral,-1,contact
20260920-190913-outBroken-460800,2,outBroken,10,2,0.0013422004001869647,0.00046838752770015274,0.996260696090526,0.0019287159815869215,four_class_provisional_roi,0000,115200_to_460800,contact_spectral,-1,contact
20260920-192610-inBroken-460800,1,inBroken,7,1,0.001288507680658035,0.9862938475846004,0.0030014204504850823,0.009416224284256605,four_class_provisional_roi,0000,115200_to_460800,contact_spectral,-1,contact
20260920-194108-roll-460800,3,roll,3,3,0.0029917984639331045,0.002496127973055261,0.0007586638737907132,0.9937534096892208,four_class_provisional_roi,0000,115200_to_460800,contact_spectral,-1,contact
20260920-184857-normal-460800,0,normal,6,0,0.8592451055502917,0.02527115016133893,0.11106416873798138,0.004419575550387991,four_class_provisional_roi,0000,115200_to_460800,contact_statistics,-1,contact
20260920-190913-outBroken-460800,2,outBroken,10,2,0.06773646594857177,0.03766672381492021,0.8807258836407362,0.013870926595771743,four_class_provisional_roi,0000,115200_to_460800,contact_statistics,-1,contact
20260920-192610-inBroken-460800,1,inBroken,7,1,0.0009629658032282909,0.933478963213948,0.011447940853163054,0.054110130129660636,four_class_provisional_roi,0000,115200_to_460800,contact_statistics,-1,contact
20260920-194108-roll-460800,3,roll,3,3,3.2963603534967204e-06,0.026681030755010784,0.004136284590140241,0.9691793882944956,four_class_provisional_roi,0000,115200_to_460800,contact_statistics,-1,contact
20260920-184857-normal-460800,0,normal,6,0,0.8053442632875919,0.11417796766250284,0.03366321187334239,0.04681455717656304,four_class_provisional_roi,0000,115200_to_460800,contact_final_hidden,-1,contact
20260920-190913-outBroken-460800,2,outBroken,10,2,0.0036454997767112474,0.00036880899505669544,0.977909434941773,0.018076256286459112,four_class_provisional_roi,0000,115200_to_460800,contact_final_hidden,-1,contact
20260920-192610-inBroken-460800,1,inBroken,7,1,0.003064056703509228,0.9745249650301303,0.0008215975711882555,0.021589380695172217,four_class_provisional_roi,0000,115200_to_460800,contact_final_hidden,-1,contact
20260920-194108-roll-460800,3,roll,3,3,0.0003905019276627429,0.0849286249430588,0.02495357499730678,0.8897272981319716,four_class_provisional_roi,0000,115200_to_460800,contact_final_hidden,-1,contact
20260920-184857-normal-460800,0,normal,6,2,0.012332185171544552,0.08672315627336502,0.8107416033744812,0.09020309895277023,four_class_provisional_roi,0000,115200_to_460800,contact_original,-1,contact
20260920-190913-outBroken-460800,2,outBroken,10,2,0.0010036140447482467,0.1572980433702469,0.6584912538528442,0.18320706486701965,four_class_provisional_roi,0000,115200_to_460800,contact_original,-1,contact
20260920-192610-inBroken-460800,1,inBroken,7,2,7.311032095458359e-05,0.10570169240236282,0.8856785893440247,0.008546590805053711,four_class_provisional_roi,0000,115200_to_460800,contact_original,-1,contact
20260920-194108-roll-460800,3,roll,3,2,0.00039004781865514815,0.18856340646743774,0.6605890393257141,0.1504574418067932,four_class_provisional_roi,0000,115200_to_460800,contact_original,-1,contact
20260920-184857-normal-460800,0,normal,6,2,8.411399903707206e-06,0.021196337416768074,0.9730455875396729,0.0057496908120810986,four_class_provisional_roi,0000,115200_to_460800,contact_original_mean_hidden,-1,contact
20260920-190913-outBroken-460800,2,outBroken,10,2,4.026080569019541e-05,0.1317661553621292,0.8237518072128296,0.04444171115756035,four_class_provisional_roi,0000,115200_to_460800,contact_original_mean_hidden,-1,contact
20260920-192610-inBroken-460800,1,inBroken,7,2,7.360277010093341e-08,0.04957010969519615,0.9499243497848511,0.0005054352222941816,four_class_provisional_roi,0000,115200_to_460800,contact_original_mean_hidden,-1,contact
20260920-194108-roll-460800,3,roll,3,2,7.2012721830105875e-06,0.15615111589431763,0.8102505803108215,0.033591128885746,four_class_provisional_roi,0000,115200_to_460800,contact_original_mean_hidden,-1,contact
20260920-184857-normal-460800,0,normal,48,0,0.99566739560559,0.00011905512173838165,0.00011409308130390577,0.004099456191367629,four_class_provisional_roi,0000,115200_to_460800,radar_frame_shape,-1,radar
20260920-190913-outBroken-460800,2,outBroken,50,2,8.327502859518254e-06,0.01635103185735158,0.9832557813574883,0.0003848592823003947,four_class_provisional_roi,0000,115200_to_460800,radar_frame_shape,-1,radar
20260920-192610-inBroken-460800,1,inBroken,51,1,0.0009139041627339185,0.9962669398261351,0.00023237178784846817,0.0025867842232825105,four_class_provisional_roi,0000,115200_to_460800,radar_frame_shape,-1,radar
20260920-194108-roll-460800,3,roll,51,3,0.001615880666913537,0.0006995432555649965,0.0001011246637096832,0.9975834514138118,four_class_provisional_roi,0000,115200_to_460800,radar_frame_shape,-1,radar
20260920-184857-normal-460800,0,normal,48,0,0.9932221751760962,0.00016165366849100815,0.00032464153756172086,0.006291529617850695,four_class_provisional_roi,0000,115200_to_460800,radar_shape_phase,-1,radar
20260920-190913-outBroken-460800,2,outBroken,50,2,2.9651107362569486e-05,0.003116684169472042,0.996805449421533,4.821530163209832e-05,four_class_provisional_roi,0000,115200_to_460800,radar_shape_phase,-1,radar
20260920-192610-inBroken-460800,1,inBroken,51,1,0.0009469270937257233,0.9987797361117569,5.711492144100711e-05,0.00021622187307630526,four_class_provisional_roi,0000,115200_to_460800,radar_shape_phase,-1,radar
20260920-194108-roll-460800,3,roll,51,3,0.0008712652620794258,0.00036851484811282787,0.00015284201155071572,0.9986073778782566,four_class_provisional_roi,0000,115200_to_460800,radar_shape_phase,-1,radar
20260920-184857-normal-460800,0,normal,48,3,0.2600487993062471,0.0010028882322826596,0.004327771159243203,0.734620541302227,four_class_provisional_roi,0000,115200_to_460800,radar_coherent_shape,-1,radar
20260920-190913-outBroken-460800,2,outBroken,50,2,0.00020758656878690267,0.0031624535971388028,0.9956480528990406,0.0009819069350337944,four_class_provisional_roi,0000,115200_to_460800,radar_coherent_shape,-1,radar
20260920-192610-inBroken-460800,1,inBroken,51,0,0.7494832206439631,0.0307538091957325,0.20054294375698106,0.019220026403323424,four_class_provisional_roi,0000,115200_to_460800,radar_coherent_shape,-1,radar
20260920-194108-roll-460800,3,roll,51,3,0.0008469460719091687,0.0012654311275036856,0.0003559587160364828,0.9975316640845505,four_class_provisional_roi,0000,115200_to_460800,radar_coherent_shape,-1,radar
20260920-184857-normal-460800,0,normal,48,0,0.9226378275672378,3.118999185323263e-05,0.00022230195204665727,0.07710868048886226,four_class_provisional_roi,0000,115200_to_460800,radar_time_stats,-1,radar
20260920-190913-outBroken-460800,2,outBroken,50,1,0.00024086328745827202,0.6143786838045956,0.37985119519398375,0.0055292577139624466,four_class_provisional_roi,0000,115200_to_460800,radar_time_stats,-1,radar
20260920-192610-inBroken-460800,1,inBroken,51,1,9.364775569233653e-09,0.8410610878751394,0.15837877335756229,0.0005601294025229112,four_class_provisional_roi,0000,115200_to_460800,radar_time_stats,-1,radar
20260920-194108-roll-460800,3,roll,51,3,0.01344998299266746,0.06370459728851065,0.04267324596938554,0.8801721737494367,four_class_provisional_roi,0000,115200_to_460800,radar_time_stats,-1,radar
20260920-184857-normal-460800,0,normal,48,0,0.34292199558252534,0.34292199472845514,0.007692588301751902,0.30646342138726734,four_class_provisional_roi,0000,115200_to_460800,radar_confound_distance,-1,radar
20260920-190913-outBroken-460800,2,outBroken,50,2,0.00017379732486308706,0.00017379732486883727,0.971872289809829,0.027780115540439135,four_class_provisional_roi,0000,115200_to_460800,radar_confound_distance,-1,radar
20260920-192610-inBroken-460800,1,inBroken,51,0,0.34292199558252534,0.3429219947284552,0.007692588301751902,0.30646342138726734,four_class_provisional_roi,0000,115200_to_460800,radar_confound_distance,-1,radar
20260920-194108-roll-460800,3,roll,51,3,0.31401221012817443,0.31401220938384217,0.012729428656610755,0.3592461518313725,four_class_provisional_roi,0000,115200_to_460800,radar_confound_distance,-1,radar
20260920-184857-normal-460800,0,normal,48,0,0.9919782578063381,0.002790671902161781,0.0038475834711745346,0.001383486820325842,four_class_provisional_roi,0000,115200_to_460800,radar_confound_raw_amp,-1,radar
20260920-190913-outBroken-460800,2,outBroken,50,2,0.0023392771449673184,0.0002962250635894731,0.9949052573866229,0.0024592404048199732,four_class_provisional_roi,0000,115200_to_460800,radar_confound_raw_amp,-1,radar
20260920-192610-inBroken-460800,1,inBroken,51,1,0.0028543726327178104,0.991905272186068,0.0005181696525115898,0.004722185528702283,four_class_provisional_roi,0000,115200_to_460800,radar_confound_raw_amp,-1,radar
20260920-194108-roll-460800,3,roll,51,3,0.001995282629078114,0.006136648771475704,0.0016682275235966443,0.9901998410758498,four_class_provisional_roi,0000,115200_to_460800,radar_confound_raw_amp,-1,radar
20260920-184857-normal-460800,0,normal,48,0,0.9999586877723535,6.8721230661594745e-06,1.3320283410204562e-05,2.1118549398124742e-05,four_class_provisional_roi,0000,115200_to_460800,supervised,17,radar
20260920-190913-outBroken-460800,2,outBroken,50,2,9.917147795931669e-05,0.018556542436999734,0.9812280905246734,0.0001161950382993382,four_class_provisional_roi,0000,115200_to_460800,supervised,17,radar
20260920-192610-inBroken-460800,1,inBroken,51,1,0.00020765058313069554,0.9995535214742025,0.00018857540913706864,5.0247906270384443e-05,four_class_provisional_roi,0000,115200_to_460800,supervised,17,radar
20260920-194108-roll-460800,3,roll,51,3,1.8480197018017825e-05,4.485332098903539e-06,5.9108595152400655e-06,0.9999711244714027,four_class_provisional_roi,0000,115200_to_460800,supervised,17,radar
20260920-184857-normal-460800,0,normal,48,0,0.9999836919208368,4.006918855973633e-06,8.888233575810034e-07,1.1414203688294341e-05,four_class_provisional_roi,0000,115200_to_460800,supervised,42,radar
20260920-190913-outBroken-460800,2,outBroken,50,2,0.00046813859278699966,0.026705390381612234,0.9721566227078438,0.0006698473176948028,four_class_provisional_roi,0000,115200_to_460800,supervised,42,radar
20260920-192610-inBroken-460800,1,inBroken,51,1,0.00027701489321485745,0.9993782440821329,0.0001700418343877091,0.00017469014207616805,four_class_provisional_roi,0000,115200_to_460800,supervised,42,radar
20260920-194108-roll-460800,3,roll,51,3,2.858869846682401e-05,5.05906337446718e-05,4.367998814154371e-05,0.9998771326214659,four_class_provisional_roi,0000,115200_to_460800,supervised,42,radar
20260920-184857-normal-460800,0,normal,48,0,0.9999548730750879,5.967550985512086e-06,2.5676627627054436e-06,3.6585302268576925e-05,four_class_provisional_roi,0000,115200_to_460800,supervised,73,radar
20260920-190913-outBroken-460800,2,outBroken,50,2,6.814168224082095e-05,0.00454507942777127,0.9952112364768982,0.0001755395454893005,four_class_provisional_roi,0000,115200_to_460800,supervised,73,radar
20260920-192610-inBroken-460800,1,inBroken,51,1,7.388887459848204e-05,0.9997015630497652,9.618162948754616e-05,0.0001283696849485768,four_class_provisional_roi,0000,115200_to_460800,supervised,73,radar
20260920-194108-roll-460800,3,roll,51,3,1.726053820746921e-05,5.217004739760716e-05,2.45685499191727e-05,0.9999060058126262,four_class_provisional_roi,0000,115200_to_460800,supervised,73,radar
20260920-184857-normal-460800,0,normal,48,0,0.9999555485943953,5.9332610090242115e-06,1.9680987008996453e-05,1.8839923415706988e-05,four_class_provisional_roi,0000,115200_to_460800,head_only,17,radar
20260920-190913-outBroken-460800,2,outBroken,50,2,0.0003744107822421938,0.009535113198435283,0.9897547078132629,0.00033576890353288036,four_class_provisional_roi,0000,115200_to_460800,head_only,17,radar
20260920-192610-inBroken-460800,1,inBroken,51,1,0.00047823094763432394,0.9989430916075613,0.00011308887470102705,0.000465586972388658,four_class_provisional_roi,0000,115200_to_460800,head_only,17,radar
20260920-194108-roll-460800,3,roll,51,3,2.5624057655602203e-05,0.00012330240821813954,2.2238270574627105e-05,0.9998288318222645,four_class_provisional_roi,0000,115200_to_460800,head_only,17,radar
20260920-184857-normal-460800,0,normal,48,0,0.9999304835995039,2.6379277680158946e-05,3.018648925490197e-05,1.2945215267734511e-05,four_class_provisional_roi,0000,115200_to_460800,head_only,42,radar
20260920-190913-outBroken-460800,2,outBroken,50,2,0.000624453707569046,0.01853300109542033,0.9802530592679978,0.0005894791516766418,four_class_provisional_roi,0000,115200_to_460800,head_only,42,radar
20260920-192610-inBroken-460800,1,inBroken,51,1,0.0007599099087254966,0.9981491811135236,0.0001635057564200514,0.0009273934047087096,four_class_provisional_roi,0000,115200_to_460800,head_only,42,radar
20260920-194108-roll-460800,3,roll,51,3,4.6849337596701365e-05,0.00012743158975924825,3.6737858221492974e-05,0.9997889773518431,four_class_provisional_roi,0000,115200_to_460800,head_only,42,radar
20260920-184857-normal-460800,0,normal,48,0,0.9999005223313967,3.2100879726234176e-05,3.865274154198536e-05,2.8723797479794182e-05,four_class_provisional_roi,0000,115200_to_460800,head_only,73,radar
20260920-190913-outBroken-460800,2,outBroken,50,2,0.0003246921292156912,0.008015221971036227,0.9913242363929748,0.0003358385911269579,four_class_provisional_roi,0000,115200_to_460800,head_only,73,radar
20260920-192610-inBroken-460800,1,inBroken,51,1,0.0004235112703777393,0.9988947265288409,0.00019965771842216069,0.0004821032275418367,four_class_provisional_roi,0000,115200_to_460800,head_only,73,radar
20260920-194108-roll-460800,3,roll,51,3,1.721077359095444e-05,3.534882765890478e-05,5.9550132016952645e-05,0.9998878836631775,four_class_provisional_roi,0000,115200_to_460800,head_only,73,radar
20260920-184857-normal-460800,0,normal,48,0,0.9831766511003176,0.006606897756379719,0.0045434006994279725,0.005673047586848649,four_class_provisional_roi,0000,115200_to_460800,distill,17,radar
20260920-190913-outBroken-460800,2,outBroken,50,2,0.00803493281127885,0.006541112980630715,0.9646211242675782,0.020802821218967437,four_class_provisional_roi,0000,115200_to_460800,distill,17,radar
20260920-192610-inBroken-460800,1,inBroken,51,1,0.0222577453390056,0.9529643339269301,0.0017217919059262117,0.023056131184977645,four_class_provisional_roi,0000,115200_to_460800,distill,17,radar
20260920-194108-roll-460800,3,roll,51,3,0.004877952110095352,0.015214810869199973,0.006731507249687817,0.9731757395407733,four_class_provisional_roi,0000,115200_to_460800,distill,17,radar
20260920-184857-normal-460800,0,normal,48,0,0.9867119031647841,0.00471269799163565,0.0042150433898010915,0.004360345905297436,four_class_provisional_roi,0000,115200_to_460800,distill,42,radar
20260920-190913-outBroken-460800,2,outBroken,50,2,0.011239215908572077,0.01504519910318777,0.9415219995379448,0.03219358364120126,four_class_provisional_roi,0000,115200_to_460800,distill,42,radar
20260920-192610-inBroken-460800,1,inBroken,51,1,0.018872295250641366,0.943366995044783,0.0016186680831928172,0.036142046435498724,four_class_provisional_roi,0000,115200_to_460800,distill,42,radar
20260920-194108-roll-460800,3,roll,51,3,0.004884190056199098,0.017157581835693003,0.006744074808689309,0.9712141495124966,four_class_provisional_roi,0000,115200_to_460800,distill,42,radar
20260920-184857-normal-460800,0,normal,48,0,0.9863202385604382,0.004985733360323745,0.0038758538042505584,0.004818174439909247,four_class_provisional_roi,0000,115200_to_460800,distill,73,radar
20260920-190913-outBroken-460800,2,outBroken,50,2,0.008209505518898368,0.006124944554758258,0.9643651556968689,0.021300402460619806,four_class_provisional_roi,0000,115200_to_460800,distill,73,radar
20260920-192610-inBroken-460800,1,inBroken,51,1,0.02020509628688588,0.9427935130455914,0.0013505945600770122,0.03565080405450335,four_class_provisional_roi,0000,115200_to_460800,distill,73,radar
20260920-194108-roll-460800,3,roll,51,3,0.004875235197901288,0.01340340139052155,0.00707825886852601,0.9746431112289429,four_class_provisional_roi,0000,115200_to_460800,distill,73,radar
20260920-184857-normal-460800,0,normal,48,0,0.9835299563904604,0.006439753618906252,0.004484994725013773,0.005545292597768518,four_class_provisional_roi,0000,115200_to_460800,no_contrast,17,radar
20260920-190913-outBroken-460800,2,outBroken,50,2,0.00797234155004844,0.006418956622073892,0.9643828630447387,0.021225835420191286,four_class_provisional_roi,0000,115200_to_460800,no_contrast,17,radar
20260920-192610-inBroken-460800,1,inBroken,51,1,0.023297664965046386,0.9522653292207157,0.0017909771265169861,0.02264603351553281,four_class_provisional_roi,0000,115200_to_460800,no_contrast,17,radar
20260920-194108-roll-460800,3,roll,51,3,0.00493416557426327,0.01536329428427944,0.006870496789833494,0.9728320439656576,four_class_provisional_roi,0000,115200_to_460800,no_contrast,17,radar
20260920-184857-normal-460800,0,normal,48,0,0.9869821680088838,0.0047015890838035075,0.004116144894699876,0.004200088590247712,four_class_provisional_roi,0000,115200_to_460800,no_contrast,42,radar
20260920-190913-outBroken-460800,2,outBroken,50,2,0.011543635097332298,0.015645233533286954,0.9410212641954422,0.03178987928666174,four_class_provisional_roi,0000,115200_to_460800,no_contrast,42,radar
20260920-192610-inBroken-460800,1,inBroken,51,1,0.01926131063487892,0.9429509160565395,0.0016210942287180647,0.03616668705773704,four_class_provisional_roi,0000,115200_to_460800,no_contrast,42,radar
20260920-194108-roll-460800,3,roll,51,3,0.004872185502237841,0.016810155003422908,0.006730329665337123,0.9715873283498427,four_class_provisional_roi,0000,115200_to_460800,no_contrast,42,radar
20260920-184857-normal-460800,0,normal,48,0,0.9869725629687309,0.00468161857376496,0.003756847433881679,0.004588954708500144,four_class_provisional_roi,0000,115200_to_460800,no_contrast,73,radar
20260920-190913-outBroken-460800,2,outBroken,50,2,0.008404387298505754,0.005802319785871078,0.9638659405708313,0.02192735149525106,four_class_provisional_roi,0000,115200_to_460800,no_contrast,73,radar
20260920-192610-inBroken-460800,1,inBroken,51,1,0.019060724944460625,0.9448495285183776,0.0013388246149463835,0.03475092015430039,four_class_provisional_roi,0000,115200_to_460800,no_contrast,73,radar
20260920-194108-roll-460800,3,roll,51,3,0.004926023813074126,0.013373653824422873,0.006965195458820637,0.974735138463039,four_class_provisional_roi,0000,115200_to_460800,no_contrast,73,radar
20260920-184857-normal-460800,0,normal,48,0,0.9792582380274931,0.00859726982889697,0.005519619606881558,0.006624868471893326,four_class_provisional_roi,0000,115200_to_460800,no_radar_CE,17,radar
20260920-190913-outBroken-460800,2,outBroken,50,2,0.01037378968205303,0.006839882162748836,0.9538592958450317,0.028927028104662897,four_class_provisional_roi,0000,115200_to_460800,no_radar_CE,17,radar
20260920-192610-inBroken-460800,1,inBroken,51,1,0.020188986122900366,0.950099808328292,0.0015661817651205494,0.028145026013839478,four_class_provisional_roi,0000,115200_to_460800,no_radar_CE,17,radar
20260920-194108-roll-460800,3,roll,51,3,0.005042865004974837,0.018310273130077357,0.007483688639659507,0.9691631712165534,four_class_provisional_roi,0000,115200_to_460800,no_radar_CE,17,radar
20260920-184857-normal-460800,0,normal,48,0,0.9870766637225946,0.0048197904106928036,0.0040390323726266315,0.004064509196420356,four_class_provisional_roi,0000,115200_to_460800,no_radar_CE,42,radar
20260920-190913-outBroken-460800,2,outBroken,50,2,0.013298477102071047,0.014720751005515922,0.9286011692881584,0.04337960096076131,four_class_provisional_roi,0000,115200_to_460800,no_radar_CE,42,radar
20260920-192610-inBroken-460800,1,inBroken,51,1,0.015662652403846674,0.946569677661447,0.0012944384407270334,0.036473222898648065,four_class_provisional_roi,0000,115200_to_460800,no_radar_CE,42,radar
20260920-194108-roll-460800,3,roll,51,3,0.005279509394027877,0.021027718698058057,0.007571080252162966,0.9661216887773252,four_class_provisional_roi,0000,115200_to_460800,no_radar_CE,42,radar
20260920-184857-normal-460800,0,normal,48,0,0.9870547999938329,0.0049117919309840845,0.0035969076513235145,0.004436516110824111,four_class_provisional_roi,0000,115200_to_460800,no_radar_CE,73,radar
20260920-190913-outBroken-460800,2,outBroken,50,2,0.011461587897501886,0.008365834650758188,0.9493275845050811,0.030844996590167283,four_class_provisional_roi,0000,115200_to_460800,no_radar_CE,73,radar
20260920-192610-inBroken-460800,1,inBroken,51,1,0.01895505487553629,0.9413135507527519,0.0013408372327046213,0.03839055682514228,four_class_provisional_roi,0000,115200_to_460800,no_radar_CE,73,radar
20260920-194108-roll-460800,3,roll,51,3,0.004546590987136405,0.014290842410250037,0.007498157311084808,0.9736644134801977,four_class_provisional_roi,0000,115200_to_460800,no_radar_CE,73,radar
20260920-184857-normal-460800,0,normal,48,0,0.5298098425070444,0.02158698831529667,0.01812859405375396,0.43047457933425903,four_class_provisional_roi,0000,115200_to_460800,shuffled,17,radar
20260920-190913-outBroken-460800,2,outBroken,50,1,0.028003409318625928,0.49021228969097136,0.45441137075424193,0.027372930981218815,four_class_provisional_roi,0000,115200_to_460800,shuffled,17,radar
20260920-192610-inBroken-460800,1,inBroken,51,0,0.48729971460267607,0.4702989172701742,0.01511718612164259,0.027284175230591904,four_class_provisional_roi,0000,115200_to_460800,shuffled,17,radar
20260920-194108-roll-460800,3,roll,51,3,0.006121661130558042,0.0008298651122387644,0.45326294267878814,0.5397855394026813,four_class_provisional_roi,0000,115200_to_460800,shuffled,17,radar
20260920-184857-normal-460800,0,normal,48,0,0.5423120837658644,0.01913471972026552,0.01617571455426514,0.4223774839192629,four_class_provisional_roi,0000,115200_to_460800,shuffled,42,radar
20260920-190913-outBroken-460800,2,outBroken,50,1,0.02735424943268299,0.5109683400392533,0.4365975147485733,0.025079893469810485,four_class_provisional_roi,0000,115200_to_460800,shuffled,42,radar
20260920-192610-inBroken-460800,1,inBroken,51,0,0.5185307129925373,0.44360941823791056,0.010835114610837955,0.02702475923533533,four_class_provisional_roi,0000,115200_to_460800,shuffled,42,radar
20260920-194108-roll-460800,3,roll,51,3,0.006631107946090838,0.0011672851827575405,0.4572004477183024,0.535001159883013,four_class_provisional_roi,0000,115200_to_460800,shuffled,42,radar
20260920-184857-normal-460800,0,normal,48,0,0.5165357136478027,0.017972816616141547,0.016880246403161436,0.4486112246910731,four_class_provisional_roi,0000,115200_to_460800,shuffled,73,radar
20260920-190913-outBroken-460800,2,outBroken,50,1,0.031945391558110714,0.5001454746723175,0.4409667712450027,0.026942369677126408,four_class_provisional_roi,0000,115200_to_460800,shuffled,73,radar
20260920-192610-inBroken-460800,1,inBroken,51,0,0.4981758927597719,0.45315854280602696,0.016195483195285004,0.032470081439789605,four_class_provisional_roi,0000,115200_to_460800,shuffled,73,radar
20260920-194108-roll-460800,3,roll,51,3,0.007030554220774302,0.001034971752019106,0.4532710126802033,0.5386634597591325,four_class_provisional_roi,0000,115200_to_460800,shuffled,73,radar
20260920-184857-normal-460800,0,normal,48,0,0.9828371318678061,0.0061882652710968005,0.004794218533788808,0.006180378952800917,four_class_provisional_roi,0000,115200_to_460800,distill_phase,17,radar
20260920-190913-outBroken-460800,2,outBroken,50,2,0.0067536602588370446,0.0010261487372918055,0.9754193437099457,0.01680084046907723,four_class_provisional_roi,0000,115200_to_460800,distill_phase,17,radar
20260920-192610-inBroken-460800,1,inBroken,51,1,0.012838903266717406,0.9676656465904385,0.0011145060644576362,0.018380933002952266,four_class_provisional_roi,0000,115200_to_460800,distill_phase,17,radar
20260920-194108-roll-460800,3,roll,51,3,0.0042539242376555125,0.012525991627983018,0.006072518187483736,0.9771475651684929,four_class_provisional_roi,0000,115200_to_460800,distill_phase,17,radar
20260920-184857-normal-460800,0,normal,48,0,0.9826005324721336,0.005731741131360953,0.004318085450601454,0.007349633927030179,four_class_provisional_roi,0000,115200_to_460800,distill_phase,42,radar
20260920-190913-outBroken-460800,2,outBroken,50,2,0.004492097897455096,0.0005816491442965344,0.98002565741539,0.014900583298876882,four_class_provisional_roi,0000,115200_to_460800,distill_phase,42,radar
20260920-192610-inBroken-460800,1,inBroken,51,1,0.012489581279748795,0.9742234232378941,0.0009719352580278236,0.012315062495569387,four_class_provisional_roi,0000,115200_to_460800,distill_phase,42,radar
20260920-194108-roll-460800,3,roll,51,3,0.004226369155552604,0.012930828694473295,0.006364077261156019,0.9764787110627866,four_class_provisional_roi,0000,115200_to_460800,distill_phase,42,radar
20260920-184857-normal-460800,0,normal,48,0,0.9831950900455316,0.0061296384180119885,0.004722325024583067,0.005952954505725454,four_class_provisional_roi,0000,115200_to_460800,distill_phase,73,radar
20260920-190913-outBroken-460800,2,outBroken,50,2,0.012575461892411113,0.002148304873262532,0.9590969359874726,0.026179300528019665,four_class_provisional_roi,0000,115200_to_460800,distill_phase,73,radar
20260920-192610-inBroken-460800,1,inBroken,51,1,0.010105300229042768,0.9724550796490089,0.0008620695786221939,0.016577550995291446,four_class_provisional_roi,0000,115200_to_460800,distill_phase,73,radar
20260920-194108-roll-460800,3,roll,51,3,0.004041797714307904,0.012351862209684709,0.006876558225200165,0.9767297856947955,four_class_provisional_roi,0000,115200_to_460800,distill_phase,73,radar
20260920-184857-normal-460800,0,normal,48,2,3.9930585596469935e-06,0.004793165215277659,0.9926581394161779,0.0025447023099843856,four_class_provisional_roi,0000,115200_to_460800,original_head,17,radar
20260920-190913-outBroken-460800,2,outBroken,50,2,8.650444197564092e-06,0.11487460179417955,0.8676157612072051,0.01750098655441787,four_class_provisional_roi,0000,115200_to_460800,original_head,17,radar
20260920-192610-inBroken-460800,1,inBroken,51,2,9.336828687032996e-08,0.022672297535019897,0.9768327825299469,0.0004948265667459479,four_class_provisional_roi,0000,115200_to_460800,original_head,17,radar
20260920-194108-roll-460800,3,roll,51,2,9.048061584887618e-07,0.03567760663638452,0.9583635417770788,0.005957946780378032,four_class_provisional_roi,0000,115200_to_460800,original_head,17,radar
20260920-184857-normal-460800,0,normal,48,2,4.578862762801368e-06,0.004696099611298159,0.9924841768827289,0.0028151446432101157,four_class_provisional_roi,0000,115200_to_460800,original_head,42,radar
20260920-190913-outBroken-460800,2,outBroken,50,2,7.652585191711956e-06,0.10810712303183999,0.8744695585771116,0.01741566580585632,four_class_provisional_roi,0000,115200_to_460800,original_head,42,radar
20260920-192610-inBroken-460800,1,inBroken,51,2,8.08544046556268e-08,0.022214142707126225,0.9772793620702781,0.0005064143681910493,four_class_provisional_roi,0000,115200_to_460800,original_head,42,radar
20260920-194108-roll-460800,3,roll,51,2,9.412574392690864e-07,0.03474221905092494,0.9593300902595213,0.005926749432114613,four_class_provisional_roi,0000,115200_to_460800,original_head,42,radar
20260920-184857-normal-460800,0,normal,48,2,4.630113641849362e-06,0.004313381536351341,0.9930337280994964,0.0026482602505104123,four_class_provisional_roi,0000,115200_to_460800,original_head,73,radar
20260920-190913-outBroken-460800,2,outBroken,50,2,8.56229442932222e-06,0.12115345010729749,0.8605962108618848,0.018241776736388292,four_class_provisional_roi,0000,115200_to_460800,original_head,73,radar
20260920-192610-inBroken-460800,1,inBroken,51,2,8.132755665008846e-08,0.019526109362055902,0.9799612577494835,0.0005125515609038491,four_class_provisional_roi,0000,115200_to_460800,original_head,73,radar
20260920-194108-roll-460800,3,roll,51,2,8.659104738520297e-07,0.033483464702958564,0.9605543746103539,0.005961294776213989,four_class_provisional_roi,0000,115200_to_460800,original_head,73,radar
20260920-184857-normal-460800,0,normal,6,0,0.8907012293328678,0.053987332376018694,0.050278475138520434,0.005032963152592973,four_class_provisional_roi,0001,mixed_recording_holdout,contact_hidden,-1,contact
20260920-190913-outBroken-460800,2,outBroken,10,2,0.004827914117473333,0.0014395944434130704,0.9931947154315142,0.0005377760075994944,four_class_provisional_roi,0001,mixed_recording_holdout,contact_hidden,-1,contact
20260920-192610-inBroken-460800,1,inBroken,7,1,0.0071464601043243784,0.962071389674107,0.0015139465925830995,0.029268203628985575,four_class_provisional_roi,0001,mixed_recording_holdout,contact_hidden,-1,contact
20260920-193718-roll-115200,3,roll,9,3,0.11576249142567636,0.394409069882109,0.05389949795310181,0.4359289407391128,four_class_provisional_roi,0001,mixed_recording_holdout,contact_hidden,-1,contact
20260920-184857-normal-460800,0,normal,6,0,0.9318728387249516,0.029039296410179122,0.028402366162726674,0.010685498702142563,four_class_provisional_roi,0001,mixed_recording_holdout,contact_xyz_hidden,-1,contact
20260920-190913-outBroken-460800,2,outBroken,10,2,0.004917630395763208,0.008068258497258042,0.9868225120632224,0.00019159904375642804,four_class_provisional_roi,0001,mixed_recording_holdout,contact_xyz_hidden,-1,contact
20260920-192610-inBroken-460800,1,inBroken,7,1,0.004278882131617481,0.9475450711330439,0.0013101040049812297,0.0468659427303575,four_class_provisional_roi,0001,mixed_recording_holdout,contact_xyz_hidden,-1,contact
20260920-193718-roll-115200,3,roll,9,1,0.06680959007165194,0.4363701845154059,0.14131526200328354,0.35550496340965876,four_class_provisional_roi,0001,mixed_recording_holdout,contact_xyz_hidden,-1,contact
20260920-184857-normal-460800,0,normal,6,0,0.9778721275725156,0.0029908331133719746,0.012870673670362931,0.00626636564374958,four_class_provisional_roi,0001,mixed_recording_holdout,contact_spectral,-1,contact
20260920-190913-outBroken-460800,2,outBroken,10,2,0.001375210700181561,0.0006702257039415914,0.9975691643255598,0.00038539927031710467,four_class_provisional_roi,0001,mixed_recording_holdout,contact_spectral,-1,contact
20260920-192610-inBroken-460800,1,inBroken,7,1,0.0019612494318003164,0.9882719354580246,0.004673152376849396,0.005093662733325849,four_class_provisional_roi,0001,mixed_recording_holdout,contact_spectral,-1,contact
20260920-193718-roll-115200,3,roll,9,3,0.021931606203876408,0.031376812169710916,0.10729392001549115,0.8393976616109214,four_class_provisional_roi,0001,mixed_recording_holdout,contact_spectral,-1,contact
20260920-184857-normal-460800,0,normal,6,0,0.8482991543623739,0.03516778267789213,0.11238632269590304,0.004146740263830803,four_class_provisional_roi,0001,mixed_recording_holdout,contact_statistics,-1,contact
20260920-190913-outBroken-460800,2,outBroken,10,2,0.0721225085328197,0.04210039453310193,0.8832190424146876,0.0025580545193907775,four_class_provisional_roi,0001,mixed_recording_holdout,contact_statistics,-1,contact
20260920-192610-inBroken-460800,1,inBroken,7,1,0.0015047255993789973,0.8543707035051055,0.012009623147463724,0.13211494774805185,four_class_provisional_roi,0001,mixed_recording_holdout,contact_statistics,-1,contact
20260920-193718-roll-115200,3,roll,9,3,5.9855032900800725e-05,0.047447498920367516,0.13373456490989366,0.818758081136838,four_class_provisional_roi,0001,mixed_recording_holdout,contact_statistics,-1,contact
20260920-184857-normal-460800,0,normal,6,0,0.8882570020130048,0.05678186140586259,0.051761262408673715,0.0031998741724589106,four_class_provisional_roi,0001,mixed_recording_holdout,contact_final_hidden,-1,contact
20260920-190913-outBroken-460800,2,outBroken,10,2,0.007144835924086089,0.0029854621557063453,0.9893968801432631,0.00047282177694438915,four_class_provisional_roi,0001,mixed_recording_holdout,contact_final_hidden,-1,contact
20260920-192610-inBroken-460800,1,inBroken,7,1,0.007905347049085248,0.9644433435011636,0.002778673808454767,0.02487263564129629,four_class_provisional_roi,0001,mixed_recording_holdout,contact_final_hidden,-1,contact
20260920-193718-roll-115200,3,roll,9,1,0.11789667048943756,0.4236605594056652,0.036437495689834586,0.4220052744150626,four_class_provisional_roi,0001,mixed_recording_holdout,contact_final_hidden,-1,contact
20260920-184857-normal-460800,0,normal,6,2,0.012332185171544552,0.08672315627336502,0.8107416033744812,0.09020309895277023,four_class_provisional_roi,0001,mixed_recording_holdout,contact_original,-1,contact
20260920-190913-outBroken-460800,2,outBroken,10,2,0.0010036140447482467,0.1572980433702469,0.6584912538528442,0.18320706486701965,four_class_provisional_roi,0001,mixed_recording_holdout,contact_original,-1,contact
20260920-192610-inBroken-460800,1,inBroken,7,2,7.311032095458359e-05,0.10570169240236282,0.8856785893440247,0.008546590805053711,four_class_provisional_roi,0001,mixed_recording_holdout,contact_original,-1,contact
20260920-193718-roll-115200,3,roll,9,2,0.006577568128705025,0.08760348707437515,0.7687318921089172,0.13708701729774475,four_class_provisional_roi,0001,mixed_recording_holdout,contact_original,-1,contact
20260920-184857-normal-460800,0,normal,6,2,8.411399903707206e-06,0.021196337416768074,0.9730455875396729,0.0057496908120810986,four_class_provisional_roi,0001,mixed_recording_holdout,contact_original_mean_hidden,-1,contact
20260920-190913-outBroken-460800,2,outBroken,10,2,4.026080569019541e-05,0.1317661553621292,0.8237518072128296,0.04444171115756035,four_class_provisional_roi,0001,mixed_recording_holdout,contact_original_mean_hidden,-1,contact
20260920-192610-inBroken-460800,1,inBroken,7,2,7.360277010093341e-08,0.04957010969519615,0.9499243497848511,0.0005054352222941816,four_class_provisional_roi,0001,mixed_recording_holdout,contact_original_mean_hidden,-1,contact
20260920-193718-roll-115200,3,roll,9,2,3.502665776977665e-06,0.03880308195948601,0.9500135779380798,0.011179906316101551,four_class_provisional_roi,0001,mixed_recording_holdout,contact_original_mean_hidden,-1,contact
20260920-184857-normal-460800,0,normal,48,0,0.9964459009437081,0.00018604558826539072,0.00020645860265440982,0.003161594865371689,four_class_provisional_roi,0001,mixed_recording_holdout,radar_frame_shape,-1,radar
20260920-190913-outBroken-460800,2,outBroken,50,2,7.622858839875668e-05,0.017382836261389905,0.9823905871786303,0.00015034797158120002,four_class_provisional_roi,0001,mixed_recording_holdout,radar_frame_shape,-1,radar
20260920-192610-inBroken-460800,1,inBroken,51,1,0.0006086274097068895,0.9940809490289046,0.00032617126096930714,0.004984252300418832,four_class_provisional_roi,0001,mixed_recording_holdout,radar_frame_shape,-1,radar
20260920-193718-roll-115200,3,roll,51,3,0.06552855147911174,0.001626832254238989,0.0018008181910601484,0.9310437980755892,four_class_provisional_roi,0001,mixed_recording_holdout,radar_frame_shape,-1,radar
20260920-184857-normal-460800,0,normal,48,0,0.9975473913823727,0.00011782452341789783,0.0003567121351143914,0.0019780719590952057,four_class_provisional_roi,0001,mixed_recording_holdout,radar_shape_phase,-1,radar
20260920-190913-outBroken-460800,2,outBroken,50,2,4.684911197021033e-05,0.004128731336263066,0.9958047471995799,1.9672352186732777e-05,four_class_provisional_roi,0001,mixed_recording_holdout,radar_shape_phase,-1,radar
20260920-192610-inBroken-460800,1,inBroken,51,1,0.00023973113908416687,0.998995651470737,6.21051284917924e-05,0.0007025122616870221,four_class_provisional_roi,0001,mixed_recording_holdout,radar_shape_phase,-1,radar
20260920-193718-roll-115200,3,roll,51,3,0.025131107459180232,0.0007882845540869975,0.001109054177677417,0.9729715538090553,four_class_provisional_roi,0001,mixed_recording_holdout,radar_shape_phase,-1,radar
20260920-184857-normal-460800,0,normal,48,3,0.42002888737261385,0.0007737111008337059,0.005362738982932331,0.5738346625436201,four_class_provisional_roi,0001,mixed_recording_holdout,radar_coherent_shape,-1,radar
20260920-190913-outBroken-460800,2,outBroken,50,2,0.00018350978441937954,0.0036338565168524133,0.9951789225707317,0.0010037111279966272,four_class_provisional_roi,0001,mixed_recording_holdout,radar_coherent_shape,-1,radar
20260920-192610-inBroken-460800,1,inBroken,51,0,0.748669396733116,0.027788141519311402,0.20333582005233933,0.020206641695233056,four_class_provisional_roi,0001,mixed_recording_holdout,radar_coherent_shape,-1,radar
20260920-193718-roll-115200,3,roll,51,3,0.004883075339849416,0.001058302794416579,0.0015697661243406213,0.9924888557413937,four_class_provisional_roi,0001,mixed_recording_holdout,radar_coherent_shape,-1,radar
20260920-184857-normal-460800,0,normal,48,0,0.9606988200020817,8.871061271093852e-06,0.00011505236100303093,0.039177256575644345,four_class_provisional_roi,0001,mixed_recording_holdout,radar_time_stats,-1,radar
20260920-190913-outBroken-460800,2,outBroken,50,1,0.0007122700780401892,0.637321487768652,0.35652142043450596,0.005444821718801927,four_class_provisional_roi,0001,mixed_recording_holdout,radar_time_stats,-1,radar
20260920-192610-inBroken-460800,1,inBroken,51,1,7.715564353696422e-08,0.8496946624705949,0.14629884036457005,0.004006420009191698,four_class_provisional_roi,0001,mixed_recording_holdout,radar_time_stats,-1,radar
20260920-193718-roll-115200,3,roll,51,3,0.10493750697903664,0.012102508028461408,0.01705487103722328,0.8659051139552788,four_class_provisional_roi,0001,mixed_recording_holdout,radar_time_stats,-1,radar
20260920-184857-normal-460800,0,normal,48,0,0.34292199558252534,0.34292199472845514,0.007692588301751902,0.30646342138726734,four_class_provisional_roi,0001,mixed_recording_holdout,radar_confound_distance,-1,radar
20260920-190913-outBroken-460800,2,outBroken,50,2,0.00017379732486308706,0.00017379732486883727,0.971872289809829,0.027780115540439135,four_class_provisional_roi,0001,mixed_recording_holdout,radar_confound_distance,-1,radar
20260920-192610-inBroken-460800,1,inBroken,51,0,0.34292199558252534,0.3429219947284552,0.007692588301751902,0.30646342138726734,four_class_provisional_roi,0001,mixed_recording_holdout,radar_confound_distance,-1,radar
20260920-193718-roll-115200,3,roll,51,3,0.31401221012817443,0.31401220938384217,0.012729428656610755,0.3592461518313725,four_class_provisional_roi,0001,mixed_recording_holdout,radar_confound_distance,-1,radar
20260920-184857-normal-460800,0,normal,48,0,0.9919192802782356,0.00285178729857817,0.0038727634618643883,0.001356168961321672,four_class_provisional_roi,0001,mixed_recording_holdout,radar_confound_raw_amp,-1,radar
20260920-190913-outBroken-460800,2,outBroken,50,2,0.0023603183135164855,0.0002980386757488878,0.9949139300804891,0.002427712930245499,four_class_provisional_roi,0001,mixed_recording_holdout,radar_confound_raw_amp,-1,radar
20260920-192610-inBroken-460800,1,inBroken,51,1,0.002888574364021927,0.9918230589232095,0.0005272204771924931,0.004761146235576174,four_class_provisional_roi,0001,mixed_recording_holdout,radar_confound_raw_amp,-1,radar
20260920-193718-roll-115200,3,roll,51,3,0.0023295080236646316,0.005914411618452113,0.0018911848766494013,0.989864895481234,four_class_provisional_roi,0001,mixed_recording_holdout,radar_confound_raw_amp,-1,radar
20260920-184857-normal-460800,0,normal,48,0,0.9999133609235287,1.545407413535334e-05,2.171792270170651e-05,4.9456164783615954e-05,four_class_provisional_roi,0001,mixed_recording_holdout,supervised,17,radar
20260920-190913-outBroken-460800,2,outBroken,50,2,8.373560210202413e-05,0.019281439065380254,0.9805434343218803,9.14032565560774e-05,four_class_provisional_roi,0001,mixed_recording_holdout,supervised,17,radar
20260920-192610-inBroken-460800,1,inBroken,51,1,0.00010439007875153467,0.9996795245245391,0.00013689577077885214,7.920088802504823e-05,four_class_provisional_roi,0001,mixed_recording_holdout,supervised,17,radar
20260920-193718-roll-115200,3,roll,51,3,0.0933698797407844,0.00014577895198200684,0.00035129095498650354,0.9061330514959991,four_class_provisional_roi,0001,mixed_recording_holdout,supervised,17,radar
20260920-184857-normal-460800,0,normal,48,0,0.9977387189865112,3.5043261291889394e-05,1.5215432638863527e-05,0.002211034758587971,four_class_provisional_roi,0001,mixed_recording_holdout,supervised,42,radar
20260920-190913-outBroken-460800,2,outBroken,50,2,0.0005099833451822633,0.033818725332021134,0.9650744709372521,0.0005968188711995026,four_class_provisional_roi,0001,mixed_recording_holdout,supervised,42,radar
20260920-192610-inBroken-460800,1,inBroken,51,1,0.00015719745779814033,0.9992904242347268,0.00019463381428139138,0.00035775164681527876,four_class_provisional_roi,0001,mixed_recording_holdout,supervised,42,radar
20260920-193718-roll-115200,3,roll,51,3,0.08452624449999384,0.0001988934155169951,0.00024265351656176077,0.9150322120928881,four_class_provisional_roi,0001,mixed_recording_holdout,supervised,42,radar
20260920-184857-normal-460800,0,normal,48,0,0.9995654647548994,1.1539774045369692e-05,3.446002800444603e-06,0.0004195486787542298,four_class_provisional_roi,0001,mixed_recording_holdout,supervised,73,radar
20260920-190913-outBroken-460800,2,outBroken,50,2,5.3583741837428534e-05,0.009813462966849328,0.9899678540229797,0.0001650965429507778,four_class_provisional_roi,0001,mixed_recording_holdout,supervised,73,radar
20260920-192610-inBroken-460800,1,inBroken,51,1,3.997867235525251e-05,0.9997420579779381,8.143440244762757e-05,0.0001365275570338674,four_class_provisional_roi,0001,mixed_recording_holdout,supervised,73,radar
20260920-193718-roll-115200,3,roll,51,3,0.0809228683255973,0.00012176182250793015,0.00011000626114300936,0.9188453595555734,four_class_provisional_roi,0001,mixed_recording_holdout,supervised,73,radar
20260920-184857-normal-460800,0,normal,48,0,0.9996581921974818,3.223499509867148e-05,8.623215393299688e-05,0.00022332720063171033,four_class_provisional_roi,0001,mixed_recording_holdout,head_only,17,radar
20260920-190913-outBroken-460800,2,outBroken,50,2,0.0005836021578579675,0.012447772233717841,0.9864439547061921,0.0005246690828062128,four_class_provisional_roi,0001,mixed_recording_holdout,head_only,17,radar
20260920-192610-inBroken-460800,1,inBroken,51,1,0.00015783928635452563,0.9991905747675428,4.7544604004703137e-05,0.0006040380077833748,four_class_provisional_roi,0001,mixed_recording_holdout,head_only,17,radar
20260920-193718-roll-115200,3,roll,51,3,0.06689083863524252,0.00045066590117879543,0.001011129177213126,0.9316473540612588,four_class_provisional_roi,0001,mixed_recording_holdout,head_only,17,radar
20260920-184857-normal-460800,0,normal,48,0,0.9996663903196653,5.0462180752219865e-05,8.095126925885172e-05,0.00020217307378326646,four_class_provisional_roi,0001,mixed_recording_holdout,head_only,42,radar
20260920-190913-outBroken-460800,2,outBroken,50,2,0.001060870278888615,0.024901721247042586,0.9727100348472595,0.001327380731672747,four_class_provisional_roi,0001,mixed_recording_holdout,head_only,42,radar
20260920-192610-inBroken-460800,1,inBroken,51,1,0.0001940961817893492,0.9985729455947876,6.774921505483708e-05,0.00116521472113627,four_class_provisional_roi,0001,mixed_recording_holdout,head_only,42,radar
20260920-193718-roll-115200,3,roll,51,3,0.10201861153387547,0.0007657457257058317,0.0009505928489185559,0.8962650589334468,four_class_provisional_roi,0001,mixed_recording_holdout,head_only,42,radar
20260920-184857-normal-460800,0,normal,48,0,0.9996003645161787,3.157033377950332e-05,7.063499003834295e-05,0.0002974193291341483,four_class_provisional_roi,0001,mixed_recording_holdout,head_only,73,radar
20260920-190913-outBroken-460800,2,outBroken,50,2,0.00044461181772931013,0.013243764718790772,0.9853810143470764,0.0009306092880433425,four_class_provisional_roi,0001,mixed_recording_holdout,head_only,73,radar
20260920-192610-inBroken-460800,1,inBroken,51,1,0.00011655666671953547,0.9988370467634762,9.698222807035599e-05,0.0009494020016384585,four_class_provisional_roi,0001,mixed_recording_holdout,head_only,73,radar
20260920-193718-roll-115200,3,roll,51,3,0.07824158849749152,0.0005715707781799959,0.0011460919237887377,0.9200407381571245,four_class_provisional_roi,0001,mixed_recording_holdout,head_only,73,radar
20260920-184857-normal-460800,0,normal,48,0,0.9811459717651209,0.008416805270826444,0.009061589822522365,0.0013756456207071703,four_class_provisional_roi,0001,mixed_recording_holdout,distill,17,radar
20260920-190913-outBroken-460800,2,outBroken,50,2,0.01864638440310955,0.022835628823377193,0.9512551081180572,0.0072628799034282565,four_class_provisional_roi,0001,mixed_recording_holdout,distill,17,radar
20260920-192610-inBroken-460800,1,inBroken,51,1,0.008477667410511012,0.9845712219967562,0.0024469406960312932,0.004504165630422386,four_class_provisional_roi,0001,mixed_recording_holdout,distill,17,radar
20260920-193718-roll-115200,3,roll,51,3,0.05146863266646488,0.02078550836692254,0.02317008233683951,0.9045757829558616,four_class_provisional_roi,0001,mixed_recording_holdout,distill,17,radar
20260920-184857-normal-460800,0,normal,48,0,0.9864107519388199,0.005976731335977092,0.0067999971167106805,0.0008125092842116525,four_class_provisional_roi,0001,mixed_recording_holdout,distill,42,radar
20260920-190913-outBroken-460800,2,outBroken,50,2,0.01824134279973805,0.030439629121683538,0.9405043739080429,0.010814664922654628,four_class_provisional_roi,0001,mixed_recording_holdout,distill,42,radar
20260920-192610-inBroken-460800,1,inBroken,51,1,0.009172816240393063,0.9792501178442263,0.0030632178235214715,0.008513837135122979,four_class_provisional_roi,0001,mixed_recording_holdout,distill,42,radar
20260920-193718-roll-115200,3,roll,51,3,0.09481289965347683,0.03054520601918008,0.02880599904421936,0.8458358983819684,four_class_provisional_roi,0001,mixed_recording_holdout,distill,42,radar
20260920-184857-normal-460800,0,normal,48,0,0.9881220447520415,0.005050416802987456,0.005971016755211167,0.000856524696246197,four_class_provisional_roi,0001,mixed_recording_holdout,distill,73,radar
20260920-190913-outBroken-460800,2,outBroken,50,2,0.01843895424157381,0.026206838563084603,0.9478227335214615,0.007531479196622968,four_class_provisional_roi,0001,mixed_recording_holdout,distill,73,radar
20260920-192610-inBroken-460800,1,inBroken,51,1,0.011367305930630834,0.978995447065316,0.0027596672754917366,0.006877577744935658,four_class_provisional_roi,0001,mixed_recording_holdout,distill,73,radar
20260920-193718-roll-115200,3,roll,51,3,0.05987117131150501,0.02429795484789008,0.025016502413314348,0.8908143798437189,four_class_provisional_roi,0001,mixed_recording_holdout,distill,73,radar
20260920-184857-normal-460800,0,normal,48,0,0.9811897700031599,0.008371568314032629,0.009079975934582762,0.001358683798268127,four_class_provisional_roi,0001,mixed_recording_holdout,no_contrast,17,radar
20260920-190913-outBroken-460800,2,outBroken,50,2,0.018874376695603132,0.022284303503111006,0.9516656708717346,0.007175639988854527,four_class_provisional_roi,0001,mixed_recording_holdout,no_contrast,17,radar
20260920-192610-inBroken-460800,1,inBroken,51,1,0.008372026093888516,0.9847275112189499,0.0024120300259514184,0.004488434110695094,four_class_provisional_roi,0001,mixed_recording_holdout,no_contrast,17,radar
20260920-193718-roll-115200,3,roll,51,3,0.05016967299760675,0.02068247149844526,0.022896084322721933,0.9062517596153068,four_class_provisional_roi,0001,mixed_recording_holdout,no_contrast,17,radar
20260920-184857-normal-460800,0,normal,48,0,0.9864149515827497,0.005969802363930891,0.0068203868965307874,0.0007948590628075181,four_class_provisional_roi,0001,mixed_recording_holdout,no_contrast,42,radar
20260920-190913-outBroken-460800,2,outBroken,50,2,0.019036971274763347,0.03218280896078795,0.9376444345712662,0.011135784513317048,four_class_provisional_roi,0001,mixed_recording_holdout,no_contrast,42,radar
20260920-192610-inBroken-460800,1,inBroken,51,1,0.008632318710214366,0.9798657450021482,0.002923981119951635,0.008577953649721309,four_class_provisional_roi,0001,mixed_recording_holdout,no_contrast,42,radar
20260920-193718-roll-115200,3,roll,51,3,0.09790001140080516,0.031014724073055035,0.028832860186002125,0.842252404063794,four_class_provisional_roi,0001,mixed_recording_holdout,no_contrast,42,radar
20260920-184857-normal-460800,0,normal,48,0,0.9882569201290607,0.0050025193437856314,0.005926931480644271,0.0008136181580387832,four_class_provisional_roi,0001,mixed_recording_holdout,no_contrast,73,radar
20260920-190913-outBroken-460800,2,outBroken,50,2,0.018611395182088018,0.02515541943721473,0.9483681917190552,0.007864993489347398,four_class_provisional_roi,0001,mixed_recording_holdout,no_contrast,73,radar
20260920-192610-inBroken-460800,1,inBroken,51,1,0.010522290781213372,0.981076766462887,0.0024914530850033843,0.0059094846148189965,four_class_provisional_roi,0001,mixed_recording_holdout,no_contrast,73,radar
20260920-193718-roll-115200,3,roll,51,3,0.058348312527146735,0.023891927742892328,0.023961680598885697,0.8937980816425646,four_class_provisional_roi,0001,mixed_recording_holdout,no_contrast,73,radar
20260920-184857-normal-460800,0,normal,48,0,0.9754800274968147,0.011212416531634517,0.011147301682891944,0.002160252525451748,four_class_provisional_roi,0001,mixed_recording_holdout,no_radar_CE,17,radar
20260920-190913-outBroken-460800,2,outBroken,50,2,0.023165343357250096,0.025517107972409577,0.9429772913455963,0.008340261094272137,four_class_provisional_roi,0001,mixed_recording_holdout,no_radar_CE,17,radar
20260920-192610-inBroken-460800,1,inBroken,51,1,0.009230803798738063,0.9826638359649509,0.0026877554151795656,0.005417604980917245,four_class_provisional_roi,0001,mixed_recording_holdout,no_radar_CE,17,radar
20260920-193718-roll-115200,3,roll,51,3,0.049860738019953145,0.02424963599746572,0.024144499795511365,0.9017451233139225,four_class_provisional_roi,0001,mixed_recording_holdout,no_radar_CE,17,radar
20260920-184857-normal-460800,0,normal,48,0,0.982921356956164,0.0075137020224550115,0.008343990630237386,0.0012209471393968367,four_class_provisional_roi,0001,mixed_recording_holdout,no_radar_CE,42,radar
20260920-190913-outBroken-460800,2,outBroken,50,2,0.020320754013955594,0.029105076647829263,0.9366086983680725,0.013965475065633655,four_class_provisional_roi,0001,mixed_recording_holdout,no_radar_CE,42,radar
20260920-192610-inBroken-460800,1,inBroken,51,1,0.011368506387168286,0.9750752589281868,0.003828810998147317,0.00972742807375742,four_class_provisional_roi,0001,mixed_recording_holdout,no_radar_CE,42,radar
20260920-193718-roll-115200,3,roll,51,3,0.08784864957010095,0.036019784507944304,0.03195493200830385,0.8441766305443119,four_class_provisional_roi,0001,mixed_recording_holdout,no_radar_CE,42,radar
20260920-184857-normal-460800,0,normal,48,0,0.9853290468454361,0.006038214361372714,0.006957427802262828,0.0016753170281541923,four_class_provisional_roi,0001,mixed_recording_holdout,no_radar_CE,73,radar
20260920-190913-outBroken-460800,2,outBroken,50,2,0.0233456383086741,0.02972758808871731,0.9373859411478043,0.009540820051915944,four_class_provisional_roi,0001,mixed_recording_holdout,no_radar_CE,73,radar
20260920-192610-inBroken-460800,1,inBroken,51,1,0.013918680686722784,0.9741161103342094,0.0034691724771012864,0.00849604869590086,four_class_provisional_roi,0001,mixed_recording_holdout,no_radar_CE,73,radar
20260920-193718-roll-115200,3,roll,51,3,0.047841696982847196,0.02802411362291405,0.029215899766331502,0.8949183071506959,four_class_provisional_roi,0001,mixed_recording_holdout,no_radar_CE,73,radar
20260920-184857-normal-460800,0,normal,48,3,0.47227638711531955,0.018179152180285502,0.016994751543582726,0.49254970004161197,four_class_provisional_roi,0001,mixed_recording_holdout,shuffled,17,radar
20260920-190913-outBroken-460800,2,outBroken,50,1,0.04012608468532562,0.5204717773199081,0.43222532093524935,0.007176819974556565,four_class_provisional_roi,0001,mixed_recording_holdout,shuffled,17,radar
20260920-192610-inBroken-460800,1,inBroken,51,0,0.48954155164606433,0.4614005264113931,0.03249338694720292,0.01656454096676088,four_class_provisional_roi,0001,mixed_recording_holdout,shuffled,17,radar
20260920-193718-roll-115200,3,roll,51,3,0.051765092694218834,0.009004495878174317,0.44271181998591796,0.4965185908710255,four_class_provisional_roi,0001,mixed_recording_holdout,shuffled,17,radar
20260920-184857-normal-460800,0,normal,48,3,0.4810844883322716,0.014987461210694164,0.013341759913600981,0.4905862895150979,four_class_provisional_roi,0001,mixed_recording_holdout,shuffled,42,radar
20260920-190913-outBroken-460800,2,outBroken,50,1,0.04136922895908356,0.5116005837917328,0.4398010632395744,0.007229119297116995,four_class_provisional_roi,0001,mixed_recording_holdout,shuffled,42,radar
20260920-192610-inBroken-460800,1,inBroken,51,0,0.4935542158052033,0.47198009198787166,0.0219715785271689,0.012494113524535708,four_class_provisional_roi,0001,mixed_recording_holdout,shuffled,42,radar
20260920-193718-roll-115200,3,roll,51,3,0.06243887949077522,0.010102427920655292,0.4183628274237408,0.5090958686435924,four_class_provisional_roi,0001,mixed_recording_holdout,shuffled,42,radar
20260920-184857-normal-460800,0,normal,48,3,0.47011177614331245,0.015039247266637782,0.014038846925056228,0.5008101283262173,four_class_provisional_roi,0001,mixed_recording_holdout,shuffled,73,radar
20260920-190913-outBroken-460800,2,outBroken,50,1,0.04534988734871149,0.5100121945142746,0.43696118891239166,0.007676724093034864,four_class_provisional_roi,0001,mixed_recording_holdout,shuffled,73,radar
20260920-192610-inBroken-460800,1,inBroken,51,1,0.45469002454888585,0.5011333180408851,0.03087856565766475,0.013298098691830448,four_class_provisional_roi,0001,mixed_recording_holdout,shuffled,73,radar
20260920-193718-roll-115200,3,roll,51,3,0.05121912017428115,0.008871952788539085,0.44433490669026093,0.495574016197055,four_class_provisional_roi,0001,mixed_recording_holdout,shuffled,73,radar
20260920-184857-normal-460800,0,normal,48,0,0.9866037853062153,0.005832759348171142,0.00678423439967446,0.0007792165912784791,four_class_provisional_roi,0001,mixed_recording_holdout,distill_phase,17,radar
20260920-190913-outBroken-460800,2,outBroken,50,2,0.012853695079684258,0.004054246763698757,0.9775811707973481,0.0055108923371881245,four_class_provisional_roi,0001,mixed_recording_holdout,distill_phase,17,radar
20260920-192610-inBroken-460800,1,inBroken,51,1,0.007288373230646054,0.9875187990712184,0.0021849002154982265,0.003007937503485557,four_class_provisional_roi,0001,mixed_recording_holdout,distill_phase,17,radar
20260920-193718-roll-115200,3,roll,51,3,0.016851860197836206,0.023774882997660077,0.01871497541045149,0.9406582824155396,four_class_provisional_roi,0001,mixed_recording_holdout,distill_phase,17,radar
20260920-184857-normal-460800,0,normal,48,0,0.98710914204518,0.005736229970352724,0.006423156155506149,0.0007314707321105137,four_class_provisional_roi,0001,mixed_recording_holdout,distill_phase,42,radar
20260920-190913-outBroken-460800,2,outBroken,50,2,0.010883386246860027,0.003720294527010992,0.980527070760727,0.004869247754104435,four_class_provisional_roi,0001,mixed_recording_holdout,distill_phase,42,radar
20260920-192610-inBroken-460800,1,inBroken,51,1,0.009126554005870632,0.9840419397634619,0.002828356940025354,0.00400313686387723,four_class_provisional_roi,0001,mixed_recording_holdout,distill_phase,42,radar
20260920-193718-roll-115200,3,roll,51,3,0.01899476761629522,0.020642522065078512,0.01898756541549137,0.9413751433877384,four_class_provisional_roi,0001,mixed_recording_holdout,distill_phase,42,radar
20260920-184857-normal-460800,0,normal,48,0,0.9872621670365334,0.005287511565256864,0.006669215828878805,0.000781111328251427,four_class_provisional_roi,0001,mixed_recording_holdout,distill_phase,73,radar
20260920-190913-outBroken-460800,2,outBroken,50,2,0.017622851952910423,0.005865498275961727,0.9689010429382324,0.007610599556937814,four_class_provisional_roi,0001,mixed_recording_holdout,distill_phase,73,radar
20260920-192610-inBroken-460800,1,inBroken,51,1,0.009369112788608261,0.9852204883799833,0.0023366231905004265,0.0030737744059924988,four_class_provisional_roi,0001,mixed_recording_holdout,distill_phase,73,radar
20260920-193718-roll-115200,3,roll,51,3,0.0161959484749412,0.019082080330882295,0.01759924420484287,0.94712273162954,four_class_provisional_roi,0001,mixed_recording_holdout,distill_phase,73,radar
20260920-184857-normal-460800,0,normal,48,2,3.995994261826205e-06,0.005163782375109265,0.9922258734344557,0.002606348196173714,four_class_provisional_roi,0001,mixed_recording_holdout,original_head,17,radar
20260920-190913-outBroken-460800,2,outBroken,50,2,7.873701409557638e-06,0.1088702162661664,0.8740220750382572,0.017099834994166514,four_class_provisional_roi,0001,mixed_recording_holdout,original_head,17,radar
20260920-192610-inBroken-460800,1,inBroken,51,2,8.794049554065672e-08,0.025463058964494856,0.9740274974543148,0.0005093556406947782,four_class_provisional_roi,0001,mixed_recording_holdout,original_head,17,radar
20260920-193718-roll-115200,3,roll,51,2,4.262264511871977e-06,0.11364448044334001,0.8691758562763572,0.017175401015790903,four_class_provisional_roi,0001,mixed_recording_holdout,original_head,17,radar
20260920-184857-normal-460800,0,normal,48,2,4.385643763045094e-06,0.004703145097748805,0.9925570486673841,0.0027354205911036614,four_class_provisional_roi,0001,mixed_recording_holdout,original_head,42,radar
20260920-190913-outBroken-460800,2,outBroken,50,2,8.361543179474747e-06,0.10923867381472566,0.8731672129812076,0.017585751660887154,four_class_provisional_roi,0001,mixed_recording_holdout,original_head,42,radar
20260920-192610-inBroken-460800,1,inBroken,51,2,7.549621060393532e-08,0.02458090636114441,0.974894970703468,0.0005240474391771259,four_class_provisional_roi,0001,mixed_recording_holdout,original_head,42,radar
20260920-193718-roll-115200,3,roll,51,2,4.492107770621659e-06,0.09675619320089364,0.8870214960836694,0.01621781860766614,four_class_provisional_roi,0001,mixed_recording_holdout,original_head,42,radar
20260920-184857-normal-460800,0,normal,48,2,4.176257393647982e-06,0.004219591398548348,0.9933944324710171,0.0023817998730407968,four_class_provisional_roi,0001,mixed_recording_holdout,original_head,73,radar
20260920-190913-outBroken-460800,2,outBroken,50,2,8.227032409752673e-06,0.11486092385053367,0.868351431572973,0.016779417544083634,four_class_provisional_roi,0001,mixed_recording_holdout,original_head,73,radar
20260920-192610-inBroken-460800,1,inBroken,51,2,8.879206674052558e-08,0.025528356354633484,0.9738959333445539,0.0005756215087457967,four_class_provisional_roi,0001,mixed_recording_holdout,original_head,73,radar
20260920-193718-roll-115200,3,roll,51,2,4.297469580125729e-06,0.11097010509710484,0.8719882098535475,0.017037387579767152,four_class_provisional_roi,0001,mixed_recording_holdout,original_head,73,radar
20260920-184857-normal-460800,0,normal,6,0,0.8258194404235996,0.10710679957059226,0.03143869817083779,0.03563506183497025,four_class_provisional_roi,0010,mixed_recording_holdout,contact_hidden,-1,contact
20260920-190512-outBroken-115200,2,outBroken,8,2,0.012512627772184839,0.0007047446979214049,0.9519629925194305,0.03481963501046325,four_class_provisional_roi,0010,mixed_recording_holdout,contact_hidden,-1,contact
20260920-192610-inBroken-460800,1,inBroken,7,1,0.0016695899011191142,0.9787157628919854,0.0004947335453003067,0.01911991366159521,four_class_provisional_roi,0010,mixed_recording_holdout,contact_hidden,-1,contact
20260920-194108-roll-460800,3,roll,3,3,0.00038022120181894847,0.027837653145305074,0.0037013670960297034,0.9680807585568463,four_class_provisional_roi,0010,mixed_recording_holdout,contact_hidden,-1,contact
20260920-184857-normal-460800,0,normal,6,0,0.9084358377413491,0.05572302362962859,0.024350079082314416,0.011491059546707974,four_class_provisional_roi,0010,mixed_recording_holdout,contact_xyz_hidden,-1,contact
20260920-190512-outBroken-115200,2,outBroken,8,2,0.013792550382230004,0.0006985571345918609,0.9501342350349801,0.03537465744819791,four_class_provisional_roi,0010,mixed_recording_holdout,contact_xyz_hidden,-1,contact
20260920-192610-inBroken-460800,1,inBroken,7,1,0.001933361815449855,0.9705344121837923,0.00020327316836854953,0.027328952832389123,four_class_provisional_roi,0010,mixed_recording_holdout,contact_xyz_hidden,-1,contact
20260920-194108-roll-460800,3,roll,3,3,0.000133179430472537,0.0005886719442508816,3.758159620617774e-05,0.9992405670290704,four_class_provisional_roi,0010,mixed_recording_holdout,contact_xyz_hidden,-1,contact
20260920-184857-normal-460800,0,normal,6,0,0.9772029120787948,0.002185989246974697,0.011363418074566456,0.009247680599664116,four_class_provisional_roi,0010,mixed_recording_holdout,contact_spectral,-1,contact
20260920-190512-outBroken-115200,2,outBroken,8,2,0.006919451995870588,0.0014796105352843515,0.9873322414946029,0.004268695974242133,four_class_provisional_roi,0010,mixed_recording_holdout,contact_spectral,-1,contact
20260920-192610-inBroken-460800,1,inBroken,7,1,0.0013176907342800199,0.9864378485890876,0.0024665458789171037,0.009777914797715354,four_class_provisional_roi,0010,mixed_recording_holdout,contact_spectral,-1,contact
20260920-194108-roll-460800,3,roll,3,3,0.0034562292713155446,0.0024529197683835872,0.0007049498660073233,0.9933859010942937,four_class_provisional_roi,0010,mixed_recording_holdout,contact_spectral,-1,contact
20260920-184857-normal-460800,0,normal,6,0,0.8923575455594396,0.029137658142231158,0.07441132034710045,0.004093475951228744,four_class_provisional_roi,0010,mixed_recording_holdout,contact_statistics,-1,contact
20260920-190512-outBroken-115200,2,outBroken,8,2,0.14434010888702037,0.06464392645718814,0.7689939697881871,0.022021994867604335,four_class_provisional_roi,0010,mixed_recording_holdout,contact_statistics,-1,contact
20260920-192610-inBroken-460800,1,inBroken,7,1,0.0021173158374936194,0.938358044195626,0.007266434164639305,0.05225820580224109,four_class_provisional_roi,0010,mixed_recording_holdout,contact_statistics,-1,contact
20260920-194108-roll-460800,3,roll,3,3,9.048952267098777e-06,0.0269907099509251,0.001829978308326191,0.9711702627884816,four_class_provisional_roi,0010,mixed_recording_holdout,contact_statistics,-1,contact
20260920-184857-normal-460800,0,normal,6,0,0.7855440549327829,0.1322110883028247,0.03495580653767364,0.0472890502267189,four_class_provisional_roi,0010,mixed_recording_holdout,contact_final_hidden,-1,contact
20260920-190512-outBroken-115200,2,outBroken,8,2,0.011070574072194552,0.001938887276468353,0.9195232626711937,0.06746727598014336,four_class_provisional_roi,0010,mixed_recording_holdout,contact_final_hidden,-1,contact
20260920-192610-inBroken-460800,1,inBroken,7,1,0.0024857912358744218,0.9713547835136324,0.0009345500940466727,0.02522487515644642,four_class_provisional_roi,0010,mixed_recording_holdout,contact_final_hidden,-1,contact
20260920-194108-roll-460800,3,roll,3,3,0.00015563762631493853,0.03505815016914395,0.002335446370338001,0.9624507658342032,four_class_provisional_roi,0010,mixed_recording_holdout,contact_final_hidden,-1,contact
20260920-184857-normal-460800,0,normal,6,2,0.012332185171544552,0.08672315627336502,0.8107416033744812,0.09020309895277023,four_class_provisional_roi,0010,mixed_recording_holdout,contact_original,-1,contact
20260920-190512-outBroken-115200,2,outBroken,8,2,0.003059043549001217,0.13592824339866638,0.6606305241584778,0.20038221776485443,four_class_provisional_roi,0010,mixed_recording_holdout,contact_original,-1,contact
20260920-192610-inBroken-460800,1,inBroken,7,2,7.311032095458359e-05,0.10570169240236282,0.8856785893440247,0.008546590805053711,four_class_provisional_roi,0010,mixed_recording_holdout,contact_original,-1,contact
20260920-194108-roll-460800,3,roll,3,2,0.00039004781865514815,0.18856340646743774,0.6605890393257141,0.1504574418067932,four_class_provisional_roi,0010,mixed_recording_holdout,contact_original,-1,contact
20260920-184857-normal-460800,0,normal,6,2,8.411399903707206e-06,0.021196337416768074,0.9730455875396729,0.0057496908120810986,four_class_provisional_roi,0010,mixed_recording_holdout,contact_original_mean_hidden,-1,contact
20260920-190512-outBroken-115200,2,outBroken,8,2,2.5974071832024492e-05,0.22439271211624146,0.7362313866615295,0.039349865168333054,four_class_provisional_roi,0010,mixed_recording_holdout,contact_original_mean_hidden,-1,contact
20260920-192610-inBroken-460800,1,inBroken,7,2,7.360277010093341e-08,0.04957010969519615,0.9499243497848511,0.0005054352222941816,four_class_provisional_roi,0010,mixed_recording_holdout,contact_original_mean_hidden,-1,contact
20260920-194108-roll-460800,3,roll,3,2,7.2012721830105875e-06,0.15615111589431763,0.8102505803108215,0.033591128885746,four_class_provisional_roi,0010,mixed_recording_holdout,contact_original_mean_hidden,-1,contact
20260920-184857-normal-460800,0,normal,48,0,0.9956980777488869,0.00016497733487363256,7.732634050403892e-05,0.004059618575735603,four_class_provisional_roi,0010,mixed_recording_holdout,radar_frame_shape,-1,radar
20260920-190512-outBroken-115200,2,outBroken,50,2,0.0001784183911941022,0.0034722155439947376,0.9938478676728889,0.0025014983919226835,four_class_provisional_roi,0010,mixed_recording_holdout,radar_frame_shape,-1,radar
20260920-192610-inBroken-460800,1,inBroken,51,1,0.0001294431819782558,0.9991909960998387,2.4440468353234525e-05,0.0006551202498295326,four_class_provisional_roi,0010,mixed_recording_holdout,radar_frame_shape,-1,radar
20260920-194108-roll-460800,3,roll,51,3,0.0018759661652752373,0.0011319793360188453,0.00011155604885982158,0.9968804984498464,four_class_provisional_roi,0010,mixed_recording_holdout,radar_frame_shape,-1,radar
20260920-184857-normal-460800,0,normal,48,0,0.9918079287531154,0.00014195659811541854,0.00023757131506604398,0.007812543333703091,four_class_provisional_roi,0010,mixed_recording_holdout,radar_shape_phase,-1,radar
20260920-190512-outBroken-115200,2,outBroken,50,2,0.00023113222563008506,0.0009592185103415013,0.9982969672835256,0.0005126819805027896,four_class_provisional_roi,0010,mixed_recording_holdout,radar_shape_phase,-1,radar
20260920-192610-inBroken-460800,1,inBroken,51,1,0.00023334702369634826,0.9996800020861705,8.298780795844147e-06,7.835210933699688e-05,four_class_provisional_roi,0010,mixed_recording_holdout,radar_shape_phase,-1,radar
20260920-194108-roll-460800,3,roll,51,3,0.0008249497499577918,0.00046754380612429536,0.00020412134832178193,0.9985033850955959,four_class_provisional_roi,0010,mixed_recording_holdout,radar_shape_phase,-1,radar
20260920-184857-normal-460800,0,normal,48,3,0.24956499521921469,0.0009591896930956981,0.003007275099932677,0.7464685399877568,four_class_provisional_roi,0010,mixed_recording_holdout,radar_coherent_shape,-1,radar
20260920-190512-outBroken-115200,2,outBroken,50,2,0.0010375215401495837,0.010700325326104654,0.9839849961684802,0.004277156965265417,four_class_provisional_roi,0010,mixed_recording_holdout,radar_coherent_shape,-1,radar
20260920-192610-inBroken-460800,1,inBroken,51,0,0.8034654623572623,0.045813645283644545,0.10148900406674326,0.04923188829234977,four_class_provisional_roi,0010,mixed_recording_holdout,radar_coherent_shape,-1,radar
20260920-194108-roll-460800,3,roll,51,3,0.0011038098149210454,0.0016065772586137032,0.00044271069249642904,0.9968469022339687,four_class_provisional_roi,0010,mixed_recording_holdout,radar_coherent_shape,-1,radar
20260920-184857-normal-460800,0,normal,48,0,0.8849977589758696,0.00017794785582664859,0.0001091682183572146,0.11471512494994639,four_class_provisional_roi,0010,mixed_recording_holdout,radar_time_stats,-1,radar
20260920-190512-outBroken-115200,2,outBroken,50,2,0.0002159628004101429,0.08333644217224086,0.8801085805562142,0.03633901447113448,four_class_provisional_roi,0010,mixed_recording_holdout,radar_time_stats,-1,radar
20260920-192610-inBroken-460800,1,inBroken,51,1,1.0593642594565305e-09,0.9579744081141701,0.04185372509654327,0.00017186572992245402,four_class_provisional_roi,0010,mixed_recording_holdout,radar_time_stats,-1,radar
20260920-194108-roll-460800,3,roll,51,3,0.02854971907974089,0.1738712657184924,0.03171636809707397,0.7658626471046932,four_class_provisional_roi,0010,mixed_recording_holdout,radar_time_stats,-1,radar
20260920-184857-normal-460800,0,normal,48,0,0.34292199558252534,0.34292199472845514,0.007692588301751902,0.30646342138726734,four_class_provisional_roi,0010,mixed_recording_holdout,radar_confound_distance,-1,radar
20260920-190512-outBroken-115200,2,outBroken,50,2,0.00017379732486308706,0.00017379732486883727,0.971872289809829,0.027780115540439135,four_class_provisional_roi,0010,mixed_recording_holdout,radar_confound_distance,-1,radar
20260920-192610-inBroken-460800,1,inBroken,51,0,0.34292199558252534,0.3429219947284552,0.007692588301751902,0.30646342138726734,four_class_provisional_roi,0010,mixed_recording_holdout,radar_confound_distance,-1,radar
20260920-194108-roll-460800,3,roll,51,3,0.31401221012817443,0.31401220938384217,0.012729428656610755,0.3592461518313725,four_class_provisional_roi,0010,mixed_recording_holdout,radar_confound_distance,-1,radar
20260920-184857-normal-460800,0,normal,48,0,0.9919362282171083,0.0027797023299570636,0.0038562457279219327,0.0014278237250126694,four_class_provisional_roi,0010,mixed_recording_holdout,radar_confound_raw_amp,-1,radar
20260920-190512-outBroken-115200,2,outBroken,50,2,0.0014658027994915734,0.0002581273841750455,0.9966968634990404,0.0015792063172929368,four_class_provisional_roi,0010,mixed_recording_holdout,radar_confound_raw_amp,-1,radar
20260920-192610-inBroken-460800,1,inBroken,51,1,0.0028890495965516265,0.9919121204376143,0.000553129088740297,0.004645700877093657,four_class_provisional_roi,0010,mixed_recording_holdout,radar_confound_raw_amp,-1,radar
20260920-194108-roll-460800,3,roll,51,3,0.0020284219570172713,0.00596452180710251,0.0017098605544734822,0.9902971956814066,four_class_provisional_roi,0010,mixed_recording_holdout,radar_confound_raw_amp,-1,radar
20260920-184857-normal-460800,0,normal,48,0,0.9999676470955213,6.427940988373848e-06,1.151086542942418e-05,1.4401698057516418e-05,four_class_provisional_roi,0010,mixed_recording_holdout,supervised,17,radar
20260920-190512-outBroken-115200,2,outBroken,50,2,3.088963361733477e-05,8.197948409360833e-05,0.9998495411872864,3.758809061764623e-05,four_class_provisional_roi,0010,mixed_recording_holdout,supervised,17,radar
20260920-192610-inBroken-460800,1,inBroken,51,1,0.00011420788859158718,0.9996915167453242,0.0001437666823952824,5.051333216982255e-05,four_class_provisional_roi,0010,mixed_recording_holdout,supervised,17,radar
20260920-194108-roll-460800,3,roll,51,3,1.5274119139611882e-05,8.136968596781848e-06,8.083606024799747e-06,0.9999684971921584,four_class_provisional_roi,0010,mixed_recording_holdout,supervised,17,radar
20260920-184857-normal-460800,0,normal,48,0,0.9999863430857658,4.4929310583086135e-06,7.007060774573878e-07,8.457196463732922e-06,four_class_provisional_roi,0010,mixed_recording_holdout,supervised,42,radar
20260920-190512-outBroken-115200,2,outBroken,50,2,3.243351557102869e-05,5.371115887101041e-05,0.9998763048648834,3.7530285371758506e-05,four_class_provisional_roi,0010,mixed_recording_holdout,supervised,42,radar
20260920-192610-inBroken-460800,1,inBroken,51,1,0.00010745724741319267,0.9997560416950899,7.423642012986866e-05,6.22616072516893e-05,four_class_provisional_roi,0010,mixed_recording_holdout,supervised,42,radar
20260920-194108-roll-460800,3,roll,51,3,2.6019527004060436e-05,9.066067070093327e-05,4.5553354984982506e-05,0.999837762000514,four_class_provisional_roi,0010,mixed_recording_holdout,supervised,42,radar
20260920-184857-normal-460800,0,normal,48,0,0.9999650170405706,6.3266908677898454e-06,1.2340873019785665e-06,2.7415866265793436e-05,four_class_provisional_roi,0010,mixed_recording_holdout,supervised,73,radar
20260920-190512-outBroken-115200,2,outBroken,50,2,1.2185288742330158e-05,7.797416219545994e-05,0.9998482775688171,6.156481846119278e-05,four_class_provisional_roi,0010,mixed_recording_holdout,supervised,73,radar
20260920-192610-inBroken-460800,1,inBroken,51,1,5.4878199401119835e-05,0.9997904183817845,6.278921850310985e-05,9.19135452611098e-05,four_class_provisional_roi,0010,mixed_recording_holdout,supervised,73,radar
20260920-194108-roll-460800,3,roll,51,3,1.1956118798622687e-05,5.392399822869943e-05,2.9079652289082706e-05,0.9999050427885616,four_class_provisional_roi,0010,mixed_recording_holdout,supervised,73,radar
20260920-184857-normal-460800,0,normal,48,0,0.9999258158107599,6.919387449973631e-06,4.6409264863693046e-05,2.085581886272318e-05,four_class_provisional_roi,0010,mixed_recording_holdout,head_only,17,radar
20260920-190512-outBroken-115200,2,outBroken,50,2,0.0002716240953304805,5.033515775721753e-05,0.9995910179615021,8.70223571837414e-05,four_class_provisional_roi,0010,mixed_recording_holdout,head_only,17,radar
20260920-192610-inBroken-460800,1,inBroken,51,1,0.0002447072872789303,0.9994611798548231,4.7792121275800606e-05,0.00024631484334617303,four_class_provisional_roi,0010,mixed_recording_holdout,head_only,17,radar
20260920-194108-roll-460800,3,roll,51,3,2.727443585421961e-05,0.00014630198600963353,2.9287320941483475e-05,0.9997971209825254,four_class_provisional_roi,0010,mixed_recording_holdout,head_only,17,radar
20260920-184857-normal-460800,0,normal,48,0,0.9999213218688965,3.5082021724974766e-05,2.9871385227882758e-05,1.3714264189464606e-05,four_class_provisional_roi,0010,mixed_recording_holdout,head_only,42,radar
20260920-190512-outBroken-115200,2,outBroken,50,2,0.00013675051333848388,2.6399757243780185e-05,0.9997558820247651,8.097370344330557e-05,four_class_provisional_roi,0010,mixed_recording_holdout,head_only,42,radar
20260920-192610-inBroken-460800,1,inBroken,51,1,0.00046799313185700013,0.9990890353333717,9.712971929248477e-05,0.0003458494060859997,four_class_provisional_roi,0010,mixed_recording_holdout,head_only,42,radar
20260920-194108-roll-460800,3,roll,51,3,5.4408192048796596e-05,5.422327337426253e-05,5.2327756997792496e-05,0.9998390405785804,four_class_provisional_roi,0010,mixed_recording_holdout,head_only,42,radar
20260920-184857-normal-460800,0,normal,48,0,0.999911230057478,3.7131945930468646e-05,3.230348783252642e-05,1.9329140170517196e-05,four_class_provisional_roi,0010,mixed_recording_holdout,head_only,73,radar
20260920-190512-outBroken-115200,2,outBroken,50,2,0.00016996427351841702,5.250564332527574e-05,0.9996621918678283,0.00011534614430274814,four_class_provisional_roi,0010,mixed_recording_holdout,head_only,73,radar
20260920-192610-inBroken-460800,1,inBroken,51,1,0.0002828185536725191,0.9993647862883175,0.00012740316186168725,0.00022499540828707098,four_class_provisional_roi,0010,mixed_recording_holdout,head_only,73,radar
20260920-194108-roll-460800,3,roll,51,3,1.949655654029544e-05,6.193073058253219e-05,9.838998334553074e-05,0.9998201716179941,four_class_provisional_roi,0010,mixed_recording_holdout,head_only,73,radar
20260920-184857-normal-460800,0,normal,48,0,0.9839097410440445,0.006999806990885797,0.003118573932927878,0.005971880586002953,four_class_provisional_roi,0010,mixed_recording_holdout,distill,17,radar
20260920-190512-outBroken-115200,2,outBroken,50,2,0.004412519349716604,0.00020932907224050724,0.9849999701976776,0.010378190716728568,four_class_provisional_roi,0010,mixed_recording_holdout,distill,17,radar
20260920-192610-inBroken-460800,1,inBroken,51,1,0.010038355155391436,0.9753164321768517,0.000641506000344331,0.014003700613245075,four_class_provisional_roi,0010,mixed_recording_holdout,distill,17,radar
20260920-194108-roll-460800,3,roll,51,3,0.004627208880550575,0.02265236286592542,0.004027372541125207,0.9686930530211505,four_class_provisional_roi,0010,mixed_recording_holdout,distill,17,radar
20260920-184857-normal-460800,0,normal,48,0,0.9891648963093758,0.00448870752491833,0.0024534910165433152,0.003892916536036258,four_class_provisional_roi,0010,mixed_recording_holdout,distill,42,radar
20260920-190512-outBroken-115200,2,outBroken,50,2,0.0038455482944846154,0.00012920906709041447,0.9863069486618042,0.009718287782743574,four_class_provisional_roi,0010,mixed_recording_holdout,distill,42,radar
20260920-192610-inBroken-460800,1,inBroken,51,1,0.010548324479411045,0.9599494852271735,0.0009228983316479214,0.02857928343263327,four_class_provisional_roi,0010,mixed_recording_holdout,distill,42,radar
20260920-194108-roll-460800,3,roll,51,3,0.005695807574061202,0.022633638474907652,0.0053524924487825115,0.9663180556951785,four_class_provisional_roi,0010,mixed_recording_holdout,distill,42,radar
20260920-184857-normal-460800,0,normal,48,0,0.9888544070223967,0.0044911609826764716,0.002658124649315141,0.00399630580310865,four_class_provisional_roi,0010,mixed_recording_holdout,distill,73,radar
20260920-190512-outBroken-115200,2,outBroken,50,2,0.003937754421494901,0.00012686106740147807,0.9871408975124359,0.008794494634494186,four_class_provisional_roi,0010,mixed_recording_holdout,distill,73,radar
20260920-192610-inBroken-460800,1,inBroken,51,1,0.01378619119378866,0.9617758802339142,0.0010181596929517884,0.023419768019926315,four_class_provisional_roi,0010,mixed_recording_holdout,distill,73,radar
20260920-194108-roll-460800,3,roll,51,3,0.00572670478255068,0.018620029073573796,0.005530857887374712,0.970122405126983,four_class_provisional_roi,0010,mixed_recording_holdout,distill,73,radar
20260920-184857-normal-460800,0,normal,48,0,0.9841297852496306,0.006916504620069948,0.003065216852216205,0.005888486736997341,four_class_provisional_roi,0010,mixed_recording_holdout,no_contrast,17,radar
20260920-190512-outBroken-115200,2,outBroken,50,2,0.004649451998993755,0.0002099219971569255,0.9849641990661621,0.01017643503844738,four_class_provisional_roi,0010,mixed_recording_holdout,no_contrast,17,radar
20260920-192610-inBroken-460800,1,inBroken,51,1,0.009973725367921824,0.9753407543780757,0.0006539418154359594,0.01403158400938207,four_class_provisional_roi,0010,mixed_recording_holdout,no_contrast,17,radar
20260920-194108-roll-460800,3,roll,51,3,0.0046875677710654685,0.02181904494543286,0.004110502891753819,0.9693828797807881,four_class_provisional_roi,0010,mixed_recording_holdout,no_contrast,17,radar
20260920-184857-normal-460800,0,normal,48,0,0.9893010507027308,0.00437626691806751,0.0024358121372642927,0.0038868864430696703,four_class_provisional_roi,0010,mixed_recording_holdout,no_contrast,42,radar
20260920-190512-outBroken-115200,2,outBroken,50,2,0.003815585165284574,0.0001280405376746785,0.9864689755439758,0.009587396262213587,four_class_provisional_roi,0010,mixed_recording_holdout,no_contrast,42,radar
20260920-192610-inBroken-460800,1,inBroken,51,1,0.010464689712606225,0.9602641416530983,0.0009255850500445448,0.028345578039685886,four_class_provisional_roi,0010,mixed_recording_holdout,no_contrast,42,radar
20260920-194108-roll-460800,3,roll,51,3,0.005642383386764456,0.022387798642739654,0.005358927066017892,0.9666109026647082,four_class_provisional_roi,0010,mixed_recording_holdout,no_contrast,42,radar
20260920-184857-normal-460800,0,normal,48,0,0.9890313123663267,0.0044065265052874265,0.002611348628609752,0.003950816761062015,four_class_provisional_roi,0010,mixed_recording_holdout,no_contrast,73,radar
20260920-190512-outBroken-115200,2,outBroken,50,2,0.003904192866757512,0.00012426310640876182,0.9874827075004577,0.008488826854154467,four_class_provisional_roi,0010,mixed_recording_holdout,no_contrast,73,radar
20260920-192610-inBroken-460800,1,inBroken,51,1,0.012589309209336838,0.9652566968225965,0.000993728021378903,0.021160261924652493,four_class_provisional_roi,0010,mixed_recording_holdout,no_contrast,73,radar
20260920-194108-roll-460800,3,roll,51,3,0.005891031106276547,0.01936965338958829,0.005582059436824684,0.9691572656818465,four_class_provisional_roi,0010,mixed_recording_holdout,no_contrast,73,radar
20260920-184857-normal-460800,0,normal,48,0,0.982463177293539,0.007995468729253238,0.00334953423589468,0.006191811473399866,four_class_provisional_roi,0010,mixed_recording_holdout,no_radar_CE,17,radar
20260920-190512-outBroken-115200,2,outBroken,50,2,0.004259372039232403,0.00019599302046117374,0.9842088305950165,0.011335802786052228,four_class_provisional_roi,0010,mixed_recording_holdout,no_radar_CE,17,radar
20260920-192610-inBroken-460800,1,inBroken,51,1,0.010668314646418188,0.97204776838714,0.0006078593176104786,0.016676061311919316,four_class_provisional_roi,0010,mixed_recording_holdout,no_radar_CE,17,radar
20260920-194108-roll-460800,3,roll,51,3,0.004687275326646426,0.02720883658484501,0.0038927101128387685,0.9642111764234655,four_class_provisional_roi,0010,mixed_recording_holdout,no_radar_CE,17,radar
20260920-184857-normal-460800,0,normal,48,0,0.9890098869800568,0.0048214133906488614,0.0023579603815354253,0.0038107292445298904,four_class_provisional_roi,0010,mixed_recording_holdout,no_radar_CE,42,radar
20260920-190512-outBroken-115200,2,outBroken,50,2,0.004617646313272416,0.00014686241585877723,0.9838867437839508,0.011348760686814785,four_class_provisional_roi,0010,mixed_recording_holdout,no_radar_CE,42,radar
20260920-192610-inBroken-460800,1,inBroken,51,1,0.008394467470911788,0.9638857502563327,0.0006865632620996193,0.027033218273929523,four_class_provisional_roi,0010,mixed_recording_holdout,no_radar_CE,42,radar
20260920-194108-roll-460800,3,roll,51,3,0.006031362015717462,0.026240645816513135,0.005796826791529562,0.9619311608520209,four_class_provisional_roi,0010,mixed_recording_holdout,no_radar_CE,42,radar
20260920-184857-normal-460800,0,normal,48,0,0.9891920834779739,0.004510518924992842,0.0024476679172948934,0.003849734268442262,four_class_provisional_roi,0010,mixed_recording_holdout,no_radar_CE,73,radar
20260920-190512-outBroken-115200,2,outBroken,50,2,0.004299776521511376,0.00014656046041636728,0.9840518939495086,0.011501768324524164,four_class_provisional_roi,0010,mixed_recording_holdout,no_radar_CE,73,radar
20260920-192610-inBroken-460800,1,inBroken,51,1,0.013537739713986715,0.9567992137927636,0.0010009874982357609,0.02866206055178362,four_class_provisional_roi,0010,mixed_recording_holdout,no_radar_CE,73,radar
20260920-194108-roll-460800,3,roll,51,3,0.005201023713429915,0.01934140365497739,0.0054128834082945885,0.9700446818389145,four_class_provisional_roi,0010,mixed_recording_holdout,no_radar_CE,73,radar
20260920-184857-normal-460800,0,normal,48,0,0.5144298082838455,0.020928103709593415,0.013016582262935117,0.4516255085666974,four_class_provisional_roi,0010,mixed_recording_holdout,shuffled,17,radar
20260920-190512-outBroken-115200,2,outBroken,50,2,0.028653005473315715,0.43428287029266355,0.4979092037677765,0.03915490485727787,four_class_provisional_roi,0010,mixed_recording_holdout,shuffled,17,radar
20260920-192610-inBroken-460800,1,inBroken,51,0,0.4996706884281308,0.467487330530204,0.00809599652740301,0.024745990138720062,four_class_provisional_roi,0010,mixed_recording_holdout,shuffled,17,radar
20260920-194108-roll-460800,3,roll,51,3,0.006609807496287805,0.0005948802856580063,0.4538981195758371,0.5388971970361822,four_class_provisional_roi,0010,mixed_recording_holdout,shuffled,17,radar
20260920-184857-normal-460800,0,normal,48,0,0.5327419874568781,0.018818059276478987,0.012750453732830161,0.4356894977390766,four_class_provisional_roi,0010,mixed_recording_holdout,shuffled,42,radar
20260920-190512-outBroken-115200,2,outBroken,50,2,0.02860544215887785,0.4255379128456116,0.5109143471717834,0.03494229108095169,four_class_provisional_roi,0010,mixed_recording_holdout,shuffled,42,radar
20260920-192610-inBroken-460800,1,inBroken,51,0,0.5204361285649094,0.45047592064913583,0.006533197510768385,0.022554758406591182,four_class_provisional_roi,0010,mixed_recording_holdout,shuffled,42,radar
20260920-194108-roll-460800,3,roll,51,3,0.008675793042022954,0.0012335206896144275,0.4499031743582557,0.5401875183862799,four_class_provisional_roi,0010,mixed_recording_holdout,shuffled,42,radar
20260920-184857-normal-460800,0,normal,48,0,0.5137385589381059,0.018035437737125903,0.013467326508058855,0.4547586776316166,four_class_provisional_roi,0010,mixed_recording_holdout,shuffled,73,radar
20260920-190512-outBroken-115200,2,outBroken,50,2,0.025560554340481757,0.43168647527694703,0.5068699169158936,0.0358830526471138,four_class_provisional_roi,0010,mixed_recording_holdout,shuffled,73,radar
20260920-192610-inBroken-460800,1,inBroken,51,0,0.5010346670945486,0.46277249210021076,0.009195968545242851,0.026996870981711968,four_class_provisional_roi,0010,mixed_recording_holdout,shuffled,73,radar
20260920-194108-roll-460800,3,roll,51,3,0.007882279337055105,0.0009448818758862806,0.44630706368708145,0.5448657718359255,four_class_provisional_roi,0010,mixed_recording_holdout,shuffled,73,radar
20260920-184857-normal-460800,0,normal,48,0,0.9846624049047629,0.005726435929924871,0.0032613887063538036,0.006349758220797715,four_class_provisional_roi,0010,mixed_recording_holdout,distill_phase,17,radar
20260920-190512-outBroken-115200,2,outBroken,50,2,0.0034831101959571244,0.00014416588033782317,0.9868628704547882,0.009509853143244982,four_class_provisional_roi,0010,mixed_recording_holdout,distill_phase,17,radar
20260920-192610-inBroken-460800,1,inBroken,51,1,0.009721715487174544,0.9711656430188347,0.0008935101419303785,0.018219137838219896,four_class_provisional_roi,0010,mixed_recording_holdout,distill_phase,17,radar
20260920-194108-roll-460800,3,roll,51,3,0.00398183384837181,0.01431702934753369,0.004115345636747924,0.9775857866979113,four_class_provisional_roi,0010,mixed_recording_holdout,distill_phase,17,radar
20260920-184857-normal-460800,0,normal,48,0,0.9849121198058128,0.005381450328665475,0.002755459235534848,0.0069509657090141745,four_class_provisional_roi,0010,mixed_recording_holdout,distill_phase,42,radar
20260920-190512-outBroken-115200,2,outBroken,50,2,0.0030667453072965147,0.00011759788365452551,0.9883411133289337,0.008474536566063761,four_class_provisional_roi,0010,mixed_recording_holdout,distill_phase,42,radar
20260920-192610-inBroken-460800,1,inBroken,51,1,0.009605196989415324,0.9765266600777122,0.000734181399000626,0.01313396567003984,four_class_provisional_roi,0010,mixed_recording_holdout,distill_phase,42,radar
20260920-194108-roll-460800,3,roll,51,3,0.003985817215460188,0.01333284457488095,0.004049404679487149,0.9786319265178606,four_class_provisional_roi,0010,mixed_recording_holdout,distill_phase,42,radar
20260920-184857-normal-460800,0,normal,48,0,0.9838783927261829,0.00608648683798189,0.003425652379519306,0.0066094720144368084,four_class_provisional_roi,0010,mixed_recording_holdout,distill_phase,73,radar
20260920-190512-outBroken-115200,2,outBroken,50,2,0.0029835633048787714,0.00013046624459093437,0.987868664264679,0.009017300847917796,four_class_provisional_roi,0010,mixed_recording_holdout,distill_phase,73,radar
20260920-192610-inBroken-460800,1,inBroken,51,1,0.006933656146786376,0.9803169696938758,0.000614536309263249,0.012134827509084168,four_class_provisional_roi,0010,mixed_recording_holdout,distill_phase,73,radar
20260920-194108-roll-460800,3,roll,51,3,0.0041455852516068545,0.014757389714028322,0.00463536196370043,0.9764616641343808,four_class_provisional_roi,0010,mixed_recording_holdout,distill_phase,73,radar
20260920-184857-normal-460800,0,normal,48,2,4.2677473385804965e-06,0.004808459050503242,0.992573646873653,0.002613626328505317,four_class_provisional_roi,0010,mixed_recording_holdout,original_head,17,radar
20260920-190512-outBroken-115200,2,outBroken,50,2,1.6799796970442633e-05,0.10630191245778153,0.8670235501348793,0.026657737610368482,four_class_provisional_roi,0010,mixed_recording_holdout,original_head,17,radar
20260920-192610-inBroken-460800,1,inBroken,51,2,7.239734601718588e-08,0.020346283360134932,0.9792411005781272,0.00041254366439174504,four_class_provisional_roi,0010,mixed_recording_holdout,original_head,17,radar
20260920-194108-roll-460800,3,roll,51,2,8.899459252394087e-07,0.03441785910130618,0.9598525456171765,0.00572870533559194,four_class_provisional_roi,0010,mixed_recording_holdout,original_head,17,radar
20260920-184857-normal-460800,0,normal,48,2,4.415834877354186e-06,0.004423694389052573,0.9929210198513717,0.002650869924698354,four_class_provisional_roi,0010,mixed_recording_holdout,original_head,42,radar
20260920-190512-outBroken-115200,2,outBroken,50,2,1.7726559618766216e-05,0.10291462538764636,0.8695211109221513,0.027546537130583398,four_class_provisional_roi,0010,mixed_recording_holdout,original_head,42,radar
20260920-192610-inBroken-460800,1,inBroken,51,2,6.212976321358121e-08,0.020249626009145916,0.9793435629589499,0.0004067489021410106,four_class_provisional_roi,0010,mixed_recording_holdout,original_head,42,radar
20260920-194108-roll-460800,3,roll,51,2,8.766793212054297e-07,0.034074207815046754,0.9601937893210201,0.005731126184611847,four_class_provisional_roi,0010,mixed_recording_holdout,original_head,42,radar
20260920-184857-normal-460800,0,normal,48,2,4.4479020371801485e-06,0.004357276275057301,0.9930981239095593,0.002540151913346445,four_class_provisional_roi,0010,mixed_recording_holdout,original_head,73,radar
20260920-190512-outBroken-115200,2,outBroken,50,2,1.5385792437222608e-05,0.09587069243087562,0.879375612381898,0.024738309394789156,four_class_provisional_roi,0010,mixed_recording_holdout,original_head,73,radar
20260920-192610-inBroken-460800,1,inBroken,51,2,6.891768994660082e-08,0.02093109614343404,0.9786088431249439,0.00045999181393196353,four_class_provisional_roi,0010,mixed_recording_holdout,original_head,73,radar
20260920-194108-roll-460800,3,roll,51,2,8.309777364421964e-07,0.033981949152941775,0.9602188737276651,0.005798346141656701,four_class_provisional_roi,0010,mixed_recording_holdout,original_head,73,radar
20260920-184857-normal-460800,0,normal,6,0,0.9114016861544864,0.04498602198962892,0.03731979153273314,0.0062925003231515736,four_class_provisional_roi,0011,mixed_recording_holdout,contact_hidden,-1,contact
20260920-190512-outBroken-115200,2,outBroken,8,2,0.03670172113254111,0.0020808813996312874,0.9144543870011803,0.046763010466647346,four_class_provisional_roi,0011,mixed_recording_holdout,contact_hidden,-1,contact
20260920-192610-inBroken-460800,1,inBroken,7,1,0.007390553138841178,0.9628190587900975,0.0018808311915527092,0.027909556879508673,four_class_provisional_roi,0011,mixed_recording_holdout,contact_hidden,-1,contact
20260920-193718-roll-115200,3,roll,9,3,0.11776333772078812,0.37764073102979223,0.07820028165356901,0.4263956495958507,four_class_provisional_roi,0011,mixed_recording_holdout,contact_hidden,-1,contact
20260920-184857-normal-460800,0,normal,6,0,0.934071378878459,0.025565747180597977,0.03010766537017662,0.01025520857076643,four_class_provisional_roi,0011,mixed_recording_holdout,contact_xyz_hidden,-1,contact
20260920-190512-outBroken-115200,2,outBroken,8,2,0.032278066762297025,0.0018207059598406954,0.9491298171301583,0.01677141014770385,four_class_provisional_roi,0011,mixed_recording_holdout,contact_xyz_hidden,-1,contact
20260920-192610-inBroken-460800,1,inBroken,7,1,0.004305292514094805,0.9592562315841696,0.001150719466430081,0.035287756435305614,four_class_provisional_roi,0011,mixed_recording_holdout,contact_xyz_hidden,-1,contact
20260920-193718-roll-115200,3,roll,9,1,0.12166651049305896,0.37715567226253627,0.13900339498934688,0.36217442225505786,four_class_provisional_roi,0011,mixed_recording_holdout,contact_xyz_hidden,-1,contact
20260920-184857-normal-460800,0,normal,6,0,0.9786292601526926,0.0029831997949630114,0.011847057976550534,0.0065404820757937856,four_class_provisional_roi,0011,mixed_recording_holdout,contact_spectral,-1,contact
20260920-190512-outBroken-115200,2,outBroken,8,2,0.0074011249218362855,0.002123539951186617,0.9893039648445068,0.001171370282470274,four_class_provisional_roi,0011,mixed_recording_holdout,contact_spectral,-1,contact
20260920-192610-inBroken-460800,1,inBroken,7,1,0.0017433734943067005,0.9890174701943348,0.0041490419517864734,0.0050901143595719345,four_class_provisional_roi,0011,mixed_recording_holdout,contact_spectral,-1,contact
20260920-193718-roll-115200,3,roll,9,3,0.017723615851765098,0.03445623098833708,0.10552561986633564,0.8422945332935623,four_class_provisional_roi,0011,mixed_recording_holdout,contact_spectral,-1,contact
20260920-184857-normal-460800,0,normal,6,0,0.8774096542762418,0.03622638126065841,0.0828089957621799,0.0035549687009197983,four_class_provisional_roi,0011,mixed_recording_holdout,contact_statistics,-1,contact
20260920-190512-outBroken-115200,2,outBroken,8,2,0.1688015405594079,0.05420355107658141,0.7705692161249247,0.006425692239086022,four_class_provisional_roi,0011,mixed_recording_holdout,contact_statistics,-1,contact
20260920-192610-inBroken-460800,1,inBroken,7,1,0.0029668562008662125,0.8667538750668008,0.009588294398082398,0.12069097433425059,four_class_provisional_roi,0011,mixed_recording_holdout,contact_statistics,-1,contact
20260920-193718-roll-115200,3,roll,9,3,0.00010835080363506578,0.04501600819936588,0.12886839089487923,0.82600725010212,four_class_provisional_roi,0011,mixed_recording_holdout,contact_statistics,-1,contact
20260920-184857-normal-460800,0,normal,6,0,0.907375167683515,0.047362274547774724,0.041523150568515216,0.0037394072001951262,four_class_provisional_roi,0011,mixed_recording_holdout,contact_final_hidden,-1,contact
20260920-190512-outBroken-115200,2,outBroken,8,2,0.05245740902586994,0.002710111261316854,0.9062099281792176,0.03862255153359547,four_class_provisional_roi,0011,mixed_recording_holdout,contact_final_hidden,-1,contact
20260920-192610-inBroken-460800,1,inBroken,7,1,0.008171067823418072,0.9659854012551101,0.0026691269404028506,0.023174403981069094,four_class_provisional_roi,0011,mixed_recording_holdout,contact_final_hidden,-1,contact
20260920-193718-roll-115200,3,roll,9,3,0.1187085974272361,0.4038407593925188,0.05895923383603843,0.4184914093442066,four_class_provisional_roi,0011,mixed_recording_holdout,contact_final_hidden,-1,contact
20260920-184857-normal-460800,0,normal,6,2,0.012332185171544552,0.08672315627336502,0.8107416033744812,0.09020309895277023,four_class_provisional_roi,0011,mixed_recording_holdout,contact_original,-1,contact
20260920-190512-outBroken-115200,2,outBroken,8,2,0.003059043549001217,0.13592824339866638,0.6606305241584778,0.20038221776485443,four_class_provisional_roi,0011,mixed_recording_holdout,contact_original,-1,contact
20260920-192610-inBroken-460800,1,inBroken,7,2,7.311032095458359e-05,0.10570169240236282,0.8856785893440247,0.008546590805053711,four_class_provisional_roi,0011,mixed_recording_holdout,contact_original,-1,contact
20260920-193718-roll-115200,3,roll,9,2,0.006577568128705025,0.08760348707437515,0.7687318921089172,0.13708701729774475,four_class_provisional_roi,0011,mixed_recording_holdout,contact_original,-1,contact
20260920-184857-normal-460800,0,normal,6,2,8.411399903707206e-06,0.021196337416768074,0.9730455875396729,0.0057496908120810986,four_class_provisional_roi,0011,mixed_recording_holdout,contact_original_mean_hidden,-1,contact
20260920-190512-outBroken-115200,2,outBroken,8,2,2.5974071832024492e-05,0.22439271211624146,0.7362313866615295,0.039349865168333054,four_class_provisional_roi,0011,mixed_recording_holdout,contact_original_mean_hidden,-1,contact
20260920-192610-inBroken-460800,1,inBroken,7,2,7.360277010093341e-08,0.04957010969519615,0.9499243497848511,0.0005054352222941816,four_class_provisional_roi,0011,mixed_recording_holdout,contact_original_mean_hidden,-1,contact
20260920-193718-roll-115200,3,roll,9,2,3.502665776977665e-06,0.03880308195948601,0.9500135779380798,0.011179906316101551,four_class_provisional_roi,0011,mixed_recording_holdout,contact_original_mean_hidden,-1,contact
20260920-184857-normal-460800,0,normal,48,0,0.996978591156466,0.00024456671027195376,0.00016174599446485904,0.002615096138797219,four_class_provisional_roi,0011,mixed_recording_holdout,radar_frame_shape,-1,radar
20260920-190512-outBroken-115200,2,outBroken,50,2,0.0009525043226113766,0.0033562310056374006,0.9952225805305558,0.0004686841411951386,four_class_provisional_roi,0011,mixed_recording_holdout,radar_frame_shape,-1,radar
20260920-192610-inBroken-460800,1,inBroken,51,1,0.0001092399787097598,0.9986300321245299,3.458582432856481e-05,0.001226142072431621,four_class_provisional_roi,0011,mixed_recording_holdout,radar_frame_shape,-1,radar
20260920-193718-roll-115200,3,roll,51,3,0.07637098089503573,0.0015641624130484527,0.001843084122436596,0.9202217725694791,four_class_provisional_roi,0011,mixed_recording_holdout,radar_frame_shape,-1,radar
20260920-184857-normal-460800,0,normal,48,0,0.997326797411931,0.00012760096963675707,0.0002839667079979682,0.002261634910434423,four_class_provisional_roi,0011,mixed_recording_holdout,radar_shape_phase,-1,radar
20260920-190512-outBroken-115200,2,outBroken,50,2,0.0004705899774481341,0.0009291492357699849,0.9982820931085145,0.0003181676782676715,four_class_provisional_roi,0011,mixed_recording_holdout,radar_shape_phase,-1,radar
20260920-192610-inBroken-460800,1,inBroken,51,1,5.4414467353283404e-05,0.9996449036658479,8.77532901803161e-06,0.0002919065377807571,four_class_provisional_roi,0011,mixed_recording_holdout,radar_shape_phase,-1,radar
20260920-193718-roll-115200,3,roll,51,3,0.02807824802004808,0.0006917850275755927,0.001086221334533978,0.9701437456178424,four_class_provisional_roi,0011,mixed_recording_holdout,radar_shape_phase,-1,radar
20260920-184857-normal-460800,0,normal,48,3,0.408144346008767,0.000855065343743707,0.004151390903931912,0.5868491977435574,four_class_provisional_roi,0011,mixed_recording_holdout,radar_coherent_shape,-1,radar
20260920-190512-outBroken-115200,2,outBroken,50,2,0.0011576945606876917,0.009791639380853572,0.9862339486328547,0.002816717425604133,four_class_provisional_roi,0011,mixed_recording_holdout,radar_coherent_shape,-1,radar
20260920-192610-inBroken-460800,1,inBroken,51,0,0.8255596899932527,0.04021194953731078,0.09951920226947697,0.0347091581999596,four_class_provisional_roi,0011,mixed_recording_holdout,radar_coherent_shape,-1,radar
20260920-193718-roll-115200,3,roll,51,3,0.0056671224346873566,0.001193657072343235,0.0013819110522947234,0.9917573094406749,four_class_provisional_roi,0011,mixed_recording_holdout,radar_coherent_shape,-1,radar
20260920-184857-normal-460800,0,normal,48,0,0.9341663183079256,5.01999965060407e-05,5.3705672775307823e-05,0.06572977602279266,four_class_provisional_roi,0011,mixed_recording_holdout,radar_time_stats,-1,radar
20260920-190512-outBroken-115200,2,outBroken,50,2,0.0006505989351947329,0.07125491725492121,0.8802936617516504,0.04780082205823356,four_class_provisional_roi,0011,mixed_recording_holdout,radar_time_stats,-1,radar
20260920-192610-inBroken-460800,1,inBroken,51,1,6.49885015548733e-09,0.9543786704158055,0.04372580093108166,0.0018955221542628308,four_class_provisional_roi,0011,mixed_recording_holdout,radar_time_stats,-1,radar
20260920-193718-roll-115200,3,roll,51,3,0.157085361694811,0.029987549515857425,0.011303158712229977,0.8016239300771012,four_class_provisional_roi,0011,mixed_recording_holdout,radar_time_stats,-1,radar
20260920-184857-normal-460800,0,normal,48,0,0.34292199558252534,0.34292199472845514,0.007692588301751902,0.30646342138726734,four_class_provisional_roi,0011,mixed_recording_holdout,radar_confound_distance,-1,radar
20260920-190512-outBroken-115200,2,outBroken,50,2,0.00017379732486308706,0.00017379732486883727,0.971872289809829,0.027780115540439135,four_class_provisional_roi,0011,mixed_recording_holdout,radar_confound_distance,-1,radar
20260920-192610-inBroken-460800,1,inBroken,51,0,0.34292199558252534,0.3429219947284552,0.007692588301751902,0.30646342138726734,four_class_provisional_roi,0011,mixed_recording_holdout,radar_confound_distance,-1,radar
20260920-193718-roll-115200,3,roll,51,3,0.31401221012817443,0.31401220938384217,0.012729428656610755,0.3592461518313725,four_class_provisional_roi,0011,mixed_recording_holdout,radar_confound_distance,-1,radar
20260920-184857-normal-460800,0,normal,48,0,0.9918696913911441,0.002839018063306196,0.0038925670012814884,0.0013987235442682346,four_class_provisional_roi,0011,mixed_recording_holdout,radar_confound_raw_amp,-1,radar
20260920-190512-outBroken-115200,2,outBroken,50,2,0.0014811135978339673,0.0002619207917295175,0.9967069926770544,0.001549972933382069,four_class_provisional_roi,0011,mixed_recording_holdout,radar_confound_raw_amp,-1,radar
20260920-192610-inBroken-460800,1,inBroken,51,1,0.0029228410635769248,0.9918305989646384,0.0005648060651976639,0.004681753906586999,four_class_provisional_roi,0011,mixed_recording_holdout,radar_confound_raw_amp,-1,radar
20260920-193718-roll-115200,3,roll,51,3,0.0023610884617467367,0.005718852439107316,0.0019385476944437671,0.9899815114047019,four_class_provisional_roi,0011,mixed_recording_holdout,radar_confound_raw_amp,-1,radar
20260920-184857-normal-460800,0,normal,48,0,0.9999393386145433,8.189182201097841e-06,1.8957765670772158e-05,3.3518915410960894e-05,four_class_provisional_roi,0011,mixed_recording_holdout,supervised,17,radar
20260920-190512-outBroken-115200,2,outBroken,50,2,4.438169853528962e-05,7.220863401016686e-05,0.9998608458042145,2.2552251157321733e-05,four_class_provisional_roi,0011,mixed_recording_holdout,supervised,17,radar
20260920-192610-inBroken-460800,1,inBroken,51,1,5.934926501176247e-05,0.9997420007107305,0.0001131035436735735,8.554719544704044e-05,four_class_provisional_roi,0011,mixed_recording_holdout,supervised,17,radar
20260920-193718-roll-115200,3,roll,51,3,0.11163064059473982,0.00013669844874326088,0.0004929256582031752,0.8877397302889685,four_class_provisional_roi,0011,mixed_recording_holdout,supervised,17,radar
20260920-184857-normal-460800,0,normal,48,0,0.9995747581124306,1.75655776904667e-05,5.205255911633344e-06,0.0004024697145392035,four_class_provisional_roi,0011,mixed_recording_holdout,supervised,42,radar
20260920-190512-outBroken-115200,2,outBroken,50,2,2.9982461637700907e-05,4.4772012915927914e-05,0.9998859417438507,3.928949576220475e-05,four_class_provisional_roi,0011,mixed_recording_holdout,supervised,42,radar
20260920-192610-inBroken-460800,1,inBroken,51,1,7.869887678466244e-05,0.9997200252963048,7.604000048184603e-05,0.00012522580686445328,four_class_provisional_roi,0011,mixed_recording_holdout,supervised,42,radar
20260920-193718-roll-115200,3,roll,51,3,0.09059793440070173,0.00028645109277396626,0.00027267013022127704,0.9088429405317441,four_class_provisional_roi,0011,mixed_recording_holdout,supervised,42,radar
20260920-184857-normal-460800,0,normal,48,0,0.9998391332725683,7.663012951297787e-06,1.3162479781669845e-06,0.00015189071150227088,four_class_provisional_roi,0011,mixed_recording_holdout,supervised,73,radar
20260920-190512-outBroken-115200,2,outBroken,50,2,1.2837549065807253e-05,7.520990202465327e-05,0.9998562824726105,5.565091978496639e-05,four_class_provisional_roi,0011,mixed_recording_holdout,supervised,73,radar
20260920-192610-inBroken-460800,1,inBroken,51,1,3.4235559652705547e-05,0.9997897475373512,5.16553353044597e-05,0.0001243526129138784,four_class_provisional_roi,0011,mixed_recording_holdout,supervised,73,radar
20260920-193718-roll-115200,3,roll,51,3,0.10072403370559543,0.00010261867689276936,0.00012538148070341456,0.89904796750303,four_class_provisional_roi,0011,mixed_recording_holdout,supervised,73,radar
20260920-184857-normal-460800,0,normal,48,0,0.9998394983510176,1.5369507375832352e-05,5.243517362411391e-05,9.26900364438173e-05,four_class_provisional_roi,0011,mixed_recording_holdout,head_only,17,radar
20260920-190512-outBroken-115200,2,outBroken,50,2,0.00014385777722054628,3.0083498222666095e-05,0.999651038646698,0.0001750219268433284,four_class_provisional_roi,0011,mixed_recording_holdout,head_only,17,radar
20260920-192610-inBroken-460800,1,inBroken,51,1,7.81658506871192e-05,0.9993081712255291,4.644410714093943e-05,0.0005672146759096387,four_class_provisional_roi,0011,mixed_recording_holdout,head_only,17,radar
20260920-193718-roll-115200,3,roll,51,3,0.07869810900095164,0.00045472825913034907,0.0018526010639570635,0.9189945791035379,four_class_provisional_roi,0011,mixed_recording_holdout,head_only,17,radar
20260920-184857-normal-460800,0,normal,48,0,0.9998040373126665,3.382257282661764e-05,5.029180783822085e-05,0.00011184037924749646,four_class_provisional_roi,0011,mixed_recording_holdout,head_only,42,radar
20260920-190512-outBroken-115200,2,outBroken,50,2,0.00020703119167592377,2.669452076588641e-05,0.9995959484577179,0.00017032593677868135,four_class_provisional_roi,0011,mixed_recording_holdout,head_only,42,radar
20260920-192610-inBroken-460800,1,inBroken,51,1,0.00012371163678586062,0.9990762787706712,7.262230878148009e-05,0.0007273773414507398,four_class_provisional_roi,0011,mixed_recording_holdout,head_only,42,radar
20260920-193718-roll-115200,3,roll,51,3,0.11102610289622937,0.0005556628166588923,0.0010188990993044047,0.8873993323376292,four_class_provisional_roi,0011,mixed_recording_holdout,head_only,42,radar
20260920-184857-normal-460800,0,normal,48,0,0.9997836587329706,2.0490351782124588e-05,4.377901560322547e-05,0.0001520719163939551,four_class_provisional_roi,0011,mixed_recording_holdout,head_only,73,radar
20260920-190512-outBroken-115200,2,outBroken,50,2,0.0001363172539277002,5.982412367302459e-05,0.9995667970180512,0.00023705878309556282,four_class_provisional_roi,0011,mixed_recording_holdout,head_only,73,radar
20260920-192610-inBroken-460800,1,inBroken,51,1,7.312038046531562e-05,0.9990770349315569,0.00010454229249815256,0.0007453002948679176,four_class_provisional_roi,0011,mixed_recording_holdout,head_only,73,radar
20260920-193718-roll-115200,3,roll,51,3,0.10000409567891991,0.0004944659719031359,0.0012468340737898105,0.8982546049188457,four_class_provisional_roi,0011,mixed_recording_holdout,head_only,73,radar
20260920-184857-normal-460800,0,normal,48,0,0.9854603732625643,0.007581553548031176,0.005102917396773894,0.0018551766885745262,four_class_provisional_roi,0011,mixed_recording_holdout,distill,17,radar
20260920-190512-outBroken-115200,2,outBroken,50,2,0.007920588869601487,0.0014015626558102666,0.9890499556064606,0.0016278884536586702,four_class_provisional_roi,0011,mixed_recording_holdout,distill,17,radar
20260920-192610-inBroken-460800,1,inBroken,51,1,0.007103358121479259,0.9861076170322942,0.002570491185977909,0.004218525139103625,four_class_provisional_roi,0011,mixed_recording_holdout,distill,17,radar
20260920-193718-roll-115200,3,roll,51,3,0.07408000256449061,0.02101594882597234,0.015416684633522642,0.8894873678903369,four_class_provisional_roi,0011,mixed_recording_holdout,distill,17,radar
20260920-184857-normal-460800,0,normal,48,0,0.9906174031396707,0.005108281746894742,0.003241865888412576,0.0010324607392249163,four_class_provisional_roi,0011,mixed_recording_holdout,distill,42,radar
20260920-190512-outBroken-115200,2,outBroken,50,2,0.007855129390954972,0.0012044509709812701,0.9896751725673676,0.0012652427644934505,four_class_provisional_roi,0011,mixed_recording_holdout,distill,42,radar
20260920-192610-inBroken-460800,1,inBroken,51,1,0.007175678487721027,0.9840754200430477,0.0025927283979185365,0.006156168741119259,four_class_provisional_roi,0011,mixed_recording_holdout,distill,42,radar
20260920-193718-roll-115200,3,roll,51,3,0.1146578933965465,0.02597475530324029,0.017887767527581137,0.8414795932670435,four_class_provisional_roi,0011,mixed_recording_holdout,distill,42,radar
20260920-184857-normal-460800,0,normal,48,0,0.9921429790556431,0.004062975781077209,0.002968819620339976,0.0008252233474195236,four_class_provisional_roi,0011,mixed_recording_holdout,distill,73,radar
20260920-190512-outBroken-115200,2,outBroken,50,2,0.00811852689832449,0.001272898263996467,0.9889368379116058,0.001671738320728764,four_class_provisional_roi,0011,mixed_recording_holdout,distill,73,radar
20260920-192610-inBroken-460800,1,inBroken,51,1,0.007516547699696293,0.9837309227270239,0.00302365911193192,0.005728873483580994,four_class_provisional_roi,0011,mixed_recording_holdout,distill,73,radar
20260920-193718-roll-115200,3,roll,51,3,0.07124451982934832,0.02435813936423145,0.016876705189454642,0.8875206272099533,four_class_provisional_roi,0011,mixed_recording_holdout,distill,73,radar
20260920-184857-normal-460800,0,normal,48,0,0.9856700847546259,0.007485597088816576,0.005035748026178529,0.0018085710647331628,four_class_provisional_roi,0011,mixed_recording_holdout,no_contrast,17,radar
20260920-190512-outBroken-115200,2,outBroken,50,2,0.007867764942348003,0.0013821086182724685,0.9891631281375886,0.0015869926987215877,four_class_provisional_roi,0011,mixed_recording_holdout,no_contrast,17,radar
20260920-192610-inBroken-460800,1,inBroken,51,1,0.006963221712366623,0.9864585995674133,0.0025262057429690865,0.004051969448268852,four_class_provisional_roi,0011,mixed_recording_holdout,no_contrast,17,radar
20260920-193718-roll-115200,3,roll,51,3,0.07071840832641636,0.020614032377945443,0.015414677850226415,0.8932528904474833,four_class_provisional_roi,0011,mixed_recording_holdout,no_contrast,17,radar
20260920-184857-normal-460800,0,normal,48,0,0.9904489318529764,0.005252113536698744,0.0032586004066009386,0.001040353836894307,four_class_provisional_roi,0011,mixed_recording_holdout,no_contrast,42,radar
20260920-190512-outBroken-115200,2,outBroken,50,2,0.007820366714149714,0.0012094864493701607,0.9897360670566558,0.0012340812210459263,four_class_provisional_roi,0011,mixed_recording_holdout,no_contrast,42,radar
20260920-192610-inBroken-460800,1,inBroken,51,1,0.006354087470647167,0.9852736650728712,0.002395627520266263,0.00597661626342611,four_class_provisional_roi,0011,mixed_recording_holdout,no_contrast,42,radar
20260920-193718-roll-115200,3,roll,51,3,0.1152753163922028,0.025793219902826584,0.017317895090444853,0.8416135692421127,four_class_provisional_roi,0011,mixed_recording_holdout,no_contrast,42,radar
20260920-184857-normal-460800,0,normal,48,0,0.9922957345843315,0.003977710478163014,0.0029024230558813238,0.0008241208476344278,four_class_provisional_roi,0011,mixed_recording_holdout,no_contrast,73,radar
20260920-190512-outBroken-115200,2,outBroken,50,2,0.00789321944117546,0.001231608723755926,0.9892883419990539,0.001586838929215446,four_class_provisional_roi,0011,mixed_recording_holdout,no_contrast,73,radar
20260920-192610-inBroken-460800,1,inBroken,51,1,0.007002614575492985,0.9849663061254165,0.0028742493048091143,0.005156822981970275,four_class_provisional_roi,0011,mixed_recording_holdout,no_contrast,73,radar
20260920-193718-roll-115200,3,roll,51,3,0.07031904840664983,0.023462266880361474,0.01638691422903874,0.8898317692253519,four_class_provisional_roi,0011,mixed_recording_holdout,no_contrast,73,radar
20260920-184857-normal-460800,0,normal,48,0,0.9821854519347349,0.009490430820733309,0.005784043789996455,0.002540083728187407,four_class_provisional_roi,0011,mixed_recording_holdout,no_radar_CE,17,radar
20260920-190512-outBroken-115200,2,outBroken,50,2,0.008381276316940784,0.0012948305439203977,0.9887694334983825,0.0015544664277695119,four_class_provisional_roi,0011,mixed_recording_holdout,no_radar_CE,17,radar
20260920-192610-inBroken-460800,1,inBroken,51,1,0.007889620685840355,0.9845688763786765,0.0026680730059560316,0.004873439642217229,four_class_provisional_roi,0011,mixed_recording_holdout,no_radar_CE,17,radar
20260920-193718-roll-115200,3,roll,51,3,0.07179727994747843,0.02324947070640822,0.015310328542802702,0.8896429304252652,four_class_provisional_roi,0011,mixed_recording_holdout,no_radar_CE,17,radar
20260920-184857-normal-460800,0,normal,48,0,0.9883372870584329,0.006343132534918065,0.003936988837570728,0.001382591856478636,four_class_provisional_roi,0011,mixed_recording_holdout,no_radar_CE,42,radar
20260920-190512-outBroken-115200,2,outBroken,50,2,0.010319675430655479,0.0015387906355317682,0.9866027545928955,0.001538764680735767,four_class_provisional_roi,0011,mixed_recording_holdout,no_radar_CE,42,radar
20260920-192610-inBroken-460800,1,inBroken,51,1,0.00843158318642892,0.9820034258505878,0.002983008461146086,0.006581988313472739,four_class_provisional_roi,0011,mixed_recording_holdout,no_radar_CE,42,radar
20260920-193718-roll-115200,3,roll,51,3,0.11102909149599773,0.029303178962721835,0.018701159210382578,0.8409665821887115,four_class_provisional_roi,0011,mixed_recording_holdout,no_radar_CE,42,radar
20260920-184857-normal-460800,0,normal,48,0,0.9904282316565514,0.004852227507702385,0.0034191387603641488,0.0013004122659670732,four_class_provisional_roi,0011,mixed_recording_holdout,no_radar_CE,73,radar
20260920-190512-outBroken-115200,2,outBroken,50,2,0.009536421000957489,0.0013255525252316147,0.9875165045261383,0.0016215295949950814,four_class_provisional_roi,0011,mixed_recording_holdout,no_radar_CE,73,radar
20260920-192610-inBroken-460800,1,inBroken,51,1,0.009602067508168664,0.9789179703768562,0.0037613081261880844,0.00771865479228105,four_class_provisional_roi,0011,mixed_recording_holdout,no_radar_CE,73,radar
20260920-193718-roll-115200,3,roll,51,3,0.05641984114795467,0.029400460097902252,0.01876901974216761,0.8954106853434852,four_class_provisional_roi,0011,mixed_recording_holdout,no_radar_CE,73,radar
20260920-184857-normal-460800,0,normal,48,3,0.4703708893309037,0.018259514569460105,0.01052922330563888,0.5008403783043226,four_class_provisional_roi,0011,mixed_recording_holdout,shuffled,17,radar
20260920-190512-outBroken-115200,2,outBroken,50,2,0.025502866320312022,0.47048645973205566,0.49240018367767335,0.011610487662255763,four_class_provisional_roi,0011,mixed_recording_holdout,shuffled,17,radar
20260920-192610-inBroken-460800,1,inBroken,51,0,0.4992693265279134,0.4685420183574452,0.01794791984937939,0.014240733804363831,four_class_provisional_roi,0011,mixed_recording_holdout,shuffled,17,radar
20260920-193718-roll-115200,3,roll,51,3,0.05201009180688975,0.011736870688550612,0.45420139071111587,0.48205164717692955,four_class_provisional_roi,0011,mixed_recording_holdout,shuffled,17,radar
20260920-184857-normal-460800,0,normal,48,3,0.483863299091657,0.01491551665822044,0.007729433001562332,0.4934917477269967,four_class_provisional_roi,0011,mixed_recording_holdout,shuffled,42,radar
20260920-190512-outBroken-115200,2,outBroken,50,2,0.02924962654709816,0.44928452610969544,0.5096125626564025,0.011853287573903798,four_class_provisional_roi,0011,mixed_recording_holdout,shuffled,42,radar
20260920-192610-inBroken-460800,1,inBroken,51,0,0.506426943283455,0.4714683709191341,0.011246130445643383,0.010858557369633048,four_class_provisional_roi,0011,mixed_recording_holdout,shuffled,42,radar
20260920-193718-roll-115200,3,roll,51,3,0.062368116971543604,0.013111412041254487,0.43496329359271946,0.4895571762440251,four_class_provisional_roi,0011,mixed_recording_holdout,shuffled,42,radar
20260920-184857-normal-460800,0,normal,48,3,0.47062146104872227,0.01401188529174154,0.008246059151133522,0.5071205863108238,four_class_provisional_roi,0011,mixed_recording_holdout,shuffled,73,radar
20260920-190512-outBroken-115200,2,outBroken,50,2,0.025495153777301313,0.42910675644874574,0.5324675637483597,0.012930527962744236,four_class_provisional_roi,0011,mixed_recording_holdout,shuffled,73,radar
20260920-192610-inBroken-460800,1,inBroken,51,1,0.4788345846475339,0.4917737958477993,0.01646895965963018,0.012922674463148796,four_class_provisional_roi,0011,mixed_recording_holdout,shuffled,73,radar
20260920-193718-roll-115200,3,roll,51,3,0.053877992473323554,0.01346664632871455,0.45790889055705536,0.4747464779545279,four_class_provisional_roi,0011,mixed_recording_holdout,shuffled,73,radar
20260920-184857-normal-460800,0,normal,48,0,0.9898631038765112,0.00513855663787884,0.003927967346195753,0.001070373062248109,four_class_provisional_roi,0011,mixed_recording_holdout,distill_phase,17,radar
20260920-190512-outBroken-115200,2,outBroken,50,2,0.006028818506747484,0.001214467277750373,0.991408303976059,0.0013484023208729923,four_class_provisional_roi,0011,mixed_recording_holdout,distill_phase,17,radar
20260920-192610-inBroken-460800,1,inBroken,51,1,0.0061966159435756065,0.9881857808898477,0.0025199018395962378,0.0030976813606114362,four_class_provisional_roi,0011,mixed_recording_holdout,distill_phase,17,radar
20260920-193718-roll-115200,3,roll,51,3,0.020394394415038108,0.02243258355313218,0.010721828856998506,0.946451184796352,four_class_provisional_roi,0011,mixed_recording_holdout,distill_phase,17,radar
20260920-184857-normal-460800,0,normal,48,0,0.9896519022683302,0.005443686881335452,0.0037861891663245237,0.0011182201354434558,four_class_provisional_roi,0011,mixed_recording_holdout,distill_phase,42,radar
20260920-190512-outBroken-115200,2,outBroken,50,2,0.005858153868466616,0.0011499585071578621,0.9914519703388214,0.0015399192715995014,four_class_provisional_roi,0011,mixed_recording_holdout,distill_phase,42,radar
20260920-192610-inBroken-460800,1,inBroken,51,1,0.007488147775624313,0.9866748720991845,0.002573897454924151,0.0032630851309673457,four_class_provisional_roi,0011,mixed_recording_holdout,distill_phase,42,radar
20260920-193718-roll-115200,3,roll,51,3,0.018427317449309425,0.015387352236418747,0.009936779018436722,0.9562485580350838,four_class_provisional_roi,0011,mixed_recording_holdout,distill_phase,42,radar
20260920-184857-normal-460800,0,normal,48,0,0.9893772564828396,0.00529038909492859,0.004146792523291272,0.0011855656399954266,four_class_provisional_roi,0011,mixed_recording_holdout,distill_phase,73,radar
20260920-190512-outBroken-115200,2,outBroken,50,2,0.006136801950633526,0.0010779837635345756,0.9913800311088562,0.0014051908697001636,four_class_provisional_roi,0011,mixed_recording_holdout,distill_phase,73,radar
20260920-192610-inBroken-460800,1,inBroken,51,1,0.008803749457001686,0.9853986232888465,0.003044591280723027,0.0027530294633013944,four_class_provisional_roi,0011,mixed_recording_holdout,distill_phase,73,radar
20260920-193718-roll-115200,3,roll,51,3,0.012158554962690115,0.016550361776870547,0.008305490185853606,0.962985588055031,four_class_provisional_roi,0011,mixed_recording_holdout,distill_phase,73,radar
20260920-184857-normal-460800,0,normal,48,2,4.141522315070474e-06,0.005170673834412249,0.9921273449593989,0.0026978396838736956,four_class_provisional_roi,0011,mixed_recording_holdout,original_head,17,radar
20260920-190512-outBroken-115200,2,outBroken,50,2,1.7436846494233863e-05,0.11074137921885537,0.8624786968516408,0.026762487083009597,four_class_provisional_roi,0011,mixed_recording_holdout,original_head,17,radar
20260920-192610-inBroken-460800,1,inBroken,51,2,7.204278555982601e-08,0.02463747486256893,0.974896567017919,0.00046588607672636456,four_class_provisional_roi,0011,mixed_recording_holdout,original_head,17,radar
20260920-193718-roll-115200,3,roll,51,2,4.671460825085621e-06,0.11569043933237176,0.8662389626727061,0.018065926534096912,four_class_provisional_roi,0011,mixed_recording_holdout,original_head,17,radar
20260920-184857-normal-460800,0,normal,48,2,4.256404893640835e-06,0.00454176953329987,0.9928294910714085,0.00262448299039803,four_class_provisional_roi,0011,mixed_recording_holdout,original_head,42,radar
20260920-190512-outBroken-115200,2,outBroken,50,2,1.7614821935836597e-05,0.10560938485277789,0.8673219460693065,0.02705105425597965,four_class_provisional_roi,0011,mixed_recording_holdout,original_head,42,radar
20260920-192610-inBroken-460800,1,inBroken,51,2,7.45940736578065e-08,0.024347008699253006,0.9751491336964498,0.000503783010223409,four_class_provisional_roi,0011,mixed_recording_holdout,original_head,42,radar
20260920-193718-roll-115200,3,roll,51,2,4.546886710365263e-06,0.10006513643976019,0.883662236021701,0.01626808065182833,four_class_provisional_roi,0011,mixed_recording_holdout,original_head,42,radar
20260920-184857-normal-460800,0,normal,48,2,4.200112469243484e-06,0.003971977898787133,0.9936836272539998,0.0023401947347435237,four_class_provisional_roi,0011,mixed_recording_holdout,original_head,73,radar
20260920-190512-outBroken-115200,2,outBroken,50,2,1.654028610274936e-05,0.10827648692978047,0.865566757763142,0.02614021502097495,four_class_provisional_roi,0011,mixed_recording_holdout,original_head,73,radar
20260920-192610-inBroken-460800,1,inBroken,51,2,7.792924311142991e-08,0.026713217538575605,0.9727749924494697,0.00051171208271159,four_class_provisional_roi,0011,mixed_recording_holdout,original_head,73,radar
20260920-193718-roll-115200,3,roll,51,2,4.523998680691252e-06,0.12198353607165835,0.859263366566267,0.018748573363393778,four_class_provisional_roi,0011,mixed_recording_holdout,original_head,73,radar
20260920-184857-normal-460800,0,normal,6,0,0.8572185138887556,0.08153100265092998,0.030810826412948095,0.03043965704736634,four_class_provisional_roi,0100,mixed_recording_holdout,contact_hidden,-1,contact
20260920-190913-outBroken-460800,2,outBroken,10,2,0.0036288884718371564,0.00030429513928903424,0.9731776685169043,0.022889147871969377,four_class_provisional_roi,0100,mixed_recording_holdout,contact_hidden,-1,contact
20260920-192216-inBroken-115200,1,inBroken,8,1,0.031451386923014024,0.9220531921066076,0.0014085448667026765,0.045086876103675726,four_class_provisional_roi,0100,mixed_recording_holdout,contact_hidden,-1,contact
20260920-194108-roll-460800,3,roll,3,3,0.0019430941086528797,0.11624010072040314,0.039115671584379785,0.8427011335865643,four_class_provisional_roi,0100,mixed_recording_holdout,contact_hidden,-1,contact
20260920-184857-normal-460800,0,normal,6,0,0.8855385630099395,0.07617467139396245,0.030099665057654074,0.008187100538443962,four_class_provisional_roi,0100,mixed_recording_holdout,contact_xyz_hidden,-1,contact
20260920-190913-outBroken-460800,2,outBroken,10,2,0.006327996375269066,0.00046515414123594575,0.9749890710005777,0.018217778482917172,four_class_provisional_roi,0100,mixed_recording_holdout,contact_xyz_hidden,-1,contact
20260920-192216-inBroken-115200,1,inBroken,8,1,0.009900939471225835,0.9726898346411768,0.00043826920188003025,0.0169709566857174,four_class_provisional_roi,0100,mixed_recording_holdout,contact_xyz_hidden,-1,contact
20260920-194108-roll-460800,3,roll,3,3,0.001438155905773569,0.11020327647016374,0.008808186859749408,0.8795503807643131,four_class_provisional_roi,0100,mixed_recording_holdout,contact_xyz_hidden,-1,contact
20260920-184857-normal-460800,0,normal,6,0,0.9773807857654724,0.0024883695713902067,0.011376479026854494,0.008754365636282896,four_class_provisional_roi,0100,mixed_recording_holdout,contact_spectral,-1,contact
20260920-190913-outBroken-460800,2,outBroken,10,2,0.0013481444870364736,0.0005551184263149299,0.9961112041152763,0.001985532971372138,four_class_provisional_roi,0100,mixed_recording_holdout,contact_spectral,-1,contact
20260920-192216-inBroken-115200,1,inBroken,8,1,0.0013964191325138036,0.9915054454837305,0.0006428834904150142,0.006455251893340607,four_class_provisional_roi,0100,mixed_recording_holdout,contact_spectral,-1,contact
20260920-194108-roll-460800,3,roll,3,3,0.003260189529779594,0.0030453379156339514,0.0007484148075332426,0.9929460577470532,four_class_provisional_roi,0100,mixed_recording_holdout,contact_spectral,-1,contact
20260920-184857-normal-460800,0,normal,6,0,0.8633078700979278,0.027409805625859995,0.10621191708581078,0.003070407190401282,four_class_provisional_roi,0100,mixed_recording_holdout,contact_statistics,-1,contact
20260920-190913-outBroken-460800,2,outBroken,10,2,0.07238338173645745,0.015632617150423127,0.9019618072881492,0.010022193824969983,four_class_provisional_roi,0100,mixed_recording_holdout,contact_statistics,-1,contact
20260920-192216-inBroken-115200,1,inBroken,8,1,0.03549465702860085,0.7432640922355196,0.20494333714983998,0.016297913586039593,four_class_provisional_roi,0100,mixed_recording_holdout,contact_statistics,-1,contact
20260920-194108-roll-460800,3,roll,3,3,8.098861523015726e-06,0.049601133256976924,0.005887517887973707,0.9445032499935263,four_class_provisional_roi,0100,mixed_recording_holdout,contact_statistics,-1,contact
20260920-184857-normal-460800,0,normal,6,0,0.8404732457016104,0.08701660910536797,0.02951017369318901,0.04299997149983258,four_class_provisional_roi,0100,mixed_recording_holdout,contact_final_hidden,-1,contact
20260920-190913-outBroken-460800,2,outBroken,10,2,0.003437325518539913,0.00033959588625788966,0.9743581876074302,0.021864890987771963,four_class_provisional_roi,0100,mixed_recording_holdout,contact_final_hidden,-1,contact
20260920-192216-inBroken-115200,1,inBroken,8,1,0.03847621123966939,0.9180829788717442,0.002205072804811375,0.04123573708377489,four_class_provisional_roi,0100,mixed_recording_holdout,contact_final_hidden,-1,contact
20260920-194108-roll-460800,3,roll,3,3,0.0007759543499211013,0.17532130298260742,0.035011300065057066,0.7888914426024144,four_class_provisional_roi,0100,mixed_recording_holdout,contact_final_hidden,-1,contact
20260920-184857-normal-460800,0,normal,6,2,0.012332185171544552,0.08672315627336502,0.8107416033744812,0.09020309895277023,four_class_provisional_roi,0100,mixed_recording_holdout,contact_original,-1,contact
20260920-190913-outBroken-460800,2,outBroken,10,2,0.0010036140447482467,0.1572980433702469,0.6584912538528442,0.18320706486701965,four_class_provisional_roi,0100,mixed_recording_holdout,contact_original,-1,contact
20260920-192216-inBroken-115200,1,inBroken,8,2,0.0009702183306217194,0.06122804060578346,0.9225758910179138,0.015225854702293873,four_class_provisional_roi,0100,mixed_recording_holdout,contact_original,-1,contact
20260920-194108-roll-460800,3,roll,3,2,0.00039004781865514815,0.18856340646743774,0.6605890393257141,0.1504574418067932,four_class_provisional_roi,0100,mixed_recording_holdout,contact_original,-1,contact
20260920-184857-normal-460800,0,normal,6,2,8.411399903707206e-06,0.021196337416768074,0.9730455875396729,0.0057496908120810986,four_class_provisional_roi,0100,mixed_recording_holdout,contact_original_mean_hidden,-1,contact
20260920-190913-outBroken-460800,2,outBroken,10,2,4.026080569019541e-05,0.1317661553621292,0.8237518072128296,0.04444171115756035,four_class_provisional_roi,0100,mixed_recording_holdout,contact_original_mean_hidden,-1,contact
20260920-192216-inBroken-115200,1,inBroken,8,2,9.242177867463397e-08,0.02269083634018898,0.9768703579902649,0.00043872048263438046,four_class_provisional_roi,0100,mixed_recording_holdout,contact_original_mean_hidden,-1,contact
20260920-194108-roll-460800,3,roll,3,2,7.2012721830105875e-06,0.15615111589431763,0.8102505803108215,0.033591128885746,four_class_provisional_roi,0100,mixed_recording_holdout,contact_original_mean_hidden,-1,contact
20260920-184857-normal-460800,0,normal,48,0,0.995939125069862,0.00021337799299534483,0.00015346572870019324,0.003694031208442331,four_class_provisional_roi,0100,mixed_recording_holdout,radar_frame_shape,-1,radar
20260920-190913-outBroken-460800,2,outBroken,50,2,1.0946228503663944e-06,0.0002010542342192785,0.9994465960359927,0.00035125510693759113,four_class_provisional_roi,0100,mixed_recording_holdout,radar_frame_shape,-1,radar
20260920-192216-inBroken-115200,1,inBroken,50,1,0.00015874130779818113,0.9404873311457362,0.04723462973370554,0.012119297812760034,four_class_provisional_roi,0100,mixed_recording_holdout,radar_frame_shape,-1,radar
20260920-194108-roll-460800,3,roll,51,3,0.001574256416640335,0.0008211398353151808,0.00015823961401082524,0.9974463641340335,four_class_provisional_roi,0100,mixed_recording_holdout,radar_frame_shape,-1,radar
20260920-184857-normal-460800,0,normal,48,0,0.9930524156924969,0.0002305741236495754,0.0003407098782346728,0.006376300305618633,four_class_provisional_roi,0100,mixed_recording_holdout,radar_shape_phase,-1,radar
20260920-190913-outBroken-460800,2,outBroken,50,2,5.7059675627157165e-06,7.18647558391113e-05,0.9998669966396615,5.543263693659748e-05,four_class_provisional_roi,0100,mixed_recording_holdout,radar_shape_phase,-1,radar
20260920-192216-inBroken-115200,1,inBroken,50,1,0.00029092420673809054,0.9364558449870245,0.05552411679721975,0.0077291140090178425,four_class_provisional_roi,0100,mixed_recording_holdout,radar_shape_phase,-1,radar
20260920-194108-roll-460800,3,roll,51,3,0.0008211861846156377,0.00042590433558512935,0.00018631660579533621,0.9985665928740036,four_class_provisional_roi,0100,mixed_recording_holdout,radar_shape_phase,-1,radar
20260920-184857-normal-460800,0,normal,48,3,0.38327297734545623,0.03717566817550007,0.0022393468912750244,0.5773120075877688,four_class_provisional_roi,0100,mixed_recording_holdout,radar_coherent_shape,-1,radar
20260920-190913-outBroken-460800,2,outBroken,50,2,1.6578877919036604e-05,0.0005047260639530238,0.9966288322344218,0.002849862823706064,four_class_provisional_roi,0100,mixed_recording_holdout,radar_coherent_shape,-1,radar
20260920-192216-inBroken-115200,1,inBroken,50,2,5.547292110741691e-05,0.0025675357427369675,0.7373840287572275,0.2599929625789281,four_class_provisional_roi,0100,mixed_recording_holdout,radar_coherent_shape,-1,radar
20260920-194108-roll-460800,3,roll,51,3,0.0004011987637301571,0.0002534233105955355,0.00046322060210612703,0.998882157323568,four_class_provisional_roi,0100,mixed_recording_holdout,radar_coherent_shape,-1,radar
20260920-184857-normal-460800,0,normal,48,0,0.9628537804962112,3.2729073620422446e-05,0.0008462284198720171,0.0362672620102963,four_class_provisional_roi,0100,mixed_recording_holdout,radar_time_stats,-1,radar
20260920-190913-outBroken-460800,2,outBroken,50,2,0.00039545999660158557,0.4025433625922583,0.5272293584407037,0.06983181897043622,four_class_provisional_roi,0100,mixed_recording_holdout,radar_time_stats,-1,radar
20260920-192216-inBroken-115200,1,inBroken,50,3,3.6808612511945918e-06,0.488654556593063,0.014422042262447421,0.49691972028323866,four_class_provisional_roi,0100,mixed_recording_holdout,radar_time_stats,-1,radar
20260920-194108-roll-460800,3,roll,51,3,0.008189861211995454,0.01893552362729948,0.015177259802100173,0.9576973553586047,four_class_provisional_roi,0100,mixed_recording_holdout,radar_time_stats,-1,radar
20260920-184857-normal-460800,0,normal,48,0,0.34298244321090143,0.34298244157473473,0.007670468807754237,0.3063646464066102,four_class_provisional_roi,0100,mixed_recording_holdout,radar_confound_distance,-1,radar
20260920-190913-outBroken-460800,2,outBroken,50,2,0.000167953623193013,0.0001679536232036111,0.9719339642273747,0.027730128526229837,four_class_provisional_roi,0100,mixed_recording_holdout,radar_confound_distance,-1,radar
20260920-192216-inBroken-115200,1,inBroken,50,0,0.3429824432109014,0.3429824415747347,0.007670468807754237,0.3063646464066102,four_class_provisional_roi,0100,mixed_recording_holdout,radar_confound_distance,-1,radar
20260920-194108-roll-460800,3,roll,51,3,0.31389679776443374,0.3138967963392662,0.012708494286170866,0.35949791161012923,four_class_provisional_roi,0100,mixed_recording_holdout,radar_confound_distance,-1,radar
20260920-184857-normal-460800,0,normal,48,0,0.9919140518076809,0.002913338558648207,0.003792412444390931,0.0013801971892802595,four_class_provisional_roi,0100,mixed_recording_holdout,radar_confound_raw_amp,-1,radar
20260920-190913-outBroken-460800,2,outBroken,50,2,0.002461471271041419,0.00031421022869331373,0.9946999773617067,0.0025243411385583907,four_class_provisional_roi,0100,mixed_recording_holdout,radar_confound_raw_amp,-1,radar
20260920-192216-inBroken-115200,1,inBroken,50,1,0.002535117685326271,0.9898388767642622,0.0005205304314499267,0.007105475118961556,four_class_provisional_roi,0100,mixed_recording_holdout,radar_confound_raw_amp,-1,radar
20260920-194108-roll-460800,3,roll,51,3,0.0019700321426043906,0.005819245216566109,0.0016274012614911114,0.990583321379338,four_class_provisional_roi,0100,mixed_recording_holdout,radar_confound_raw_amp,-1,radar
20260920-184857-normal-460800,0,normal,48,0,0.999939483900865,5.151416073564026e-06,2.3623271308300293e-05,3.1737740807595095e-05,four_class_provisional_roi,0100,mixed_recording_holdout,supervised,17,radar
20260920-190913-outBroken-460800,2,outBroken,50,2,4.451842488379043e-05,0.000130269311957818,0.9997055780887604,0.00011963873221247923,four_class_provisional_roi,0100,mixed_recording_holdout,supervised,17,radar
20260920-192216-inBroken-115200,1,inBroken,50,1,0.00045645709076779894,0.99209907412529,0.005187831391813233,0.0022566289236419833,four_class_provisional_roi,0100,mixed_recording_holdout,supervised,17,radar
20260920-194108-roll-460800,3,roll,51,3,1.6781845314493266e-05,2.2447605313207567e-06,9.960609023597927e-06,0.9999710087682686,four_class_provisional_roi,0100,mixed_recording_holdout,supervised,17,radar
20260920-184857-normal-460800,0,normal,48,0,0.9999798523883024,5.510961109678192e-06,1.2081856256192698e-06,1.3432221651991464e-05,four_class_provisional_roi,0100,mixed_recording_holdout,supervised,42,radar
20260920-190913-outBroken-460800,2,outBroken,50,2,9.435957879759371e-05,0.0002210644407750806,0.9993993055820465,0.0002852783356138389,four_class_provisional_roi,0100,mixed_recording_holdout,supervised,42,radar
20260920-192216-inBroken-115200,1,inBroken,50,1,0.0013622336456319316,0.976007353067398,0.013689073160931002,0.00894134289395879,four_class_provisional_roi,0100,mixed_recording_holdout,supervised,42,radar
20260920-194108-roll-460800,3,roll,51,3,2.5503442313992327e-05,5.47958080799207e-05,2.7352939772147995e-05,0.999892345830506,four_class_provisional_roi,0100,mixed_recording_holdout,supervised,42,radar
20260920-184857-normal-460800,0,normal,48,0,0.999955036987861,1.069439150095756e-05,2.1229920411277212e-06,3.21420159821173e-05,four_class_provisional_roi,0100,mixed_recording_holdout,supervised,73,radar
20260920-190913-outBroken-460800,2,outBroken,50,2,1.6769770427345064e-05,6.0270837893767746e-05,0.9998447728157044,7.817736601282376e-05,four_class_provisional_roi,0100,mixed_recording_holdout,supervised,73,radar
20260920-192216-inBroken-115200,1,inBroken,50,1,0.0007930887151451315,0.9757939755916596,0.021575184908579105,0.0018377511545259039,four_class_provisional_roi,0100,mixed_recording_holdout,supervised,73,radar
20260920-194108-roll-460800,3,roll,51,3,1.1974974995609955e-05,2.413053771217129e-05,3.0154679137137694e-05,0.9999337430093803,four_class_provisional_roi,0100,mixed_recording_holdout,supervised,73,radar
20260920-184857-normal-460800,0,normal,48,0,0.9999322965741158,1.7422971443655417e-05,2.438250409871519e-05,2.589857729162759e-05,four_class_provisional_roi,0100,mixed_recording_holdout,head_only,17,radar
20260920-190913-outBroken-460800,2,outBroken,50,2,0.0001185679885384161,6.799591021263041e-05,0.9996476304531098,0.00016581352305365725,four_class_provisional_roi,0100,mixed_recording_holdout,head_only,17,radar
20260920-192216-inBroken-115200,1,inBroken,50,1,0.002253805543296039,0.9741069495677948,0.016592574795649854,0.007046679303748533,four_class_provisional_roi,0100,mixed_recording_holdout,head_only,17,radar
20260920-194108-roll-460800,3,roll,51,3,4.008137140914971e-05,8.598928815997936e-05,3.0337080876479912e-05,0.9998435775438944,four_class_provisional_roi,0100,mixed_recording_holdout,head_only,17,radar
20260920-184857-normal-460800,0,normal,48,0,0.999909600863854,4.68291902961937e-05,2.7328750462629614e-05,1.6239863128930665e-05,four_class_provisional_roi,0100,mixed_recording_holdout,head_only,42,radar
20260920-190913-outBroken-460800,2,outBroken,50,2,0.0003557303894194774,0.00017370650501106867,0.9991201448440552,0.0003504101266298676,four_class_provisional_roi,0100,mixed_recording_holdout,head_only,42,radar
20260920-192216-inBroken-115200,1,inBroken,50,1,0.0017137300228932872,0.9884024751186371,0.006525696480384795,0.0033580845572578257,four_class_provisional_roi,0100,mixed_recording_holdout,head_only,42,radar
20260920-194108-roll-460800,3,roll,51,3,5.021575379585414e-05,6.792062161848127e-05,2.6046718532740544e-05,0.9998558198704439,four_class_provisional_roi,0100,mixed_recording_holdout,head_only,42,radar
20260920-184857-normal-460800,0,normal,48,0,0.9998632011314234,5.316407388515169e-05,5.4408104839846296e-05,2.9201275438595076e-05,four_class_provisional_roi,0100,mixed_recording_holdout,head_only,73,radar
20260920-190913-outBroken-460800,2,outBroken,50,2,0.00010623541915265378,7.049733681924409e-05,0.9996857559680938,0.00013751075814070647,four_class_provisional_roi,0100,mixed_recording_holdout,head_only,73,radar
20260920-192216-inBroken-115200,1,inBroken,50,1,0.0011858624377055094,0.9901258385181427,0.006309867213130929,0.002378431181423366,four_class_provisional_roi,0100,mixed_recording_holdout,head_only,73,radar
20260920-194108-roll-460800,3,roll,51,3,1.8530651642304648e-05,7.097355859621209e-05,5.544679112847685e-05,0.9998550473474989,four_class_provisional_roi,0100,mixed_recording_holdout,head_only,73,radar
20260920-184857-normal-460800,0,normal,48,0,0.9841318291922411,0.004716925987546953,0.004568479785424036,0.0065827694197651,four_class_provisional_roi,0100,mixed_recording_holdout,distill,17,radar
20260920-190913-outBroken-460800,2,outBroken,50,2,0.0038042046129703523,0.0004752508329693228,0.9823902642726898,0.013330279467627406,four_class_provisional_roi,0100,mixed_recording_holdout,distill,17,radar
20260920-192216-inBroken-115200,1,inBroken,50,1,0.03078803339973092,0.8372180718183517,0.036219844263978306,0.09577404517680406,four_class_provisional_roi,0100,mixed_recording_holdout,distill,17,radar
20260920-194108-roll-460800,3,roll,51,3,0.006691390881314874,0.016539697526205405,0.006986164898775956,0.9697827463056526,four_class_provisional_roi,0100,mixed_recording_holdout,distill,17,radar
20260920-184857-normal-460800,0,normal,48,0,0.9869626127183437,0.003288116507368007,0.004580728491418995,0.005168534626136534,four_class_provisional_roi,0100,mixed_recording_holdout,distill,42,radar
20260920-190913-outBroken-460800,2,outBroken,50,2,0.004621042795479298,0.0005958342456142418,0.976302124261856,0.0184809994045645,four_class_provisional_roi,0100,mixed_recording_holdout,distill,42,radar
20260920-192216-inBroken-115200,1,inBroken,50,1,0.017787423878908158,0.8669788753986358,0.022050787152256817,0.09318291995674371,four_class_provisional_roi,0100,mixed_recording_holdout,distill,42,radar
20260920-194108-roll-460800,3,roll,51,3,0.0072966434801106945,0.02093765248690604,0.007955803348701083,0.9638098992553412,four_class_provisional_roi,0100,mixed_recording_holdout,distill,42,radar
20260920-184857-normal-460800,0,normal,48,0,0.985699317107598,0.0036954391738011814,0.00440237750687326,0.006202862850235154,four_class_provisional_roi,0100,mixed_recording_holdout,distill,73,radar
20260920-190913-outBroken-460800,2,outBroken,50,2,0.003183546760119498,0.0003955766319995746,0.9842540693283081,0.012166806068271398,four_class_provisional_roi,0100,mixed_recording_holdout,distill,73,radar
20260920-192216-inBroken-115200,1,inBroken,50,1,0.024144147541373968,0.8943858903646469,0.017887997205834835,0.06358196832239628,four_class_provisional_roi,0100,mixed_recording_holdout,distill,73,radar
20260920-194108-roll-460800,3,roll,51,3,0.006981713916448986,0.013931136943545997,0.007453740428329683,0.9716334214397505,four_class_provisional_roi,0100,mixed_recording_holdout,distill,73,radar
20260920-184857-normal-460800,0,normal,48,0,0.9843015807370344,0.004608208585220079,0.004544421142782085,0.006545786289886261,four_class_provisional_roi,0100,mixed_recording_holdout,no_contrast,17,radar
20260920-190913-outBroken-460800,2,outBroken,50,2,0.003857462019659579,0.00048321836249670013,0.9823379349708558,0.013321384340524673,four_class_provisional_roi,0100,mixed_recording_holdout,no_contrast,17,radar
20260920-192216-inBroken-115200,1,inBroken,50,1,0.031592505611479284,0.837064938545227,0.03588903985917568,0.095453519821167,four_class_provisional_roi,0100,mixed_recording_holdout,no_contrast,17,radar
20260920-194108-roll-460800,3,roll,51,3,0.006702928561899884,0.016433127571408655,0.007049702336171679,0.9698142432699016,four_class_provisional_roi,0100,mixed_recording_holdout,no_contrast,17,radar
20260920-184857-normal-460800,0,normal,48,0,0.9872929429014524,0.0032172194793626354,0.004503133226535283,0.004986694465818194,four_class_provisional_roi,0100,mixed_recording_holdout,no_contrast,42,radar
20260920-190913-outBroken-460800,2,outBroken,50,2,0.00475864474195987,0.0006234231640701182,0.975731965303421,0.018885955596342683,four_class_provisional_roi,0100,mixed_recording_holdout,no_contrast,42,radar
20260920-192216-inBroken-115200,1,inBroken,50,1,0.01765450747683644,0.87099902510643,0.02020487261470407,0.09114159841090441,four_class_provisional_roi,0100,mixed_recording_holdout,no_contrast,42,radar
20260920-194108-roll-460800,3,roll,51,3,0.007398094739947541,0.021324180632683577,0.007992127869168626,0.9632855887506523,four_class_provisional_roi,0100,mixed_recording_holdout,no_contrast,42,radar
20260920-184857-normal-460800,0,normal,48,0,0.9856656727691492,0.0036806078909042603,0.00443515263517232,0.0062185779728073,four_class_provisional_roi,0100,mixed_recording_holdout,no_contrast,73,radar
20260920-190913-outBroken-460800,2,outBroken,50,2,0.00326352053321898,0.0004084964640787803,0.9837756025791168,0.012552370270714163,four_class_provisional_roi,0100,mixed_recording_holdout,no_contrast,73,radar
20260920-192216-inBroken-115200,1,inBroken,50,1,0.02415244039148092,0.8958582776784897,0.0161135936784558,0.0638756923377514,four_class_provisional_roi,0100,mixed_recording_holdout,no_contrast,73,radar
20260920-194108-roll-460800,3,roll,51,3,0.007006485010588578,0.014015881892512827,0.0074195994118995525,0.9715580203953911,four_class_provisional_roi,0100,mixed_recording_holdout,no_contrast,73,radar
20260920-184857-normal-460800,0,normal,48,0,0.9809141680598259,0.005858086503091424,0.005584349050574626,0.007643404668973138,four_class_provisional_roi,0100,mixed_recording_holdout,no_radar_CE,17,radar
20260920-190913-outBroken-460800,2,outBroken,50,2,0.00476750613655895,0.0006754214776447043,0.9750617444515228,0.019495336059480905,four_class_provisional_roi,0100,mixed_recording_holdout,no_radar_CE,17,radar
20260920-192216-inBroken-115200,1,inBroken,50,1,0.03037272023037076,0.8263429695367813,0.030246485471725464,0.11303782485425472,four_class_provisional_roi,0100,mixed_recording_holdout,no_radar_CE,17,radar
20260920-194108-roll-460800,3,roll,51,3,0.007178783663274611,0.019827632525680112,0.007888998498446216,0.9651045810942557,four_class_provisional_roi,0100,mixed_recording_holdout,no_radar_CE,17,radar
20260920-184857-normal-460800,0,normal,48,0,0.9870939242343107,0.0034361179132247344,0.004438896226929501,0.0050310554361203685,four_class_provisional_roi,0100,mixed_recording_holdout,no_radar_CE,42,radar
20260920-190913-outBroken-460800,2,outBroken,50,2,0.005350280683487653,0.0007064220088068395,0.9694490516185761,0.024494238290935756,four_class_provisional_roi,0100,mixed_recording_holdout,no_radar_CE,42,radar
20260920-192216-inBroken-115200,1,inBroken,50,1,0.021754134949296712,0.8177913945913314,0.027098911355715245,0.1333555605262518,four_class_provisional_roi,0100,mixed_recording_holdout,no_radar_CE,42,radar
20260920-194108-roll-460800,3,roll,51,3,0.00735643725641364,0.023342639253493034,0.008459850333119724,0.960841067865783,four_class_provisional_roi,0100,mixed_recording_holdout,no_radar_CE,42,radar
20260920-184857-normal-460800,0,normal,48,0,0.9865129490693411,0.0035705849562267153,0.004095932607015129,0.0058205299283144996,four_class_provisional_roi,0100,mixed_recording_holdout,no_radar_CE,73,radar
20260920-190913-outBroken-460800,2,outBroken,50,2,0.003721371628344059,0.000471053819055669,0.9799192345142365,0.01588834311813116,four_class_provisional_roi,0100,mixed_recording_holdout,no_radar_CE,73,radar
20260920-192216-inBroken-115200,1,inBroken,50,1,0.029443071968853474,0.8617051219940186,0.020566794900223614,0.08828501537442207,four_class_provisional_roi,0100,mixed_recording_holdout,no_radar_CE,73,radar
20260920-194108-roll-460800,3,roll,51,3,0.006958091795882758,0.014801014954333796,0.00812595596938741,0.9701149545463861,four_class_provisional_roi,0100,mixed_recording_holdout,no_radar_CE,73,radar
20260920-184857-normal-460800,0,normal,48,0,0.5362587086856365,0.018709861401778955,0.01734147478903954,0.4276899478087823,four_class_provisional_roi,0100,mixed_recording_holdout,shuffled,17,radar
20260920-190913-outBroken-460800,2,outBroken,50,2,0.01638964781537652,0.45510221242904664,0.49468309760093687,0.03382504247128963,four_class_provisional_roi,0100,mixed_recording_holdout,shuffled,17,radar
20260920-192216-inBroken-115200,1,inBroken,50,1,0.2947910922765732,0.5848687750101089,0.07494520865380765,0.04539491944015026,four_class_provisional_roi,0100,mixed_recording_holdout,shuffled,17,radar
20260920-194108-roll-460800,3,roll,51,3,0.00745812918552581,0.001158318835579991,0.45257870648421494,0.5388048472357732,four_class_provisional_roi,0100,mixed_recording_holdout,shuffled,17,radar
20260920-184857-normal-460800,0,normal,48,0,0.5321849056830009,0.015513839976241192,0.015244399905592823,0.43705685436725616,four_class_provisional_roi,0100,mixed_recording_holdout,shuffled,42,radar
20260920-190913-outBroken-460800,2,outBroken,50,2,0.01472954859957099,0.44819537580013274,0.5027342545986175,0.03434082817286253,four_class_provisional_roi,0100,mixed_recording_holdout,shuffled,42,radar
20260920-192216-inBroken-115200,1,inBroken,50,1,0.2492428570985794,0.6311787641048432,0.0878103194758296,0.031768068484961984,four_class_provisional_roi,0100,mixed_recording_holdout,shuffled,42,radar
20260920-194108-roll-460800,3,roll,51,3,0.008909220327897108,0.0017024200405656158,0.4491302423617419,0.5402581200880163,four_class_provisional_roi,0100,mixed_recording_holdout,shuffled,42,radar
20260920-184857-normal-460800,0,normal,48,0,0.5371401874969403,0.015522626248033097,0.016237474085452657,0.43109972092012566,four_class_provisional_roi,0100,mixed_recording_holdout,shuffled,73,radar
20260920-190913-outBroken-460800,2,outBroken,50,2,0.015396424047648906,0.4399150842428207,0.5122404760122299,0.03244801554828882,four_class_provisional_roi,0100,mixed_recording_holdout,shuffled,73,radar
20260920-192216-inBroken-115200,1,inBroken,50,1,0.3319284310936928,0.5892154532670975,0.04735413171350956,0.03150198705494404,four_class_provisional_roi,0100,mixed_recording_holdout,shuffled,73,radar
20260920-194108-roll-460800,3,roll,51,3,0.008088752670743155,0.0013196672821947026,0.4478175517390756,0.5427740298065484,four_class_provisional_roi,0100,mixed_recording_holdout,shuffled,73,radar
20260920-184857-normal-460800,0,normal,48,0,0.9827340232829253,0.004335015730854745,0.005313214346339616,0.007617755632963963,four_class_provisional_roi,0100,mixed_recording_holdout,distill_phase,17,radar
20260920-190913-outBroken-460800,2,outBroken,50,2,0.0035676043247804047,0.00033969340642215685,0.9851843583583831,0.010908334208652377,four_class_provisional_roi,0100,mixed_recording_holdout,distill_phase,17,radar
20260920-192216-inBroken-115200,1,inBroken,50,1,0.03702869879081845,0.8249554944038391,0.031106312931515275,0.10690949410200119,four_class_provisional_roi,0100,mixed_recording_holdout,distill_phase,17,radar
20260920-194108-roll-460800,3,roll,51,3,0.005716406096539953,0.012161019979519587,0.007217276530961196,0.9749052805059096,four_class_provisional_roi,0100,mixed_recording_holdout,distill_phase,17,radar
20260920-184857-normal-460800,0,normal,48,0,0.9836927205324173,0.003910199889408735,0.004572388255231393,0.007824701242498122,four_class_provisional_roi,0100,mixed_recording_holdout,distill_phase,42,radar
20260920-190913-outBroken-460800,2,outBroken,50,2,0.0030279592610895634,0.0002753289422253147,0.9867390763759613,0.009957633754238486,four_class_provisional_roi,0100,mixed_recording_holdout,distill_phase,42,radar
20260920-192216-inBroken-115200,1,inBroken,50,1,0.012292140386998654,0.9234595620632171,0.005799199627363123,0.058449088446795944,four_class_provisional_roi,0100,mixed_recording_holdout,distill_phase,42,radar
20260920-194108-roll-460800,3,roll,51,3,0.006049124720305496,0.012342221267959651,0.0069325828796946536,0.9746760737662222,four_class_provisional_roi,0100,mixed_recording_holdout,distill_phase,42,radar
20260920-184857-normal-460800,0,normal,48,0,0.9834196008741856,0.00406932708331927,0.005104572167814088,0.00740649667083441,four_class_provisional_roi,0100,mixed_recording_holdout,distill_phase,73,radar
20260920-190913-outBroken-460800,2,outBroken,50,2,0.0041034337552264336,0.00039477233425714073,0.9830168628692627,0.0124849412124604,four_class_provisional_roi,0100,mixed_recording_holdout,distill_phase,73,radar
20260920-192216-inBroken-115200,1,inBroken,50,1,0.0168722053617239,0.8930804640054703,0.018869671835564077,0.07117766059935093,four_class_provisional_roi,0100,mixed_recording_holdout,distill_phase,73,radar
20260920-194108-roll-460800,3,roll,51,3,0.005725380028689317,0.01205352473748373,0.00695112354907335,0.9752699697718901,four_class_provisional_roi,0100,mixed_recording_holdout,distill_phase,73,radar
20260920-184857-normal-460800,0,normal,48,2,4.100088722455977e-06,0.00485045365912095,0.9925661773911775,0.0025792688609789084,four_class_provisional_roi,0100,mixed_recording_holdout,original_head,17,radar
20260920-190913-outBroken-460800,2,outBroken,50,2,1.3019644856660058e-05,0.1397448603800313,0.8348044353343492,0.02543768464076311,four_class_provisional_roi,0100,mixed_recording_holdout,original_head,17,radar
20260920-192216-inBroken-115200,1,inBroken,50,2,1.952043498721945e-07,0.04974254271922415,0.9493528027239647,0.000904459352461526,four_class_provisional_roi,0100,mixed_recording_holdout,original_head,17,radar
20260920-194108-roll-460800,3,roll,51,2,8.791354604172727e-07,0.03565673166699195,0.9585808308731567,0.005761558324391072,four_class_provisional_roi,0100,mixed_recording_holdout,original_head,17,radar
20260920-184857-normal-460800,0,normal,48,2,4.69894861426856e-06,0.004841609358827092,0.9922919095861765,0.002861782106382126,four_class_provisional_roi,0100,mixed_recording_holdout,original_head,42,radar
20260920-190913-outBroken-460800,2,outBroken,50,2,1.28850977161905e-05,0.14009467187527455,0.8331358563589438,0.02675658666806533,four_class_provisional_roi,0100,mixed_recording_holdout,original_head,42,radar
20260920-192216-inBroken-115200,1,inBroken,50,2,1.8073731696481901e-07,0.052183432240565895,0.9468153482990739,0.0010010387230431287,four_class_provisional_roi,0100,mixed_recording_holdout,original_head,42,radar
20260920-194108-roll-460800,3,roll,51,2,9.040276743713159e-07,0.034963383630895066,0.9592497522665854,0.005785960074845098,four_class_provisional_roi,0100,mixed_recording_holdout,original_head,42,radar
20260920-184857-normal-460800,0,normal,48,2,4.605407275529615e-06,0.004329863427592998,0.9930558332526598,0.0026096979124715057,four_class_provisional_roi,0100,mixed_recording_holdout,original_head,73,radar
20260920-190913-outBroken-460800,2,outBroken,50,2,1.3711592286550195e-05,0.1447687194020774,0.8278329418602229,0.027384627145413322,four_class_provisional_roi,0100,mixed_recording_holdout,original_head,73,radar
20260920-192216-inBroken-115200,1,inBroken,50,2,1.9783887833423585e-07,0.049513134391831956,0.9495436418437292,0.0009430259255604804,four_class_provisional_roi,0100,mixed_recording_holdout,original_head,73,radar
20260920-194108-roll-460800,3,roll,51,2,8.373012914364668e-07,0.034899805256583816,0.9593409795813534,0.005758377860771329,four_class_provisional_roi,0100,mixed_recording_holdout,original_head,73,radar
20260920-184857-normal-460800,0,normal,6,0,0.8984432915118576,0.051099258958885875,0.047274046062188026,0.0031834034670684646,four_class_provisional_roi,0101,mixed_recording_holdout,contact_hidden,-1,contact
20260920-190913-outBroken-460800,2,outBroken,10,2,0.005745899580225729,0.0007224333358241402,0.9928102477274253,0.000721419356524999,four_class_provisional_roi,0101,mixed_recording_holdout,contact_hidden,-1,contact
20260920-192216-inBroken-115200,1,inBroken,8,1,0.03834343351557805,0.9474408728250896,0.0035058271282462482,0.010709866531086076,four_class_provisional_roi,0101,mixed_recording_holdout,contact_hidden,-1,contact
20260920-193718-roll-115200,3,roll,9,3,0.12676129674197653,0.33664816832758543,0.08418418336946289,0.45240635156097525,four_class_provisional_roi,0101,mixed_recording_holdout,contact_hidden,-1,contact
20260920-184857-normal-460800,0,normal,6,0,0.9277667607276711,0.03726324190822512,0.030230600341076292,0.004739397023027566,four_class_provisional_roi,0101,mixed_recording_holdout,contact_xyz_hidden,-1,contact
20260920-190913-outBroken-460800,2,outBroken,10,2,0.006720860468163685,0.002485605198649773,0.990620172813976,0.00017336151921060536,four_class_provisional_roi,0101,mixed_recording_holdout,contact_xyz_hidden,-1,contact
20260920-192216-inBroken-115200,1,inBroken,8,1,0.015004768389347578,0.9820081567411953,0.0010904311484454753,0.0018966437210115857,four_class_provisional_roi,0101,mixed_recording_holdout,contact_xyz_hidden,-1,contact
20260920-193718-roll-115200,3,roll,9,1,0.08858274421470788,0.406668788414678,0.14013372523892703,0.3646147421316871,four_class_provisional_roi,0101,mixed_recording_holdout,contact_xyz_hidden,-1,contact
20260920-184857-normal-460800,0,normal,6,0,0.978823936618684,0.003406532689843695,0.012212728581193717,0.005556802110278612,four_class_provisional_roi,0101,mixed_recording_holdout,contact_spectral,-1,contact
20260920-190913-outBroken-460800,2,outBroken,10,2,0.0013623862206470845,0.0007300819752684137,0.9975047363351891,0.00040279546889535154,four_class_provisional_roi,0101,mixed_recording_holdout,contact_spectral,-1,contact
20260920-192216-inBroken-115200,1,inBroken,8,1,0.0018574498620151383,0.9940655061265274,0.001191118428642451,0.0028859255828148148,four_class_provisional_roi,0101,mixed_recording_holdout,contact_spectral,-1,contact
20260920-193718-roll-115200,3,roll,9,3,0.022805597393705895,0.03329348958355878,0.10661753061668372,0.8372833824060515,four_class_provisional_roi,0101,mixed_recording_holdout,contact_spectral,-1,contact
20260920-184857-normal-460800,0,normal,6,0,0.8578228800375903,0.0349735637388198,0.10517651894119788,0.002027037282392006,four_class_provisional_roi,0101,mixed_recording_holdout,contact_statistics,-1,contact
20260920-190913-outBroken-460800,2,outBroken,10,2,0.07727667059822914,0.019632646799836943,0.9014071203207145,0.0016835622812194878,four_class_provisional_roi,0101,mixed_recording_holdout,contact_statistics,-1,contact
20260920-192216-inBroken-115200,1,inBroken,8,1,0.03544547227506825,0.8063427955956555,0.1441884793507821,0.01402325277849422,four_class_provisional_roi,0101,mixed_recording_holdout,contact_statistics,-1,contact
20260920-193718-roll-115200,3,roll,9,3,0.0001799753499832642,0.06833369558692529,0.14377104814249828,0.7877152809205932,four_class_provisional_roi,0101,mixed_recording_holdout,contact_statistics,-1,contact
20260920-184857-normal-460800,0,normal,6,0,0.9028392198023804,0.0461071977926526,0.04903119338022125,0.002022389024745867,four_class_provisional_roi,0101,mixed_recording_holdout,contact_final_hidden,-1,contact
20260920-190913-outBroken-460800,2,outBroken,10,2,0.007552610395229528,0.00220684804878165,0.9899113796661844,0.0003291618898044187,four_class_provisional_roi,0101,mixed_recording_holdout,contact_final_hidden,-1,contact
20260920-192216-inBroken-115200,1,inBroken,8,1,0.045398838648371694,0.9371453292231742,0.004608923056695425,0.01284690907175865,four_class_provisional_roi,0101,mixed_recording_holdout,contact_final_hidden,-1,contact
20260920-193718-roll-115200,3,roll,9,3,0.1310692704617203,0.3993827684756707,0.05024696817894434,0.4193009928836646,four_class_provisional_roi,0101,mixed_recording_holdout,contact_final_hidden,-1,contact
20260920-184857-normal-460800,0,normal,6,2,0.012332185171544552,0.08672315627336502,0.8107416033744812,0.09020309895277023,four_class_provisional_roi,0101,mixed_recording_holdout,contact_original,-1,contact
20260920-190913-outBroken-460800,2,outBroken,10,2,0.0010036140447482467,0.1572980433702469,0.6584912538528442,0.18320706486701965,four_class_provisional_roi,0101,mixed_recording_holdout,contact_original,-1,contact
20260920-192216-inBroken-115200,1,inBroken,8,2,0.0009702183306217194,0.06122804060578346,0.9225758910179138,0.015225854702293873,four_class_provisional_roi,0101,mixed_recording_holdout,contact_original,-1,contact
20260920-193718-roll-115200,3,roll,9,2,0.006577568128705025,0.08760348707437515,0.7687318921089172,0.13708701729774475,four_class_provisional_roi,0101,mixed_recording_holdout,contact_original,-1,contact
20260920-184857-normal-460800,0,normal,6,2,8.411399903707206e-06,0.021196337416768074,0.9730455875396729,0.0057496908120810986,four_class_provisional_roi,0101,mixed_recording_holdout,contact_original_mean_hidden,-1,contact
20260920-190913-outBroken-460800,2,outBroken,10,2,4.026080569019541e-05,0.1317661553621292,0.8237518072128296,0.04444171115756035,four_class_provisional_roi,0101,mixed_recording_holdout,contact_original_mean_hidden,-1,contact
20260920-192216-inBroken-115200,1,inBroken,8,2,9.242177867463397e-08,0.02269083634018898,0.9768703579902649,0.00043872048263438046,four_class_provisional_roi,0101,mixed_recording_holdout,contact_original_mean_hidden,-1,contact
20260920-193718-roll-115200,3,roll,9,2,3.502665776977665e-06,0.03880308195948601,0.9500135779380798,0.011179906316101551,four_class_provisional_roi,0101,mixed_recording_holdout,contact_original_mean_hidden,-1,contact
20260920-184857-normal-460800,0,normal,48,0,0.9970090215471323,0.00023081122442549306,0.00022438636687189528,0.0025357808615705042,four_class_provisional_roi,0101,mixed_recording_holdout,radar_frame_shape,-1,radar
20260920-190913-outBroken-460800,2,outBroken,50,2,2.0190865377966953e-05,0.0003032149954632918,0.9992881640668807,0.00038843007227831424,four_class_provisional_roi,0101,mixed_recording_holdout,radar_frame_shape,-1,radar
20260920-192216-inBroken-115200,1,inBroken,50,1,0.00046832315177680356,0.9450465522756579,0.04159155390084654,0.012893570671718636,four_class_provisional_roi,0101,mixed_recording_holdout,radar_frame_shape,-1,radar
20260920-193718-roll-115200,3,roll,51,3,0.056641781467792585,0.0011135701102233239,0.002121488466029637,0.9401231599559541,four_class_provisional_roi,0101,mixed_recording_holdout,radar_frame_shape,-1,radar
20260920-184857-normal-460800,0,normal,48,0,0.9972406913045039,0.00022502891266632983,0.00041446871835951085,0.0021198110644705848,four_class_provisional_roi,0101,mixed_recording_holdout,radar_shape_phase,-1,radar
20260920-190913-outBroken-460800,2,outBroken,50,2,1.5896858778188785e-05,0.00010638655855140408,0.9998293201523869,4.839643028401801e-05,four_class_provisional_roi,0101,mixed_recording_holdout,radar_shape_phase,-1,radar
20260920-192216-inBroken-115200,1,inBroken,50,1,0.0004635597751500084,0.9436108238134722,0.05155220351920762,0.0043734128921703985,four_class_provisional_roi,0101,mixed_recording_holdout,radar_shape_phase,-1,radar
20260920-193718-roll-115200,3,roll,51,3,0.022212988095737927,0.0005134429674483023,0.001243805629886762,0.9760297633069271,four_class_provisional_roi,0101,mixed_recording_holdout,radar_shape_phase,-1,radar
20260920-184857-normal-460800,0,normal,48,0,0.5479613038478092,0.046706057154340924,0.0029459425874418924,0.4023866964104081,four_class_provisional_roi,0101,mixed_recording_holdout,radar_coherent_shape,-1,radar
20260920-190913-outBroken-460800,2,outBroken,50,2,2.1465507912883127e-05,0.0005921935029890715,0.9952017559198792,0.004184585069218753,four_class_provisional_roi,0101,mixed_recording_holdout,radar_coherent_shape,-1,radar
20260920-192216-inBroken-115200,1,inBroken,50,2,7.949871975437646e-05,0.0034824849654129485,0.6180782001878438,0.378359816126989,four_class_provisional_roi,0101,mixed_recording_holdout,radar_coherent_shape,-1,radar
20260920-193718-roll-115200,3,roll,51,3,0.004390183849210894,0.0016905376606102392,0.0020214455634214885,0.9918978329267575,four_class_provisional_roi,0101,mixed_recording_holdout,radar_coherent_shape,-1,radar
20260920-184857-normal-460800,0,normal,48,0,0.9879844911449555,1.0605383812489065e-05,0.0010571283186615718,0.010947775152570829,four_class_provisional_roi,0101,mixed_recording_holdout,radar_time_stats,-1,radar
20260920-190913-outBroken-460800,2,outBroken,50,2,0.0008948252101570692,0.4229430278949763,0.5282261712580985,0.0479359756367682,four_class_provisional_roi,0101,mixed_recording_holdout,radar_time_stats,-1,radar
20260920-192216-inBroken-115200,1,inBroken,50,3,2.1222257035745675e-05,0.43950316084149976,0.013785703865153891,0.5466899130363106,four_class_provisional_roi,0101,mixed_recording_holdout,radar_time_stats,-1,radar
20260920-193718-roll-115200,3,roll,51,3,0.08282931295168393,0.0033477601048410876,0.03234918969107699,0.8814737372523979,four_class_provisional_roi,0101,mixed_recording_holdout,radar_time_stats,-1,radar
20260920-184857-normal-460800,0,normal,48,0,0.34298244321090143,0.34298244157473473,0.007670468807754237,0.3063646464066102,four_class_provisional_roi,0101,mixed_recording_holdout,radar_confound_distance,-1,radar
20260920-190913-outBroken-460800,2,outBroken,50,2,0.000167953623193013,0.0001679536232036111,0.9719339642273747,0.027730128526229837,four_class_provisional_roi,0101,mixed_recording_holdout,radar_confound_distance,-1,radar
20260920-192216-inBroken-115200,1,inBroken,50,0,0.3429824432109014,0.3429824415747347,0.007670468807754237,0.3063646464066102,four_class_provisional_roi,0101,mixed_recording_holdout,radar_confound_distance,-1,radar
20260920-193718-roll-115200,3,roll,51,3,0.31389679776443374,0.3138967963392662,0.012708494286170866,0.35949791161012923,four_class_provisional_roi,0101,mixed_recording_holdout,radar_confound_distance,-1,radar
20260920-184857-normal-460800,0,normal,48,0,0.9918504328682177,0.0029730579867370925,0.0038211654749305494,0.0013553436701146332,four_class_provisional_roi,0101,mixed_recording_holdout,radar_confound_raw_amp,-1,radar
20260920-190913-outBroken-460800,2,outBroken,50,2,0.0024790719391369867,0.0003168679497650375,0.9947232254273136,0.0024808346837840015,four_class_provisional_roi,0101,mixed_recording_holdout,radar_confound_raw_amp,-1,radar
20260920-192216-inBroken-115200,1,inBroken,50,1,0.002570693682496258,0.989705148916897,0.0005333431007763338,0.007190814299830437,four_class_provisional_roi,0101,mixed_recording_holdout,radar_confound_raw_amp,-1,radar
20260920-193718-roll-115200,3,roll,51,3,0.002312165461551662,0.005635693167515439,0.0018528682775862519,0.9901992730933464,four_class_provisional_roi,0101,mixed_recording_holdout,radar_confound_raw_amp,-1,radar
20260920-184857-normal-460800,0,normal,48,0,0.9998090577622255,7.191707429872925e-06,4.2292703502274286e-05,0.00014146357201146506,four_class_provisional_roi,0101,mixed_recording_holdout,supervised,17,radar
20260920-190913-outBroken-460800,2,outBroken,50,2,5.9218897640676004e-05,0.00015235980332363398,0.9995456373691559,0.00024276011770780315,four_class_provisional_roi,0101,mixed_recording_holdout,supervised,17,radar
20260920-192216-inBroken-115200,1,inBroken,50,1,0.0003396113793132827,0.979204363822937,0.0062776407349156215,0.014178383460457553,four_class_provisional_roi,0101,mixed_recording_holdout,supervised,17,radar
20260920-193718-roll-115200,3,roll,51,3,0.08493159386663297,5.196744868218208e-05,0.0005030182079441575,0.914513425401631,four_class_provisional_roi,0101,mixed_recording_holdout,supervised,17,radar
20260920-184857-normal-460800,0,normal,48,0,0.9974235246578852,2.9682185652764776e-05,2.2034897003327576e-05,0.0025247540075810093,four_class_provisional_roi,0101,mixed_recording_holdout,supervised,42,radar
20260920-190913-outBroken-460800,2,outBroken,50,2,9.174175529551576e-05,0.00018633407562447247,0.9994681870937348,0.0002537301934717107,four_class_provisional_roi,0101,mixed_recording_holdout,supervised,42,radar
20260920-192216-inBroken-115200,1,inBroken,50,1,0.0012593050522264092,0.9726064091920853,0.01145177489001071,0.01468251031357795,four_class_provisional_roi,0101,mixed_recording_holdout,supervised,42,radar
20260920-193718-roll-115200,3,roll,51,3,0.08978303186255539,0.00022040886572130165,0.0002814708457163743,0.9097150796339574,four_class_provisional_roi,0101,mixed_recording_holdout,supervised,42,radar
20260920-184857-normal-460800,0,normal,48,0,0.9992770577470461,1.5496291723593458e-05,3.558043864870797e-06,0.0007038838043342821,four_class_provisional_roi,0101,mixed_recording_holdout,supervised,73,radar
20260920-190913-outBroken-460800,2,outBroken,50,2,1.1606132857195916e-05,5.552968272240833e-05,0.9998406910896301,9.217336111760232e-05,four_class_provisional_roi,0101,mixed_recording_holdout,supervised,73,radar
20260920-192216-inBroken-115200,1,inBroken,50,1,0.0006457069057796616,0.9617629563808441,0.028040194307686762,0.009551138309034287,four_class_provisional_roi,0101,mixed_recording_holdout,supervised,73,radar
20260920-193718-roll-115200,3,roll,51,3,0.0866802386292108,8.87470622746703e-05,0.0001880326068631428,0.9130429798810213,four_class_provisional_roi,0101,mixed_recording_holdout,supervised,73,radar
20260920-184857-normal-460800,0,normal,48,0,0.9995174420376619,3.4783940587127894e-05,8.880222079217977e-05,0.0003589544029409808,four_class_provisional_roi,0101,mixed_recording_holdout,head_only,17,radar
20260920-190913-outBroken-460800,2,outBroken,50,2,0.00011370287604222539,3.0143767307890812e-05,0.9996200370788574,0.00023611781274667008,four_class_provisional_roi,0101,mixed_recording_holdout,head_only,17,radar
20260920-192216-inBroken-115200,1,inBroken,50,1,0.002522328523918986,0.9684385550022125,0.015685835786280224,0.013353275491972454,four_class_provisional_roi,0101,mixed_recording_holdout,head_only,17,radar
20260920-193718-roll-115200,3,roll,51,3,0.06658336815213689,0.00040416356290841256,0.001025526412858573,0.9319869419559836,four_class_provisional_roi,0101,mixed_recording_holdout,head_only,17,radar
20260920-184857-normal-460800,0,normal,48,0,0.9993437851468722,9.227571346552092e-05,0.00011939995348105488,0.00044453515277117123,four_class_provisional_roi,0101,mixed_recording_holdout,head_only,42,radar
20260920-190913-outBroken-460800,2,outBroken,50,2,0.00020479045721003786,3.38695141408607e-05,0.9989080953598023,0.0008532499693683349,four_class_provisional_roi,0101,mixed_recording_holdout,head_only,42,radar
20260920-192216-inBroken-115200,1,inBroken,50,1,0.0017815890343626962,0.9802022069692612,0.002353488225999172,0.015662698265514335,four_class_provisional_roi,0101,mixed_recording_holdout,head_only,42,radar
20260920-193718-roll-115200,3,roll,51,3,0.11320866915174715,0.0006863511418986509,0.0015286293315761677,0.8845763500715953,four_class_provisional_roi,0101,mixed_recording_holdout,head_only,42,radar
20260920-184857-normal-460800,0,normal,48,0,0.9996218544741472,9.621775924036531e-05,9.058433526358083e-05,0.00019133310639555626,four_class_provisional_roi,0101,mixed_recording_holdout,head_only,73,radar
20260920-190913-outBroken-460800,2,outBroken,50,2,9.381461655721069e-05,6.992964474193286e-05,0.9994917321205139,0.0003445257055864204,four_class_provisional_roi,0101,mixed_recording_holdout,head_only,73,radar
20260920-192216-inBroken-115200,1,inBroken,50,1,0.0008526969849481247,0.9813571345806121,0.003900506008940283,0.013889658321277238,four_class_provisional_roi,0101,mixed_recording_holdout,head_only,73,radar
20260920-193718-roll-115200,3,roll,51,3,0.08438239945327024,0.0006264797252073299,0.001370281751316689,0.9136208285595856,four_class_provisional_roi,0101,mixed_recording_holdout,head_only,73,radar
20260920-184857-normal-460800,0,normal,48,0,0.9839604310691357,0.005761456559412181,0.009061105064271638,0.0012169994348975404,four_class_provisional_roi,0101,mixed_recording_holdout,distill,17,radar
20260920-190913-outBroken-460800,2,outBroken,50,2,0.007536594686098397,0.0010887987579917535,0.9856596529483795,0.005714948172681034,four_class_provisional_roi,0101,mixed_recording_holdout,distill,17,radar
20260920-192216-inBroken-115200,1,inBroken,50,1,0.02993656961247325,0.907693024277687,0.03789059735834598,0.024479818595573306,four_class_provisional_roi,0101,mixed_recording_holdout,distill,17,radar
20260920-193718-roll-115200,3,roll,51,3,0.05407886271503087,0.015062887664409537,0.023296059191446093,0.9075621907763621,four_class_provisional_roi,0101,mixed_recording_holdout,distill,17,radar
20260920-184857-normal-460800,0,normal,48,0,0.9869745907684168,0.004458366068623339,0.007700349883331607,0.0008666992210540533,four_class_provisional_roi,0101,mixed_recording_holdout,distill,42,radar
20260920-190913-outBroken-460800,2,outBroken,50,2,0.0068524544313549995,0.0012460871908115223,0.9828214085102082,0.009080059882253409,four_class_provisional_roi,0101,mixed_recording_holdout,distill,42,radar
20260920-192216-inBroken-115200,1,inBroken,50,1,0.030025691278278827,0.8935342699289321,0.04172780846245587,0.034712224146351216,four_class_provisional_roi,0101,mixed_recording_holdout,distill,42,radar
20260920-193718-roll-115200,3,roll,51,3,0.10435117446610878,0.016328430113693077,0.032203929622054976,0.8471164606584638,four_class_provisional_roi,0101,mixed_recording_holdout,distill,42,radar
20260920-184857-normal-460800,0,normal,48,0,0.9890921227633953,0.003679211474567031,0.006421435144147836,0.0008072369115931602,four_class_provisional_roi,0101,mixed_recording_holdout,distill,73,radar
20260920-190913-outBroken-460800,2,outBroken,50,2,0.0068371751997619865,0.0010184108681278302,0.9861367511749267,0.006007663467898965,four_class_provisional_roi,0101,mixed_recording_holdout,distill,73,radar
20260920-192216-inBroken-115200,1,inBroken,50,1,0.0324618268199265,0.9163919669389725,0.023252014238387346,0.027894203495234252,four_class_provisional_roi,0101,mixed_recording_holdout,distill,73,radar
20260920-193718-roll-115200,3,roll,51,3,0.06743353312291826,0.014171585655205097,0.022164721014525962,0.8962301610074207,four_class_provisional_roi,0101,mixed_recording_holdout,distill,73,radar
20260920-184857-normal-460800,0,normal,48,0,0.9839051390687624,0.00577470217346369,0.009118922947285077,0.0012012399162510217,four_class_provisional_roi,0101,mixed_recording_holdout,no_contrast,17,radar
20260920-190913-outBroken-460800,2,outBroken,50,2,0.007951590698212385,0.0010972535831388086,0.9853821849822998,0.0055689693707972766,four_class_provisional_roi,0101,mixed_recording_holdout,no_contrast,17,radar
20260920-192216-inBroken-115200,1,inBroken,50,1,0.031326072178781035,0.903164272904396,0.04056011538952589,0.024949543382972478,four_class_provisional_roi,0101,mixed_recording_holdout,no_contrast,17,radar
20260920-193718-roll-115200,3,roll,51,3,0.05279730638037162,0.015345019790544813,0.022911261023003972,0.9089464099310777,four_class_provisional_roi,0101,mixed_recording_holdout,no_contrast,17,radar
20260920-184857-normal-460800,0,normal,48,0,0.9869249761104584,0.004412300200783648,0.00781086809001863,0.0008518498295112901,four_class_provisional_roi,0101,mixed_recording_holdout,no_contrast,42,radar
20260920-190913-outBroken-460800,2,outBroken,50,2,0.007171705989167094,0.0012760082009481265,0.9819559824466705,0.00959630983415991,four_class_provisional_roi,0101,mixed_recording_holdout,no_contrast,42,radar
20260920-192216-inBroken-115200,1,inBroken,50,1,0.030880939327180387,0.8958175498247146,0.039012861959636214,0.03428865423426032,four_class_provisional_roi,0101,mixed_recording_holdout,no_contrast,42,radar
20260920-193718-roll-115200,3,roll,51,3,0.10383243086478472,0.016677653960262735,0.03181312882396228,0.8476767870323623,four_class_provisional_roi,0101,mixed_recording_holdout,no_contrast,42,radar
20260920-184857-normal-460800,0,normal,48,0,0.9891130663454533,0.0036610546715868018,0.006456347570444147,0.0007695364884057199,four_class_provisional_roi,0101,mixed_recording_holdout,no_contrast,73,radar
20260920-190913-outBroken-460800,2,outBroken,50,2,0.006957356282509863,0.0010491749393986539,0.9857515501976013,0.006241912548430264,four_class_provisional_roi,0101,mixed_recording_holdout,no_contrast,73,radar
20260920-192216-inBroken-115200,1,inBroken,50,1,0.033682676535099744,0.9160463738441468,0.02197080967947841,0.02830014963634312,four_class_provisional_roi,0101,mixed_recording_holdout,no_contrast,73,radar
20260920-193718-roll-115200,3,roll,51,3,0.06607211557246617,0.01386823600121573,0.022679163289128567,0.8973804930699807,four_class_provisional_roi,0101,mixed_recording_holdout,no_contrast,73,radar
20260920-184857-normal-460800,0,normal,48,0,0.9773389250040054,0.008184540070942603,0.012129816634114832,0.0023467219950058884,four_class_provisional_roi,0101,mixed_recording_holdout,no_radar_CE,17,radar
20260920-190913-outBroken-460800,2,outBroken,50,2,0.008910519238561392,0.0013419564458308742,0.9829159355163575,0.006831579366698861,four_class_provisional_roi,0101,mixed_recording_holdout,no_radar_CE,17,radar
20260920-192216-inBroken-115200,1,inBroken,50,1,0.030984879955649375,0.907892609834671,0.034760285867378116,0.026362234661355614,four_class_provisional_roi,0101,mixed_recording_holdout,no_radar_CE,17,radar
20260920-193718-roll-115200,3,roll,51,3,0.05234256257644316,0.015647616022832544,0.02323750971232121,0.9087723192996254,four_class_provisional_roi,0101,mixed_recording_holdout,no_radar_CE,17,radar
20260920-184857-normal-460800,0,normal,48,0,0.9836712268491586,0.005416587523844403,0.009512790139221275,0.0013993856221835206,four_class_provisional_roi,0101,mixed_recording_holdout,no_radar_CE,42,radar
20260920-190913-outBroken-460800,2,outBroken,50,2,0.0078128054831177,0.001460341711062938,0.979388073682785,0.011338779679499566,four_class_provisional_roi,0101,mixed_recording_holdout,no_radar_CE,42,radar
20260920-192216-inBroken-115200,1,inBroken,50,1,0.031361845284700395,0.8891839149594307,0.039592050099745396,0.039862182075157765,four_class_provisional_roi,0101,mixed_recording_holdout,no_radar_CE,42,radar
20260920-193718-roll-115200,3,roll,51,3,0.09559185659300591,0.018290720085668212,0.03520520973274959,0.850912208139312,four_class_provisional_roi,0101,mixed_recording_holdout,no_radar_CE,42,radar
20260920-184857-normal-460800,0,normal,48,0,0.9864447973668575,0.004608769668266177,0.007417771965265274,0.0015286656422783078,four_class_provisional_roi,0101,mixed_recording_holdout,no_radar_CE,73,radar
20260920-190913-outBroken-460800,2,outBroken,50,2,0.007891853433102369,0.0010560442542191595,0.9852242505550385,0.0058278520405292515,four_class_provisional_roi,0101,mixed_recording_holdout,no_radar_CE,73,radar
20260920-192216-inBroken-115200,1,inBroken,50,1,0.035378306303173304,0.9109633332490921,0.023064209250733256,0.030594150684773922,four_class_provisional_roi,0101,mixed_recording_holdout,no_radar_CE,73,radar
20260920-193718-roll-115200,3,roll,51,3,0.0549823866236051,0.017322270998585167,0.025885541402899167,0.9018097973118225,four_class_provisional_roi,0101,mixed_recording_holdout,no_radar_CE,73,radar
20260920-184857-normal-460800,0,normal,48,3,0.4713215058048566,0.01741537486668676,0.016750656204142917,0.4945124574005604,four_class_provisional_roi,0101,mixed_recording_holdout,shuffled,17,radar
20260920-190913-outBroken-460800,2,outBroken,50,2,0.023463066816329956,0.4529257375001907,0.5080963546037673,0.015514826215803624,four_class_provisional_roi,0101,mixed_recording_holdout,shuffled,17,radar
20260920-192216-inBroken-115200,1,inBroken,50,1,0.3380479827523232,0.5626936417818069,0.08761716820299625,0.011641205586493016,four_class_provisional_roi,0101,mixed_recording_holdout,shuffled,17,radar
20260920-193718-roll-115200,3,roll,51,3,0.04682019437827608,0.006061046507538241,0.45308152308651045,0.49403724132799637,four_class_provisional_roi,0101,mixed_recording_holdout,shuffled,17,radar
20260920-184857-normal-460800,0,normal,48,3,0.4820124364147584,0.014621048874687403,0.014156333772310367,0.48921018031736213,four_class_provisional_roi,0101,mixed_recording_holdout,shuffled,42,radar
20260920-190913-outBroken-460800,2,outBroken,50,2,0.022790657095611094,0.4530784487724304,0.5053926694393158,0.018738220296800136,four_class_provisional_roi,0101,mixed_recording_holdout,shuffled,42,radar
20260920-192216-inBroken-115200,1,inBroken,50,1,0.2885831817984581,0.6239613789319992,0.07861483499407768,0.008840607097372413,four_class_provisional_roi,0101,mixed_recording_holdout,shuffled,42,radar
20260920-193718-roll-115200,3,roll,51,3,0.055160052910008854,0.007147862276920647,0.4330276171950733,0.5046644713364395,four_class_provisional_roi,0101,mixed_recording_holdout,shuffled,42,radar
20260920-184857-normal-460800,0,normal,48,3,0.47238156013190746,0.013946294823351005,0.013875433787082633,0.49979671587546665,four_class_provisional_roi,0101,mixed_recording_holdout,shuffled,73,radar
20260920-190913-outBroken-460800,2,outBroken,50,2,0.02267156220972538,0.45503005862236023,0.5095439672470092,0.01275441225618124,four_class_provisional_roi,0101,mixed_recording_holdout,shuffled,73,radar
20260920-192216-inBroken-115200,1,inBroken,50,1,0.34545874178409575,0.5734090286493302,0.07241997107863427,0.008712253673002124,four_class_provisional_roi,0101,mixed_recording_holdout,shuffled,73,radar
20260920-193718-roll-115200,3,roll,51,3,0.04560839424968934,0.005524624239507259,0.45027541865905124,0.4985915644496095,four_class_provisional_roi,0101,mixed_recording_holdout,shuffled,73,radar
20260920-184857-normal-460800,0,normal,48,0,0.9876263414820036,0.00400216416164767,0.007685964917376016,0.000685531544756183,four_class_provisional_roi,0101,mixed_recording_holdout,distill_phase,17,radar
20260920-190913-outBroken-460800,2,outBroken,50,2,0.006928320685401559,0.0007598168303957209,0.9880202054977417,0.004291659160517156,four_class_provisional_roi,0101,mixed_recording_holdout,distill_phase,17,radar
20260920-192216-inBroken-115200,1,inBroken,50,1,0.05667585585266352,0.8493348467350006,0.06028204844333231,0.03370726151391864,four_class_provisional_roi,0101,mixed_recording_holdout,distill_phase,17,radar
20260920-193718-roll-115200,3,roll,51,3,0.024798906346048026,0.01599707666729741,0.02166330600248686,0.9375407216595668,four_class_provisional_roi,0101,mixed_recording_holdout,distill_phase,17,radar
20260920-184857-normal-460800,0,normal,48,0,0.9877673660715421,0.004210303076736939,0.007332915420799206,0.0006894186838811341,four_class_provisional_roi,0101,mixed_recording_holdout,distill_phase,42,radar
20260920-190913-outBroken-460800,2,outBroken,50,2,0.006185172898694873,0.0006187195115489885,0.9897256815433502,0.003470420865342021,four_class_provisional_roi,0101,mixed_recording_holdout,distill_phase,42,radar
20260920-192216-inBroken-115200,1,inBroken,50,1,0.023393990714102985,0.9406767928600311,0.017952914647758007,0.017976300287991763,four_class_provisional_roi,0101,mixed_recording_holdout,distill_phase,42,radar
20260920-193718-roll-115200,3,roll,51,3,0.026896934145970233,0.014538480690223914,0.022761112138373302,0.9358034765019136,four_class_provisional_roi,0101,mixed_recording_holdout,distill_phase,42,radar
20260920-184857-normal-460800,0,normal,48,0,0.9878226382037004,0.003830799493395413,0.007616270993215342,0.0007302905347993752,four_class_provisional_roi,0101,mixed_recording_holdout,distill_phase,73,radar
20260920-190913-outBroken-460800,2,outBroken,50,2,0.007592732459306717,0.000738600012846291,0.9876013243198395,0.004067340684123337,four_class_provisional_roi,0101,mixed_recording_holdout,distill_phase,73,radar
20260920-192216-inBroken-115200,1,inBroken,50,1,0.04145265968516469,0.889919096827507,0.04036127089522779,0.028266970384866,four_class_provisional_roi,0101,mixed_recording_holdout,distill_phase,73,radar
20260920-193718-roll-115200,3,roll,51,3,0.030836595299108156,0.01584101823048995,0.02158538211027489,0.931737001620087,four_class_provisional_roi,0101,mixed_recording_holdout,distill_phase,73,radar
20260920-184857-normal-460800,0,normal,48,2,4.024283999240688e-06,0.005772794382448183,0.9915116718896216,0.002711509443930731,four_class_provisional_roi,0101,mixed_recording_holdout,original_head,17,radar
20260920-190913-outBroken-460800,2,outBroken,50,2,1.440669722727679e-05,0.15174650737060147,0.8201447527673958,0.028094333164775116,four_class_provisional_roi,0101,mixed_recording_holdout,original_head,17,radar
20260920-192216-inBroken-115200,1,inBroken,50,2,1.9264358314039352e-07,0.056524828383073066,0.9425002248250683,0.0009747541482754002,four_class_provisional_roi,0101,mixed_recording_holdout,original_head,17,radar
20260920-193718-roll-115200,3,roll,51,2,4.262701866585685e-06,0.1187390577382165,0.8639542354259471,0.01730244413396976,four_class_provisional_roi,0101,mixed_recording_holdout,original_head,17,radar
20260920-184857-normal-460800,0,normal,48,2,4.362628138066347e-06,0.004870803988073874,0.9923605685147511,0.0027642648690373007,four_class_provisional_roi,0101,mixed_recording_holdout,original_head,42,radar
20260920-190913-outBroken-460800,2,outBroken,50,2,1.3923004964092819e-05,0.14466448500781243,0.8271519817020885,0.028169610285135045,four_class_provisional_roi,0101,mixed_recording_holdout,original_head,42,radar
20260920-192216-inBroken-115200,1,inBroken,50,2,2.3804997275625467e-07,0.05947271766098394,0.939353196696526,0.0011738475925172586,four_class_provisional_roi,0101,mixed_recording_holdout,original_head,42,radar
20260920-193718-roll-115200,3,roll,51,2,4.681693367247509e-06,0.10125415765522347,0.8820402443241039,0.016700916327305367,four_class_provisional_roi,0101,mixed_recording_holdout,original_head,42,radar
20260920-184857-normal-460800,0,normal,48,2,4.342545080445023e-06,0.004259097732028464,0.9932988609315904,0.002437698791300768,four_class_provisional_roi,0101,mixed_recording_holdout,original_head,73,radar
20260920-190913-outBroken-460800,2,outBroken,50,2,1.3317032431325974e-05,0.15149264964905879,0.8204969610280725,0.0279970722904375,four_class_provisional_roi,0101,mixed_recording_holdout,original_head,73,radar
20260920-192216-inBroken-115200,1,inBroken,50,2,2.196748680044068e-07,0.05295373022176781,0.9459939383824215,0.0010521117209425879,four_class_provisional_roi,0101,mixed_recording_holdout,original_head,73,radar
20260920-193718-roll-115200,3,roll,51,2,4.494279601650473e-06,0.12169982688230178,0.859273966200312,0.01902171263778465,four_class_provisional_roi,0101,mixed_recording_holdout,original_head,73,radar
20260920-184857-normal-460800,0,normal,6,0,0.8502568207265062,0.09018359747526372,0.029054315639418075,0.030505266158811824,four_class_provisional_roi,0110,mixed_recording_holdout,contact_hidden,-1,contact
20260920-190512-outBroken-115200,2,outBroken,8,2,0.011916422101507642,0.0012643174260861174,0.9589124116465898,0.0279068488258164,four_class_provisional_roi,0110,mixed_recording_holdout,contact_hidden,-1,contact
20260920-192216-inBroken-115200,1,inBroken,8,1,0.031286076084463744,0.925816083867506,0.0023480950527585503,0.04054974499527159,four_class_provisional_roi,0110,mixed_recording_holdout,contact_hidden,-1,contact
20260920-194108-roll-460800,3,roll,3,3,0.0010679462635454098,0.10082945648608954,0.0073407792875794615,0.8907618179627855,four_class_provisional_roi,0110,mixed_recording_holdout,contact_hidden,-1,contact
20260920-184857-normal-460800,0,normal,6,0,0.8824122383176386,0.08412269048485115,0.027001020749426636,0.006464050448083444,four_class_provisional_roi,0110,mixed_recording_holdout,contact_xyz_hidden,-1,contact
20260920-190512-outBroken-115200,2,outBroken,8,2,0.010709478200006606,0.0012968783151859585,0.9701400177044487,0.017853625780358734,four_class_provisional_roi,0110,mixed_recording_holdout,contact_xyz_hidden,-1,contact
20260920-192216-inBroken-115200,1,inBroken,8,1,0.010333542243579439,0.9724051866976358,0.0008351344040902788,0.01642613665469455,four_class_provisional_roi,0110,mixed_recording_holdout,contact_xyz_hidden,-1,contact
20260920-194108-roll-460800,3,roll,3,3,0.0007947360766905887,0.0918808263516759,0.00047253297316630655,0.9068519045984672,four_class_provisional_roi,0110,mixed_recording_holdout,contact_xyz_hidden,-1,contact
20260920-184857-normal-460800,0,normal,6,0,0.9783123228551438,0.0027214809970648583,0.011047200037267042,0.007918996110524346,four_class_provisional_roi,0110,mixed_recording_holdout,contact_spectral,-1,contact
20260920-190512-outBroken-115200,2,outBroken,8,2,0.007097890425512711,0.0021049602679192488,0.9870309456314095,0.0037662036751585273,four_class_provisional_roi,0110,mixed_recording_holdout,contact_spectral,-1,contact
20260920-192216-inBroken-115200,1,inBroken,8,1,0.0013600167292349475,0.9914367569187329,0.0006201780466598942,0.006583048305372206,four_class_provisional_roi,0110,mixed_recording_holdout,contact_spectral,-1,contact
20260920-194108-roll-460800,3,roll,3,3,0.0038821543766640668,0.003194119608241841,0.0007494227393642982,0.9921743032757299,four_class_provisional_roi,0110,mixed_recording_holdout,contact_spectral,-1,contact
20260920-184857-normal-460800,0,normal,6,0,0.8883165622923391,0.02850096978154404,0.08053789773099419,0.0026445701951226855,four_class_provisional_roi,0110,mixed_recording_holdout,contact_statistics,-1,contact
20260920-190512-outBroken-115200,2,outBroken,8,2,0.15797687289971876,0.03671808526636906,0.7894236212694957,0.015881420564416385,four_class_provisional_roi,0110,mixed_recording_holdout,contact_statistics,-1,contact
20260920-192216-inBroken-115200,1,inBroken,8,1,0.056642698286978675,0.7650040165973792,0.1633924033133885,0.014960881802253677,four_class_provisional_roi,0110,mixed_recording_holdout,contact_statistics,-1,contact
20260920-194108-roll-460800,3,roll,3,3,1.8117896192704777e-05,0.04467021734519263,0.003925598121685127,0.9513860666369295,four_class_provisional_roi,0110,mixed_recording_holdout,contact_statistics,-1,contact
20260920-184857-normal-460800,0,normal,6,0,0.8264467918116042,0.10334626968633441,0.03168737664493722,0.03851956185712418,four_class_provisional_roi,0110,mixed_recording_holdout,contact_final_hidden,-1,contact
20260920-190512-outBroken-115200,2,outBroken,8,2,0.0112580489749845,0.0028429790408940362,0.9312769448070168,0.0546220271771046,four_class_provisional_roi,0110,mixed_recording_holdout,contact_final_hidden,-1,contact
20260920-192216-inBroken-115200,1,inBroken,8,1,0.039266069472658344,0.9189474925079479,0.0034425215541951815,0.03834391646519868,four_class_provisional_roi,0110,mixed_recording_holdout,contact_final_hidden,-1,contact
20260920-194108-roll-460800,3,roll,3,3,0.00047020530046765874,0.15507819821405014,0.004927910519087679,0.8395236859663945,four_class_provisional_roi,0110,mixed_recording_holdout,contact_final_hidden,-1,contact
20260920-184857-normal-460800,0,normal,6,2,0.012332185171544552,0.08672315627336502,0.8107416033744812,0.09020309895277023,four_class_provisional_roi,0110,mixed_recording_holdout,contact_original,-1,contact
20260920-190512-outBroken-115200,2,outBroken,8,2,0.003059043549001217,0.13592824339866638,0.6606305241584778,0.20038221776485443,four_class_provisional_roi,0110,mixed_recording_holdout,contact_original,-1,contact
20260920-192216-inBroken-115200,1,inBroken,8,2,0.0009702183306217194,0.06122804060578346,0.9225758910179138,0.015225854702293873,four_class_provisional_roi,0110,mixed_recording_holdout,contact_original,-1,contact
20260920-194108-roll-460800,3,roll,3,2,0.00039004781865514815,0.18856340646743774,0.6605890393257141,0.1504574418067932,four_class_provisional_roi,0110,mixed_recording_holdout,contact_original,-1,contact
20260920-184857-normal-460800,0,normal,6,2,8.411399903707206e-06,0.021196337416768074,0.9730455875396729,0.0057496908120810986,four_class_provisional_roi,0110,mixed_recording_holdout,contact_original_mean_hidden,-1,contact
20260920-190512-outBroken-115200,2,outBroken,8,2,2.5974071832024492e-05,0.22439271211624146,0.7362313866615295,0.039349865168333054,four_class_provisional_roi,0110,mixed_recording_holdout,contact_original_mean_hidden,-1,contact
20260920-192216-inBroken-115200,1,inBroken,8,2,9.242177867463397e-08,0.02269083634018898,0.9768703579902649,0.00043872048263438046,four_class_provisional_roi,0110,mixed_recording_holdout,contact_original_mean_hidden,-1,contact
20260920-194108-roll-460800,3,roll,3,2,7.2012721830105875e-06,0.15615111589431763,0.8102505803108215,0.033591128885746,four_class_provisional_roi,0110,mixed_recording_holdout,contact_original_mean_hidden,-1,contact
20260920-184857-normal-460800,0,normal,48,0,0.9958094767106287,0.00026025055421423663,0.0001383275494810437,0.00379194518567629,four_class_provisional_roi,0110,mixed_recording_holdout,radar_frame_shape,-1,radar
20260920-190512-outBroken-115200,2,outBroken,50,2,0.0001648990652151807,0.0025879495997689263,0.9944563125759214,0.0027908387590943272,four_class_provisional_roi,0110,mixed_recording_holdout,radar_frame_shape,-1,radar
20260920-192216-inBroken-115200,1,inBroken,50,1,0.00039858013069214856,0.9130953449946735,0.07515284215835952,0.011353232716275032,four_class_provisional_roi,0110,mixed_recording_holdout,radar_frame_shape,-1,radar
20260920-194108-roll-460800,3,roll,51,3,0.0021591569589759093,0.0009312042365575247,0.00019367400154094027,0.9967159648029258,four_class_provisional_roi,0110,mixed_recording_holdout,radar_frame_shape,-1,radar
20260920-184857-normal-460800,0,normal,48,0,0.9915848107591323,0.0002270932724740195,0.0002847759124662289,0.007903320055927487,four_class_provisional_roi,0110,mixed_recording_holdout,radar_shape_phase,-1,radar
20260920-190512-outBroken-115200,2,outBroken,50,2,0.00020668768188714145,0.001135036503497709,0.9975661207732149,0.0010921550414001262,four_class_provisional_roi,0110,mixed_recording_holdout,radar_shape_phase,-1,radar
20260920-192216-inBroken-115200,1,inBroken,50,1,0.0004696142818695356,0.933204755172067,0.05994681366060129,0.006378816885462405,four_class_provisional_roi,0110,mixed_recording_holdout,radar_shape_phase,-1,radar
20260920-194108-roll-460800,3,roll,51,3,0.0009333294871727893,0.00043264616853947444,0.00020587244841944284,0.9984281518958686,four_class_provisional_roi,0110,mixed_recording_holdout,radar_shape_phase,-1,radar
20260920-184857-normal-460800,0,normal,48,3,0.34517275064886094,0.0411609537535537,0.0019171576656399844,0.6117491379319454,four_class_provisional_roi,0110,mixed_recording_holdout,radar_coherent_shape,-1,radar
20260920-190512-outBroken-115200,2,outBroken,50,2,6.337140274204205e-05,0.010709616770770694,0.9826137489137062,0.006613262912781351,four_class_provisional_roi,0110,mixed_recording_holdout,radar_coherent_shape,-1,radar
20260920-192216-inBroken-115200,1,inBroken,50,2,3.700725542738772e-05,0.004275958763157439,0.6792717058410004,0.3164153281404147,four_class_provisional_roi,0110,mixed_recording_holdout,radar_coherent_shape,-1,radar
20260920-194108-roll-460800,3,roll,51,3,0.0004233846788312386,0.0003248273500665548,0.0005282784683565575,0.9987235095027459,four_class_provisional_roi,0110,mixed_recording_holdout,radar_coherent_shape,-1,radar
20260920-184857-normal-460800,0,normal,48,0,0.8745536011695166,0.0002487573174879643,0.0010656847293289658,0.12413195678366674,four_class_provisional_roi,0110,mixed_recording_holdout,radar_time_stats,-1,radar
20260920-190512-outBroken-115200,2,outBroken,50,2,0.0008000690307455654,0.1805666432984049,0.7433250750919239,0.0753082125789255,four_class_provisional_roi,0110,mixed_recording_holdout,radar_time_stats,-1,radar
20260920-192216-inBroken-115200,1,inBroken,50,2,6.636071768914814e-05,0.1900339860921185,0.4318781883100145,0.37802146488017785,four_class_provisional_roi,0110,mixed_recording_holdout,radar_time_stats,-1,radar
20260920-194108-roll-460800,3,roll,51,3,0.03500726148710925,0.03469766149202124,0.05793812988540133,0.872356947135468,four_class_provisional_roi,0110,mixed_recording_holdout,radar_time_stats,-1,radar
20260920-184857-normal-460800,0,normal,48,0,0.34298244321090143,0.34298244157473473,0.007670468807754237,0.3063646464066102,four_class_provisional_roi,0110,mixed_recording_holdout,radar_confound_distance,-1,radar
20260920-190512-outBroken-115200,2,outBroken,50,2,0.000167953623193013,0.0001679536232036111,0.9719339642273747,0.027730128526229837,four_class_provisional_roi,0110,mixed_recording_holdout,radar_confound_distance,-1,radar
20260920-192216-inBroken-115200,1,inBroken,50,0,0.3429824432109014,0.3429824415747347,0.007670468807754237,0.3063646464066102,four_class_provisional_roi,0110,mixed_recording_holdout,radar_confound_distance,-1,radar
20260920-194108-roll-460800,3,roll,51,3,0.31389679776443374,0.3138967963392662,0.012708494286170866,0.35949791161012923,four_class_provisional_roi,0110,mixed_recording_holdout,radar_confound_distance,-1,radar
20260920-184857-normal-460800,0,normal,48,0,0.9917562232820334,0.0029770820635713832,0.0038461540403070243,0.0014205406140881981,four_class_provisional_roi,0110,mixed_recording_holdout,radar_confound_raw_amp,-1,radar
20260920-190512-outBroken-115200,2,outBroken,50,2,0.0015941932794312761,0.0002693840792012852,0.9964199126249552,0.0017165100164122302,four_class_provisional_roi,0110,mixed_recording_holdout,radar_confound_raw_amp,-1,radar
20260920-192216-inBroken-115200,1,inBroken,50,1,0.002584671113964174,0.9898937369950644,0.0005398167213872575,0.00698177516958435,four_class_provisional_roi,0110,mixed_recording_holdout,radar_confound_raw_amp,-1,radar
20260920-194108-roll-460800,3,roll,51,3,0.0020073427055569836,0.005761910437708402,0.0016852026267719518,0.9905455442299629,four_class_provisional_roi,0110,mixed_recording_holdout,radar_confound_raw_amp,-1,radar
20260920-184857-normal-460800,0,normal,48,0,0.9999505666395029,5.681230852871977e-06,2.0920558133260176e-05,2.282337760088164e-05,four_class_provisional_roi,0110,mixed_recording_holdout,supervised,17,radar
20260920-190512-outBroken-115200,2,outBroken,50,2,3.6950906815036436e-05,9.093764529097826e-05,0.9998061263561249,6.598920310352697e-05,four_class_provisional_roi,0110,mixed_recording_holdout,supervised,17,radar
20260920-192216-inBroken-115200,1,inBroken,50,1,0.0002276409387923195,0.9920166671276093,0.007389140491432045,0.00036655829346273096,four_class_provisional_roi,0110,mixed_recording_holdout,supervised,17,radar
20260920-194108-roll-460800,3,roll,51,3,1.4653577741406551e-05,2.474985627858872e-06,1.5936904914911685e-05,0.9999669252657423,four_class_provisional_roi,0110,mixed_recording_holdout,supervised,17,radar
20260920-184857-normal-460800,0,normal,48,0,0.9999844705065092,6.1723647585646786e-06,8.616831512024229e-07,8.49185482702334e-06,four_class_provisional_roi,0110,mixed_recording_holdout,supervised,42,radar
20260920-190512-outBroken-115200,2,outBroken,50,2,1.8329386548430194e-05,4.6749946886848195e-05,0.9999132740497589,2.1653548428730575e-05,four_class_provisional_roi,0110,mixed_recording_holdout,supervised,42,radar
20260920-192216-inBroken-115200,1,inBroken,50,1,0.0012668327876599506,0.9668677365779876,0.02900232531246729,0.0028630979495937936,four_class_provisional_roi,0110,mixed_recording_holdout,supervised,42,radar
20260920-194108-roll-460800,3,roll,51,3,2.514860012952875e-05,5.544852316305361e-05,3.671854076802607e-05,0.9998826887093338,four_class_provisional_roi,0110,mixed_recording_holdout,supervised,42,radar
20260920-184857-normal-460800,0,normal,48,0,0.9999665555854639,1.0612658092175783e-05,9.76294414497166e-07,2.1855198189276354e-05,four_class_provisional_roi,0110,mixed_recording_holdout,supervised,73,radar
20260920-190512-outBroken-115200,2,outBroken,50,2,1.5691698554292088e-05,5.6123873255273795e-05,0.9998390626907349,8.912231998692733e-05,four_class_provisional_roi,0110,mixed_recording_holdout,supervised,73,radar
20260920-192216-inBroken-115200,1,inBroken,50,1,0.0006730468658497557,0.9860324800014496,0.012295375630201307,0.000999091111953021,four_class_provisional_roi,0110,mixed_recording_holdout,supervised,73,radar
20260920-194108-roll-460800,3,roll,51,3,8.85508864609851e-06,2.0086437724089858e-05,4.903324925715638e-05,0.999922019593856,four_class_provisional_roi,0110,mixed_recording_holdout,supervised,73,radar
20260920-184857-normal-460800,0,normal,48,0,0.9999150112271309,2.132433753369393e-05,4.0461202540124454e-05,2.3210530576041794e-05,four_class_provisional_roi,0110,mixed_recording_holdout,head_only,17,radar
20260920-190512-outBroken-115200,2,outBroken,50,2,0.00019729295163415373,3.0405677025555634e-05,0.9996763348579407,9.596916293958202e-05,four_class_provisional_roi,0110,mixed_recording_holdout,head_only,17,radar
20260920-192216-inBroken-115200,1,inBroken,50,1,0.0028306458599399774,0.9672193503379822,0.02519927354558604,0.004750711284577847,four_class_provisional_roi,0110,mixed_recording_holdout,head_only,17,radar
20260920-194108-roll-460800,3,roll,51,3,3.0230003613171137e-05,9.251434223152304e-05,3.840551380562829e-05,0.9998388477400237,four_class_provisional_roi,0110,mixed_recording_holdout,head_only,17,radar
20260920-184857-normal-460800,0,normal,48,0,0.9999099560081959,4.418250136950519e-05,3.018922196436809e-05,1.5666671342747424e-05,four_class_provisional_roi,0110,mixed_recording_holdout,head_only,42,radar
20260920-190512-outBroken-115200,2,outBroken,50,2,0.00017047246423317118,3.413616515899776e-05,0.9997168242931366,7.856848111259751e-05,four_class_provisional_roi,0110,mixed_recording_holdout,head_only,42,radar
20260920-192216-inBroken-115200,1,inBroken,50,1,0.0018995144520886243,0.982576459646225,0.014235529984580353,0.0012884964711702197,four_class_provisional_roi,0110,mixed_recording_holdout,head_only,42,radar
20260920-194108-roll-460800,3,roll,51,3,5.50716347913526e-05,5.1284559940897596e-05,5.888560019015773e-05,0.9998347548877492,four_class_provisional_roi,0110,mixed_recording_holdout,head_only,42,radar
20260920-184857-normal-460800,0,normal,48,0,0.9998510045309862,8.093921610452526e-05,5.335076665839248e-05,1.470310054685342e-05,four_class_provisional_roi,0110,mixed_recording_holdout,head_only,73,radar
20260920-190512-outBroken-115200,2,outBroken,50,2,0.00019012551769264973,4.6529549363185654e-05,0.9996853840351104,7.796896177751478e-05,four_class_provisional_roi,0110,mixed_recording_holdout,head_only,73,radar
20260920-192216-inBroken-115200,1,inBroken,50,1,0.0020182997701340354,0.9863846457004547,0.01031323511066148,0.0012838050017307979,four_class_provisional_roi,0110,mixed_recording_holdout,head_only,73,radar
20260920-194108-roll-460800,3,roll,51,3,2.2205065654227784e-05,9.440907874080699e-05,7.37461180987713e-05,0.9998096379579282,four_class_provisional_roi,0110,mixed_recording_holdout,head_only,73,radar
20260920-184857-normal-460800,0,normal,48,0,0.9848417565226555,0.004942255999291471,0.003217903484861987,0.006998087682101565,four_class_provisional_roi,0110,mixed_recording_holdout,distill,17,radar
20260920-190512-outBroken-115200,2,outBroken,50,2,0.003909558395389467,0.0001554512555594556,0.9867396581172944,0.009195327833294869,four_class_provisional_roi,0110,mixed_recording_holdout,distill,17,radar
20260920-192216-inBroken-115200,1,inBroken,50,1,0.03627028847113252,0.8039790612459182,0.0479597594216466,0.11179089233279228,four_class_provisional_roi,0110,mixed_recording_holdout,distill,17,radar
20260920-194108-roll-460800,3,roll,51,3,0.006529603415972316,0.01956030331990298,0.004532390159974788,0.9693776895018185,four_class_provisional_roi,0110,mixed_recording_holdout,distill,17,radar
20260920-184857-normal-460800,0,normal,48,0,0.9891405254602432,0.0029039247553252303,0.002996062585831775,0.004959489374111096,four_class_provisional_roi,0110,mixed_recording_holdout,distill,42,radar
20260920-190512-outBroken-115200,2,outBroken,50,2,0.003383004614152014,0.00012746742300805635,0.9867150199413299,0.009774497803300619,four_class_provisional_roi,0110,mixed_recording_holdout,distill,42,radar
20260920-192216-inBroken-115200,1,inBroken,50,1,0.024281155737116932,0.842891748547554,0.03159887013724074,0.10122823558747768,four_class_provisional_roi,0110,mixed_recording_holdout,distill,42,radar
20260920-194108-roll-460800,3,roll,51,3,0.008751795417172652,0.021988877122673917,0.006791823927093954,0.9624674998077691,four_class_provisional_roi,0110,mixed_recording_holdout,distill,42,radar
20260920-184857-normal-460800,0,normal,48,0,0.9873416610062122,0.0037754615016941293,0.0032452130011127642,0.005637670544577607,four_class_provisional_roi,0110,mixed_recording_holdout,distill,73,radar
20260920-190512-outBroken-115200,2,outBroken,50,2,0.0037058569910004735,0.00014431656745728105,0.9876324546337127,0.008517379080876708,four_class_provisional_roi,0110,mixed_recording_holdout,distill,73,radar
20260920-192216-inBroken-115200,1,inBroken,50,1,0.03855724763125181,0.8434470123052598,0.025404825187288226,0.09259092230349779,four_class_provisional_roi,0110,mixed_recording_holdout,distill,73,radar
20260920-194108-roll-460800,3,roll,51,3,0.007305446382173721,0.01441243857912281,0.005782289152015366,0.9724998170254278,four_class_provisional_roi,0110,mixed_recording_holdout,distill,73,radar
20260920-184857-normal-460800,0,normal,48,0,0.9850439541041851,0.004850108358368743,0.0031571202853228897,0.006948818932869472,four_class_provisional_roi,0110,mixed_recording_holdout,no_contrast,17,radar
20260920-190512-outBroken-115200,2,outBroken,50,2,0.004152718032710254,0.00016229302214924247,0.986445482969284,0.009239504057914018,four_class_provisional_roi,0110,mixed_recording_holdout,no_contrast,17,radar
20260920-192216-inBroken-115200,1,inBroken,50,1,0.03740057112649083,0.8008909791707992,0.05034678453579545,0.11136166036128997,four_class_provisional_roi,0110,mixed_recording_holdout,no_contrast,17,radar
20260920-194108-roll-460800,3,roll,51,3,0.006395446143441778,0.018980354463279833,0.004490919287919122,0.9701332835590138,four_class_provisional_roi,0110,mixed_recording_holdout,no_contrast,17,radar
20260920-184857-normal-460800,0,normal,48,0,0.9895043472448984,0.0028036057653177218,0.0029289638114278205,0.004763085792850082,four_class_provisional_roi,0110,mixed_recording_holdout,no_contrast,42,radar
20260920-190512-outBroken-115200,2,outBroken,50,2,0.003349654315970838,0.00012571932922583073,0.9869144427776336,0.00961017282679677,four_class_provisional_roi,0110,mixed_recording_holdout,no_contrast,42,radar
20260920-192216-inBroken-115200,1,inBroken,50,1,0.025022443095222117,0.8420600062608719,0.03191804996225983,0.10099950015544891,four_class_provisional_roi,0110,mixed_recording_holdout,no_contrast,42,radar
20260920-194108-roll-460800,3,roll,51,3,0.009066766032072552,0.022518728887114453,0.006918251413998066,0.9614962456273097,four_class_provisional_roi,0110,mixed_recording_holdout,no_contrast,42,radar
20260920-184857-normal-460800,0,normal,48,0,0.9875184781849384,0.0036998672270177244,0.0032057248002577885,0.005575930743361823,four_class_provisional_roi,0110,mixed_recording_holdout,no_contrast,73,radar
20260920-190512-outBroken-115200,2,outBroken,50,2,0.0036988929519429802,0.00014249653511797078,0.9878435480594635,0.008315063705667853,four_class_provisional_roi,0110,mixed_recording_holdout,no_contrast,73,radar
20260920-192216-inBroken-115200,1,inBroken,50,1,0.042171417362988,0.8433764261007309,0.023341440006624907,0.09111070912331343,four_class_provisional_roi,0110,mixed_recording_holdout,no_contrast,73,radar
20260920-194108-roll-460800,3,roll,51,3,0.007343618669455834,0.01452460132685362,0.005761969989786546,0.9723698111141429,four_class_provisional_roi,0110,mixed_recording_holdout,no_contrast,73,radar
20260920-184857-normal-460800,0,normal,48,0,0.9840003227194151,0.005187780057894997,0.0035276251243582615,0.007284268072301832,four_class_provisional_roi,0110,mixed_recording_holdout,no_radar_CE,17,radar
20260920-190512-outBroken-115200,2,outBroken,50,2,0.004266372704878449,0.0001713603977987077,0.9841202914714813,0.011441969415172934,four_class_provisional_roi,0110,mixed_recording_holdout,no_radar_CE,17,radar
20260920-192216-inBroken-115200,1,inBroken,50,1,0.040778758060187104,0.7463882285356521,0.06061485746875405,0.15221815533936023,four_class_provisional_roi,0110,mixed_recording_holdout,no_radar_CE,17,radar
20260920-194108-roll-460800,3,roll,51,3,0.006783403908176457,0.022985707977604047,0.0046624302106233785,0.965568460670172,four_class_provisional_roi,0110,mixed_recording_holdout,no_radar_CE,17,radar
20260920-184857-normal-460800,0,normal,48,0,0.989809068540732,0.002930610406716975,0.002749441421959394,0.004510881827930764,four_class_provisional_roi,0110,mixed_recording_holdout,no_radar_CE,42,radar
20260920-190512-outBroken-115200,2,outBroken,50,2,0.004039672915823757,0.00013913919625338167,0.984288375377655,0.011532812202349306,four_class_provisional_roi,0110,mixed_recording_holdout,no_radar_CE,42,radar
20260920-192216-inBroken-115200,1,inBroken,50,1,0.02961988788098097,0.7843547010421753,0.03858814294449985,0.14743726663291454,four_class_provisional_roi,0110,mixed_recording_holdout,no_radar_CE,42,radar
20260920-194108-roll-460800,3,roll,51,3,0.008094640288903726,0.023134497779549335,0.006634480278829441,0.9621363866562936,four_class_provisional_roi,0110,mixed_recording_holdout,no_radar_CE,42,radar
20260920-184857-normal-460800,0,normal,48,0,0.9877684116363525,0.003654918373892239,0.0030265249855195484,0.005550134817895014,four_class_provisional_roi,0110,mixed_recording_holdout,no_radar_CE,73,radar
20260920-190512-outBroken-115200,2,outBroken,50,2,0.004272746173664927,0.0001697321012034081,0.9846440005302429,0.010913529992103576,four_class_provisional_roi,0110,mixed_recording_holdout,no_radar_CE,73,radar
20260920-192216-inBroken-115200,1,inBroken,50,1,0.046005806252360344,0.7924489533901214,0.034298033879604194,0.12724720805883408,four_class_provisional_roi,0110,mixed_recording_holdout,no_radar_CE,73,radar
20260920-194108-roll-460800,3,roll,51,3,0.006774059364426078,0.015117414140452942,0.00607827949958543,0.9720302528026057,four_class_provisional_roi,0110,mixed_recording_holdout,no_radar_CE,73,radar
20260920-184857-normal-460800,0,normal,48,0,0.5274866465479136,0.020612145172587287,0.013637056535420319,0.43826414706806344,four_class_provisional_roi,0110,mixed_recording_holdout,shuffled,17,radar
20260920-190512-outBroken-115200,2,outBroken,50,1,0.018640225231647493,0.473771271109581,0.4704867160320282,0.03710178948938846,four_class_provisional_roi,0110,mixed_recording_holdout,shuffled,17,radar
20260920-192216-inBroken-115200,1,inBroken,50,1,0.2814865654706955,0.6284967350959778,0.053007137924432755,0.037009558230638506,four_class_provisional_roi,0110,mixed_recording_holdout,shuffled,17,radar
20260920-194108-roll-460800,3,roll,51,3,0.006829263774824201,0.0005603298966033274,0.45186300604951146,0.5407473988392774,four_class_provisional_roi,0110,mixed_recording_holdout,shuffled,17,radar
20260920-184857-normal-460800,0,normal,48,0,0.529299629231294,0.016602621471975,0.012484422652050853,0.441613328953584,four_class_provisional_roi,0110,mixed_recording_holdout,shuffled,42,radar
20260920-190512-outBroken-115200,2,outBroken,50,1,0.018589597046375275,0.4939094394445419,0.4549326640367508,0.032568296156823634,four_class_provisional_roi,0110,mixed_recording_holdout,shuffled,42,radar
20260920-192216-inBroken-115200,1,inBroken,50,1,0.25514278680086133,0.6521956479549408,0.06429397001862526,0.028367601875215767,four_class_provisional_roi,0110,mixed_recording_holdout,shuffled,42,radar
20260920-194108-roll-460800,3,roll,51,3,0.009755981919428735,0.0011692717144957416,0.44768431724286545,0.5413904283560959,four_class_provisional_roi,0110,mixed_recording_holdout,shuffled,42,radar
20260920-184857-normal-460800,0,normal,48,0,0.531046262010932,0.015716140818161268,0.01314258404696981,0.4400950111448765,four_class_provisional_roi,0110,mixed_recording_holdout,shuffled,73,radar
20260920-190512-outBroken-115200,2,outBroken,50,1,0.017389016952365638,0.48098746001720427,0.4681836175918579,0.03343989484012127,four_class_provisional_roi,0110,mixed_recording_holdout,shuffled,73,radar
20260920-192216-inBroken-115200,1,inBroken,50,1,0.32793402582407,0.6049297833442688,0.04025422777980566,0.02688196925446391,four_class_provisional_roi,0110,mixed_recording_holdout,shuffled,73,radar
20260920-194108-roll-460800,3,roll,51,3,0.008059145866747141,0.0008239848781765128,0.43714972161779214,0.5539671428063336,four_class_provisional_roi,0110,mixed_recording_holdout,shuffled,73,radar
20260920-184857-normal-460800,0,normal,48,0,0.9847552490731081,0.0039597549669755,0.0036361582800357914,0.007648831155772011,four_class_provisional_roi,0110,mixed_recording_holdout,distill_phase,17,radar
20260920-190512-outBroken-115200,2,outBroken,50,2,0.0033978545293211937,0.00012836621099268086,0.9874509882926941,0.009022788377478719,four_class_provisional_roi,0110,mixed_recording_holdout,distill_phase,17,radar
20260920-192216-inBroken-115200,1,inBroken,50,1,0.03157785143703222,0.8741467612981796,0.01616220539086498,0.07811317957937718,four_class_provisional_roi,0110,mixed_recording_holdout,distill_phase,17,radar
20260920-194108-roll-460800,3,roll,51,3,0.005753215064532032,0.013406638722574594,0.00478512315335227,0.9760550213795082,four_class_provisional_roi,0110,mixed_recording_holdout,distill_phase,17,radar
20260920-184857-normal-460800,0,normal,48,0,0.9846014827489853,0.003928804338405219,0.003145663557612958,0.00832404820539523,four_class_provisional_roi,0110,mixed_recording_holdout,distill_phase,42,radar
20260920-190512-outBroken-115200,2,outBroken,50,2,0.0031837567267939447,0.00011393019987735897,0.9885469162464142,0.008155395295470953,four_class_provisional_roi,0110,mixed_recording_holdout,distill_phase,42,radar
20260920-192216-inBroken-115200,1,inBroken,50,1,0.011291320691816509,0.9441729295253753,0.004053412360954098,0.04048234086483717,four_class_provisional_roi,0110,mixed_recording_holdout,distill_phase,42,radar
20260920-194108-roll-460800,3,roll,51,3,0.005803083188320492,0.011597980160777475,0.004549254882423317,0.9780496662738276,four_class_provisional_roi,0110,mixed_recording_holdout,distill_phase,42,radar
20260920-184857-normal-460800,0,normal,48,0,0.9846167899668217,0.003982051581260748,0.003644446585288582,0.007756713098691155,four_class_provisional_roi,0110,mixed_recording_holdout,distill_phase,73,radar
20260920-190512-outBroken-115200,2,outBroken,50,2,0.0027873806050047276,0.00010646491602528841,0.988906809091568,0.008199336938560009,four_class_provisional_roi,0110,mixed_recording_holdout,distill_phase,73,radar
20260920-192216-inBroken-115200,1,inBroken,50,1,0.019767364030703904,0.8609852811694145,0.02176264813984744,0.09748470898717641,four_class_provisional_roi,0110,mixed_recording_holdout,distill_phase,73,radar
20260920-194108-roll-460800,3,roll,51,3,0.005866109206359468,0.013020543116783979,0.005044158100716623,0.9760691827418757,four_class_provisional_roi,0110,mixed_recording_holdout,distill_phase,73,radar
20260920-184857-normal-460800,0,normal,48,2,4.1739100125219445e-06,0.004665676424933716,0.9928070575716913,0.0025230920933624443,four_class_provisional_roi,0110,mixed_recording_holdout,original_head,17,radar
20260920-190512-outBroken-115200,2,outBroken,50,2,1.6285167757353233e-05,0.10750359539577689,0.8665783638131809,0.025901755623284867,four_class_provisional_roi,0110,mixed_recording_holdout,original_head,17,radar
20260920-192216-inBroken-115200,1,inBroken,50,2,2.850414405153544e-07,0.05092460050777816,0.9478694370627023,0.0012056773880787734,four_class_provisional_roi,0110,mixed_recording_holdout,original_head,17,radar
20260920-194108-roll-460800,3,roll,51,2,9.00944660773014e-07,0.03539388046314001,0.9589127718162695,0.005692446775929954,four_class_provisional_roi,0110,mixed_recording_holdout,original_head,17,radar
20260920-184857-normal-460800,0,normal,48,2,4.528844371217099e-06,0.0045611870801410955,0.9927627948638236,0.0026714892116643774,four_class_provisional_roi,0110,mixed_recording_holdout,original_head,42,radar
20260920-190512-outBroken-115200,2,outBroken,50,2,1.6254578902444465e-05,0.10173445912275411,0.8732711221703015,0.02497816412804168,four_class_provisional_roi,0110,mixed_recording_holdout,original_head,42,radar
20260920-192216-inBroken-115200,1,inBroken,50,2,2.484950384126927e-07,0.050764166148686535,0.9481952545583485,0.001040330797926787,four_class_provisional_roi,0110,mixed_recording_holdout,original_head,42,radar
20260920-194108-roll-460800,3,roll,51,2,8.902162407201926e-07,0.03428058903555733,0.9600497889680553,0.005668731780146779,four_class_provisional_roi,0110,mixed_recording_holdout,original_head,42,radar
20260920-184857-normal-460800,0,normal,48,2,4.453813667182473e-06,0.004204410163582977,0.9933338266861972,0.0024573093365525367,four_class_provisional_roi,0110,mixed_recording_holdout,original_head,73,radar
20260920-190512-outBroken-115200,2,outBroken,50,2,1.5566142149538576e-05,0.09854964410091945,0.8771439241826257,0.02429086557430539,four_class_provisional_roi,0110,mixed_recording_holdout,original_head,73,radar
20260920-192216-inBroken-115200,1,inBroken,50,2,2.6984331058685437e-07,0.04977277658392433,0.949058675913865,0.0011682776589002528,four_class_provisional_roi,0110,mixed_recording_holdout,original_head,73,radar
20260920-194108-roll-460800,3,roll,51,2,8.352123285981477e-07,0.035277402386792465,0.9588988919612701,0.005822870439609074,four_class_provisional_roi,0110,mixed_recording_holdout,original_head,73,radar
20260920-184857-normal-460800,0,normal,6,0,0.9111977483313001,0.04621870290934218,0.03867816642528717,0.003905382334070499,four_class_provisional_roi,0111,mixed_recording_holdout,contact_hidden,-1,contact
20260920-190512-outBroken-115200,2,outBroken,8,2,0.032035282142575984,0.002213425194603097,0.9189094305546596,0.046841862108161374,four_class_provisional_roi,0111,mixed_recording_holdout,contact_hidden,-1,contact
20260920-192216-inBroken-115200,1,inBroken,8,1,0.0347291693887549,0.9496639333860457,0.005745564480892591,0.009861332744306802,four_class_provisional_roi,0111,mixed_recording_holdout,contact_hidden,-1,contact
20260920-193718-roll-115200,3,roll,9,3,0.12585246295576302,0.3091128368467523,0.12443995764101418,0.4405947425564705,four_class_provisional_roi,0111,mixed_recording_holdout,contact_hidden,-1,contact
20260920-184857-normal-460800,0,normal,6,0,0.9190502559561793,0.03893183197125983,0.03684046028274228,0.005177451789818535,four_class_provisional_roi,0111,mixed_recording_holdout,contact_xyz_hidden,-1,contact
20260920-190512-outBroken-115200,2,outBroken,8,2,0.02866295352955012,0.0019264298584470956,0.9533832605659938,0.01602735604600901,four_class_provisional_roi,0111,mixed_recording_holdout,contact_xyz_hidden,-1,contact
20260920-192216-inBroken-115200,1,inBroken,8,1,0.01325085381003106,0.982552653496327,0.00196309126863604,0.002233401425005952,four_class_provisional_roi,0111,mixed_recording_holdout,contact_xyz_hidden,-1,contact
20260920-193718-roll-115200,3,roll,9,3,0.13525551901410393,0.3453078921527861,0.13802464759243446,0.3814119412406755,four_class_provisional_roi,0111,mixed_recording_holdout,contact_xyz_hidden,-1,contact
20260920-184857-normal-460800,0,normal,6,0,0.9804196259249457,0.003496937436648326,0.01048297105632877,0.005600465582077146,four_class_provisional_roi,0111,mixed_recording_holdout,contact_spectral,-1,contact
20260920-190512-outBroken-115200,2,outBroken,8,2,0.008062882743754857,0.002804210699159114,0.9880117757903157,0.0011211307667702629,four_class_provisional_roi,0111,mixed_recording_holdout,contact_spectral,-1,contact
20260920-192216-inBroken-115200,1,inBroken,8,1,0.0017702831170147454,0.9941663868494002,0.0012082622955434557,0.0028550677380416167,four_class_provisional_roi,0111,mixed_recording_holdout,contact_spectral,-1,contact
20260920-193718-roll-115200,3,roll,9,3,0.019009476527400385,0.035201694868943076,0.10418961387842933,0.8415992147252271,four_class_provisional_roi,0111,mixed_recording_holdout,contact_spectral,-1,contact
20260920-184857-normal-460800,0,normal,6,0,0.8798149200357516,0.03468722092236587,0.08369680609980985,0.0018010529420726619,four_class_provisional_roi,0111,mixed_recording_holdout,contact_statistics,-1,contact
20260920-190512-outBroken-115200,2,outBroken,8,2,0.18304490916073748,0.03438531932793984,0.7779218701436599,0.004647901367662957,four_class_provisional_roi,0111,mixed_recording_holdout,contact_statistics,-1,contact
20260920-192216-inBroken-115200,1,inBroken,8,1,0.052835799153799476,0.8107481127645089,0.1220064919361208,0.014409596145570748,four_class_provisional_roi,0111,mixed_recording_holdout,contact_statistics,-1,contact
20260920-193718-roll-115200,3,roll,9,3,0.0002708614844794393,0.06573271287233538,0.13910693793358725,0.794889487709598,four_class_provisional_roi,0111,mixed_recording_holdout,contact_statistics,-1,contact
20260920-184857-normal-460800,0,normal,6,0,0.9097529275583027,0.04294836413146038,0.044695815562619166,0.0026028927476175272,four_class_provisional_roi,0111,mixed_recording_holdout,contact_final_hidden,-1,contact
20260920-190512-outBroken-115200,2,outBroken,8,2,0.051873659861656006,0.0026033317456581606,0.906457220138577,0.03906578825410888,four_class_provisional_roi,0111,mixed_recording_holdout,contact_final_hidden,-1,contact
20260920-192216-inBroken-115200,1,inBroken,8,1,0.04262011971956495,0.9377385774575462,0.006181246827745205,0.013460055995143572,four_class_provisional_roi,0111,mixed_recording_holdout,contact_final_hidden,-1,contact
20260920-193718-roll-115200,3,roll,9,3,0.12901887068159704,0.3565658762315034,0.08994222357180615,0.42447302951509347,four_class_provisional_roi,0111,mixed_recording_holdout,contact_final_hidden,-1,contact
20260920-184857-normal-460800,0,normal,6,2,0.012332185171544552,0.08672315627336502,0.8107416033744812,0.09020309895277023,four_class_provisional_roi,0111,mixed_recording_holdout,contact_original,-1,contact
20260920-190512-outBroken-115200,2,outBroken,8,2,0.003059043549001217,0.13592824339866638,0.6606305241584778,0.20038221776485443,four_class_provisional_roi,0111,mixed_recording_holdout,contact_original,-1,contact
20260920-192216-inBroken-115200,1,inBroken,8,2,0.0009702183306217194,0.06122804060578346,0.9225758910179138,0.015225854702293873,four_class_provisional_roi,0111,mixed_recording_holdout,contact_original,-1,contact
20260920-193718-roll-115200,3,roll,9,2,0.006577568128705025,0.08760348707437515,0.7687318921089172,0.13708701729774475,four_class_provisional_roi,0111,mixed_recording_holdout,contact_original,-1,contact
20260920-184857-normal-460800,0,normal,6,2,8.411399903707206e-06,0.021196337416768074,0.9730455875396729,0.0057496908120810986,four_class_provisional_roi,0111,mixed_recording_holdout,contact_original_mean_hidden,-1,contact
20260920-190512-outBroken-115200,2,outBroken,8,2,2.5974071832024492e-05,0.22439271211624146,0.7362313866615295,0.039349865168333054,four_class_provisional_roi,0111,mixed_recording_holdout,contact_original_mean_hidden,-1,contact
20260920-192216-inBroken-115200,1,inBroken,8,2,9.242177867463397e-08,0.02269083634018898,0.9768703579902649,0.00043872048263438046,four_class_provisional_roi,0111,mixed_recording_holdout,contact_original_mean_hidden,-1,contact
20260920-193718-roll-115200,3,roll,9,2,3.502665776977665e-06,0.03880308195948601,0.9500135779380798,0.011179906316101551,four_class_provisional_roi,0111,mixed_recording_holdout,contact_original_mean_hidden,-1,contact
20260920-184857-normal-460800,0,normal,48,0,0.9971012361690516,0.0002944270647343178,0.0001790374992850014,0.0024252992669291434,four_class_provisional_roi,0111,mixed_recording_holdout,radar_frame_shape,-1,radar
20260920-190512-outBroken-115200,2,outBroken,50,2,0.0012708649116265603,0.003489867053850761,0.994618832046337,0.0006204359881856378,four_class_provisional_roi,0111,mixed_recording_holdout,radar_frame_shape,-1,radar
20260920-192216-inBroken-115200,1,inBroken,50,1,0.0010501111859979415,0.9267254175267802,0.06381954581988407,0.008404925467337796,four_class_provisional_roi,0111,mixed_recording_holdout,radar_frame_shape,-1,radar
20260920-193718-roll-115200,3,roll,51,3,0.06370093699018986,0.0012564408173659045,0.0017783863233504652,0.933264235869094,four_class_provisional_roi,0111,mixed_recording_holdout,radar_frame_shape,-1,radar
20260920-184857-normal-460800,0,normal,48,0,0.9969137163909583,0.00023800315322529061,0.0003664562125959395,0.002481824243220599,four_class_provisional_roi,0111,mixed_recording_holdout,radar_shape_phase,-1,radar
20260920-190512-outBroken-115200,2,outBroken,50,2,0.0007550177654464598,0.0009368113736962337,0.9980155708618309,0.00029259999902625527,four_class_provisional_roi,0111,mixed_recording_holdout,radar_shape_phase,-1,radar
20260920-192216-inBroken-115200,1,inBroken,50,1,0.0008590006660878416,0.937066914303339,0.05950421073634876,0.002569874294224386,four_class_provisional_roi,0111,mixed_recording_holdout,radar_shape_phase,-1,radar
20260920-193718-roll-115200,3,roll,51,3,0.02253892712003969,0.0005471205507065807,0.0012511875454634138,0.9756627647837904,four_class_provisional_roi,0111,mixed_recording_holdout,radar_shape_phase,-1,radar
20260920-184857-normal-460800,0,normal,48,0,0.5189080162585485,0.05251241987271769,0.0034284579290626022,0.4251511059396713,four_class_provisional_roi,0111,mixed_recording_holdout,radar_coherent_shape,-1,radar
20260920-190512-outBroken-115200,2,outBroken,50,2,0.00015262111000069576,0.0118143159894745,0.9821612009483214,0.005871861952203511,four_class_provisional_roi,0111,mixed_recording_holdout,radar_coherent_shape,-1,radar
20260920-192216-inBroken-115200,1,inBroken,50,2,9.512899339850022e-05,0.005894235565651218,0.5378339319989753,0.45617670344197464,four_class_provisional_roi,0111,mixed_recording_holdout,radar_coherent_shape,-1,radar
20260920-193718-roll-115200,3,roll,51,3,0.004878715351726685,0.002169640767509055,0.002032114895192721,0.9909195289855717,four_class_provisional_roi,0111,mixed_recording_holdout,radar_coherent_shape,-1,radar
20260920-184857-normal-460800,0,normal,48,0,0.9199552331491306,6.24631997347993e-05,0.0007025069322033184,0.07927979671893116,four_class_provisional_roi,0111,mixed_recording_holdout,radar_time_stats,-1,radar
20260920-190512-outBroken-115200,2,outBroken,50,2,0.0016214158961783407,0.15244441947377432,0.7604806294608696,0.08545353516917781,four_class_provisional_roi,0111,mixed_recording_holdout,radar_time_stats,-1,radar
20260920-192216-inBroken-115200,1,inBroken,50,3,0.00018166963817006234,0.16068813183898883,0.4018667787672489,0.43726341975559246,four_class_provisional_roi,0111,mixed_recording_holdout,radar_time_stats,-1,radar
20260920-193718-roll-115200,3,roll,51,3,0.13355920928481205,0.0047743348082321556,0.037229070768628005,0.8244373851383278,four_class_provisional_roi,0111,mixed_recording_holdout,radar_time_stats,-1,radar
20260920-184857-normal-460800,0,normal,48,0,0.34298244321090143,0.34298244157473473,0.007670468807754237,0.3063646464066102,four_class_provisional_roi,0111,mixed_recording_holdout,radar_confound_distance,-1,radar
20260920-190512-outBroken-115200,2,outBroken,50,2,0.000167953623193013,0.0001679536232036111,0.9719339642273747,0.027730128526229837,four_class_provisional_roi,0111,mixed_recording_holdout,radar_confound_distance,-1,radar
20260920-192216-inBroken-115200,1,inBroken,50,0,0.3429824432109014,0.3429824415747347,0.007670468807754237,0.3063646464066102,four_class_provisional_roi,0111,mixed_recording_holdout,radar_confound_distance,-1,radar
20260920-193718-roll-115200,3,roll,51,3,0.31389679776443374,0.3138967963392662,0.012708494286170866,0.35949791161012923,four_class_provisional_roi,0111,mixed_recording_holdout,radar_confound_distance,-1,radar
20260920-184857-normal-460800,0,normal,48,0,0.9916960993229159,0.0030338314962658204,0.003876003311931557,0.001394065868886709,four_class_provisional_roi,0111,mixed_recording_holdout,radar_confound_raw_amp,-1,radar
20260920-190512-outBroken-115200,2,outBroken,50,2,0.001598639144964088,0.00027295089409930733,0.9964602399953102,0.0016681699656265084,four_class_provisional_roi,0111,mixed_recording_holdout,radar_confound_raw_amp,-1,radar
20260920-192216-inBroken-115200,1,inBroken,50,1,0.002618446339068888,0.9897573216519973,0.0005527558648936979,0.007071476144040276,four_class_provisional_roi,0111,mixed_recording_holdout,radar_confound_raw_amp,-1,radar
20260920-193718-roll-115200,3,roll,51,3,0.0023473868318474676,0.005554384596667716,0.0019125147825071996,0.9901857137889776,four_class_provisional_roi,0111,mixed_recording_holdout,radar_confound_raw_amp,-1,radar
20260920-184857-normal-460800,0,normal,48,0,0.9999072973926862,4.869715285830504e-06,2.7248552536699815e-05,6.059054756709278e-05,four_class_provisional_roi,0111,mixed_recording_holdout,supervised,17,radar
20260920-190512-outBroken-115200,2,outBroken,50,2,0.00010004422372730915,0.00012127754860557615,0.999722683429718,5.5993558235059026e-05,four_class_provisional_roi,0111,mixed_recording_holdout,supervised,17,radar
20260920-192216-inBroken-115200,1,inBroken,50,1,0.0003035601629744633,0.9806432259082795,0.016228035289386752,0.002825176670885412,four_class_provisional_roi,0111,mixed_recording_holdout,supervised,17,radar
20260920-193718-roll-115200,3,roll,51,3,0.111571439031895,5.261632095180532e-05,0.0004968348201449165,0.8878791018488461,four_class_provisional_roi,0111,mixed_recording_holdout,supervised,17,radar
20260920-184857-normal-460800,0,normal,48,0,0.998926034818093,2.3670170875789154e-05,1.2533788223597261e-05,0.0010377524854258506,four_class_provisional_roi,0111,mixed_recording_holdout,supervised,42,radar
20260920-190512-outBroken-115200,2,outBroken,50,2,3.552374697392224e-05,5.8316823706263674e-05,0.9998792111873627,2.694014658118249e-05,four_class_provisional_roi,0111,mixed_recording_holdout,supervised,42,radar
20260920-192216-inBroken-115200,1,inBroken,50,1,0.001714842827495886,0.9533810698986054,0.03623730921186507,0.008666771426651393,four_class_provisional_roi,0111,mixed_recording_holdout,supervised,42,radar
20260920-193718-roll-115200,3,roll,51,3,0.10244031650353125,0.00022962292435598405,0.0002438729366522417,0.8970861940019235,four_class_provisional_roi,0111,mixed_recording_holdout,supervised,42,radar
20260920-184857-normal-460800,0,normal,48,0,0.9996072575449944,1.1430723461103298e-05,2.0060203057189105e-06,0.0003792961962384804,four_class_provisional_roi,0111,mixed_recording_holdout,supervised,73,radar
20260920-190512-outBroken-115200,2,outBroken,50,2,2.0527056058199378e-05,6.60887598496629e-05,0.9998172354698182,9.61425847344799e-05,four_class_provisional_roi,0111,mixed_recording_holdout,supervised,73,radar
20260920-192216-inBroken-115200,1,inBroken,50,1,0.0006100197422347264,0.9748089587688447,0.02204449684417341,0.002536526305048028,four_class_provisional_roi,0111,mixed_recording_holdout,supervised,73,radar
20260920-193718-roll-115200,3,roll,51,3,0.10699322973742514,9.434057442287631e-05,0.00018398982125540452,0.892728444974066,four_class_provisional_roi,0111,mixed_recording_holdout,supervised,73,radar
20260920-184857-normal-460800,0,normal,48,0,0.9998307538529237,3.306541378833572e-05,6.244099805977991e-05,7.373217840722646e-05,four_class_provisional_roi,0111,mixed_recording_holdout,head_only,17,radar
20260920-190512-outBroken-115200,2,outBroken,50,2,0.0002074858851119643,2.4732021611271193e-05,0.9995522379875184,0.0002155482921807561,four_class_provisional_roi,0111,mixed_recording_holdout,head_only,17,radar
20260920-192216-inBroken-115200,1,inBroken,50,1,0.002141332264873199,0.9716698926687241,0.013592081963433884,0.012596702662995085,four_class_provisional_roi,0111,mixed_recording_holdout,head_only,17,radar
20260920-193718-roll-115200,3,roll,51,3,0.07435103284625061,0.0005138203268870711,0.001990246552119132,0.9231448977359333,four_class_provisional_roi,0111,mixed_recording_holdout,head_only,17,radar
20260920-184857-normal-460800,0,normal,48,0,0.999664499113957,7.578614190606459e-05,8.546555227439967e-05,0.00017424100509326004,four_class_provisional_roi,0111,mixed_recording_holdout,head_only,42,radar
20260920-190512-outBroken-115200,2,outBroken,50,2,0.0002795555109332781,9.591590096533764e-06,0.9995488798618317,0.0001619817920436617,four_class_provisional_roi,0111,mixed_recording_holdout,head_only,42,radar
20260920-192216-inBroken-115200,1,inBroken,50,1,0.001974503404053394,0.9837655103206635,0.0065708985082164875,0.007689089346968103,four_class_provisional_roi,0111,mixed_recording_holdout,head_only,42,radar
20260920-193718-roll-115200,3,roll,51,3,0.1334549184367443,0.0006517546497728772,0.0014324036368919884,0.8644609027405215,four_class_provisional_roi,0111,mixed_recording_holdout,head_only,42,radar
20260920-184857-normal-460800,0,normal,48,0,0.9997913291056951,6.819373318952178e-05,6.17381433206295e-05,7.872323060572246e-05,four_class_provisional_roi,0111,mixed_recording_holdout,head_only,73,radar
20260920-190512-outBroken-115200,2,outBroken,50,2,0.00027454282637336293,5.543206170841586e-05,0.9994654321670532,0.00020458939950913191,four_class_provisional_roi,0111,mixed_recording_holdout,head_only,73,radar
20260920-192216-inBroken-115200,1,inBroken,50,1,0.0014010349116870202,0.9820997655391693,0.009532637765223626,0.0069665487451129595,four_class_provisional_roi,0111,mixed_recording_holdout,head_only,73,radar
20260920-193718-roll-115200,3,roll,51,3,0.10346367660814199,0.0005346878874572177,0.0017302089607469766,0.8942714191644507,four_class_provisional_roi,0111,mixed_recording_holdout,head_only,73,radar
20260920-184857-normal-460800,0,normal,48,0,0.9877610293527445,0.005256352373786892,0.005484298730152659,0.0014983284982008627,four_class_provisional_roi,0111,mixed_recording_holdout,distill,17,radar
20260920-190512-outBroken-115200,2,outBroken,50,2,0.00969334620051086,0.0009326792968204245,0.9875916194915771,0.0017823604552540929,four_class_provisional_roi,0111,mixed_recording_holdout,distill,17,radar
20260920-192216-inBroken-115200,1,inBroken,50,1,0.03046446679159999,0.89162706553936,0.05515729827806354,0.022751167565584183,four_class_provisional_roi,0111,mixed_recording_holdout,distill,17,radar
20260920-193718-roll-115200,3,roll,51,3,0.06782971615600628,0.014902117534303198,0.016329266685608995,0.9009388963892764,four_class_provisional_roi,0111,mixed_recording_holdout,distill,17,radar
20260920-184857-normal-460800,0,normal,48,0,0.9906812471648058,0.004116168442124035,0.004245422615592058,0.0009571708105795551,four_class_provisional_roi,0111,mixed_recording_holdout,distill,42,radar
20260920-190512-outBroken-115200,2,outBroken,50,2,0.009146585380658507,0.0006736744922818616,0.9888376843929291,0.0013420569815207272,four_class_provisional_roi,0111,mixed_recording_holdout,distill,42,radar
20260920-192216-inBroken-115200,1,inBroken,50,1,0.028403335958719255,0.8886675375699997,0.061490518357604745,0.02143860618583858,four_class_provisional_roi,0111,mixed_recording_holdout,distill,42,radar
20260920-193718-roll-115200,3,roll,51,3,0.1330484607985686,0.017054070933155863,0.01783871264470851,0.83205876358803,four_class_provisional_roi,0111,mixed_recording_holdout,distill,42,radar
20260920-184857-normal-460800,0,normal,48,0,0.9925357550382614,0.003155576288312053,0.0035937011028484753,0.0007149627150890107,four_class_provisional_roi,0111,mixed_recording_holdout,distill,73,radar
20260920-190512-outBroken-115200,2,outBroken,50,2,0.011029620654881,0.0008661013608798385,0.9862942206859588,0.0018100580596365034,four_class_provisional_roi,0111,mixed_recording_holdout,distill,73,radar
20260920-192216-inBroken-115200,1,inBroken,50,1,0.039381995946168896,0.8957916414737701,0.041522883800789716,0.023303468897938728,four_class_provisional_roi,0111,mixed_recording_holdout,distill,73,radar
20260920-193718-roll-115200,3,roll,51,3,0.09293889558152753,0.013852350354450298,0.01867561561840714,0.874533140849249,four_class_provisional_roi,0111,mixed_recording_holdout,distill,73,radar
20260920-184857-normal-460800,0,normal,48,0,0.9879879305760065,0.005170098850309539,0.005408882886210146,0.0014330941163886262,four_class_provisional_roi,0111,mixed_recording_holdout,no_contrast,17,radar
20260920-190512-outBroken-115200,2,outBroken,50,2,0.009934191005304455,0.000996508909156546,0.9872283565998078,0.0018409541912842542,four_class_provisional_roi,0111,mixed_recording_holdout,no_contrast,17,radar
20260920-192216-inBroken-115200,1,inBroken,50,1,0.029751080684363843,0.8918878823518753,0.05494642119854689,0.023414614414796232,four_class_provisional_roi,0111,mixed_recording_holdout,no_contrast,17,radar
20260920-193718-roll-115200,3,roll,51,3,0.06663291916814998,0.015232712724337391,0.016660718719803673,0.9014736394964012,four_class_provisional_roi,0111,mixed_recording_holdout,no_contrast,17,radar
20260920-184857-normal-460800,0,normal,48,0,0.9906480573117733,0.004095888793623696,0.004303149859576176,0.0009528967845350659,four_class_provisional_roi,0111,mixed_recording_holdout,no_contrast,42,radar
20260920-190512-outBroken-115200,2,outBroken,50,2,0.009254669900983573,0.0006740223563974723,0.9887289214134216,0.0013423898711334913,four_class_provisional_roi,0111,mixed_recording_holdout,no_contrast,42,radar
20260920-192216-inBroken-115200,1,inBroken,50,1,0.02911342302337289,0.8869978910684586,0.06154117432422936,0.022347515188157557,four_class_provisional_roi,0111,mixed_recording_holdout,no_contrast,42,radar
20260920-193718-roll-115200,3,roll,51,3,0.13288343306710743,0.016927924007177353,0.018044885868827503,0.8321437537852748,four_class_provisional_roi,0111,mixed_recording_holdout,no_contrast,42,radar
20260920-184857-normal-460800,0,normal,48,0,0.9925676621496677,0.0031227113383162455,0.0036083645245525986,0.0007012609457888175,four_class_provisional_roi,0111,mixed_recording_holdout,no_contrast,73,radar
20260920-190512-outBroken-115200,2,outBroken,50,2,0.01105055509135127,0.0008597775927046314,0.9863160872459411,0.0017735923733562232,four_class_provisional_roi,0111,mixed_recording_holdout,no_contrast,73,radar
20260920-192216-inBroken-115200,1,inBroken,50,1,0.03811090916395187,0.896593908071518,0.040934363901615145,0.024360811077058314,four_class_provisional_roi,0111,mixed_recording_holdout,no_contrast,73,radar
20260920-193718-roll-115200,3,roll,51,3,0.08962461453612537,0.014105973961562211,0.01894251240517798,0.8773269024038431,four_class_provisional_roi,0111,mixed_recording_holdout,no_contrast,73,radar
20260920-184857-normal-460800,0,normal,48,0,0.9843387603759766,0.006879581609003556,0.0065446077060187235,0.0022370606511685764,four_class_provisional_roi,0111,mixed_recording_holdout,no_radar_CE,17,radar
20260920-190512-outBroken-115200,2,outBroken,50,2,0.01196217369288206,0.0010142270260257646,0.9849852681159973,0.002038333392702043,four_class_provisional_roi,0111,mixed_recording_holdout,no_radar_CE,17,radar
20260920-192216-inBroken-115200,1,inBroken,50,1,0.03500248748809099,0.8778781074285508,0.06325717249885202,0.023862229520455004,four_class_provisional_roi,0111,mixed_recording_holdout,no_radar_CE,17,radar
20260920-193718-roll-115200,3,roll,51,3,0.06760085333913665,0.01671839505890567,0.016452079604598966,0.899228681718894,four_class_provisional_roi,0111,mixed_recording_holdout,no_radar_CE,17,radar
20260920-184857-normal-460800,0,normal,48,0,0.9882799834012985,0.005071995915689816,0.005285301061424737,0.0013627180602876858,four_class_provisional_roi,0111,mixed_recording_holdout,no_radar_CE,42,radar
20260920-190512-outBroken-115200,2,outBroken,50,2,0.01185174921527505,0.0008446455188095569,0.9857239687442779,0.0015796394436620176,four_class_provisional_roi,0111,mixed_recording_holdout,no_radar_CE,42,radar
20260920-192216-inBroken-115200,1,inBroken,50,1,0.03711839897558093,0.8662311232089996,0.07206816052086651,0.02458231307566166,four_class_provisional_roi,0111,mixed_recording_holdout,no_radar_CE,42,radar
20260920-193718-roll-115200,3,roll,51,3,0.12706750560855476,0.018642108928521767,0.01845483637104432,0.8358355376540738,four_class_provisional_roi,0111,mixed_recording_holdout,no_radar_CE,42,radar
20260920-184857-normal-460800,0,normal,48,0,0.9912353965143362,0.0036591800259581455,0.004036009903453912,0.0010694235546300963,four_class_provisional_roi,0111,mixed_recording_holdout,no_radar_CE,73,radar
20260920-190512-outBroken-115200,2,outBroken,50,2,0.012727637086063623,0.0009002739551942795,0.9844963800907135,0.0018757044104859232,four_class_provisional_roi,0111,mixed_recording_holdout,no_radar_CE,73,radar
20260920-192216-inBroken-115200,1,inBroken,50,1,0.04249328278005123,0.8941104781627655,0.03920175589621067,0.024194484921172262,four_class_provisional_roi,0111,mixed_recording_holdout,no_radar_CE,73,radar
20260920-193718-roll-115200,3,roll,51,3,0.07997313285972375,0.017920801744741553,0.02133532994490701,0.880770722696302,four_class_provisional_roi,0111,mixed_recording_holdout,no_radar_CE,73,radar
20260920-184857-normal-460800,0,normal,48,3,0.46855190706749755,0.01765477560305347,0.011312041868222877,0.5024812867244085,four_class_provisional_roi,0111,mixed_recording_holdout,shuffled,17,radar
20260920-190512-outBroken-115200,2,outBroken,50,1,0.02307205684483051,0.4887078243494034,0.4706589561700821,0.017561155892908572,four_class_provisional_roi,0111,mixed_recording_holdout,shuffled,17,radar
20260920-192216-inBroken-115200,1,inBroken,50,1,0.30531973898410797,0.6195066511631012,0.06409695483744145,0.011076652854681015,four_class_provisional_roi,0111,mixed_recording_holdout,shuffled,17,radar
20260920-193718-roll-115200,3,roll,51,3,0.05025390375807297,0.008638589318805174,0.4619121063573688,0.4791954025334003,four_class_provisional_roi,0111,mixed_recording_holdout,shuffled,17,radar
20260920-184857-normal-460800,0,normal,48,3,0.47401697623233,0.014616266397448877,0.00904157206726571,0.5023251877476772,four_class_provisional_roi,0111,mixed_recording_holdout,shuffled,42,radar
20260920-190512-outBroken-115200,2,outBroken,50,1,0.025518329925835134,0.48344952702522276,0.4750701540708542,0.015961980931460857,four_class_provisional_roi,0111,mixed_recording_holdout,shuffled,42,radar
20260920-192216-inBroken-115200,1,inBroken,50,1,0.2652670779824257,0.6671034824848175,0.0589061788469553,0.00872325555421412,four_class_provisional_roi,0111,mixed_recording_holdout,shuffled,42,radar
20260920-193718-roll-115200,3,roll,51,3,0.05387361956687242,0.008580596962322792,0.44654971616817457,0.4909960685991773,four_class_provisional_roi,0111,mixed_recording_holdout,shuffled,42,radar
20260920-184857-normal-460800,0,normal,48,3,0.4662977239737908,0.013485446048434824,0.00923201724071987,0.5109848057230314,four_class_provisional_roi,0111,mixed_recording_holdout,shuffled,73,radar
20260920-190512-outBroken-115200,2,outBroken,50,2,0.026492345295846462,0.4644167602062225,0.4914769220352173,0.017613972704857588,four_class_provisional_roi,0111,mixed_recording_holdout,shuffled,73,radar
20260920-192216-inBroken-115200,1,inBroken,50,1,0.3501353073120117,0.5895387601852417,0.050785041339695455,0.009540896406397223,four_class_provisional_roi,0111,mixed_recording_holdout,shuffled,73,radar
20260920-193718-roll-115200,3,roll,51,3,0.050325920367065596,0.007537726185047159,0.45881418752319675,0.48332216926649507,four_class_provisional_roi,0111,mixed_recording_holdout,shuffled,73,radar
20260920-184857-normal-460800,0,normal,48,0,0.990698636819919,0.0037637545416752496,0.0046226878378850715,0.0009149206925940234,four_class_provisional_roi,0111,mixed_recording_holdout,distill_phase,17,radar
20260920-190512-outBroken-115200,2,outBroken,50,2,0.007348613487556577,0.0006573027704143896,0.9905082547664642,0.00148582530207932,four_class_provisional_roi,0111,mixed_recording_holdout,distill_phase,17,radar
20260920-192216-inBroken-115200,1,inBroken,50,1,0.03937104975804687,0.8959466576576233,0.046301432978361846,0.018380860425531866,four_class_provisional_roi,0111,mixed_recording_holdout,distill_phase,17,radar
20260920-193718-roll-115200,3,roll,51,3,0.025740848693257087,0.015541148755480261,0.012778889365019459,0.9459391242148829,four_class_provisional_roi,0111,mixed_recording_holdout,distill_phase,17,radar
20260920-184857-normal-460800,0,normal,48,0,0.9906472526490688,0.00395823095459491,0.004459263722916755,0.0009352552551717963,four_class_provisional_roi,0111,mixed_recording_holdout,distill_phase,42,radar
20260920-190512-outBroken-115200,2,outBroken,50,2,0.006672051576897502,0.0006015489523997531,0.991307303905487,0.001419108530972153,four_class_provisional_roi,0111,mixed_recording_holdout,distill_phase,42,radar
20260920-192216-inBroken-115200,1,inBroken,50,1,0.021430439352989196,0.9498991727828979,0.016980003104545175,0.011690393146127463,four_class_provisional_roi,0111,mixed_recording_holdout,distill_phase,42,radar
20260920-193718-roll-115200,3,roll,51,3,0.023185594691598203,0.013744249583824593,0.011365956291282439,0.9517042029137704,four_class_provisional_roi,0111,mixed_recording_holdout,distill_phase,42,radar
20260920-184857-normal-460800,0,normal,48,0,0.9900464589397112,0.0040068894110542414,0.004916800797218457,0.00102984447585186,four_class_provisional_roi,0111,mixed_recording_holdout,distill_phase,73,radar
20260920-190512-outBroken-115200,2,outBroken,50,2,0.006693184711039067,0.0005036282172659412,0.9915300178527832,0.0012731622555293143,four_class_provisional_roi,0111,mixed_recording_holdout,distill_phase,73,radar
20260920-192216-inBroken-115200,1,inBroken,50,1,0.03171446776017547,0.9149290800094605,0.039967294577509166,0.013389153815805912,four_class_provisional_roi,0111,mixed_recording_holdout,distill_phase,73,radar
20260920-193718-roll-115200,3,roll,51,3,0.017557077707868872,0.014127138120980532,0.00985729310195893,0.9584584843878653,four_class_provisional_roi,0111,mixed_recording_holdout,distill_phase,73,radar
20260920-184857-normal-460800,0,normal,48,2,4.0093332588856255e-06,0.0051491633365202995,0.9922269514586386,0.002619875871582175,four_class_provisional_roi,0111,mixed_recording_holdout,original_head,17,radar
20260920-190512-outBroken-115200,2,outBroken,50,2,1.5464022125718815e-05,0.10847784650171854,0.8672281769675573,0.02427851250859842,four_class_provisional_roi,0111,mixed_recording_holdout,original_head,17,radar
20260920-192216-inBroken-115200,1,inBroken,50,2,2.3767299582601787e-07,0.05631378174839521,0.9426107717914382,0.0010752087871711278,four_class_provisional_roi,0111,mixed_recording_holdout,original_head,17,radar
20260920-193718-roll-115200,3,roll,51,2,4.5991802469147385e-06,0.11902901379540859,0.8629477646225102,0.018018622401834557,four_class_provisional_roi,0111,mixed_recording_holdout,original_head,17,radar
20260920-184857-normal-460800,0,normal,48,2,4.185376743273345e-06,0.004545843737631971,0.9928456925728599,0.0026042783127649904,four_class_provisional_roi,0111,mixed_recording_holdout,original_head,42,radar
20260920-190512-outBroken-115200,2,outBroken,50,2,1.782913053888081e-05,0.10710952467269344,0.8664718091324702,0.02640083706429755,four_class_provisional_roi,0111,mixed_recording_holdout,original_head,42,radar
20260920-192216-inBroken-115200,1,inBroken,50,2,2.751489812207213e-07,0.05515168665658062,0.9438083714173284,0.0010396667771097943,four_class_provisional_roi,0111,mixed_recording_holdout,original_head,42,radar
20260920-193718-roll-115200,3,roll,51,2,4.733444572708899e-06,0.10164157821195385,0.8818643991085079,0.01648928923496554,four_class_provisional_roi,0111,mixed_recording_holdout,original_head,42,radar
20260920-184857-normal-460800,0,normal,48,2,4.318068712119048e-06,0.0040736290492285054,0.9935504514502326,0.0023716014318270304,four_class_provisional_roi,0111,mixed_recording_holdout,original_head,73,radar
20260920-190512-outBroken-115200,2,outBroken,50,2,1.663599301408155e-05,0.10574392151849553,0.8692699095363186,0.024969532952171938,four_class_provisional_roi,0111,mixed_recording_holdout,original_head,73,radar
20260920-192216-inBroken-115200,1,inBroken,50,2,3.192285475826826e-07,0.05647063121642563,0.9422040138654757,0.001325035689551206,four_class_provisional_roi,0111,mixed_recording_holdout,original_head,73,radar
20260920-193718-roll-115200,3,roll,51,2,4.658026557829693e-06,0.12678208741301336,0.8532844223688971,0.019928832191532006,four_class_provisional_roi,0111,mixed_recording_holdout,original_head,73,radar
20260920-184058-normal-11520,0,normal,7,0,0.9367390460349176,0.019363645446686843,0.017247587408916024,0.026649721109479402,four_class_provisional_roi,1000,mixed_recording_holdout,contact_hidden,-1,contact
20260920-190913-outBroken-460800,2,outBroken,10,2,0.005280317023504983,0.0001609585937247072,0.9705159449550032,0.024042779427767343,four_class_provisional_roi,1000,mixed_recording_holdout,contact_hidden,-1,contact
20260920-192610-inBroken-460800,1,inBroken,7,1,0.005439221050864287,0.978753355525309,0.00026615053062775294,0.015541272893199025,four_class_provisional_roi,1000,mixed_recording_holdout,contact_hidden,-1,contact
20260920-194108-roll-460800,3,roll,3,3,0.00302912138990326,0.03411084484346625,0.04687450488412642,0.9159855288825041,four_class_provisional_roi,1000,mixed_recording_holdout,contact_hidden,-1,contact
20260920-184058-normal-11520,0,normal,7,0,0.9028436049931228,0.01955284768060159,0.015568989129893048,0.062034558196382775,four_class_provisional_roi,1000,mixed_recording_holdout,contact_xyz_hidden,-1,contact
20260920-190913-outBroken-460800,2,outBroken,10,2,0.009055127227405372,0.0009493348793058763,0.9718792995603286,0.018116238332960118,four_class_provisional_roi,1000,mixed_recording_holdout,contact_xyz_hidden,-1,contact
20260920-192610-inBroken-460800,1,inBroken,7,1,0.009390639653352708,0.962284955499919,0.0004954244779894502,0.0278289803687388,four_class_provisional_roi,1000,mixed_recording_holdout,contact_xyz_hidden,-1,contact
20260920-194108-roll-460800,3,roll,3,3,0.005200858844329762,0.0018845807616600524,0.0033031561501169764,0.9896114042438932,four_class_provisional_roi,1000,mixed_recording_holdout,contact_xyz_hidden,-1,contact
20260920-184058-normal-11520,0,normal,7,0,0.9850868281376128,0.001981888784078169,0.005254389703568473,0.007676893374740624,four_class_provisional_roi,1000,mixed_recording_holdout,contact_spectral,-1,contact
20260920-190913-outBroken-460800,2,outBroken,10,2,0.0020915100035563097,0.0005417660653428871,0.9956102994119099,0.0017564245191908942,four_class_provisional_roi,1000,mixed_recording_holdout,contact_spectral,-1,contact
20260920-192610-inBroken-460800,1,inBroken,7,1,0.0017592740358300899,0.9854274881335451,0.002901156273315008,0.009912081557309682,four_class_provisional_roi,1000,mixed_recording_holdout,contact_spectral,-1,contact
20260920-194108-roll-460800,3,roll,3,3,0.0035279174309080005,0.0024684882997624263,0.0007068611297701721,0.9932967331395594,four_class_provisional_roi,1000,mixed_recording_holdout,contact_spectral,-1,contact
20260920-184058-normal-11520,0,normal,7,0,0.7253502199809907,0.020417168677947555,0.2525714978564752,0.001661113484586533,four_class_provisional_roi,1000,mixed_recording_holdout,contact_statistics,-1,contact
20260920-190913-outBroken-460800,2,outBroken,10,2,0.04669935026316242,0.0344650138723627,0.9079895377944327,0.010846098070042075,four_class_provisional_roi,1000,mixed_recording_holdout,contact_statistics,-1,contact
20260920-192610-inBroken-460800,1,inBroken,7,1,0.00711959322898608,0.9340641661908716,0.0068513681994237605,0.05196487238071856,four_class_provisional_roi,1000,mixed_recording_holdout,contact_statistics,-1,contact
20260920-194108-roll-460800,3,roll,3,3,0.00027201500303732437,0.025049569545095084,0.0008266073676993736,0.9738518080841683,four_class_provisional_roi,1000,mixed_recording_holdout,contact_statistics,-1,contact
20260920-184058-normal-11520,0,normal,7,0,0.875328925300418,0.05754713826309216,0.015745944475024552,0.051377991961465315,four_class_provisional_roi,1000,mixed_recording_holdout,contact_final_hidden,-1,contact
20260920-190913-outBroken-460800,2,outBroken,10,2,0.008595075270925127,0.00021163615192467785,0.9726895068351092,0.01850378174204094,four_class_provisional_roi,1000,mixed_recording_holdout,contact_final_hidden,-1,contact
20260920-192610-inBroken-460800,1,inBroken,7,1,0.0069483610702074285,0.9716679488448843,0.0006117030870050253,0.020771986997903256,four_class_provisional_roi,1000,mixed_recording_holdout,contact_final_hidden,-1,contact
20260920-194108-roll-460800,3,roll,3,3,0.0014479596379815124,0.04407467231936876,0.05827741997122223,0.8961999480714274,four_class_provisional_roi,1000,mixed_recording_holdout,contact_final_hidden,-1,contact
20260920-184058-normal-11520,0,normal,7,2,0.017362486571073532,0.03423421457409859,0.7772192358970642,0.17118413746356964,four_class_provisional_roi,1000,mixed_recording_holdout,contact_original,-1,contact
20260920-190913-outBroken-460800,2,outBroken,10,2,0.0010036140447482467,0.1572980433702469,0.6584912538528442,0.18320706486701965,four_class_provisional_roi,1000,mixed_recording_holdout,contact_original,-1,contact
20260920-192610-inBroken-460800,1,inBroken,7,2,7.311032095458359e-05,0.10570169240236282,0.8856785893440247,0.008546590805053711,four_class_provisional_roi,1000,mixed_recording_holdout,contact_original,-1,contact
20260920-194108-roll-460800,3,roll,3,2,0.00039004781865514815,0.18856340646743774,0.6605890393257141,0.1504574418067932,four_class_provisional_roi,1000,mixed_recording_holdout,contact_original,-1,contact
20260920-184058-normal-11520,0,normal,7,2,0.00026096560759469867,0.0042155045084655285,0.9896412491798401,0.005882244557142258,four_class_provisional_roi,1000,mixed_recording_holdout,contact_original_mean_hidden,-1,contact
20260920-190913-outBroken-460800,2,outBroken,10,2,4.026080569019541e-05,0.1317661553621292,0.8237518072128296,0.04444171115756035,four_class_provisional_roi,1000,mixed_recording_holdout,contact_original_mean_hidden,-1,contact
20260920-192610-inBroken-460800,1,inBroken,7,2,7.360277010093341e-08,0.04957010969519615,0.9499243497848511,0.0005054352222941816,four_class_provisional_roi,1000,mixed_recording_holdout,contact_original_mean_hidden,-1,contact
20260920-194108-roll-460800,3,roll,3,2,7.2012721830105875e-06,0.15615111589431763,0.8102505803108215,0.033591128885746,four_class_provisional_roi,1000,mixed_recording_holdout,contact_original_mean_hidden,-1,contact
20260920-184058-normal-11520,0,normal,61,0,0.944760908644081,0.0010361667874792299,0.00027348641704874474,0.053929438151391035,four_class_provisional_roi,1000,mixed_recording_holdout,radar_frame_shape,-1,radar
20260920-190913-outBroken-460800,2,outBroken,50,2,3.135248537701931e-05,0.017552341871143365,0.982213900625694,0.000202405017785511,four_class_provisional_roi,1000,mixed_recording_holdout,radar_frame_shape,-1,radar
20260920-192610-inBroken-460800,1,inBroken,51,1,0.0008519124720287213,0.9953381954761659,0.00025549490925761467,0.0035543971425475427,four_class_provisional_roi,1000,mixed_recording_holdout,radar_frame_shape,-1,radar
20260920-194108-roll-460800,3,roll,51,3,0.0011144047828913679,0.00081869277244619,0.00012412532493869866,0.9979427771197237,four_class_provisional_roi,1000,mixed_recording_holdout,radar_frame_shape,-1,radar
20260920-184058-normal-11520,0,normal,61,0,0.9869867379925766,0.00029344192004198327,0.00019935278556429802,0.012520467301817172,four_class_provisional_roi,1000,mixed_recording_holdout,radar_shape_phase,-1,radar
20260920-190913-outBroken-460800,2,outBroken,50,2,3.6590843119803e-05,0.0033440863486913254,0.9965906071505769,2.8715657612098062e-05,four_class_provisional_roi,1000,mixed_recording_holdout,radar_shape_phase,-1,radar
20260920-192610-inBroken-460800,1,inBroken,51,1,0.0005538446347171226,0.9988103578425657,5.896055309567539e-05,0.0005768369696213356,four_class_provisional_roi,1000,mixed_recording_holdout,radar_shape_phase,-1,radar
20260920-194108-roll-460800,3,roll,51,3,0.0006585055486866096,0.00034901313438502195,0.00013082043380238184,0.9988616608831259,four_class_provisional_roi,1000,mixed_recording_holdout,radar_shape_phase,-1,radar
20260920-184058-normal-11520,0,normal,61,0,0.9842777525771793,5.161802542877605e-05,0.00017423865376824864,0.015496390743623646,four_class_provisional_roi,1000,mixed_recording_holdout,radar_coherent_shape,-1,radar
20260920-190913-outBroken-460800,2,outBroken,50,2,0.00012083879082077834,0.003115461993023742,0.9935032222722697,0.0032604769438859147,four_class_provisional_roi,1000,mixed_recording_holdout,radar_coherent_shape,-1,radar
20260920-192610-inBroken-460800,1,inBroken,51,0,0.9577020703881987,0.005153518070382181,0.03542381160102002,0.0017205999403985307,four_class_provisional_roi,1000,mixed_recording_holdout,radar_coherent_shape,-1,radar
20260920-194108-roll-460800,3,roll,51,3,0.0009868495370272136,0.0008354527543860315,0.0002402729804394205,0.997937424728147,four_class_provisional_roi,1000,mixed_recording_holdout,radar_coherent_shape,-1,radar
20260920-184058-normal-11520,0,normal,61,0,0.9528651495401963,4.87907011849337e-06,0.0002857818765417393,0.04684418951314358,four_class_provisional_roi,1000,mixed_recording_holdout,radar_time_stats,-1,radar
20260920-190913-outBroken-460800,2,outBroken,50,1,0.00012682034444647504,0.6228594708206447,0.37028025982928964,0.006733449005619143,four_class_provisional_roi,1000,mixed_recording_holdout,radar_time_stats,-1,radar
20260920-192610-inBroken-460800,1,inBroken,51,1,1.0944267858757841e-08,0.8399618520458663,0.1592699882262854,0.0007681487835804288,four_class_provisional_roi,1000,mixed_recording_holdout,radar_time_stats,-1,radar
20260920-194108-roll-460800,3,roll,51,3,0.011932515606325059,0.057071714998406395,0.039252975014588146,0.8917427943806805,four_class_provisional_roi,1000,mixed_recording_holdout,radar_time_stats,-1,radar
20260920-184058-normal-11520,0,normal,61,1,0.3421428491907896,0.3421428516208174,0.007996771809733624,0.3077175273786598,four_class_provisional_roi,1000,mixed_recording_holdout,radar_confound_distance,-1,radar
20260920-190913-outBroken-460800,2,outBroken,50,2,0.000269433789526142,0.00026943378949984134,0.9710004064839813,0.028460725936991577,four_class_provisional_roi,1000,mixed_recording_holdout,radar_confound_distance,-1,radar
20260920-192610-inBroken-460800,1,inBroken,51,1,0.3421428491907896,0.3421428516208174,0.007996771809733624,0.30771752737865976,four_class_provisional_roi,1000,mixed_recording_holdout,radar_confound_distance,-1,radar
20260920-194108-roll-460800,3,roll,51,3,0.315477206010923,0.3154772081433973,0.013023440827583676,0.35602214501809615,four_class_provisional_roi,1000,mixed_recording_holdout,radar_confound_distance,-1,radar
20260920-184058-normal-11520,0,normal,61,0,0.9925227099517565,0.0028724495359248804,0.001159100095372909,0.003445740416945528,four_class_provisional_roi,1000,mixed_recording_holdout,radar_confound_raw_amp,-1,radar
20260920-190913-outBroken-460800,2,outBroken,50,2,0.002799307438227491,0.0002856635141841909,0.9944261933505928,0.0024888356969953746,four_class_provisional_roi,1000,mixed_recording_holdout,radar_confound_raw_amp,-1,radar
20260920-192610-inBroken-460800,1,inBroken,51,1,0.002808156876620147,0.9915153735726249,0.0005070336739043862,0.005169435876850609,four_class_provisional_roi,1000,mixed_recording_holdout,radar_confound_raw_amp,-1,radar
20260920-194108-roll-460800,3,roll,51,3,0.0019733580323115928,0.006663937954745134,0.0016778409849372256,0.9896848630280061,four_class_provisional_roi,1000,mixed_recording_holdout,radar_confound_raw_amp,-1,radar
20260920-184058-normal-11520,0,normal,61,0,0.9612075686454773,0.0032355264297471934,0.00020174614992803802,0.0353551529895144,four_class_provisional_roi,1000,mixed_recording_holdout,supervised,17,radar
20260920-190913-outBroken-460800,2,outBroken,50,2,6.665338973107283e-05,0.017666471579650532,0.9821929755806923,7.389601178147132e-05,four_class_provisional_roi,1000,mixed_recording_holdout,supervised,17,radar
20260920-192610-inBroken-460800,1,inBroken,51,1,0.0001295138287127438,0.999631852495904,0.00018761103245767526,5.102299358030923e-05,four_class_provisional_roi,1000,mixed_recording_holdout,supervised,17,radar
20260920-194108-roll-460800,3,roll,51,3,1.3201603112475805e-05,5.69451363581524e-06,6.281061067894887e-06,0.9999748304778454,four_class_provisional_roi,1000,mixed_recording_holdout,supervised,17,radar
20260920-184058-normal-11520,0,normal,61,0,0.9577537922829878,0.0016782498740317128,0.00010831689498956144,0.04045964546875454,four_class_provisional_roi,1000,mixed_recording_holdout,supervised,42,radar
20260920-190913-outBroken-460800,2,outBroken,50,2,0.00022505174896650715,0.019182031731761525,0.980258968025446,0.00033394726131518837,four_class_provisional_roi,1000,mixed_recording_holdout,supervised,42,radar
20260920-192610-inBroken-460800,1,inBroken,51,1,0.00012871160131408925,0.9997084608264998,0.00010026991681204926,6.254838180942826e-05,four_class_provisional_roi,1000,mixed_recording_holdout,supervised,42,radar
20260920-194108-roll-460800,3,roll,51,3,2.8412832200367976e-05,4.318282012094392e-05,4.353547892071005e-05,0.999884868369383,four_class_provisional_roi,1000,mixed_recording_holdout,supervised,42,radar
20260920-184058-normal-11520,0,normal,61,0,0.9686478488757962,0.0007398074458959571,5.6992243362848786e-05,0.030555345402494,four_class_provisional_roi,1000,mixed_recording_holdout,supervised,73,radar
20260920-190913-outBroken-460800,2,outBroken,50,2,0.00010130284505066811,0.009161394524053321,0.9905549645423889,0.0001823490009701345,four_class_provisional_roi,1000,mixed_recording_holdout,supervised,73,radar
20260920-192610-inBroken-460800,1,inBroken,51,1,7.765231359871013e-05,0.9997568668103686,7.796149293426424e-05,8.752984357153193e-05,four_class_provisional_roi,1000,mixed_recording_holdout,supervised,73,radar
20260920-194108-roll-460800,3,roll,51,3,1.835600001048114e-05,4.3523097247089026e-05,2.758136987027041e-05,0.9999105357656292,four_class_provisional_roi,1000,mixed_recording_holdout,supervised,73,radar
20260920-184058-normal-11520,0,normal,61,0,0.9666245428265118,0.0005005203973522555,0.0006516063699191513,0.03222332148679478,four_class_provisional_roi,1000,mixed_recording_holdout,head_only,17,radar
20260920-190913-outBroken-460800,2,outBroken,50,2,0.0004530655752751045,0.0035337820932636534,0.9952113342285156,0.0008018197113415226,four_class_provisional_roi,1000,mixed_recording_holdout,head_only,17,radar
20260920-192610-inBroken-460800,1,inBroken,51,1,0.00038107797402463965,0.9992001991645962,3.171578237907299e-05,0.00038700287604667976,four_class_provisional_roi,1000,mixed_recording_holdout,head_only,17,radar
20260920-194108-roll-460800,3,roll,51,3,2.0832686905301743e-05,0.00011674142425523743,4.2607381628305814e-05,0.9998198116526884,four_class_provisional_roi,1000,mixed_recording_holdout,head_only,17,radar
20260920-184058-normal-11520,0,normal,61,0,0.9582811376599015,0.0009106436738249136,0.0005404910459264265,0.04026772349804008,four_class_provisional_roi,1000,mixed_recording_holdout,head_only,42,radar
20260920-190913-outBroken-460800,2,outBroken,50,2,0.0005588748960872181,0.018328565310584962,0.9802012333273887,0.0009113287081709132,four_class_provisional_roi,1000,mixed_recording_holdout,head_only,42,radar
20260920-192610-inBroken-460800,1,inBroken,51,1,0.0005120650618896345,0.9988811869247287,4.45468517771623e-05,0.0005621843946773522,four_class_provisional_roi,1000,mixed_recording_holdout,head_only,42,radar
20260920-194108-roll-460800,3,roll,51,3,3.201615771674779e-05,0.00013516178606711465,4.549337372023443e-05,0.9997873294587228,four_class_provisional_roi,1000,mixed_recording_holdout,head_only,42,radar
20260920-184058-normal-11520,0,normal,61,0,0.9708379028273411,0.0009100518310616712,0.0008023364893621173,0.027449713791387782,four_class_provisional_roi,1000,mixed_recording_holdout,head_only,73,radar
20260920-190913-outBroken-460800,2,outBroken,50,2,0.000329746326096938,0.009537971886420565,0.9897985243797303,0.0003337533964077011,four_class_provisional_roi,1000,mixed_recording_holdout,head_only,73,radar
20260920-192610-inBroken-460800,1,inBroken,51,1,0.0005656019262353177,0.9988032275555181,8.15029912237329e-05,0.0005496592252622541,four_class_provisional_roi,1000,mixed_recording_holdout,head_only,73,radar
20260920-194108-roll-460800,3,roll,51,3,1.660151592570365e-05,3.183301185024046e-05,6.564595498596592e-05,0.9998859167098999,four_class_provisional_roi,1000,mixed_recording_holdout,head_only,73,radar
20260920-184058-normal-11520,0,normal,61,0,0.9102087729289884,0.017636260441428082,0.011155760316483554,0.060999198896871484,four_class_provisional_roi,1000,mixed_recording_holdout,distill,17,radar
20260920-190913-outBroken-460800,2,outBroken,50,2,0.009762997580692172,0.0034126112670492146,0.9650202929973603,0.021804094752296804,four_class_provisional_roi,1000,mixed_recording_holdout,distill,17,radar
20260920-192610-inBroken-460800,1,inBroken,51,1,0.020962668235833738,0.9577084347313526,0.0008104381273619319,0.020518467761576176,four_class_provisional_roi,1000,mixed_recording_holdout,distill,17,radar
20260920-194108-roll-460800,3,roll,51,3,0.004063940579619478,0.012297854831843985,0.006219591498009714,0.9774186167062497,four_class_provisional_roi,1000,mixed_recording_holdout,distill,17,radar
20260920-184058-normal-11520,0,normal,61,0,0.9141515078114681,0.01631283053181699,0.012481698919026578,0.05705396097809931,four_class_provisional_roi,1000,mixed_recording_holdout,distill,42,radar
20260920-190913-outBroken-460800,2,outBroken,50,2,0.014550625453703106,0.007874654560146155,0.945949681699276,0.031625026790425184,four_class_provisional_roi,1000,mixed_recording_holdout,distill,42,radar
20260920-192610-inBroken-460800,1,inBroken,51,1,0.017111386081167294,0.951182135179931,0.0007461375978035742,0.030960350900011903,four_class_provisional_roi,1000,mixed_recording_holdout,distill,42,radar
20260920-194108-roll-460800,3,roll,51,3,0.0047289126086980104,0.01410180895917994,0.005978893634735369,0.9751903788716185,four_class_provisional_roi,1000,mixed_recording_holdout,distill,42,radar
20260920-184058-normal-11520,0,normal,61,0,0.9031686245417986,0.02195418699354422,0.012261175955111375,0.06261600534523241,four_class_provisional_roi,1000,mixed_recording_holdout,distill,73,radar
20260920-190913-outBroken-460800,2,outBroken,50,2,0.010413585314527154,0.0029524819990911057,0.9715249264240264,0.01510901317000389,four_class_provisional_roi,1000,mixed_recording_holdout,distill,73,radar
20260920-192610-inBroken-460800,1,inBroken,51,1,0.019902389496564865,0.9470678602947908,0.0006845201783375267,0.03234522760498757,four_class_provisional_roi,1000,mixed_recording_holdout,distill,73,radar
20260920-194108-roll-460800,3,roll,51,3,0.004146937052627989,0.010000433024092047,0.0057699852623045444,0.9800826439670488,four_class_provisional_roi,1000,mixed_recording_holdout,distill,73,radar
20260920-184058-normal-11520,0,normal,61,0,0.9112844667473777,0.017378846962065972,0.011237419343965709,0.06009925517719239,four_class_provisional_roi,1000,mixed_recording_holdout,no_contrast,17,radar
20260920-190913-outBroken-460800,2,outBroken,50,2,0.009533797474578023,0.0032588442406267857,0.9651749384403229,0.022032408537343146,four_class_provisional_roi,1000,mixed_recording_holdout,no_contrast,17,radar
20260920-192610-inBroken-460800,1,inBroken,51,1,0.019902358689874996,0.9594049231678832,0.0007900812596940965,0.019902631457821996,four_class_provisional_roi,1000,mixed_recording_holdout,no_contrast,17,radar
20260920-194108-roll-460800,3,roll,51,3,0.004117509523662282,0.012331355746616335,0.0062463735093307845,0.9773047578101065,four_class_provisional_roi,1000,mixed_recording_holdout,no_contrast,17,radar
20260920-184058-normal-11520,0,normal,61,0,0.9150958994372946,0.0159320710608583,0.012562120005060903,0.05640990135153053,four_class_provisional_roi,1000,mixed_recording_holdout,no_contrast,42,radar
20260920-190913-outBroken-460800,2,outBroken,50,2,0.013886022949591278,0.007529035795887467,0.9478561648726463,0.030728780152276158,four_class_provisional_roi,1000,mixed_recording_holdout,no_contrast,42,radar
20260920-192610-inBroken-460800,1,inBroken,51,1,0.017571693724569154,0.950314789426093,0.0007685724333129531,0.031344955476621784,four_class_provisional_roi,1000,mixed_recording_holdout,no_contrast,42,radar
20260920-194108-roll-460800,3,roll,51,3,0.0046067968782439244,0.013701411644362059,0.006050351637360805,0.9756414446176267,four_class_provisional_roi,1000,mixed_recording_holdout,no_contrast,42,radar
20260920-184058-normal-11520,0,normal,61,0,0.9036066595648156,0.021875484365603475,0.01211549703520341,0.062402355057172114,four_class_provisional_roi,1000,mixed_recording_holdout,no_contrast,73,radar
20260920-190913-outBroken-460800,2,outBroken,50,2,0.010494971894659103,0.0026818743008334422,0.9708471071720123,0.01597604508511722,four_class_provisional_roi,1000,mixed_recording_holdout,no_contrast,73,radar
20260920-192610-inBroken-460800,1,inBroken,51,1,0.01942681712920175,0.9483923397812188,0.0006725481892798972,0.031508281571315785,four_class_provisional_roi,1000,mixed_recording_holdout,no_contrast,73,radar
20260920-194108-roll-460800,3,roll,51,3,0.004189961357042193,0.010132948137527588,0.005783851162585265,0.9798932379367304,four_class_provisional_roi,1000,mixed_recording_holdout,no_contrast,73,radar
20260920-184058-normal-11520,0,normal,61,0,0.8990279890474726,0.022874422401922646,0.014111617358676234,0.06398598550910466,four_class_provisional_roi,1000,mixed_recording_holdout,no_radar_CE,17,radar
20260920-190913-outBroken-460800,2,outBroken,50,2,0.01311390888877213,0.003560033638495952,0.9523093473911285,0.031016714507713913,four_class_provisional_roi,1000,mixed_recording_holdout,no_radar_CE,17,radar
20260920-192610-inBroken-460800,1,inBroken,51,1,0.023651597765730878,0.9534344205669328,0.0007986722738874674,0.02211532462388277,four_class_provisional_roi,1000,mixed_recording_holdout,no_radar_CE,17,radar
20260920-194108-roll-460800,3,roll,51,3,0.004584297195405644,0.015656699545170162,0.007304345951506905,0.9724546670913696,four_class_provisional_roi,1000,mixed_recording_holdout,no_radar_CE,17,radar
20260920-184058-normal-11520,0,normal,61,0,0.9146313657526111,0.020718874676977514,0.012998509339102711,0.05165125869718365,four_class_provisional_roi,1000,mixed_recording_holdout,no_radar_CE,42,radar
20260920-190913-outBroken-460800,2,outBroken,50,2,0.020571301355957985,0.009331515427184058,0.9248798710107803,0.04521730549633503,four_class_provisional_roi,1000,mixed_recording_holdout,no_radar_CE,42,radar
20260920-192610-inBroken-460800,1,inBroken,51,1,0.015054044468949238,0.9531489376928292,0.000637269185116405,0.031159750240690568,four_class_provisional_roi,1000,mixed_recording_holdout,no_radar_CE,42,radar
20260920-194108-roll-460800,3,roll,51,3,0.005507790889846636,0.01787223788343516,0.00677692151500606,0.9698430568564171,four_class_provisional_roi,1000,mixed_recording_holdout,no_radar_CE,42,radar
20260920-184058-normal-11520,0,normal,61,0,0.8957669837552993,0.02848894485715227,0.014650215978779997,0.06109386015316991,four_class_provisional_roi,1000,mixed_recording_holdout,no_radar_CE,73,radar
20260920-190913-outBroken-460800,2,outBroken,50,2,0.015329739549197257,0.0035351832253218162,0.9595732283592224,0.02156184021383524,four_class_provisional_roi,1000,mixed_recording_holdout,no_radar_CE,73,radar
20260920-192610-inBroken-460800,1,inBroken,51,1,0.020690942384010435,0.943554566187017,0.0006827716630034368,0.03507172513534041,four_class_provisional_roi,1000,mixed_recording_holdout,no_radar_CE,73,radar
20260920-194108-roll-460800,3,roll,51,3,0.0043675574478602,0.011519539361710058,0.006332456207304609,0.9777804426118439,four_class_provisional_roi,1000,mixed_recording_holdout,no_radar_CE,73,radar
20260920-184058-normal-11520,0,normal,61,0,0.4682489121790792,0.018071789767776358,0.04648617517630585,0.46719312179284017,four_class_provisional_roi,1000,mixed_recording_holdout,shuffled,17,radar
20260920-190913-outBroken-460800,2,outBroken,50,1,0.03588027685880661,0.4704988235235214,0.4632729661464691,0.030347936637699604,four_class_provisional_roi,1000,mixed_recording_holdout,shuffled,17,radar
20260920-192610-inBroken-460800,1,inBroken,51,0,0.5001676649439568,0.4487499273290821,0.018449756645542735,0.03263264901789965,four_class_provisional_roi,1000,mixed_recording_holdout,shuffled,17,radar
20260920-194108-roll-460800,3,roll,51,3,0.0061970064279568545,0.0003847757891658237,0.4567373558586719,0.5366808678589615,four_class_provisional_roi,1000,mixed_recording_holdout,shuffled,17,radar
20260920-184058-normal-11520,0,normal,61,0,0.48251294894296615,0.018419604267558603,0.038191602580615734,0.46087585072048376,four_class_provisional_roi,1000,mixed_recording_holdout,shuffled,42,radar
20260920-190913-outBroken-460800,2,outBroken,50,1,0.04235614605247975,0.5011750388145447,0.42620080411434175,0.030268011055886744,four_class_provisional_roi,1000,mixed_recording_holdout,shuffled,42,radar
20260920-192610-inBroken-460800,1,inBroken,51,0,0.5088450359363182,0.4521983195753658,0.011907266352471768,0.02704937606319493,four_class_provisional_roi,1000,mixed_recording_holdout,shuffled,42,radar
20260920-194108-roll-460800,3,roll,51,3,0.0075870636832334245,0.0005144301716891099,0.4632122084206226,0.5286862978748247,four_class_provisional_roi,1000,mixed_recording_holdout,shuffled,42,radar
20260920-184058-normal-11520,0,normal,61,0,0.480314025869135,0.01808966631375131,0.03408718200736358,0.46750912167986886,four_class_provisional_roi,1000,mixed_recording_holdout,shuffled,73,radar
20260920-190913-outBroken-460800,2,outBroken,50,1,0.039671866409480575,0.5023346322774888,0.43004501819610597,0.027948480136692523,four_class_provisional_roi,1000,mixed_recording_holdout,shuffled,73,radar
20260920-192610-inBroken-460800,1,inBroken,51,0,0.5277536260146721,0.4160583083536111,0.018146975568550473,0.038041089095321355,four_class_provisional_roi,1000,mixed_recording_holdout,shuffled,73,radar
20260920-194108-roll-460800,3,roll,51,3,0.007515198774818404,0.0004637343626396329,0.45628051547443166,0.5357405438142664,four_class_provisional_roi,1000,mixed_recording_holdout,shuffled,73,radar
20260920-184058-normal-11520,0,normal,61,0,0.961184486013944,0.01181376955212384,0.00714789950441508,0.019853837076253943,four_class_provisional_roi,1000,mixed_recording_holdout,distill_phase,17,radar
20260920-190913-outBroken-460800,2,outBroken,50,2,0.00898408457171172,0.00045653818211576435,0.9747867953777313,0.015772590581327676,four_class_provisional_roi,1000,mixed_recording_holdout,distill_phase,17,radar
20260920-192610-inBroken-460800,1,inBroken,51,1,0.015891333877602044,0.9661181837904687,0.0005560048591053369,0.017434483941863563,four_class_provisional_roi,1000,mixed_recording_holdout,distill_phase,17,radar
20260920-194108-roll-460800,3,roll,51,3,0.003875608421296027,0.01081642786990486,0.005832172628930386,0.9794757880416571,four_class_provisional_roi,1000,mixed_recording_holdout,distill_phase,17,radar
20260920-184058-normal-11520,0,normal,61,0,0.954407769148467,0.013876069054679304,0.008718598966074527,0.02299756005207901,four_class_provisional_roi,1000,mixed_recording_holdout,distill_phase,42,radar
20260920-190913-outBroken-460800,2,outBroken,50,2,0.0077498193830251695,0.00035802706654067154,0.9791516482830047,0.012740509435534477,four_class_provisional_roi,1000,mixed_recording_holdout,distill_phase,42,radar
20260920-192610-inBroken-460800,1,inBroken,51,1,0.016335017668704193,0.9633069307196374,0.0006716143866023962,0.01968642139770821,four_class_provisional_roi,1000,mixed_recording_holdout,distill_phase,42,radar
20260920-194108-roll-460800,3,roll,51,3,0.004546880347690746,0.012235710999983199,0.005964814037011534,0.9772525768654019,four_class_provisional_roi,1000,mixed_recording_holdout,distill_phase,42,radar
20260920-184058-normal-11520,0,normal,61,0,0.9648203331916059,0.012278986491690406,0.00829908031145813,0.014601608276458794,four_class_provisional_roi,1000,mixed_recording_holdout,distill_phase,73,radar
20260920-190913-outBroken-460800,2,outBroken,50,2,0.012480489434674382,0.0005226906771713402,0.9695709729194641,0.01742584992200136,four_class_provisional_roi,1000,mixed_recording_holdout,distill_phase,73,radar
20260920-192610-inBroken-460800,1,inBroken,51,1,0.016475436588128407,0.9638100511887494,0.0005571330599623787,0.019157373419433247,four_class_provisional_roi,1000,mixed_recording_holdout,distill_phase,73,radar
20260920-194108-roll-460800,3,roll,51,3,0.004403909613542697,0.010507314511593067,0.00593713520313887,0.9791516427900276,four_class_provisional_roi,1000,mixed_recording_holdout,distill_phase,73,radar
20260920-184058-normal-11520,0,normal,61,2,2.527893215314561e-06,0.024364703526892125,0.9718309852691053,0.003801783310787075,four_class_provisional_roi,1000,mixed_recording_holdout,original_head,17,radar
20260920-190913-outBroken-460800,2,outBroken,50,2,9.594255152862775e-06,0.12061816696268471,0.8598710408116055,0.019501197970556782,four_class_provisional_roi,1000,mixed_recording_holdout,original_head,17,radar
20260920-192610-inBroken-460800,1,inBroken,51,2,8.929103161756379e-08,0.024607187993068103,0.9749133080513473,0.00047941466455299797,four_class_provisional_roi,1000,mixed_recording_holdout,original_head,17,radar
20260920-194108-roll-460800,3,roll,51,2,8.845730200485438e-07,0.033903872703210554,0.9604756664964796,0.0056195762272896995,four_class_provisional_roi,1000,mixed_recording_holdout,original_head,17,radar
20260920-184058-normal-11520,0,normal,61,2,2.601133442623622e-06,0.024578123115437164,0.9717555891466775,0.00366368660444252,four_class_provisional_roi,1000,mixed_recording_holdout,original_head,42,radar
20260920-190913-outBroken-460800,2,outBroken,50,2,8.308820944328993e-06,0.11627217571103796,0.8656571433073122,0.018062372160705702,four_class_provisional_roi,1000,mixed_recording_holdout,original_head,42,radar
20260920-192610-inBroken-460800,1,inBroken,51,2,7.491459454005206e-08,0.02324427937537707,0.9762567709588192,0.0004988747512092828,four_class_provisional_roi,1000,mixed_recording_holdout,original_head,42,radar
20260920-194108-roll-460800,3,roll,51,2,9.58589658235416e-07,0.03450558657166857,0.9594076256165268,0.006085829222146196,four_class_provisional_roi,1000,mixed_recording_holdout,original_head,42,radar
20260920-184058-normal-11520,0,normal,61,2,2.414925470625013e-06,0.024028945408369536,0.9723433707875081,0.0036252688786517274,four_class_provisional_roi,1000,mixed_recording_holdout,original_head,73,radar
20260920-190913-outBroken-460800,2,outBroken,50,2,9.684773324580146e-06,0.12366198858666454,0.8565896046277135,0.019738722012297504,four_class_provisional_roi,1000,mixed_recording_holdout,original_head,73,radar
20260920-192610-inBroken-460800,1,inBroken,51,2,8.334963650176194e-08,0.02174573937898167,0.9777334968420053,0.0005206804293763768,four_class_provisional_roi,1000,mixed_recording_holdout,original_head,73,radar
20260920-194108-roll-460800,3,roll,51,2,8.814054343542142e-07,0.032411058826798615,0.9618756889223078,0.005712370845459019,four_class_provisional_roi,1000,mixed_recording_holdout,original_head,73,radar
20260920-184058-normal-11520,0,normal,7,0,0.9515838472485303,0.03299801397053601,0.013040726469555045,0.0023774123113786683,four_class_provisional_roi,1001,mixed_recording_holdout,contact_hidden,-1,contact
20260920-190913-outBroken-460800,2,outBroken,10,2,0.007631289800399793,0.0018027050201604243,0.9899612683356862,0.000604736843753661,four_class_provisional_roi,1001,mixed_recording_holdout,contact_hidden,-1,contact
20260920-192610-inBroken-460800,1,inBroken,7,1,0.01125102580080076,0.9585206009073325,0.0010146886592343268,0.029213684632632585,four_class_provisional_roi,1001,mixed_recording_holdout,contact_hidden,-1,contact
20260920-193718-roll-115200,3,roll,9,3,0.11408215852016343,0.4242295088734835,0.03602791259181359,0.4256604200145395,four_class_provisional_roi,1001,mixed_recording_holdout,contact_hidden,-1,contact
20260920-184058-normal-11520,0,normal,7,0,0.9480262103718774,0.021970193331010614,0.025753482322804583,0.004250113974307295,four_class_provisional_roi,1001,mixed_recording_holdout,contact_xyz_hidden,-1,contact
20260920-190913-outBroken-460800,2,outBroken,10,2,0.010842850792712428,0.01062069513489924,0.9782588206078457,0.0002776334645425559,four_class_provisional_roi,1001,mixed_recording_holdout,contact_xyz_hidden,-1,contact
20260920-192610-inBroken-460800,1,inBroken,7,1,0.008843672466871115,0.9561856936701618,0.0013566826365375153,0.03361395122642949,four_class_provisional_roi,1001,mixed_recording_holdout,contact_xyz_hidden,-1,contact
20260920-193718-roll-115200,3,roll,9,1,0.025088660746430777,0.4665130239923324,0.1563104029996509,0.35208791226158587,four_class_provisional_roi,1001,mixed_recording_holdout,contact_xyz_hidden,-1,contact
20260920-184058-normal-11520,0,normal,7,0,0.9854992491139712,0.00268310780533105,0.006189686531451898,0.005627956549245801,four_class_provisional_roi,1001,mixed_recording_holdout,contact_spectral,-1,contact
20260920-190913-outBroken-460800,2,outBroken,10,2,0.0019132920465938872,0.0007052382999329499,0.9969937160059603,0.00038775364751285644,four_class_provisional_roi,1001,mixed_recording_holdout,contact_spectral,-1,contact
20260920-192610-inBroken-460800,1,inBroken,7,1,0.0023553707486535895,0.9880907012536309,0.004266558005798202,0.005287369991917322,four_class_provisional_roi,1001,mixed_recording_holdout,contact_spectral,-1,contact
20260920-193718-roll-115200,3,roll,9,3,0.02177731267931784,0.03278358936644296,0.10917472261151087,0.8362643753427283,four_class_provisional_roi,1001,mixed_recording_holdout,contact_spectral,-1,contact
20260920-184058-normal-11520,0,normal,7,0,0.6723108735677191,0.0233318117960274,0.30357971995824073,0.0007775946780127838,four_class_provisional_roi,1001,mixed_recording_holdout,contact_statistics,-1,contact
20260920-190913-outBroken-460800,2,outBroken,10,2,0.04473521892869741,0.03827488764998459,0.9153021588923757,0.0016877345289422463,four_class_provisional_roi,1001,mixed_recording_holdout,contact_statistics,-1,contact
20260920-192610-inBroken-460800,1,inBroken,7,1,0.011070226673294445,0.8568505470833712,0.007848215647405947,0.12423101059592843,four_class_provisional_roi,1001,mixed_recording_holdout,contact_statistics,-1,contact
20260920-193718-roll-115200,3,roll,9,3,0.002352929658776906,0.05114002541086439,0.11841585695317441,0.8280911879771843,four_class_provisional_roi,1001,mixed_recording_holdout,contact_statistics,-1,contact
20260920-184058-normal-11520,0,normal,7,0,0.9121936153356023,0.0703039258474725,0.013943969547763571,0.003558489269161737,four_class_provisional_roi,1001,mixed_recording_holdout,contact_final_hidden,-1,contact
20260920-190913-outBroken-460800,2,outBroken,10,2,0.016220947516631123,0.0033482397264243714,0.9799327346443096,0.0004980781126347721,four_class_provisional_roi,1001,mixed_recording_holdout,contact_final_hidden,-1,contact
20260920-192610-inBroken-460800,1,inBroken,7,1,0.010623410412818212,0.9669041453778947,0.0018590758233731858,0.020613368385913912,four_class_provisional_roi,1001,mixed_recording_holdout,contact_final_hidden,-1,contact
20260920-193718-roll-115200,3,roll,9,1,0.12228270822378812,0.43079337862251577,0.027839265362800927,0.41908464779089516,four_class_provisional_roi,1001,mixed_recording_holdout,contact_final_hidden,-1,contact
20260920-184058-normal-11520,0,normal,7,2,0.017362486571073532,0.03423421457409859,0.7772192358970642,0.17118413746356964,four_class_provisional_roi,1001,mixed_recording_holdout,contact_original,-1,contact
20260920-190913-outBroken-460800,2,outBroken,10,2,0.0010036140447482467,0.1572980433702469,0.6584912538528442,0.18320706486701965,four_class_provisional_roi,1001,mixed_recording_holdout,contact_original,-1,contact
20260920-192610-inBroken-460800,1,inBroken,7,2,7.311032095458359e-05,0.10570169240236282,0.8856785893440247,0.008546590805053711,four_class_provisional_roi,1001,mixed_recording_holdout,contact_original,-1,contact
20260920-193718-roll-115200,3,roll,9,2,0.006577568128705025,0.08760348707437515,0.7687318921089172,0.13708701729774475,four_class_provisional_roi,1001,mixed_recording_holdout,contact_original,-1,contact
20260920-184058-normal-11520,0,normal,7,2,0.00026096560759469867,0.0042155045084655285,0.9896412491798401,0.005882244557142258,four_class_provisional_roi,1001,mixed_recording_holdout,contact_original_mean_hidden,-1,contact
20260920-190913-outBroken-460800,2,outBroken,10,2,4.026080569019541e-05,0.1317661553621292,0.8237518072128296,0.04444171115756035,four_class_provisional_roi,1001,mixed_recording_holdout,contact_original_mean_hidden,-1,contact
20260920-192610-inBroken-460800,1,inBroken,7,2,7.360277010093341e-08,0.04957010969519615,0.9499243497848511,0.0005054352222941816,four_class_provisional_roi,1001,mixed_recording_holdout,contact_original_mean_hidden,-1,contact
20260920-193718-roll-115200,3,roll,9,2,3.502665776977665e-06,0.03880308195948601,0.9500135779380798,0.011179906316101551,four_class_provisional_roi,1001,mixed_recording_holdout,contact_original_mean_hidden,-1,contact
20260920-184058-normal-11520,0,normal,61,0,0.981897357929315,0.0011924124045322236,0.00029861580218253,0.016611613863970434,four_class_provisional_roi,1001,mixed_recording_holdout,radar_frame_shape,-1,radar
20260920-190913-outBroken-460800,2,outBroken,50,2,7.079368680115261e-05,0.020105568057825405,0.9796930102670841,0.00013062798828946786,four_class_provisional_roi,1001,mixed_recording_holdout,radar_frame_shape,-1,radar
20260920-192610-inBroken-460800,1,inBroken,51,1,0.0007555274939644755,0.9941766733191656,0.0003115200212046679,0.004756279165664749,four_class_provisional_roi,1001,mixed_recording_holdout,radar_frame_shape,-1,radar
20260920-193718-roll-115200,3,roll,51,3,0.0382460394557414,0.001582477720807719,0.0015556819960202404,0.9586158008274309,four_class_provisional_roi,1001,mixed_recording_holdout,radar_frame_shape,-1,radar
20260920-184058-normal-11520,0,normal,61,0,0.9941519626373643,0.0002690997882274159,0.000209626413935385,0.005369311160473309,four_class_provisional_roi,1001,mixed_recording_holdout,radar_shape_phase,-1,radar
20260920-190913-outBroken-460800,2,outBroken,50,2,6.12432392148641e-05,0.0043794555504605,0.9955398179760157,1.9483234308940214e-05,four_class_provisional_roi,1001,mixed_recording_holdout,radar_shape_phase,-1,radar
20260920-192610-inBroken-460800,1,inBroken,51,1,0.00025622756293691506,0.9985874527783408,6.095955297651841e-05,0.0010953601057456328,four_class_provisional_roi,1001,mixed_recording_holdout,radar_shape_phase,-1,radar
20260920-193718-roll-115200,3,roll,51,3,0.015860214006714186,0.0007033372244954591,0.0008763790167707031,0.9825600697520194,four_class_provisional_roi,1001,mixed_recording_holdout,radar_shape_phase,-1,radar
20260920-184058-normal-11520,0,normal,61,0,0.9866192449676303,4.7322112298726076e-05,0.00021670979673291845,0.013116723123338125,four_class_provisional_roi,1001,mixed_recording_holdout,radar_coherent_shape,-1,radar
20260920-190913-outBroken-460800,2,outBroken,50,2,0.0002313142245526061,0.0032393467759965844,0.9948819202918496,0.0016474187076011484,four_class_provisional_roi,1001,mixed_recording_holdout,radar_coherent_shape,-1,radar
20260920-192610-inBroken-460800,1,inBroken,51,0,0.9458518584178446,0.006988546004193057,0.04519642321936768,0.0019631723585944814,four_class_provisional_roi,1001,mixed_recording_holdout,radar_coherent_shape,-1,radar
20260920-193718-roll-115200,3,roll,51,3,0.019914738599508878,0.001601527375402192,0.0020567919225534595,0.9764269421025357,four_class_provisional_roi,1001,mixed_recording_holdout,radar_coherent_shape,-1,radar
20260920-184058-normal-11520,0,normal,61,0,0.9556323130540467,1.415112476104553e-06,0.00017726784836844062,0.044189003985108714,four_class_provisional_roi,1001,mixed_recording_holdout,radar_time_stats,-1,radar
20260920-190913-outBroken-460800,2,outBroken,50,1,0.0005311845336490472,0.6414858903603143,0.35144009153274675,0.006542833573289999,four_class_provisional_roi,1001,mixed_recording_holdout,radar_time_stats,-1,radar
20260920-192610-inBroken-460800,1,inBroken,51,1,1.224529049130983e-07,0.8446804028629958,0.1501286420424979,0.005190832641601292,four_class_provisional_roi,1001,mixed_recording_holdout,radar_time_stats,-1,radar
20260920-193718-roll-115200,3,roll,51,3,0.12917644245959103,0.014200436851046954,0.020036792291526176,0.8365863283978358,four_class_provisional_roi,1001,mixed_recording_holdout,radar_time_stats,-1,radar
20260920-184058-normal-11520,0,normal,61,1,0.3421428491907896,0.3421428516208174,0.007996771809733624,0.3077175273786598,four_class_provisional_roi,1001,mixed_recording_holdout,radar_confound_distance,-1,radar
20260920-190913-outBroken-460800,2,outBroken,50,2,0.000269433789526142,0.00026943378949984134,0.9710004064839813,0.028460725936991577,four_class_provisional_roi,1001,mixed_recording_holdout,radar_confound_distance,-1,radar
20260920-192610-inBroken-460800,1,inBroken,51,1,0.3421428491907896,0.3421428516208174,0.007996771809733624,0.30771752737865976,four_class_provisional_roi,1001,mixed_recording_holdout,radar_confound_distance,-1,radar
20260920-193718-roll-115200,3,roll,51,3,0.315477206010923,0.3154772081433973,0.013023440827583676,0.35602214501809615,four_class_provisional_roi,1001,mixed_recording_holdout,radar_confound_distance,-1,radar
20260920-184058-normal-11520,0,normal,61,0,0.9925698126359382,0.0028879073903162506,0.0011652227956459918,0.0033770571780994884,four_class_provisional_roi,1001,mixed_recording_holdout,radar_confound_raw_amp,-1,radar
20260920-190913-outBroken-460800,2,outBroken,50,2,0.002822827895358262,0.0002865383136148303,0.9944323394485124,0.002458294342514487,four_class_provisional_roi,1001,mixed_recording_holdout,radar_confound_raw_amp,-1,radar
20260920-192610-inBroken-460800,1,inBroken,51,1,0.00284654889349759,0.9914241845990573,0.000517064900887161,0.005212201606557838,four_class_provisional_roi,1001,mixed_recording_holdout,radar_confound_raw_amp,-1,radar
20260920-193718-roll-115200,3,roll,51,3,0.002314747564777306,0.006372667470296313,0.0018801723797176346,0.989432412585209,four_class_provisional_roi,1001,mixed_recording_holdout,radar_confound_raw_amp,-1,radar
20260920-184058-normal-11520,0,normal,61,0,0.9961276767683811,0.0019109459194213906,0.0001363963049206192,0.0018249779412472576,four_class_provisional_roi,1001,mixed_recording_holdout,supervised,17,radar
20260920-190913-outBroken-460800,2,outBroken,50,2,7.47496024996508e-05,0.01943384491802135,0.980421776175499,6.962330122405547e-05,four_class_provisional_roi,1001,mixed_recording_holdout,supervised,17,radar
20260920-192610-inBroken-460800,1,inBroken,51,1,5.878890328412857e-05,0.9997470448998844,0.00012725211062763052,6.690678852536104e-05,four_class_provisional_roi,1001,mixed_recording_holdout,supervised,17,radar
20260920-193718-roll-115200,3,roll,51,3,0.03612745792933685,8.948579859718972e-05,0.00022124894115793222,0.9635618077408449,four_class_provisional_roi,1001,mixed_recording_holdout,supervised,17,radar
20260920-184058-normal-11520,0,normal,61,0,0.9985630346126244,0.0006219033689376374,3.7859535965611436e-05,0.0007771962540141058,four_class_provisional_roi,1001,mixed_recording_holdout,supervised,42,radar
20260920-190913-outBroken-460800,2,outBroken,50,2,0.00026093219432368644,0.021363029502681458,0.9779967379570007,0.00037931562270387075,four_class_provisional_roi,1001,mixed_recording_holdout,supervised,42,radar
20260920-192610-inBroken-460800,1,inBroken,51,1,0.00013707714799024602,0.9994665664785048,0.0001667627967596191,0.000229599299571276,four_class_provisional_roi,1001,mixed_recording_holdout,supervised,42,radar
20260920-193718-roll-115200,3,roll,51,3,0.02943423919999737,0.0001774955052782139,0.00022281242817210595,0.9701654504911572,four_class_provisional_roi,1001,mixed_recording_holdout,supervised,42,radar
20260920-184058-normal-11520,0,normal,61,0,0.9988527962418853,0.0003661376092734782,1.4473250070161574e-05,0.0007665893117817057,four_class_provisional_roi,1001,mixed_recording_holdout,supervised,73,radar
20260920-190913-outBroken-460800,2,outBroken,50,2,6.363626644088072e-05,0.010870816192909843,0.988932011127472,0.00013352640278753824,four_class_provisional_roi,1001,mixed_recording_holdout,supervised,73,radar
20260920-192610-inBroken-460800,1,inBroken,51,1,5.928521757453507e-05,0.9997054373516756,8.404566609647637e-05,0.00015121375084466612,four_class_provisional_roi,1001,mixed_recording_holdout,supervised,73,radar
20260920-193718-roll-115200,3,roll,51,3,0.03742056141224263,0.00012235575482633316,0.00011299180458117203,0.9623440918969173,four_class_provisional_roi,1001,mixed_recording_holdout,supervised,73,radar
20260920-184058-normal-11520,0,normal,61,0,0.9977495738717376,0.00010745300728633053,0.00020551882856826063,0.0019374415758528678,four_class_provisional_roi,1001,mixed_recording_holdout,head_only,17,radar
20260920-190913-outBroken-460800,2,outBroken,50,2,0.0005934454414818902,0.00742452454422164,0.9914523935317994,0.0005296396350604482,four_class_provisional_roi,1001,mixed_recording_holdout,head_only,17,radar
20260920-192610-inBroken-460800,1,inBroken,51,1,0.0001559065986999913,0.999108142712537,4.543146849969429e-05,0.0006905076571616947,four_class_provisional_roi,1001,mixed_recording_holdout,head_only,17,radar
20260920-193718-roll-115200,3,roll,51,3,0.02360193259133381,0.0003250005573528481,0.0005221313870553037,0.9755509355488945,four_class_provisional_roi,1001,mixed_recording_holdout,head_only,17,radar
20260920-184058-normal-11520,0,normal,61,0,0.9981617126308504,0.00024095458723079856,0.0002501680030602939,0.001347148728334597,four_class_provisional_roi,1001,mixed_recording_holdout,head_only,42,radar
20260920-190913-outBroken-460800,2,outBroken,50,2,0.0007958485001290683,0.018843936441408006,0.9792158447206021,0.0011443815735401586,four_class_provisional_roi,1001,mixed_recording_holdout,head_only,42,radar
20260920-192610-inBroken-460800,1,inBroken,51,1,0.00016717622002390415,0.9981846458771649,5.123219021947543e-05,0.0015969469643417088,four_class_provisional_roi,1001,mixed_recording_holdout,head_only,42,radar
20260920-193718-roll-115200,3,roll,51,3,0.04231388824740077,0.0007252614227849443,0.0009095589108148809,0.956051282730757,four_class_provisional_roi,1001,mixed_recording_holdout,head_only,42,radar
20260920-184058-normal-11520,0,normal,61,0,0.9985493783090935,0.00027160441930421065,0.00018307622488717868,0.0009959387742605567,four_class_provisional_roi,1001,mixed_recording_holdout,head_only,73,radar
20260920-190913-outBroken-460800,2,outBroken,50,2,0.0004387953407422174,0.012490029755572323,0.9864072948694229,0.0006638781583751551,four_class_provisional_roi,1001,mixed_recording_holdout,head_only,73,radar
20260920-192610-inBroken-460800,1,inBroken,51,1,0.0002294718312138381,0.9984501787260467,0.00011433727501985142,0.0012060077529966685,four_class_provisional_roi,1001,mixed_recording_holdout,head_only,73,radar
20260920-193718-roll-115200,3,roll,51,3,0.03402915515489083,0.0005347658055446421,0.0009319279114624448,0.9645041469849792,four_class_provisional_roi,1001,mixed_recording_holdout,head_only,73,radar
20260920-184058-normal-11520,0,normal,61,0,0.9492314731488463,0.02082874891577197,0.017132793698215583,0.012806982933219186,four_class_provisional_roi,1001,mixed_recording_holdout,distill,17,radar
20260920-190913-outBroken-460800,2,outBroken,50,2,0.020515006026253103,0.015041836764430628,0.9582772529125214,0.006165912402793765,four_class_provisional_roi,1001,mixed_recording_holdout,distill,17,radar
20260920-192610-inBroken-460800,1,inBroken,51,1,0.011196655175630368,0.9840208163448408,0.0015685234467645048,0.0032140054425005525,four_class_provisional_roi,1001,mixed_recording_holdout,distill,17,radar
20260920-193718-roll-115200,3,roll,51,3,0.01775815126351446,0.012530550310461252,0.0130809750270975,0.9566303287066665,four_class_provisional_roi,1001,mixed_recording_holdout,distill,17,radar
20260920-184058-normal-11520,0,normal,61,0,0.9640102415788369,0.016840028087990205,0.014227313676574191,0.004922412371178937,four_class_provisional_roi,1001,mixed_recording_holdout,distill,42,radar
20260920-190913-outBroken-460800,2,outBroken,50,2,0.021915855295956136,0.019207007652148604,0.948653776049614,0.010223367507569492,four_class_provisional_roi,1001,mixed_recording_holdout,distill,42,radar
20260920-192610-inBroken-460800,1,inBroken,51,1,0.010254205021934183,0.9808269914458779,0.002486060389463662,0.00643273209696453,four_class_provisional_roi,1001,mixed_recording_holdout,distill,42,radar
20260920-193718-roll-115200,3,roll,51,3,0.04713190375774752,0.021639412433347282,0.02374897245774228,0.9074797124839297,four_class_provisional_roi,1001,mixed_recording_holdout,distill,42,radar
20260920-184058-normal-11520,0,normal,61,0,0.9574496912174537,0.020623046042183873,0.01489039571558843,0.0070368681001843365,four_class_provisional_roi,1001,mixed_recording_holdout,distill,73,radar
20260920-190913-outBroken-460800,2,outBroken,50,2,0.022439124574884773,0.02046004725736566,0.9483115530014038,0.00878928174264729,four_class_provisional_roi,1001,mixed_recording_holdout,distill,73,radar
20260920-192610-inBroken-460800,1,inBroken,51,1,0.012657782464635139,0.980540744229859,0.0016855642624089822,0.005115896111865546,four_class_provisional_roi,1001,mixed_recording_holdout,distill,73,radar
20260920-193718-roll-115200,3,roll,51,3,0.024390713808779586,0.01933199396429985,0.02030973366516478,0.9359675575705135,four_class_provisional_roi,1001,mixed_recording_holdout,distill,73,radar
20260920-184058-normal-11520,0,normal,61,0,0.951243058579867,0.020678957893711623,0.0163894144772384,0.011688577941595958,four_class_provisional_roi,1001,mixed_recording_holdout,no_contrast,17,radar
20260920-190913-outBroken-460800,2,outBroken,50,2,0.020492083383724092,0.01465193817159161,0.9586340749263763,0.006221912456676364,four_class_provisional_roi,1001,mixed_recording_holdout,no_contrast,17,radar
20260920-192610-inBroken-460800,1,inBroken,51,1,0.011335700585999909,0.9840207660899443,0.0015530583503491739,0.003090484855313073,four_class_provisional_roi,1001,mixed_recording_holdout,no_contrast,17,radar
20260920-193718-roll-115200,3,roll,51,3,0.018087286154874236,0.012503948391360395,0.012847933694537655,0.9565608337813732,four_class_provisional_roi,1001,mixed_recording_holdout,no_contrast,17,radar
20260920-184058-normal-11520,0,normal,61,0,0.9645755955430327,0.01650254096316754,0.014269334332803722,0.00465254018037412,four_class_provisional_roi,1001,mixed_recording_holdout,no_contrast,42,radar
20260920-190913-outBroken-460800,2,outBroken,50,2,0.02178788583725691,0.018990490103606136,0.9492722249031067,0.009949397924356163,four_class_provisional_roi,1001,mixed_recording_holdout,no_contrast,42,radar
20260920-192610-inBroken-460800,1,inBroken,51,1,0.00996771120630643,0.9815835122968636,0.002313983959931077,0.006134797307644405,four_class_provisional_roi,1001,mixed_recording_holdout,no_contrast,42,radar
20260920-193718-roll-115200,3,roll,51,3,0.04853715216877925,0.022294349963868074,0.024387416096550284,0.9047810882329941,four_class_provisional_roi,1001,mixed_recording_holdout,no_contrast,42,radar
20260920-184058-normal-11520,0,normal,61,0,0.957056037715224,0.021003606500195674,0.014846465848080937,0.007093896611295946,four_class_provisional_roi,1001,mixed_recording_holdout,no_contrast,73,radar
20260920-190913-outBroken-460800,2,outBroken,50,2,0.022733057485893368,0.020225579841062425,0.9474422001838684,0.00959915985353291,four_class_provisional_roi,1001,mixed_recording_holdout,no_contrast,73,radar
20260920-192610-inBroken-460800,1,inBroken,51,1,0.01228491226028578,0.9811729332979988,0.0017154292116745137,0.004826725862335925,four_class_provisional_roi,1001,mixed_recording_holdout,no_contrast,73,radar
20260920-193718-roll-115200,3,roll,51,3,0.024503790762323393,0.019466304521569434,0.02009314708137775,0.9359367589155833,four_class_provisional_roi,1001,mixed_recording_holdout,no_contrast,73,radar
20260920-184058-normal-11520,0,normal,61,0,0.9260803255878511,0.02779024216483851,0.02483866444682,0.021290762952555612,four_class_provisional_roi,1001,mixed_recording_holdout,no_radar_CE,17,radar
20260920-190913-outBroken-460800,2,outBroken,50,2,0.02975967979989946,0.021407857914455236,0.9401656085252762,0.008666850575245917,four_class_provisional_roi,1001,mixed_recording_holdout,no_radar_CE,17,radar
20260920-192610-inBroken-460800,1,inBroken,51,1,0.012401961118859403,0.9822901931463504,0.001778627177426482,0.003529221291982514,four_class_provisional_roi,1001,mixed_recording_holdout,no_radar_CE,17,radar
20260920-193718-roll-115200,3,roll,51,3,0.012783440644852817,0.012170243373725052,0.014076595331596978,0.9609697239071715,four_class_provisional_roi,1001,mixed_recording_holdout,no_radar_CE,17,radar
20260920-184058-normal-11520,0,normal,61,0,0.9483360521128921,0.02316949424929306,0.019617752706418273,0.008876692274676972,four_class_provisional_roi,1001,mixed_recording_holdout,no_radar_CE,42,radar
20260920-190913-outBroken-460800,2,outBroken,50,2,0.02775373086333275,0.023409109433414413,0.9353440421819686,0.01349311294965446,four_class_provisional_roi,1001,mixed_recording_holdout,no_radar_CE,42,radar
20260920-192610-inBroken-460800,1,inBroken,51,1,0.011162301059812307,0.9782747532807144,0.0028194344657308914,0.007743513713791675,four_class_provisional_roi,1001,mixed_recording_holdout,no_radar_CE,42,radar
20260920-193718-roll-115200,3,roll,51,3,0.03606566478664914,0.022037637433694565,0.025039604116304248,0.9168570953256944,four_class_provisional_roi,1001,mixed_recording_holdout,no_radar_CE,42,radar
20260920-184058-normal-11520,0,normal,61,0,0.9284459753114669,0.033782576409275414,0.02402429820084181,0.01374714706306819,four_class_provisional_roi,1001,mixed_recording_holdout,no_radar_CE,73,radar
20260920-190913-outBroken-460800,2,outBroken,50,2,0.027235455103218554,0.020631174097070472,0.9418562728166581,0.01027710341848433,four_class_provisional_roi,1001,mixed_recording_holdout,no_radar_CE,73,radar
20260920-192610-inBroken-460800,1,inBroken,51,1,0.01581672009299783,0.976619748508229,0.0018468403540478618,0.0057166844341611745,four_class_provisional_roi,1001,mixed_recording_holdout,no_radar_CE,73,radar
20260920-193718-roll-115200,3,roll,51,3,0.015104205220910338,0.01920687621368059,0.0215018910638915,0.9441870304883695,four_class_provisional_roi,1001,mixed_recording_holdout,no_radar_CE,73,radar
20260920-184058-normal-11520,0,normal,61,3,0.4333368021933759,0.012694082940455343,0.02487743702396506,0.5290916767276701,four_class_provisional_roi,1001,mixed_recording_holdout,shuffled,17,radar
20260920-190913-outBroken-460800,2,outBroken,50,1,0.03927870560437441,0.527061602473259,0.42781769305467604,0.005842001540586352,four_class_provisional_roi,1001,mixed_recording_holdout,shuffled,17,radar
20260920-192610-inBroken-460800,1,inBroken,51,1,0.4728546171796088,0.4737754323903252,0.03897205670820732,0.01439788355948586,four_class_provisional_roi,1001,mixed_recording_holdout,shuffled,17,radar
20260920-193718-roll-115200,3,roll,51,3,0.035208224793713466,0.005700229078202564,0.4792596466985403,0.4798319065103344,four_class_provisional_roi,1001,mixed_recording_holdout,shuffled,17,radar
20260920-184058-normal-11520,0,normal,61,3,0.4551783951579547,0.012982081499744634,0.023279048991007883,0.5085604747787851,four_class_provisional_roi,1001,mixed_recording_holdout,shuffled,42,radar
20260920-190913-outBroken-460800,2,outBroken,50,1,0.047827572897076606,0.5212756609916687,0.42466883778572084,0.006227924264967441,four_class_provisional_roi,1001,mixed_recording_holdout,shuffled,42,radar
20260920-192610-inBroken-460800,1,inBroken,51,1,0.4580685624889299,0.5039168917665294,0.026375654171787055,0.011638880871674594,four_class_provisional_roi,1001,mixed_recording_holdout,shuffled,42,radar
20260920-193718-roll-115200,3,roll,51,3,0.043825822900615485,0.006267165664729534,0.46404344603127123,0.4858635675673391,four_class_provisional_roi,1001,mixed_recording_holdout,shuffled,42,radar
20260920-184058-normal-11520,0,normal,61,3,0.4613943217230625,0.012660799517494733,0.01940278211211572,0.5065420919754466,four_class_provisional_roi,1001,mixed_recording_holdout,shuffled,73,radar
20260920-190913-outBroken-460800,2,outBroken,50,1,0.045283867120742796,0.5176082319021225,0.4309544709324837,0.006153426179662347,four_class_provisional_roi,1001,mixed_recording_holdout,shuffled,73,radar
20260920-192610-inBroken-460800,1,inBroken,51,1,0.468029227326898,0.472430510263817,0.043829084319226885,0.01571117932269094,four_class_provisional_roi,1001,mixed_recording_holdout,shuffled,73,radar
20260920-193718-roll-115200,3,roll,51,3,0.038981563868183716,0.005687017107893731,0.47448782023845937,0.48084359075508865,four_class_provisional_roi,1001,mixed_recording_holdout,shuffled,73,radar
20260920-184058-normal-11520,0,normal,61,0,0.9723598341472813,0.01311436284058651,0.011941328522611837,0.0025844703104965327,four_class_provisional_roi,1001,mixed_recording_holdout,distill_phase,17,radar
20260920-190913-outBroken-460800,2,outBroken,50,2,0.015531978048384189,0.0031526432803366334,0.9754493856430053,0.00586599076166749,four_class_provisional_roi,1001,mixed_recording_holdout,distill_phase,17,radar
20260920-192610-inBroken-460800,1,inBroken,51,1,0.008778089009152324,0.9878988897099215,0.0012113541985551517,0.0021116698032938967,four_class_provisional_roi,1001,mixed_recording_holdout,distill_phase,17,radar
20260920-193718-roll-115200,3,roll,51,3,0.006137219329271009,0.014914739908942697,0.013285530881737085,0.9656625086185979,four_class_provisional_roi,1001,mixed_recording_holdout,distill_phase,17,radar
20260920-184058-normal-11520,0,normal,61,0,0.9704799642328357,0.01448602503409884,0.012391597437137952,0.0026424129466816296,four_class_provisional_roi,1001,mixed_recording_holdout,distill_phase,42,radar
20260920-190913-outBroken-460800,2,outBroken,50,2,0.016285719517618417,0.003724204218015075,0.9746525967121125,0.005337471957318485,four_class_provisional_roi,1001,mixed_recording_holdout,distill_phase,42,radar
20260920-192610-inBroken-460800,1,inBroken,51,1,0.01064617212350462,0.9834986025211858,0.002230864871914188,0.003624344812980031,four_class_provisional_roi,1001,mixed_recording_holdout,distill_phase,42,radar
20260920-193718-roll-115200,3,roll,51,3,0.0058968390564105525,0.012183639864601633,0.01317544230351261,0.9687440792719523,four_class_provisional_roi,1001,mixed_recording_holdout,distill_phase,42,radar
20260920-184058-normal-11520,0,normal,61,0,0.9750885347850987,0.011446587420755723,0.011764867063306395,0.001700013190828508,four_class_provisional_roi,1001,mixed_recording_holdout,distill_phase,73,radar
20260920-190913-outBroken-460800,2,outBroken,50,2,0.021481495816260576,0.004360629500588402,0.967745554447174,0.006412310125306249,four_class_provisional_roi,1001,mixed_recording_holdout,distill_phase,73,radar
20260920-192610-inBroken-460800,1,inBroken,51,1,0.012457990507576979,0.98259257218417,0.0017162240019031598,0.0032332229071899373,four_class_provisional_roi,1001,mixed_recording_holdout,distill_phase,73,radar
20260920-193718-roll-115200,3,roll,51,3,0.011208322531185295,0.013756875062872674,0.016037791268900037,0.958997012353411,four_class_provisional_roi,1001,mixed_recording_holdout,distill_phase,73,radar
20260920-184058-normal-11520,0,normal,61,2,2.8718812163787944e-06,0.028626792593634102,0.967382096559712,0.003988238965437618,four_class_provisional_roi,1001,mixed_recording_holdout,original_head,17,radar
20260920-190913-outBroken-460800,2,outBroken,50,2,8.80369376933624e-06,0.11252494696936227,0.8692501278733346,0.01821612146353385,four_class_provisional_roi,1001,mixed_recording_holdout,original_head,17,radar
20260920-192610-inBroken-460800,1,inBroken,51,2,9.025008741399539e-08,0.0267004503403657,0.972767448671908,0.0005320107376387392,four_class_provisional_roi,1001,mixed_recording_holdout,original_head,17,radar
20260920-193718-roll-115200,3,roll,51,2,4.0217900056691775e-06,0.13404393329280034,0.8472960752899146,0.018655969627279497,four_class_provisional_roi,1001,mixed_recording_holdout,original_head,17,radar
20260920-184058-normal-11520,0,normal,61,2,2.9494509545389167e-06,0.02595254346893052,0.9703359741804288,0.003708532899685813,four_class_provisional_roi,1001,mixed_recording_holdout,original_head,42,radar
20260920-190913-outBroken-460800,2,outBroken,50,2,8.015234840663318e-06,0.11078951007491977,0.8723486839199295,0.016853790770310073,four_class_provisional_roi,1001,mixed_recording_holdout,original_head,42,radar
20260920-192610-inBroken-460800,1,inBroken,51,2,8.381393395161668e-08,0.027368762637414813,0.9720262997890404,0.0006048537596106637,four_class_provisional_roi,1001,mixed_recording_holdout,original_head,42,radar
20260920-193718-roll-115200,3,roll,51,2,4.162297925899231e-06,0.12291997489844007,0.8595875742545175,0.017488288549116344,four_class_provisional_roi,1001,mixed_recording_holdout,original_head,42,radar
20260920-184058-normal-11520,0,normal,61,2,3.21765560629014e-06,0.02881173104801938,0.9668646333098694,0.004320417986505078,four_class_provisional_roi,1001,mixed_recording_holdout,original_head,73,radar
20260920-190913-outBroken-460800,2,outBroken,50,2,9.140178965511016e-06,0.12161980285520926,0.8599029725491818,0.01846808441664335,four_class_provisional_roi,1001,mixed_recording_holdout,original_head,73,radar
20260920-192610-inBroken-460800,1,inBroken,51,2,9.882944906929842e-08,0.02662228281689371,0.9727855007797013,0.0005921175739560442,four_class_provisional_roi,1001,mixed_recording_holdout,original_head,73,radar
20260920-193718-roll-115200,3,roll,51,2,4.0075170998652616e-06,0.13136315792224415,0.8506139290811808,0.018018905479475152,four_class_provisional_roi,1001,mixed_recording_holdout,original_head,73,radar
20260920-184058-normal-11520,0,normal,7,0,0.9496454485494795,0.016637063373680972,0.009199090197366703,0.02451839787947291,four_class_provisional_roi,1010,mixed_recording_holdout,contact_hidden,-1,contact
20260920-190512-outBroken-115200,2,outBroken,8,2,0.012285263692807078,0.00013699899917790195,0.9656539280918308,0.021923809216184153,four_class_provisional_roi,1010,mixed_recording_holdout,contact_hidden,-1,contact
20260920-192610-inBroken-460800,1,inBroken,7,1,0.004747716782846737,0.9763149699537454,0.0003433493800116811,0.018593963883395993,four_class_provisional_roi,1010,mixed_recording_holdout,contact_hidden,-1,contact
20260920-194108-roll-460800,3,roll,3,3,0.0019077870420458765,0.018292136119420613,0.009350690984704408,0.9704493858538291,four_class_provisional_roi,1010,mixed_recording_holdout,contact_hidden,-1,contact
20260920-184058-normal-11520,0,normal,7,0,0.907473884644345,0.01634871727598671,0.014951412814320662,0.06122598526534768,four_class_provisional_roi,1010,mixed_recording_holdout,contact_xyz_hidden,-1,contact
20260920-190512-outBroken-115200,2,outBroken,8,2,0.01455693816420766,0.0002800271618646367,0.9699194629761518,0.015243571697775965,four_class_provisional_roi,1010,mixed_recording_holdout,contact_xyz_hidden,-1,contact
20260920-192610-inBroken-460800,1,inBroken,7,1,0.010721596705252402,0.9537657925122293,0.00021514844569977363,0.0352974623368186,four_class_provisional_roi,1010,mixed_recording_holdout,contact_xyz_hidden,-1,contact
20260920-194108-roll-460800,3,roll,3,3,0.0036082962037978284,0.0005559964239958997,0.00020496636767322054,0.9956307410045331,four_class_provisional_roi,1010,mixed_recording_holdout,contact_xyz_hidden,-1,contact
20260920-184058-normal-11520,0,normal,7,0,0.9867805806549114,0.0017056268703693584,0.0036490114961126975,0.007864780978606517,four_class_provisional_roi,1010,mixed_recording_holdout,contact_spectral,-1,contact
20260920-190512-outBroken-115200,2,outBroken,8,2,0.007443592762359984,0.0015068686323028175,0.9863193122937777,0.004730226311559551,four_class_provisional_roi,1010,mixed_recording_holdout,contact_spectral,-1,contact
20260920-192610-inBroken-460800,1,inBroken,7,1,0.0018477050562292262,0.985410034353316,0.0022803479434113307,0.010461912647043414,four_class_provisional_roi,1010,mixed_recording_holdout,contact_spectral,-1,contact
20260920-194108-roll-460800,3,roll,3,3,0.004501418969471398,0.00244941050165476,0.0006069509698556518,0.9924422195590182,four_class_provisional_roi,1010,mixed_recording_holdout,contact_spectral,-1,contact
20260920-184058-normal-11520,0,normal,7,0,0.7736643096575021,0.022250474274707204,0.20254490091879293,0.0015403151489978284,four_class_provisional_roi,1010,mixed_recording_holdout,contact_statistics,-1,contact
20260920-190512-outBroken-115200,2,outBroken,8,2,0.13179292643001192,0.06090121854459309,0.789367752228882,0.017938102796512888,four_class_provisional_roi,1010,mixed_recording_holdout,contact_statistics,-1,contact
20260920-192610-inBroken-460800,1,inBroken,7,1,0.008809407874494597,0.9350202503379619,0.004602303021589329,0.05156803876595401,four_class_provisional_roi,1010,mixed_recording_holdout,contact_statistics,-1,contact
20260920-194108-roll-460800,3,roll,3,3,0.0002981463690290383,0.024089637114630292,0.0003921297165375886,0.9752200867998031,four_class_provisional_roi,1010,mixed_recording_holdout,contact_statistics,-1,contact
20260920-184058-normal-11520,0,normal,7,0,0.8818500086889696,0.054113532444312384,0.011056343077414618,0.052980115789303485,four_class_provisional_roi,1010,mixed_recording_holdout,contact_final_hidden,-1,contact
20260920-190512-outBroken-115200,2,outBroken,8,2,0.0141957326323218,0.0004393312458882759,0.9386733391136111,0.0466915970081788,four_class_provisional_roi,1010,mixed_recording_holdout,contact_final_hidden,-1,contact
20260920-192610-inBroken-460800,1,inBroken,7,1,0.006383267557459915,0.9696243618841315,0.0006615737574492551,0.02333079680095936,four_class_provisional_roi,1010,mixed_recording_holdout,contact_final_hidden,-1,contact
20260920-194108-roll-460800,3,roll,3,3,0.0009746678237547799,0.018285186107471523,0.010091178788141269,0.9706489672806325,four_class_provisional_roi,1010,mixed_recording_holdout,contact_final_hidden,-1,contact
20260920-184058-normal-11520,0,normal,7,2,0.017362486571073532,0.03423421457409859,0.7772192358970642,0.17118413746356964,four_class_provisional_roi,1010,mixed_recording_holdout,contact_original,-1,contact
20260920-190512-outBroken-115200,2,outBroken,8,2,0.003059043549001217,0.13592824339866638,0.6606305241584778,0.20038221776485443,four_class_provisional_roi,1010,mixed_recording_holdout,contact_original,-1,contact
20260920-192610-inBroken-460800,1,inBroken,7,2,7.311032095458359e-05,0.10570169240236282,0.8856785893440247,0.008546590805053711,four_class_provisional_roi,1010,mixed_recording_holdout,contact_original,-1,contact
20260920-194108-roll-460800,3,roll,3,2,0.00039004781865514815,0.18856340646743774,0.6605890393257141,0.1504574418067932,four_class_provisional_roi,1010,mixed_recording_holdout,contact_original,-1,contact
20260920-184058-normal-11520,0,normal,7,2,0.00026096560759469867,0.0042155045084655285,0.9896412491798401,0.005882244557142258,four_class_provisional_roi,1010,mixed_recording_holdout,contact_original_mean_hidden,-1,contact
20260920-190512-outBroken-115200,2,outBroken,8,2,2.5974071832024492e-05,0.22439271211624146,0.7362313866615295,0.039349865168333054,four_class_provisional_roi,1010,mixed_recording_holdout,contact_original_mean_hidden,-1,contact
20260920-192610-inBroken-460800,1,inBroken,7,2,7.360277010093341e-08,0.04957010969519615,0.9499243497848511,0.0005054352222941816,four_class_provisional_roi,1010,mixed_recording_holdout,contact_original_mean_hidden,-1,contact
20260920-194108-roll-460800,3,roll,3,2,7.2012721830105875e-06,0.15615111589431763,0.8102505803108215,0.033591128885746,four_class_provisional_roi,1010,mixed_recording_holdout,contact_original_mean_hidden,-1,contact
20260920-184058-normal-11520,0,normal,61,0,0.9408205060765192,0.0007315689959177405,0.00020690411681539045,0.05824102081074786,four_class_provisional_roi,1010,mixed_recording_holdout,radar_frame_shape,-1,radar
20260920-190512-outBroken-115200,2,outBroken,50,2,0.0006099936088772968,0.0030484008914927006,0.9941277458291347,0.002213859670495463,four_class_provisional_roi,1010,mixed_recording_holdout,radar_frame_shape,-1,radar
20260920-192610-inBroken-460800,1,inBroken,51,1,0.00020603049597500762,0.9986970976538972,3.842918794773124e-05,0.0010584426621800481,four_class_provisional_roi,1010,mixed_recording_holdout,radar_frame_shape,-1,radar
20260920-194108-roll-460800,3,roll,51,3,0.0013039769405693191,0.0010020894699679925,0.0001504575414464851,0.9975434760480161,four_class_provisional_roi,1010,mixed_recording_holdout,radar_frame_shape,-1,radar
20260920-184058-normal-11520,0,normal,61,0,0.9869727511228661,0.00020716444144470249,0.0001695331325966454,0.012650551303092372,four_class_provisional_roi,1010,mixed_recording_holdout,radar_shape_phase,-1,radar
20260920-190512-outBroken-115200,2,outBroken,50,2,0.00033326166817736593,0.0008805966535971911,0.9980989499804116,0.000687191697813962,four_class_provisional_roi,1010,mixed_recording_holdout,radar_shape_phase,-1,radar
20260920-192610-inBroken-460800,1,inBroken,51,1,0.00011192076807249303,0.9996625609554104,9.004628182622806e-06,0.00021651364833423305,four_class_provisional_roi,1010,mixed_recording_holdout,radar_shape_phase,-1,radar
20260920-194108-roll-460800,3,roll,51,3,0.0007062732008223067,0.0004515631690430826,0.0001582791648184474,0.9986838844653164,four_class_provisional_roi,1010,mixed_recording_holdout,radar_shape_phase,-1,radar
20260920-184058-normal-11520,0,normal,61,0,0.9813287898930104,4.9547012838652e-05,0.00023872815236082798,0.018382934941790205,four_class_provisional_roi,1010,mixed_recording_holdout,radar_coherent_shape,-1,radar
20260920-190512-outBroken-115200,2,outBroken,50,2,0.0017160749776193483,0.01049238789283306,0.9838221944858696,0.003969342643677773,four_class_provisional_roi,1010,mixed_recording_holdout,radar_coherent_shape,-1,radar
20260920-192610-inBroken-460800,1,inBroken,51,0,0.9777538668596814,0.00541490877077675,0.014640109033651818,0.0021911153358902887,four_class_provisional_roi,1010,mixed_recording_holdout,radar_coherent_shape,-1,radar
20260920-194108-roll-460800,3,roll,51,3,0.0012209545501472472,0.000977680385254097,0.0002744118514867766,0.997526953213112,four_class_provisional_roi,1010,mixed_recording_holdout,radar_coherent_shape,-1,radar
20260920-184058-normal-11520,0,normal,61,0,0.9157641089721327,0.00015923800138549374,0.00012035040416375242,0.08395630262231821,four_class_provisional_roi,1010,mixed_recording_holdout,radar_time_stats,-1,radar
20260920-190512-outBroken-115200,2,outBroken,50,2,0.00014805277528547812,0.08024591829614154,0.8780093603707789,0.04159666855779427,four_class_provisional_roi,1010,mixed_recording_holdout,radar_time_stats,-1,radar
20260920-192610-inBroken-460800,1,inBroken,51,1,6.735905905074883e-10,0.9565164282301404,0.043221505845750345,0.0002620652505187403,four_class_provisional_roi,1010,mixed_recording_holdout,radar_time_stats,-1,radar
20260920-194108-roll-460800,3,roll,51,3,0.026544881792266228,0.166801583835664,0.03379720399173757,0.7728563303803322,four_class_provisional_roi,1010,mixed_recording_holdout,radar_time_stats,-1,radar
20260920-184058-normal-11520,0,normal,61,1,0.3421428491907896,0.3421428516208174,0.007996771809733624,0.3077175273786598,four_class_provisional_roi,1010,mixed_recording_holdout,radar_confound_distance,-1,radar
20260920-190512-outBroken-115200,2,outBroken,50,2,0.000269433789526142,0.00026943378949984134,0.9710004064839813,0.028460725936991577,four_class_provisional_roi,1010,mixed_recording_holdout,radar_confound_distance,-1,radar
20260920-192610-inBroken-460800,1,inBroken,51,1,0.3421428491907896,0.3421428516208174,0.007996771809733624,0.30771752737865976,four_class_provisional_roi,1010,mixed_recording_holdout,radar_confound_distance,-1,radar
20260920-194108-roll-460800,3,roll,51,3,0.315477206010923,0.3154772081433973,0.013023440827583676,0.35602214501809615,four_class_provisional_roi,1010,mixed_recording_holdout,radar_confound_distance,-1,radar
20260920-184058-normal-11520,0,normal,61,0,0.9923230110316557,0.0029432404967203504,0.00115193230796105,0.003581816163662876,four_class_provisional_roi,1010,mixed_recording_holdout,radar_confound_raw_amp,-1,radar
20260920-190512-outBroken-115200,2,outBroken,50,2,0.001990649034844817,0.00024534303034047555,0.9960935990984764,0.0016704088363382697,four_class_provisional_roi,1010,mixed_recording_holdout,radar_confound_raw_amp,-1,radar
20260920-192610-inBroken-460800,1,inBroken,51,1,0.0028439106521658372,0.9915154459735476,0.0005275305565778485,0.005113112817708621,four_class_provisional_roi,1010,mixed_recording_holdout,radar_confound_raw_amp,-1,radar
20260920-194108-roll-460800,3,roll,51,3,0.0020182475640768923,0.006568148446808895,0.0017066655296099579,0.9897069384595046,four_class_provisional_roi,1010,mixed_recording_holdout,radar_confound_raw_amp,-1,radar
20260920-184058-normal-11520,0,normal,61,0,0.9607931329090087,0.0004431577845994592,0.0001491126084624366,0.03861458793060175,four_class_provisional_roi,1010,mixed_recording_holdout,supervised,17,radar
20260920-190512-outBroken-115200,2,outBroken,50,2,2.237778953713132e-05,5.959435529803159e-05,0.9998900246620178,2.7995396121696102e-05,four_class_provisional_roi,1010,mixed_recording_holdout,supervised,17,radar
20260920-192610-inBroken-460800,1,inBroken,51,1,9.066697684294708e-05,0.9997101274191165,0.000155007273218978,4.418855364658121e-05,four_class_provisional_roi,1010,mixed_recording_holdout,supervised,17,radar
20260920-194108-roll-460800,3,roll,51,3,1.182266453270131e-05,4.211717648347219e-06,9.507226472052543e-06,0.9999744518130433,four_class_provisional_roi,1010,mixed_recording_holdout,supervised,17,radar
20260920-184058-normal-11520,0,normal,61,0,0.9426661959437074,0.00021242587701605966,5.762925134317289e-05,0.05706374990963699,four_class_provisional_roi,1010,mixed_recording_holdout,supervised,42,radar
20260920-190512-outBroken-115200,2,outBroken,50,2,2.9446648877637926e-05,5.502773990883725e-05,0.999868369102478,4.714535032690037e-05,four_class_provisional_roi,1010,mixed_recording_holdout,supervised,42,radar
20260920-192610-inBroken-460800,1,inBroken,51,1,8.986910075227748e-05,0.9998021207603753,6.748305011070425e-05,4.051078087964104e-05,four_class_provisional_roi,1010,mixed_recording_holdout,supervised,42,radar
20260920-194108-roll-460800,3,roll,51,3,2.2945856774943724e-05,4.790219196258797e-05,4.11238833847022e-05,0.9998880180658078,four_class_provisional_roi,1010,mixed_recording_holdout,supervised,42,radar
20260920-184058-normal-11520,0,normal,61,0,0.9614650201602061,0.00010043633966740687,3.8118642294193705e-05,0.03839641710425492,four_class_provisional_roi,1010,mixed_recording_holdout,supervised,73,radar
20260920-190512-outBroken-115200,2,outBroken,50,2,1.844346462348767e-05,7.241174167575081e-05,0.9998548471927643,5.429439144791104e-05,four_class_provisional_roi,1010,mixed_recording_holdout,supervised,73,radar
20260920-192610-inBroken-460800,1,inBroken,51,1,6.94720884163033e-05,0.9998142660832873,5.4561677126341734e-05,6.168822812255444e-05,four_class_provisional_roi,1010,mixed_recording_holdout,supervised,73,radar
20260920-194108-roll-460800,3,roll,51,3,1.1902599141524429e-05,3.535001665381167e-05,2.798877236879586e-05,0.99992475790136,four_class_provisional_roi,1010,mixed_recording_holdout,supervised,73,radar
20260920-184058-normal-11520,0,normal,61,0,0.9583298307461817,0.0002470268025896731,0.000624736726079346,0.04079840405369187,four_class_provisional_roi,1010,mixed_recording_holdout,head_only,17,radar
20260920-190512-outBroken-115200,2,outBroken,50,2,0.00014740320460987277,8.313350231219373e-06,0.9997447502613067,9.953459797543474e-05,four_class_provisional_roi,1010,mixed_recording_holdout,head_only,17,radar
20260920-192610-inBroken-460800,1,inBroken,51,1,0.0002094499289466744,0.999526651466594,2.0539901871576576e-05,0.000243368011747496,four_class_provisional_roi,1010,mixed_recording_holdout,head_only,17,radar
20260920-194108-roll-460800,3,roll,51,3,1.7277972034992442e-05,0.0001268717123642929,3.21357987666167e-05,0.9998237163412804,four_class_provisional_roi,1010,mixed_recording_holdout,head_only,17,radar
20260920-184058-normal-11520,0,normal,61,0,0.941567632262824,0.0004197005611309041,0.0005723928523843452,0.05744025951651297,four_class_provisional_roi,1010,mixed_recording_holdout,head_only,42,radar
20260920-190512-outBroken-115200,2,outBroken,50,2,0.00011694874418026302,1.7153427070297766e-05,0.9997275876998901,0.0001382939713948872,four_class_provisional_roi,1010,mixed_recording_holdout,head_only,42,radar
20260920-192610-inBroken-460800,1,inBroken,51,1,0.00047418050035405175,0.9992468579142701,4.4543318104914246e-05,0.00023442477971662346,four_class_provisional_roi,1010,mixed_recording_holdout,head_only,42,radar
20260920-194108-roll-460800,3,roll,51,3,3.104578245613226e-05,5.204174272858283e-05,5.9323667497379826e-05,0.999857578791824,four_class_provisional_roi,1010,mixed_recording_holdout,head_only,42,radar
20260920-184058-normal-11520,0,normal,61,0,0.9607325806969502,0.0006052326973344936,0.0008457837256337668,0.037816398804076674,four_class_provisional_roi,1010,mixed_recording_holdout,head_only,73,radar
20260920-190512-outBroken-115200,2,outBroken,50,2,0.0001582020876230672,3.103103888861369e-05,0.9996579468250275,0.00015281547894119285,four_class_provisional_roi,1010,mixed_recording_holdout,head_only,73,radar
20260920-192610-inBroken-460800,1,inBroken,51,1,0.00032596604960774273,0.9993409000191034,5.041765507485252e-05,0.0002827089593469567,four_class_provisional_roi,1010,mixed_recording_holdout,head_only,73,radar
20260920-194108-roll-460800,3,roll,51,3,1.2275382709512818e-05,4.140272907463048e-05,8.905172787718566e-05,0.9998572562255111,four_class_provisional_roi,1010,mixed_recording_holdout,head_only,73,radar
20260920-184058-normal-11520,0,normal,61,0,0.9071669468625647,0.017539971557705373,0.00883002224813414,0.06646305756818992,four_class_provisional_roi,1010,mixed_recording_holdout,distill,17,radar
20260920-190512-outBroken-115200,2,outBroken,50,2,0.005165893542580307,9.204609603330027e-05,0.9844363343715667,0.010305736018344759,four_class_provisional_roi,1010,mixed_recording_holdout,distill,17,radar
20260920-192610-inBroken-460800,1,inBroken,51,1,0.015010715370961264,0.9692683839330486,0.0004675878690071769,0.015253305179523486,four_class_provisional_roi,1010,mixed_recording_holdout,distill,17,radar
20260920-194108-roll-460800,3,roll,51,3,0.0038678134590679524,0.013702335183088686,0.0040485331898226454,0.9783813100235135,four_class_provisional_roi,1010,mixed_recording_holdout,distill,17,radar
20260920-184058-normal-11520,0,normal,61,0,0.9065233586264438,0.015949713508980196,0.011116181210171982,0.06641075384925257,four_class_provisional_roi,1010,mixed_recording_holdout,distill,42,radar
20260920-190512-outBroken-115200,2,outBroken,50,2,0.004558975333347917,6.886122035211884e-05,0.9858361494541168,0.009536010548472404,four_class_provisional_roi,1010,mixed_recording_holdout,distill,42,radar
20260920-192610-inBroken-460800,1,inBroken,51,1,0.011588891648559594,0.9647810996747485,0.00043260890393581825,0.023197403761978243,four_class_provisional_roi,1010,mixed_recording_holdout,distill,42,radar
20260920-194108-roll-460800,3,roll,51,3,0.005360173072903326,0.015933129151223923,0.005255655485990585,0.97345103820165,four_class_provisional_roi,1010,mixed_recording_holdout,distill,42,radar
20260920-184058-normal-11520,0,normal,61,0,0.9086315736907428,0.02029128644432201,0.008432981504707551,0.06264414535606372,four_class_provisional_roi,1010,mixed_recording_holdout,distill,73,radar
20260920-190512-outBroken-115200,2,outBroken,50,2,0.004184001698158682,5.7401429912715685e-05,0.986249315738678,0.009509290438145399,four_class_provisional_roi,1010,mixed_recording_holdout,distill,73,radar
20260920-192610-inBroken-460800,1,inBroken,51,1,0.014535839085047152,0.9631080884559482,0.000540822646215412,0.021815240821417642,four_class_provisional_roi,1010,mixed_recording_holdout,distill,73,radar
20260920-194108-roll-460800,3,roll,51,3,0.004010158600103037,0.01089368146095498,0.004647054796234942,0.9804490991667205,four_class_provisional_roi,1010,mixed_recording_holdout,distill,73,radar
20260920-184058-normal-11520,0,normal,61,0,0.9064009402130471,0.017886568547882994,0.008848168020762626,0.06686433098378179,four_class_provisional_roi,1010,mixed_recording_holdout,no_contrast,17,radar
20260920-190512-outBroken-115200,2,outBroken,50,2,0.005044282553717494,8.693098752701189e-05,0.9849706280231476,0.009898157641291618,four_class_provisional_roi,1010,mixed_recording_holdout,no_contrast,17,radar
20260920-192610-inBroken-460800,1,inBroken,51,1,0.013670605260367487,0.9712397818471871,0.00043900542910776886,0.014650594826568575,four_class_provisional_roi,1010,mixed_recording_holdout,no_contrast,17,radar
20260920-194108-roll-460800,3,roll,51,3,0.00395122280700461,0.013754968239250136,0.004091422730947242,0.9782023932419571,four_class_provisional_roi,1010,mixed_recording_holdout,no_contrast,17,radar
20260920-184058-normal-11520,0,normal,61,0,0.907356639865969,0.015760029566886484,0.011100972445345804,0.06578235254531391,four_class_provisional_roi,1010,mixed_recording_holdout,no_contrast,42,radar
20260920-190512-outBroken-115200,2,outBroken,50,2,0.004598059011623263,7.003093160165008e-05,0.9859450733661652,0.009386834716424345,four_class_provisional_roi,1010,mixed_recording_holdout,no_contrast,42,radar
20260920-192610-inBroken-460800,1,inBroken,51,1,0.01140313777232579,0.9653243258887646,0.0004302792156379962,0.022842271490862556,four_class_provisional_roi,1010,mixed_recording_holdout,no_contrast,42,radar
20260920-194108-roll-460800,3,roll,51,3,0.005247152686648655,0.01570905864640486,0.005288491897540642,0.9737553023824504,four_class_provisional_roi,1010,mixed_recording_holdout,no_contrast,42,radar
20260920-184058-normal-11520,0,normal,61,0,0.905987848512462,0.020812674853034684,0.008490545205680317,0.06470893595566149,four_class_provisional_roi,1010,mixed_recording_holdout,no_contrast,73,radar
20260920-190512-outBroken-115200,2,outBroken,50,2,0.004006855646148324,5.357730617106426e-05,0.9870065927505494,0.00893296609632671,four_class_provisional_roi,1010,mixed_recording_holdout,no_contrast,73,radar
20260920-192610-inBroken-460800,1,inBroken,51,1,0.01359676905706817,0.9644562835786857,0.0005395826335777255,0.02140736307802738,four_class_provisional_roi,1010,mixed_recording_holdout,no_contrast,73,radar
20260920-194108-roll-460800,3,roll,51,3,0.004081096762663447,0.011153465356020367,0.004659959786188076,0.9801054748834348,four_class_provisional_roi,1010,mixed_recording_holdout,no_contrast,73,radar
20260920-184058-normal-11520,0,normal,61,0,0.8983505211892675,0.02327619975081599,0.010448732913364886,0.06792455188716288,four_class_provisional_roi,1010,mixed_recording_holdout,no_radar_CE,17,radar
20260920-190512-outBroken-115200,2,outBroken,50,2,0.005212390110827982,9.351873144623824e-05,0.9832623553276062,0.011431752927601338,four_class_provisional_roi,1010,mixed_recording_holdout,no_radar_CE,17,radar
20260920-192610-inBroken-460800,1,inBroken,51,1,0.017649826885876702,0.9643900955424589,0.0004642056891872712,0.017495867376234018,four_class_provisional_roi,1010,mixed_recording_holdout,no_radar_CE,17,radar
20260920-194108-roll-460800,3,roll,51,3,0.004287948763436254,0.01856467640027404,0.004344401251086418,0.972802974429785,four_class_provisional_roi,1010,mixed_recording_holdout,no_radar_CE,17,radar
20260920-184058-normal-11520,0,normal,61,0,0.903041886501625,0.02046716015511116,0.011954800664737333,0.06453616680485792,four_class_provisional_roi,1010,mixed_recording_holdout,no_radar_CE,42,radar
20260920-190512-outBroken-115200,2,outBroken,50,2,0.004886899595148862,7.249640693771653e-05,0.9843427443504333,0.0106978540122509,four_class_provisional_roi,1010,mixed_recording_holdout,no_radar_CE,42,radar
20260920-192610-inBroken-460800,1,inBroken,51,1,0.010782709984364463,0.965751684179493,0.000366090926713785,0.02309950729649441,four_class_provisional_roi,1010,mixed_recording_holdout,no_radar_CE,42,radar
20260920-194108-roll-460800,3,roll,51,3,0.0060734573623859416,0.01876807793536607,0.005731880774392802,0.969426595697216,four_class_provisional_roi,1010,mixed_recording_holdout,no_radar_CE,42,radar
20260920-184058-normal-11520,0,normal,61,0,0.9071830994770175,0.025452711550732615,0.009890714709906549,0.05747346503308928,four_class_provisional_roi,1010,mixed_recording_holdout,no_radar_CE,73,radar
20260920-190512-outBroken-115200,2,outBroken,50,2,0.004736551963724196,6.566505224327557e-05,0.9834059989452362,0.011791792716830968,four_class_provisional_roi,1010,mixed_recording_holdout,no_radar_CE,73,radar
20260920-192610-inBroken-460800,1,inBroken,51,1,0.016083393885078383,0.9581348054549274,0.0005438819022018317,0.025237923670633166,four_class_provisional_roi,1010,mixed_recording_holdout,no_radar_CE,73,radar
20260920-194108-roll-460800,3,roll,51,3,0.0042456940533228075,0.013070180747365835,0.0050129472853287175,0.9776711732733483,four_class_provisional_roi,1010,mixed_recording_holdout,no_radar_CE,73,radar
20260920-184058-normal-11520,0,normal,61,3,0.4562403240897616,0.01587716493465495,0.04472876530995623,0.4831537360050639,four_class_provisional_roi,1010,mixed_recording_holdout,shuffled,17,radar
20260920-190512-outBroken-115200,2,outBroken,50,2,0.03177985575050116,0.4423342627286911,0.4873680412769318,0.038517841175198554,four_class_provisional_roi,1010,mixed_recording_holdout,shuffled,17,radar
20260920-192610-inBroken-460800,1,inBroken,51,0,0.5161286908037522,0.4491392625313179,0.010336729478748405,0.02439532041841862,four_class_provisional_roi,1010,mixed_recording_holdout,shuffled,17,radar
20260920-194108-roll-460800,3,roll,51,3,0.004908402765388875,0.00027525930108465984,0.4624313828991909,0.5323849612591314,four_class_provisional_roi,1010,mixed_recording_holdout,shuffled,17,radar
20260920-184058-normal-11520,0,normal,61,3,0.4663375526910923,0.016886345736804555,0.03647789888877849,0.4802982030344791,four_class_provisional_roi,1010,mixed_recording_holdout,shuffled,42,radar
20260920-190512-outBroken-115200,2,outBroken,50,2,0.03467657543718815,0.4277307170629501,0.5038652819395065,0.033727420382201674,four_class_provisional_roi,1010,mixed_recording_holdout,shuffled,42,radar
20260920-192610-inBroken-460800,1,inBroken,51,0,0.5091285991902444,0.466106829105639,0.00633978980648167,0.01842478292026356,four_class_provisional_roi,1010,mixed_recording_holdout,shuffled,42,radar
20260920-194108-roll-460800,3,roll,51,3,0.0065268240846218725,0.00045670577360307983,0.4638441549796684,0.5291723223293529,four_class_provisional_roi,1010,mixed_recording_holdout,shuffled,42,radar
20260920-184058-normal-11520,0,normal,61,3,0.47625052977780824,0.016790955083169898,0.028913849796794476,0.4780446579221819,four_class_provisional_roi,1010,mixed_recording_holdout,shuffled,73,radar
20260920-190512-outBroken-115200,2,outBroken,50,2,0.03138089053332806,0.4253572458028793,0.5072752976417542,0.03598656389862299,four_class_provisional_roi,1010,mixed_recording_holdout,shuffled,73,radar
20260920-192610-inBroken-460800,1,inBroken,51,0,0.5177663389374229,0.44347719818938014,0.011359767467879197,0.027396696017068976,four_class_provisional_roi,1010,mixed_recording_holdout,shuffled,73,radar
20260920-194108-roll-460800,3,roll,51,3,0.005978076422002678,0.00038669747828309626,0.45584022531322405,0.5377950083975699,four_class_provisional_roi,1010,mixed_recording_holdout,shuffled,73,radar
20260920-184058-normal-11520,0,normal,61,0,0.9643290150360982,0.01118501583419618,0.006174830401117807,0.01831113341356032,four_class_provisional_roi,1010,mixed_recording_holdout,distill_phase,17,radar
20260920-190512-outBroken-115200,2,outBroken,50,2,0.0038030664063990116,6.366861089190934e-05,0.9858916902542114,0.010241586798802018,four_class_provisional_roi,1010,mixed_recording_holdout,distill_phase,17,radar
20260920-192610-inBroken-460800,1,inBroken,51,1,0.010634421443968428,0.9711649195820677,0.0004756686411222772,0.017724986042023872,four_class_provisional_roi,1010,mixed_recording_holdout,distill_phase,17,radar
20260920-194108-roll-460800,3,roll,51,3,0.003637540834389773,0.012102737128004139,0.004230033012800941,0.9800296998491475,four_class_provisional_roi,1010,mixed_recording_holdout,distill_phase,17,radar
20260920-184058-normal-11520,0,normal,61,0,0.9570589661598206,0.013779135130834385,0.00707435436531535,0.022087536931618072,four_class_provisional_roi,1010,mixed_recording_holdout,distill_phase,42,radar
20260920-190512-outBroken-115200,2,outBroken,50,2,0.003269573166035116,4.97899692345527e-05,0.9881950485706329,0.008485581427812576,four_class_provisional_roi,1010,mixed_recording_holdout,distill_phase,42,radar
20260920-192610-inBroken-460800,1,inBroken,51,1,0.012241690227871431,0.9696832345981224,0.0005021619104880694,0.017572911364921166,four_class_provisional_roi,1010,mixed_recording_holdout,distill_phase,42,radar
20260920-194108-roll-460800,3,roll,51,3,0.004354938476656874,0.012174668648809778,0.004487216084574659,0.9789831743520849,four_class_provisional_roi,1010,mixed_recording_holdout,distill_phase,42,radar
20260920-184058-normal-11520,0,normal,61,0,0.9703370459744187,0.011167341400487502,0.006014871479729648,0.012480754496865585,four_class_provisional_roi,1010,mixed_recording_holdout,distill_phase,73,radar
20260920-190512-outBroken-115200,2,outBroken,50,2,0.003750773840583861,6.544385054439772e-05,0.9866861510276794,0.009497635103762149,four_class_provisional_roi,1010,mixed_recording_holdout,distill_phase,73,radar
20260920-192610-inBroken-460800,1,inBroken,51,1,0.01088646103573196,0.9729253240660125,0.0004494277818594128,0.015738782509430952,four_class_provisional_roi,1010,mixed_recording_holdout,distill_phase,73,radar
20260920-194108-roll-460800,3,roll,51,3,0.004584959290428635,0.012060104385383573,0.0047714287670804,0.9785834994970584,four_class_provisional_roi,1010,mixed_recording_holdout,distill_phase,73,radar
20260920-184058-normal-11520,0,normal,61,2,2.293872855831179e-06,0.024328983428558295,0.9721915165391067,0.003477206159479229,four_class_provisional_roi,1010,mixed_recording_holdout,original_head,17,radar
20260920-190512-outBroken-115200,2,outBroken,50,2,1.7932793914962767e-05,0.1129462017222221,0.8590706020856702,0.027965263398193052,four_class_provisional_roi,1010,mixed_recording_holdout,original_head,17,radar
20260920-192610-inBroken-460800,1,inBroken,51,2,7.350043394452148e-08,0.02281469794582766,0.976763888324903,0.00042134022883531227,four_class_provisional_roi,1010,mixed_recording_holdout,original_head,17,radar
20260920-194108-roll-460800,3,roll,51,2,8.26502749945947e-07,0.03267335127560793,0.9619667291710732,0.005359093050568625,four_class_provisional_roi,1010,mixed_recording_holdout,original_head,17,radar
20260920-184058-normal-11520,0,normal,61,2,2.4868537836645465e-06,0.024040547240281464,0.9722753061319442,0.0036816597739903344,four_class_provisional_roi,1010,mixed_recording_holdout,original_head,42,radar
20260920-190512-outBroken-115200,2,outBroken,50,2,1.6908617963843652e-05,0.10029679618088767,0.8726067261778627,0.027079569023285673,four_class_provisional_roi,1010,mixed_recording_holdout,original_head,42,radar
20260920-192610-inBroken-460800,1,inBroken,51,2,5.623618435871594e-08,0.02119914738044742,0.9783994117143311,0.00040138466903723346,four_class_provisional_roi,1010,mixed_recording_holdout,original_head,42,radar
20260920-194108-roll-460800,3,roll,51,2,8.69679287694381e-07,0.033577945930092834,0.9605865511759117,0.005834633214707917,four_class_provisional_roi,1010,mixed_recording_holdout,original_head,42,radar
20260920-184058-normal-11520,0,normal,61,2,2.554076092779156e-06,0.02482005047960966,0.9713408697828819,0.0038365256614158742,four_class_provisional_roi,1010,mixed_recording_holdout,original_head,73,radar
20260920-190512-outBroken-115200,2,outBroken,50,2,1.4604317218755063e-05,0.10049172042475728,0.874428642894857,0.02506503236316687,four_class_provisional_roi,1010,mixed_recording_holdout,original_head,73,radar
20260920-192610-inBroken-460800,1,inBroken,51,2,7.867127212076327e-08,0.022965817059052845,0.9765244301313684,0.0005096741383066752,four_class_provisional_roi,1010,mixed_recording_holdout,original_head,73,radar
20260920-194108-roll-460800,3,roll,51,2,8.665410862621563e-07,0.033741546475139314,0.9606392182152175,0.005618368768556805,four_class_provisional_roi,1010,mixed_recording_holdout,original_head,73,radar
20260920-184058-normal-11520,0,normal,7,0,0.9624647118537186,0.029686333275131132,0.005708632360733274,0.0021403225104170732,four_class_provisional_roi,1011,mixed_recording_holdout,contact_hidden,-1,contact
20260920-190512-outBroken-115200,2,outBroken,8,2,0.039253882751770254,0.0010115143862359734,0.9164474596636205,0.04328714319837333,four_class_provisional_roi,1011,mixed_recording_holdout,contact_hidden,-1,contact
20260920-192610-inBroken-460800,1,inBroken,7,1,0.011279657834921629,0.9604038748227823,0.0016470239131720391,0.026669443429123852,four_class_provisional_roi,1011,mixed_recording_holdout,contact_hidden,-1,contact
20260920-193718-roll-115200,3,roll,9,3,0.11681540043996873,0.39211960726596184,0.07476861369457798,0.4162963785994914,four_class_provisional_roi,1011,mixed_recording_holdout,contact_hidden,-1,contact
20260920-184058-normal-11520,0,normal,7,0,0.8337435696966979,0.014123325787669741,0.15137703278791434,0.0007560717277179026,four_class_provisional_roi,1011,mixed_recording_holdout,contact_xyz_hidden,-1,contact
20260920-190512-outBroken-115200,2,outBroken,8,2,0.0252120969732405,0.0010253270334624966,0.9628544333156384,0.010908142677658569,four_class_provisional_roi,1011,mixed_recording_holdout,contact_xyz_hidden,-1,contact
20260920-192610-inBroken-460800,1,inBroken,7,1,0.009037240335106918,0.9637720072520869,0.0009446793167316569,0.026246073096074435,four_class_provisional_roi,1011,mixed_recording_holdout,contact_xyz_hidden,-1,contact
20260920-193718-roll-115200,3,roll,9,1,0.023321339139020927,0.411860831329393,0.20696270998970323,0.35785511954188276,four_class_provisional_roi,1011,mixed_recording_holdout,contact_xyz_hidden,-1,contact
20260920-184058-normal-11520,0,normal,7,0,0.9878056351508336,0.002326807919734007,0.004567074293171033,0.005300482636261359,four_class_provisional_roi,1011,mixed_recording_holdout,contact_spectral,-1,contact
20260920-190512-outBroken-115200,2,outBroken,8,2,0.008382146476364379,0.0020858797504309367,0.988383580852702,0.0011483929205027116,four_class_provisional_roi,1011,mixed_recording_holdout,contact_spectral,-1,contact
20260920-192610-inBroken-460800,1,inBroken,7,1,0.0024675103310086858,0.9890370483662647,0.0035081306826070945,0.004987310620119493,four_class_provisional_roi,1011,mixed_recording_holdout,contact_spectral,-1,contact
20260920-193718-roll-115200,3,roll,9,3,0.019806137481847855,0.03509893510303091,0.10674696201675961,0.8383479653983615,four_class_provisional_roi,1011,mixed_recording_holdout,contact_spectral,-1,contact
20260920-184058-normal-11520,0,normal,7,0,0.7329587173029468,0.024167597685642955,0.24211781003734112,0.0007558749740692662,four_class_provisional_roi,1011,mixed_recording_holdout,contact_statistics,-1,contact
20260920-190512-outBroken-115200,2,outBroken,8,2,0.1454947520762896,0.04899092825805375,0.8009240747422297,0.004590244923426913,four_class_provisional_roi,1011,mixed_recording_holdout,contact_statistics,-1,contact
20260920-192610-inBroken-460800,1,inBroken,7,1,0.012170999257875676,0.867848921377573,0.0064970742093978864,0.11348300515515335,four_class_provisional_roi,1011,mixed_recording_holdout,contact_statistics,-1,contact
20260920-193718-roll-115200,3,roll,9,3,0.0021173882692412317,0.04570786408310515,0.11651078632658413,0.8356639613210696,four_class_provisional_roi,1011,mixed_recording_holdout,contact_statistics,-1,contact
20260920-184058-normal-11520,0,normal,7,0,0.9257232675718884,0.06543425278011984,0.005590778035399297,0.0032517016125925254,four_class_provisional_roi,1011,mixed_recording_holdout,contact_final_hidden,-1,contact
20260920-190512-outBroken-115200,2,outBroken,8,2,0.055274543521599696,0.0017589026724925576,0.8940192311692454,0.04894732263666229,four_class_provisional_roi,1011,mixed_recording_holdout,contact_final_hidden,-1,contact
20260920-192610-inBroken-460800,1,inBroken,7,1,0.010454639486129087,0.968671179393405,0.0022226139807567697,0.018651567139709096,four_class_provisional_roi,1011,mixed_recording_holdout,contact_final_hidden,-1,contact
20260920-193718-roll-115200,3,roll,9,3,0.1214098750310088,0.40176602161286284,0.06455710080150179,0.4122670025546266,four_class_provisional_roi,1011,mixed_recording_holdout,contact_final_hidden,-1,contact
20260920-184058-normal-11520,0,normal,7,2,0.017362486571073532,0.03423421457409859,0.7772192358970642,0.17118413746356964,four_class_provisional_roi,1011,mixed_recording_holdout,contact_original,-1,contact
20260920-190512-outBroken-115200,2,outBroken,8,2,0.003059043549001217,0.13592824339866638,0.6606305241584778,0.20038221776485443,four_class_provisional_roi,1011,mixed_recording_holdout,contact_original,-1,contact
20260920-192610-inBroken-460800,1,inBroken,7,2,7.311032095458359e-05,0.10570169240236282,0.8856785893440247,0.008546590805053711,four_class_provisional_roi,1011,mixed_recording_holdout,contact_original,-1,contact
20260920-193718-roll-115200,3,roll,9,2,0.006577568128705025,0.08760348707437515,0.7687318921089172,0.13708701729774475,four_class_provisional_roi,1011,mixed_recording_holdout,contact_original,-1,contact
20260920-184058-normal-11520,0,normal,7,2,0.00026096560759469867,0.0042155045084655285,0.9896412491798401,0.005882244557142258,four_class_provisional_roi,1011,mixed_recording_holdout,contact_original_mean_hidden,-1,contact
20260920-190512-outBroken-115200,2,outBroken,8,2,2.5974071832024492e-05,0.22439271211624146,0.7362313866615295,0.039349865168333054,four_class_provisional_roi,1011,mixed_recording_holdout,contact_original_mean_hidden,-1,contact
20260920-192610-inBroken-460800,1,inBroken,7,2,7.360277010093341e-08,0.04957010969519615,0.9499243497848511,0.0005054352222941816,four_class_provisional_roi,1011,mixed_recording_holdout,contact_original_mean_hidden,-1,contact
20260920-193718-roll-115200,3,roll,9,2,3.502665776977665e-06,0.03880308195948601,0.9500135779380798,0.011179906316101551,four_class_provisional_roi,1011,mixed_recording_holdout,contact_original_mean_hidden,-1,contact
20260920-184058-normal-11520,0,normal,61,0,0.9806406573398669,0.0006819114347488951,0.0002865325641878795,0.01839089866119677,four_class_provisional_roi,1011,mixed_recording_holdout,radar_frame_shape,-1,radar
20260920-190512-outBroken-115200,2,outBroken,50,2,0.00140640125160019,0.0025292890221139033,0.9956444069330097,0.00041990279327599724,four_class_provisional_roi,1011,mixed_recording_holdout,radar_frame_shape,-1,radar
20260920-192610-inBroken-460800,1,inBroken,51,1,0.00019163443905986923,0.9984639898673923,4.674006468460561e-05,0.001297635628863237,four_class_provisional_roi,1011,mixed_recording_holdout,radar_frame_shape,-1,radar
20260920-193718-roll-115200,3,roll,51,3,0.0448020985503031,0.0013541349210423853,0.0016828133380774922,0.9521609531905771,four_class_provisional_roi,1011,mixed_recording_holdout,radar_frame_shape,-1,radar
20260920-184058-normal-11520,0,normal,61,0,0.9953944182264632,0.00016038457243235495,0.0001686943011615021,0.004276502899942857,four_class_provisional_roi,1011,mixed_recording_holdout,radar_shape_phase,-1,radar
20260920-190512-outBroken-115200,2,outBroken,50,2,0.0006852295914275729,0.0009104700746352636,0.9980090248960566,0.0003952754378807804,four_class_provisional_roi,1011,mixed_recording_holdout,radar_shape_phase,-1,radar
20260920-192610-inBroken-460800,1,inBroken,51,1,5.886442650882998e-05,0.9995414602788805,9.157859711568686e-06,0.00039051743489846766,four_class_provisional_roi,1011,mixed_recording_holdout,radar_shape_phase,-1,radar
20260920-193718-roll-115200,3,roll,51,3,0.020496847664579314,0.0006337757665857805,0.0008675041299066691,0.9780018724389282,four_class_provisional_roi,1011,mixed_recording_holdout,radar_shape_phase,-1,radar
20260920-184058-normal-11520,0,normal,61,0,0.9858853623579787,4.4678212179117146e-05,0.0002928941286964595,0.01377706530114572,four_class_provisional_roi,1011,mixed_recording_holdout,radar_coherent_shape,-1,radar
20260920-190512-outBroken-115200,2,outBroken,50,2,0.002347059707198283,0.010149848363053753,0.9847921481258471,0.002710943803900626,four_class_provisional_roi,1011,mixed_recording_holdout,radar_coherent_shape,-1,radar
20260920-192610-inBroken-460800,1,inBroken,51,0,0.9723334110968589,0.006423790781279001,0.019016457517809848,0.0022263406040518526,four_class_provisional_roi,1011,mixed_recording_holdout,radar_coherent_shape,-1,radar
20260920-193718-roll-115200,3,roll,51,3,0.024998085680889976,0.0017883564422541836,0.001958591645692751,0.9712549662311633,four_class_provisional_roi,1011,mixed_recording_holdout,radar_coherent_shape,-1,radar
20260920-184058-normal-11520,0,normal,61,0,0.9224798864074525,5.525516177997005e-05,6.556421946034509e-05,0.07739929421130734,four_class_provisional_roi,1011,mixed_recording_holdout,radar_time_stats,-1,radar
20260920-190512-outBroken-115200,2,outBroken,50,2,0.0006536185321099361,0.07070677307490845,0.875193817897979,0.05344579049500244,four_class_provisional_roi,1011,mixed_recording_holdout,radar_time_stats,-1,radar
20260920-192610-inBroken-460800,1,inBroken,51,1,7.611051582517875e-09,0.9517762380850925,0.045540915486481405,0.002682838817374396,four_class_provisional_roi,1011,mixed_recording_holdout,radar_time_stats,-1,radar
20260920-193718-roll-115200,3,roll,51,3,0.1792020210808673,0.03332915324451083,0.013395475452436871,0.7740733502221849,four_class_provisional_roi,1011,mixed_recording_holdout,radar_time_stats,-1,radar
20260920-184058-normal-11520,0,normal,61,1,0.3421428491907896,0.3421428516208174,0.007996771809733624,0.3077175273786598,four_class_provisional_roi,1011,mixed_recording_holdout,radar_confound_distance,-1,radar
20260920-190512-outBroken-115200,2,outBroken,50,2,0.000269433789526142,0.00026943378949984134,0.9710004064839813,0.028460725936991577,four_class_provisional_roi,1011,mixed_recording_holdout,radar_confound_distance,-1,radar
20260920-192610-inBroken-460800,1,inBroken,51,1,0.3421428491907896,0.3421428516208174,0.007996771809733624,0.30771752737865976,four_class_provisional_roi,1011,mixed_recording_holdout,radar_confound_distance,-1,radar
20260920-193718-roll-115200,3,roll,51,3,0.315477206010923,0.3154772081433973,0.013023440827583676,0.35602214501809615,four_class_provisional_roi,1011,mixed_recording_holdout,radar_confound_distance,-1,radar
20260920-184058-normal-11520,0,normal,61,0,0.9923617264887983,0.002963417044088796,0.0011599910562987814,0.003514865410814038,four_class_provisional_roi,1011,mixed_recording_holdout,radar_confound_raw_amp,-1,radar
20260920-190512-outBroken-115200,2,outBroken,50,2,0.002016734638360618,0.000247842751348117,0.9960891583308547,0.0016462642794368202,four_class_provisional_roi,1011,mixed_recording_holdout,radar_confound_raw_amp,-1,radar
20260920-192610-inBroken-460800,1,inBroken,51,1,0.0028772049496599023,0.9914312110339732,0.0005368510917155649,0.005154732924650966,four_class_provisional_roi,1011,mixed_recording_holdout,radar_confound_raw_amp,-1,radar
20260920-193718-roll-115200,3,roll,51,3,0.002361242751356305,0.0062589589264086445,0.0019072878797032184,0.9894725104425318,four_class_provisional_roi,1011,mixed_recording_holdout,radar_confound_raw_amp,-1,radar
20260920-184058-normal-11520,0,normal,61,0,0.9967579626646198,0.0002593513684617198,9.556721391566155e-05,0.00288711753381024,four_class_provisional_roi,1011,mixed_recording_holdout,supervised,17,radar
20260920-190512-outBroken-115200,2,outBroken,50,2,4.143753974858555e-05,5.721987530705519e-05,0.9998806512355805,2.0696275914815487e-05,four_class_provisional_roi,1011,mixed_recording_holdout,supervised,17,radar
20260920-192610-inBroken-460800,1,inBroken,51,1,4.588065519997412e-05,0.9997709580496246,0.00011275472670426026,7.040531572248951e-05,four_class_provisional_roi,1011,mixed_recording_holdout,supervised,17,radar
20260920-193718-roll-115200,3,roll,51,3,0.04143589337522202,6.180640374239767e-05,0.0003182719582957147,0.9581840297608983,four_class_provisional_roi,1011,mixed_recording_holdout,supervised,17,radar
20260920-184058-normal-11520,0,normal,61,0,0.9983781478444084,6.787668381235324e-05,1.6267203967740374e-05,0.0015377068551463366,four_class_provisional_roi,1011,mixed_recording_holdout,supervised,42,radar
20260920-190512-outBroken-115200,2,outBroken,50,2,2.501288938219659e-05,4.495930250413949e-05,0.9998828911781311,4.713253874797374e-05,four_class_provisional_roi,1011,mixed_recording_holdout,supervised,42,radar
20260920-192610-inBroken-460800,1,inBroken,51,1,8.923579990354768e-05,0.9997095115044538,8.270175663603689e-05,0.00011856034746183558,four_class_provisional_roi,1011,mixed_recording_holdout,supervised,42,radar
20260920-193718-roll-115200,3,roll,51,3,0.031250160527384184,0.0002213016786050039,0.00021436768751229073,0.968314167915606,four_class_provisional_roi,1011,mixed_recording_holdout,supervised,42,radar
20260920-184058-normal-11520,0,normal,61,0,0.999054599980839,3.301302706963501e-05,4.973250099737925e-06,0.0009074013835698515,four_class_provisional_roi,1011,mixed_recording_holdout,supervised,73,radar
20260920-190512-outBroken-115200,2,outBroken,50,2,1.7141464977612485e-05,6.996482436079532e-05,0.9998590826988221,5.380065191275207e-05,four_class_provisional_roi,1011,mixed_recording_holdout,supervised,73,radar
20260920-192610-inBroken-460800,1,inBroken,51,1,4.6311085515851884e-05,0.9997957921495625,5.040394413905839e-05,0.0001074873891376032,four_class_provisional_roi,1011,mixed_recording_holdout,supervised,73,radar
20260920-193718-roll-115200,3,roll,51,3,0.04657046961170529,8.918907735956144e-05,0.00011497697912144598,0.9532253648720536,four_class_provisional_roi,1011,mixed_recording_holdout,supervised,73,radar
20260920-184058-normal-11520,0,normal,61,0,0.9959908293896034,6.970927654306326e-05,0.00015763165878316152,0.0037818246280531625,four_class_provisional_roi,1011,mixed_recording_holdout,head_only,17,radar
20260920-190512-outBroken-115200,2,outBroken,50,2,0.00013435327949991915,2.0842951262238784e-05,0.9997203409671783,0.00012447120119759347,four_class_provisional_roi,1011,mixed_recording_holdout,head_only,17,radar
20260920-192610-inBroken-460800,1,inBroken,51,1,0.0001363794621212554,0.9992934851085439,4.903513342701355e-05,0.0005211036646049287,four_class_provisional_roi,1011,mixed_recording_holdout,head_only,17,radar
20260920-193718-roll-115200,3,roll,51,3,0.02855734305208613,0.0002985875077737386,0.000567160581162099,0.9705769112881493,four_class_provisional_roi,1011,mixed_recording_holdout,head_only,17,radar
20260920-184058-normal-11520,0,normal,61,0,0.9976801647514594,0.000143423576177991,0.00019033372124989105,0.0019860786141791442,four_class_provisional_roi,1011,mixed_recording_holdout,head_only,42,radar
20260920-190512-outBroken-115200,2,outBroken,50,2,0.00011034973365894985,2.2905578898644307e-05,0.9996364510059357,0.0002303000647225417,four_class_provisional_roi,1011,mixed_recording_holdout,head_only,42,radar
20260920-192610-inBroken-460800,1,inBroken,51,1,0.00011803177624767391,0.9990304427988389,4.606117177971493e-05,0.0008054641075432301,four_class_provisional_roi,1011,mixed_recording_holdout,head_only,42,radar
20260920-193718-roll-115200,3,roll,51,3,0.04785166369635465,0.0006277433429775056,0.0011007352790614938,0.9504198512318087,four_class_provisional_roi,1011,mixed_recording_holdout,head_only,42,radar
20260920-184058-normal-11520,0,normal,61,0,0.9979580552851568,8.345565285827568e-05,8.431964047080418e-05,0.001874172502434927,four_class_provisional_roi,1011,mixed_recording_holdout,head_only,73,radar
20260920-190512-outBroken-115200,2,outBroken,50,2,8.465156472084345e-05,6.164511178212706e-05,0.9996429264545441,0.00021077649900689722,four_class_provisional_roi,1011,mixed_recording_holdout,head_only,73,radar
20260920-192610-inBroken-460800,1,inBroken,51,1,0.00011901114518039714,0.9990807818431481,0.00010170013439503735,0.0006984940686664891,four_class_provisional_roi,1011,mixed_recording_holdout,head_only,73,radar
20260920-193718-roll-115200,3,roll,51,3,0.043082185757834936,0.000381209374181173,0.0007897175177383949,0.9557468972954095,four_class_provisional_roi,1011,mixed_recording_holdout,head_only,73,radar
20260920-184058-normal-11520,0,normal,61,0,0.9509432110630098,0.020133935541036676,0.011353620576107355,0.01756922888939773,four_class_provisional_roi,1011,mixed_recording_holdout,distill,17,radar
20260920-190512-outBroken-115200,2,outBroken,50,2,0.008359302692115307,0.0013381719286553562,0.9888979184627533,0.0014046097628306598,four_class_provisional_roi,1011,mixed_recording_holdout,distill,17,radar
20260920-192610-inBroken-460800,1,inBroken,51,1,0.008730697016432589,0.9860725706698847,0.0020888899224718997,0.0031078469702133945,four_class_provisional_roi,1011,mixed_recording_holdout,distill,17,radar
20260920-193718-roll-115200,3,roll,51,3,0.02458881370137747,0.013516530526948034,0.009081246854061736,0.9528134155507181,four_class_provisional_roi,1011,mixed_recording_holdout,distill,17,radar
20260920-184058-normal-11520,0,normal,61,0,0.9655905199832604,0.01556645892560482,0.01085640690060424,0.007986606287647833,four_class_provisional_roi,1011,mixed_recording_holdout,distill,42,radar
20260920-190512-outBroken-115200,2,outBroken,50,2,0.007836294919252395,0.0011612041131593288,0.9897789561748505,0.0012235429638531058,four_class_provisional_roi,1011,mixed_recording_holdout,distill,42,radar
20260920-192610-inBroken-460800,1,inBroken,51,1,0.007456586750991204,0.9866465341811087,0.00218889515107388,0.0037079903242342614,four_class_provisional_roi,1011,mixed_recording_holdout,distill,42,radar
20260920-193718-roll-115200,3,roll,51,3,0.05297954041452613,0.01968368846357015,0.015437810405559254,0.9118989659290687,four_class_provisional_roi,1011,mixed_recording_holdout,distill,42,radar
20260920-184058-normal-11520,0,normal,61,0,0.967916943987862,0.014684710903551246,0.008885159760286084,0.008513183824405014,four_class_provisional_roi,1011,mixed_recording_holdout,distill,73,radar
20260920-190512-outBroken-115200,2,outBroken,50,2,0.007958827158436179,0.0011768861045129597,0.9894379246234893,0.0014263588900212199,four_class_provisional_roi,1011,mixed_recording_holdout,distill,73,radar
20260920-192610-inBroken-460800,1,inBroken,51,1,0.008582042091909577,0.9859586954116821,0.002062034354928662,0.0033972430814459336,four_class_provisional_roi,1011,mixed_recording_holdout,distill,73,radar
20260920-193718-roll-115200,3,roll,51,3,0.02934242678776511,0.017700272712710442,0.013055376014580913,0.9399019281069437,four_class_provisional_roi,1011,mixed_recording_holdout,distill,73,radar
20260920-184058-normal-11520,0,normal,61,0,0.9504705110534293,0.020490015208049387,0.011575204377505378,0.01746425934643561,four_class_provisional_roi,1011,mixed_recording_holdout,no_contrast,17,radar
20260920-190512-outBroken-115200,2,outBroken,50,2,0.00833828360773623,0.0013171479396987707,0.9889495074748993,0.0013950605073478073,four_class_provisional_roi,1011,mixed_recording_holdout,no_contrast,17,radar
20260920-192610-inBroken-460800,1,inBroken,51,1,0.008531252488347829,0.9863427631995257,0.0020666098377356925,0.0030593797153628923,four_class_provisional_roi,1011,mixed_recording_holdout,no_contrast,17,radar
20260920-193718-roll-115200,3,roll,51,3,0.023819501495774033,0.013197257955029023,0.008871304807161876,0.9541119500702503,four_class_provisional_roi,1011,mixed_recording_holdout,no_contrast,17,radar
20260920-184058-normal-11520,0,normal,61,0,0.965850519352272,0.01575474273108068,0.01093111001718484,0.0074636326734449894,four_class_provisional_roi,1011,mixed_recording_holdout,no_contrast,42,radar
20260920-190512-outBroken-115200,2,outBroken,50,2,0.008089353078976274,0.0012021636113058775,0.9894423866271973,0.0012661111215129495,four_class_provisional_roi,1011,mixed_recording_holdout,no_contrast,42,radar
20260920-192610-inBroken-460800,1,inBroken,51,1,0.007276990825273827,0.9871480593494341,0.002061522396865721,0.00351342697874369,four_class_provisional_roi,1011,mixed_recording_holdout,no_contrast,42,radar
20260920-193718-roll-115200,3,roll,51,3,0.05278536698646277,0.020417617035883608,0.015627514342686125,0.9111695032493741,four_class_provisional_roi,1011,mixed_recording_holdout,no_contrast,42,radar
20260920-184058-normal-11520,0,normal,61,0,0.9677231819903265,0.014675828712213724,0.008917027786679443,0.008683946206936704,four_class_provisional_roi,1011,mixed_recording_holdout,no_contrast,73,radar
20260920-190512-outBroken-115200,2,outBroken,50,2,0.0077925413753837346,0.0011635824653785675,0.9896639728546143,0.0013799011334776879,four_class_provisional_roi,1011,mixed_recording_holdout,no_contrast,73,radar
20260920-192610-inBroken-460800,1,inBroken,51,1,0.007972464905869142,0.9869976008639616,0.001977332324410478,0.003052592218177868,four_class_provisional_roi,1011,mixed_recording_holdout,no_contrast,73,radar
20260920-193718-roll-115200,3,roll,51,3,0.03082324428439332,0.017147820913141557,0.013030178080239863,0.938998762883392,four_class_provisional_roi,1011,mixed_recording_holdout,no_contrast,73,radar
20260920-184058-normal-11520,0,normal,61,0,0.9297424882161812,0.028423303158068267,0.015942936724998424,0.025891277149937986,four_class_provisional_roi,1011,mixed_recording_holdout,no_radar_CE,17,radar
20260920-190512-outBroken-115200,2,outBroken,50,2,0.00910744427703321,0.0013239358377177268,0.9882050609588623,0.001363560891477391,four_class_provisional_roi,1011,mixed_recording_holdout,no_radar_CE,17,radar
20260920-192610-inBroken-460800,1,inBroken,51,1,0.009970860829686417,0.9844440280222425,0.002233655653053931,0.0033514476198630004,four_class_provisional_roi,1011,mixed_recording_holdout,no_radar_CE,17,radar
20260920-193718-roll-115200,3,roll,51,3,0.018752308487641058,0.014033891972811782,0.00985161455658575,0.9573621825844634,four_class_provisional_roi,1011,mixed_recording_holdout,no_radar_CE,17,radar
20260920-184058-normal-11520,0,normal,61,0,0.9529228366789271,0.020003358757153887,0.014496239016718064,0.01257756516074029,four_class_provisional_roi,1011,mixed_recording_holdout,no_radar_CE,42,radar
20260920-190512-outBroken-115200,2,outBroken,50,2,0.009379119798541068,0.0013287437323015183,0.9879756903648377,0.0013164563640020788,four_class_provisional_roi,1011,mixed_recording_holdout,no_radar_CE,42,radar
20260920-192610-inBroken-460800,1,inBroken,51,1,0.008794930142660936,0.9841205372529871,0.0026343096568084813,0.004450235278436951,four_class_provisional_roi,1011,mixed_recording_holdout,no_radar_CE,42,radar
20260920-193718-roll-115200,3,roll,51,3,0.045789567399290666,0.01977681730161695,0.016800991060924444,0.917632625675669,four_class_provisional_roi,1011,mixed_recording_holdout,no_radar_CE,42,radar
20260920-184058-normal-11520,0,normal,61,0,0.944116042285669,0.025214921156341424,0.01361025252272604,0.017058788244345334,four_class_provisional_roi,1011,mixed_recording_holdout,no_radar_CE,73,radar
20260920-190512-outBroken-115200,2,outBroken,50,2,0.009381139725446701,0.0012269728421233595,0.9880411732196808,0.0013507196982391178,four_class_provisional_roi,1011,mixed_recording_holdout,no_radar_CE,73,radar
20260920-192610-inBroken-460800,1,inBroken,51,1,0.010502886237101812,0.9828318883390987,0.002403554015829429,0.004261674827384744,four_class_provisional_roi,1011,mixed_recording_holdout,no_radar_CE,73,radar
20260920-193718-roll-115200,3,roll,51,3,0.017200351550640976,0.0178393252495238,0.012098463448494965,0.9528618519212685,four_class_provisional_roi,1011,mixed_recording_holdout,no_radar_CE,73,radar
20260920-184058-normal-11520,0,normal,61,3,0.4159477665776112,0.012097859281863346,0.015865313522823034,0.5560890553427524,four_class_provisional_roi,1011,mixed_recording_holdout,shuffled,17,radar
20260920-190512-outBroken-115200,2,outBroken,50,1,0.02240373894572258,0.48623384058475494,0.4825477641820908,0.0088146638777107,four_class_provisional_roi,1011,mixed_recording_holdout,shuffled,17,radar
20260920-192610-inBroken-460800,1,inBroken,51,0,0.49309494623950884,0.4713313036105212,0.02286661312203197,0.01270713449875806,four_class_provisional_roi,1011,mixed_recording_holdout,shuffled,17,radar
20260920-193718-roll-115200,3,roll,51,2,0.031954332437439295,0.008891111504578707,0.5087571446509922,0.45039742366940366,four_class_provisional_roi,1011,mixed_recording_holdout,shuffled,17,radar
20260920-184058-normal-11520,0,normal,61,3,0.4580141579518553,0.013318075737381568,0.015557446959810178,0.513110315213438,four_class_provisional_roi,1011,mixed_recording_holdout,shuffled,42,radar
20260920-190512-outBroken-115200,2,outBroken,50,2,0.025459286682307722,0.46356482088565826,0.5020169764757156,0.008958919188007713,four_class_provisional_roi,1011,mixed_recording_holdout,shuffled,42,radar
20260920-192610-inBroken-460800,1,inBroken,51,1,0.4868277334699444,0.48851969020039426,0.014993578286878034,0.00965900632424974,four_class_provisional_roi,1011,mixed_recording_holdout,shuffled,42,radar
20260920-193718-roll-115200,3,roll,51,2,0.04095277759958716,0.010510762377331654,0.49006464960528356,0.4584718071946911,four_class_provisional_roi,1011,mixed_recording_holdout,shuffled,42,radar
20260920-184058-normal-11520,0,normal,61,3,0.45623102930725595,0.012164887819500243,0.01266033875710163,0.5189437475360807,four_class_provisional_roi,1011,mixed_recording_holdout,shuffled,73,radar
20260920-190512-outBroken-115200,2,outBroken,50,2,0.02228968147188425,0.4624345952272415,0.5056823825836182,0.009593344293534756,four_class_provisional_roi,1011,mixed_recording_holdout,shuffled,73,radar
20260920-192610-inBroken-460800,1,inBroken,51,1,0.473251363810371,0.48817963343040616,0.025303907619387497,0.013265095222010916,four_class_provisional_roi,1011,mixed_recording_holdout,shuffled,73,radar
20260920-193718-roll-115200,3,roll,51,2,0.03729905449219194,0.010243529472134862,0.5093712771640104,0.44308613562116433,four_class_provisional_roi,1011,mixed_recording_holdout,shuffled,73,radar
20260920-184058-normal-11520,0,normal,61,0,0.9775756392322603,0.012069628795334061,0.007929775486013195,0.002424960696428526,four_class_provisional_roi,1011,mixed_recording_holdout,distill_phase,17,radar
20260920-190512-outBroken-115200,2,outBroken,50,2,0.0055305622285231944,0.0009927064902149141,0.9923980641365051,0.0010786687047220766,four_class_provisional_roi,1011,mixed_recording_holdout,distill_phase,17,radar
20260920-192610-inBroken-460800,1,inBroken,51,1,0.006518591149691858,0.9890125265308455,0.0021690010257503565,0.0022998907758543887,four_class_provisional_roi,1011,mixed_recording_holdout,distill_phase,17,radar
20260920-193718-roll-115200,3,roll,51,3,0.008274717980598593,0.01656413160027096,0.009210357969791135,0.9659507917422875,four_class_provisional_roi,1011,mixed_recording_holdout,distill_phase,17,radar
20260920-184058-normal-11520,0,normal,61,0,0.9775418932320642,0.012139315694020908,0.007561443297222989,0.0027573646263784318,four_class_provisional_roi,1011,mixed_recording_holdout,distill_phase,42,radar
20260920-190512-outBroken-115200,2,outBroken,50,2,0.005747359786182642,0.0009901888261083513,0.9920195722579956,0.0012428825511597097,four_class_provisional_roi,1011,mixed_recording_holdout,distill_phase,42,radar
20260920-192610-inBroken-460800,1,inBroken,51,1,0.007480572973031039,0.9874413773125293,0.0024158365946883955,0.0026622134735625165,four_class_provisional_roi,1011,mixed_recording_holdout,distill_phase,42,radar
20260920-193718-roll-115200,3,roll,51,3,0.0066669691398548074,0.010434361284270006,0.007364508823729029,0.9755341644380607,four_class_provisional_roi,1011,mixed_recording_holdout,distill_phase,42,radar
20260920-184058-normal-11520,0,normal,61,0,0.9805447185625795,0.01073019358436348,0.006918993977005365,0.0018061011806359422,four_class_provisional_roi,1011,mixed_recording_holdout,distill_phase,73,radar
20260920-190512-outBroken-115200,2,outBroken,50,2,0.006295118741691113,0.0010132602090016007,0.9913295555114746,0.0013620709045790136,four_class_provisional_roi,1011,mixed_recording_holdout,distill_phase,73,radar
20260920-192610-inBroken-460800,1,inBroken,51,1,0.009423006399005068,0.9854832770777684,0.0024211234298954698,0.0026725957526222747,four_class_provisional_roi,1011,mixed_recording_holdout,distill_phase,73,radar
20260920-193718-roll-115200,3,roll,51,3,0.011212747999154232,0.014550583962095427,0.008866510317459995,0.9653701583544413,four_class_provisional_roi,1011,mixed_recording_holdout,distill_phase,73,radar
20260920-184058-normal-11520,0,normal,61,2,3.0339337950671428e-06,0.029414814649167797,0.9663492608047917,0.004232890612245742,four_class_provisional_roi,1011,mixed_recording_holdout,original_head,17,radar
20260920-190512-outBroken-115200,2,outBroken,50,2,1.825905599818908e-05,0.11854156657065122,0.8526047275416606,0.028835446831689798,four_class_provisional_roi,1011,mixed_recording_holdout,original_head,17,radar
20260920-192610-inBroken-460800,1,inBroken,51,2,7.68780521341865e-08,0.026453258360914625,0.9730409167703553,0.0005057479906779585,four_class_provisional_roi,1011,mixed_recording_holdout,original_head,17,radar
20260920-193718-roll-115200,3,roll,51,2,4.303488149136557e-06,0.13644277351499262,0.8442316131967808,0.019321309800077582,four_class_provisional_roi,1011,mixed_recording_holdout,original_head,17,radar
20260920-184058-normal-11520,0,normal,61,2,2.9150803335873987e-06,0.02678851536303723,0.9694367750792143,0.0037717944774147017,four_class_provisional_roi,1011,mixed_recording_holdout,original_head,42,radar
20260920-190512-outBroken-115200,2,outBroken,50,2,1.7899388950917134e-05,0.10528916337475915,0.8667353039808918,0.027957633255398007,four_class_provisional_roi,1011,mixed_recording_holdout,original_head,42,radar
20260920-192610-inBroken-460800,1,inBroken,51,2,7.419432541028102e-08,0.02556111121447697,0.9739387350724955,0.0005000795187019935,four_class_provisional_roi,1011,mixed_recording_holdout,original_head,42,radar
20260920-193718-roll-115200,3,roll,51,2,4.115899041655421e-06,0.12488706715066182,0.857519335953815,0.017589480996481766,four_class_provisional_roi,1011,mixed_recording_holdout,original_head,42,radar
20260920-184058-normal-11520,0,normal,61,2,3.3539678988552883e-06,0.02888225732437266,0.9666936981215957,0.004420690586132933,four_class_provisional_roi,1011,mixed_recording_holdout,original_head,73,radar
20260920-190512-outBroken-115200,2,outBroken,50,2,1.655144143276867e-05,0.11047689029171018,0.8634568821292987,0.026049676137558334,four_class_provisional_roi,1011,mixed_recording_holdout,original_head,73,radar
20260920-192610-inBroken-460800,1,inBroken,51,2,8.59057714083276e-08,0.02593763484489275,0.9735483490627983,0.0005139301865374864,four_class_provisional_roi,1011,mixed_recording_holdout,original_head,73,radar
20260920-193718-roll-115200,3,roll,51,2,4.186424664606063e-06,0.13704682222711762,0.8436795432797548,0.019269448068462692,four_class_provisional_roi,1011,mixed_recording_holdout,original_head,73,radar
20260920-184058-normal-11520,0,normal,7,0,0.9429752807839504,0.005090406853630394,0.01464357560154166,0.037290736760877415,four_class_provisional_roi,1100,mixed_recording_holdout,contact_hidden,-1,contact
20260920-190913-outBroken-460800,2,outBroken,10,2,0.005188037612912295,0.00025296464021044504,0.9673463224790139,0.027212675267863435,four_class_provisional_roi,1100,mixed_recording_holdout,contact_hidden,-1,contact
20260920-192216-inBroken-115200,1,inBroken,8,1,0.034897977142427095,0.9198645768704061,0.0007001178284575562,0.04453732815870922,four_class_provisional_roi,1100,mixed_recording_holdout,contact_hidden,-1,contact
20260920-194108-roll-460800,3,roll,3,3,0.0035599428636001614,0.10484215625880171,0.06847520408760388,0.8231226967899943,four_class_provisional_roi,1100,mixed_recording_holdout,contact_hidden,-1,contact
20260920-184058-normal-11520,0,normal,7,0,0.8816691134321681,0.003232187034873831,0.01157464719666974,0.10352405233628832,four_class_provisional_roi,1100,mixed_recording_holdout,contact_xyz_hidden,-1,contact
20260920-190913-outBroken-460800,2,outBroken,10,2,0.009742489830884873,0.00035467183482083977,0.9682229589302267,0.02167987940406763,four_class_provisional_roi,1100,mixed_recording_holdout,contact_xyz_hidden,-1,contact
20260920-192216-inBroken-115200,1,inBroken,8,1,0.008640657236947229,0.9723189970805695,0.00034118193595582567,0.01869916374652745,four_class_provisional_roi,1100,mixed_recording_holdout,contact_xyz_hidden,-1,contact
20260920-194108-roll-460800,3,roll,3,3,0.008133642447019012,0.08145734484588188,0.01057917549427873,0.8998298372128204,four_class_provisional_roi,1100,mixed_recording_holdout,contact_xyz_hidden,-1,contact
20260920-184058-normal-11520,0,normal,7,0,0.9830958917361914,0.001681785417524385,0.005898314655672512,0.00932400819061178,four_class_provisional_roi,1100,mixed_recording_holdout,contact_spectral,-1,contact
20260920-190913-outBroken-460800,2,outBroken,10,2,0.002040827202393059,0.0006177134647677744,0.9954860084665615,0.001855450866277519,four_class_provisional_roi,1100,mixed_recording_holdout,contact_spectral,-1,contact
20260920-192216-inBroken-115200,1,inBroken,8,1,0.001127097120165604,0.9905628755590921,0.0007629247252898305,0.007547102595452572,four_class_provisional_roi,1100,mixed_recording_holdout,contact_spectral,-1,contact
20260920-194108-roll-460800,3,roll,3,3,0.003326721686897702,0.002682302458470682,0.00066278114445942,0.9933281947101721,four_class_provisional_roi,1100,mixed_recording_holdout,contact_spectral,-1,contact
20260920-184058-normal-11520,0,normal,7,0,0.7416981178077473,0.011710336280339488,0.24570566148306897,0.0008858844288441756,four_class_provisional_roi,1100,mixed_recording_holdout,contact_statistics,-1,contact
20260920-190913-outBroken-460800,2,outBroken,10,2,0.05134252281944485,0.012270277296774993,0.9295047680228485,0.006882431860931347,four_class_provisional_roi,1100,mixed_recording_holdout,contact_statistics,-1,contact
20260920-192216-inBroken-115200,1,inBroken,8,1,0.04865603758039239,0.7074306877772855,0.2307558279150185,0.013157446727303661,four_class_provisional_roi,1100,mixed_recording_holdout,contact_statistics,-1,contact
20260920-194108-roll-460800,3,roll,3,3,0.00020134197493806125,0.04852602212608473,0.0016574226109327102,0.9496152132880445,four_class_provisional_roi,1100,mixed_recording_holdout,contact_statistics,-1,contact
20260920-184058-normal-11520,0,normal,7,0,0.90551122306951,0.015705109818921304,0.013374887947080047,0.06540877916448855,four_class_provisional_roi,1100,mixed_recording_holdout,contact_final_hidden,-1,contact
20260920-190913-outBroken-460800,2,outBroken,10,2,0.006935482012591113,0.00028135050679075783,0.9721609926706261,0.020622174809992143,four_class_provisional_roi,1100,mixed_recording_holdout,contact_final_hidden,-1,contact
20260920-192216-inBroken-115200,1,inBroken,8,1,0.03360587954182187,0.9240460650731346,0.0011498144530623653,0.04119824093198133,four_class_provisional_roi,1100,mixed_recording_holdout,contact_final_hidden,-1,contact
20260920-194108-roll-460800,3,roll,3,3,0.0016755220656528968,0.16086123998123333,0.0815128052930106,0.7559504326601032,four_class_provisional_roi,1100,mixed_recording_holdout,contact_final_hidden,-1,contact
20260920-184058-normal-11520,0,normal,7,2,0.017362486571073532,0.03423421457409859,0.7772192358970642,0.17118413746356964,four_class_provisional_roi,1100,mixed_recording_holdout,contact_original,-1,contact
20260920-190913-outBroken-460800,2,outBroken,10,2,0.0010036140447482467,0.1572980433702469,0.6584912538528442,0.18320706486701965,four_class_provisional_roi,1100,mixed_recording_holdout,contact_original,-1,contact
20260920-192216-inBroken-115200,1,inBroken,8,2,0.0009702183306217194,0.06122804060578346,0.9225758910179138,0.015225854702293873,four_class_provisional_roi,1100,mixed_recording_holdout,contact_original,-1,contact
20260920-194108-roll-460800,3,roll,3,2,0.00039004781865514815,0.18856340646743774,0.6605890393257141,0.1504574418067932,four_class_provisional_roi,1100,mixed_recording_holdout,contact_original,-1,contact
20260920-184058-normal-11520,0,normal,7,2,0.00026096560759469867,0.0042155045084655285,0.9896412491798401,0.005882244557142258,four_class_provisional_roi,1100,mixed_recording_holdout,contact_original_mean_hidden,-1,contact
20260920-190913-outBroken-460800,2,outBroken,10,2,4.026080569019541e-05,0.1317661553621292,0.8237518072128296,0.04444171115756035,four_class_provisional_roi,1100,mixed_recording_holdout,contact_original_mean_hidden,-1,contact
20260920-192216-inBroken-115200,1,inBroken,8,2,9.242177867463397e-08,0.02269083634018898,0.9768703579902649,0.00043872048263438046,four_class_provisional_roi,1100,mixed_recording_holdout,contact_original_mean_hidden,-1,contact
20260920-194108-roll-460800,3,roll,3,2,7.2012721830105875e-06,0.15615111589431763,0.8102505803108215,0.033591128885746,four_class_provisional_roi,1100,mixed_recording_holdout,contact_original_mean_hidden,-1,contact
20260920-184058-normal-11520,0,normal,61,0,0.9558386825933197,0.0013359954418317712,0.0002045514843693667,0.04262077048047973,four_class_provisional_roi,1100,mixed_recording_holdout,radar_frame_shape,-1,radar
20260920-190913-outBroken-460800,2,outBroken,50,2,5.42195858741503e-06,0.0002983293689790428,0.999515121948804,0.00018112672362917575,four_class_provisional_roi,1100,mixed_recording_holdout,radar_frame_shape,-1,radar
20260920-192216-inBroken-115200,1,inBroken,50,1,0.0003417097247957796,0.9555975610984905,0.038296489154522405,0.0057642400221912075,four_class_provisional_roi,1100,mixed_recording_holdout,radar_frame_shape,-1,radar
20260920-194108-roll-460800,3,roll,51,3,0.0009910545739496154,0.0008571493837764932,0.00016322638945729545,0.9979885696528165,four_class_provisional_roi,1100,mixed_recording_holdout,radar_frame_shape,-1,radar
20260920-184058-normal-11520,0,normal,61,0,0.9877921198103351,0.0004043762728096666,0.00019268657637058545,0.011610817340484832,four_class_provisional_roi,1100,mixed_recording_holdout,radar_shape_phase,-1,radar
20260920-190913-outBroken-460800,2,outBroken,50,2,1.039131190027479e-05,7.030060290929324e-05,0.9998855173539632,3.379073122668862e-05,four_class_provisional_roi,1100,mixed_recording_holdout,radar_shape_phase,-1,radar
20260920-192216-inBroken-115200,1,inBroken,50,1,0.0005205671844129986,0.9413135026260849,0.055137371483049674,0.003028558706452276,four_class_provisional_roi,1100,mixed_recording_holdout,radar_shape_phase,-1,radar
20260920-194108-roll-460800,3,roll,51,3,0.0005935497477391602,0.00040122298586229926,0.0001599979248889665,0.9988452293415095,four_class_provisional_roi,1100,mixed_recording_holdout,radar_shape_phase,-1,radar
20260920-184058-normal-11520,0,normal,61,0,0.9839625848076877,0.003271915148140785,3.2743166335889494e-05,0.012732756877835304,four_class_provisional_roi,1100,mixed_recording_holdout,radar_coherent_shape,-1,radar
20260920-190913-outBroken-460800,2,outBroken,50,2,2.5523359698079733e-06,0.00030866896075417766,0.9904942666465059,0.009194512056770219,four_class_provisional_roi,1100,mixed_recording_holdout,radar_coherent_shape,-1,radar
20260920-192216-inBroken-115200,1,inBroken,50,2,1.040935338976923e-06,0.000938694297818459,0.5138250467323123,0.4852352180345303,four_class_provisional_roi,1100,mixed_recording_holdout,radar_coherent_shape,-1,radar
20260920-194108-roll-460800,3,roll,51,3,0.0005533515964195275,0.00013111658364819588,0.00032336379417717846,0.9989921680257553,four_class_provisional_roi,1100,mixed_recording_holdout,radar_coherent_shape,-1,radar
20260920-184058-normal-11520,0,normal,61,0,0.9178560019979314,3.6626034720611766e-05,0.0024522701000200013,0.07965510186732776,four_class_provisional_roi,1100,mixed_recording_holdout,radar_time_stats,-1,radar
20260920-190913-outBroken-460800,2,outBroken,50,1,0.0005419981519971469,0.4599438001752916,0.44604462941559775,0.09346957225711366,four_class_provisional_roi,1100,mixed_recording_holdout,radar_time_stats,-1,radar
20260920-192216-inBroken-115200,1,inBroken,50,1,5.041153156362601e-06,0.5151781373903512,0.01289781657120515,0.47191900488528715,four_class_provisional_roi,1100,mixed_recording_holdout,radar_time_stats,-1,radar
20260920-194108-roll-460800,3,roll,51,3,0.005003695010594154,0.016416093735663852,0.013387436703528781,0.9651927745502132,four_class_provisional_roi,1100,mixed_recording_holdout,radar_time_stats,-1,radar
20260920-184058-normal-11520,0,normal,61,0,0.34220264880129875,0.34220263484954444,0.007971978037722052,0.30762273831143483,four_class_provisional_roi,1100,mixed_recording_holdout,radar_confound_distance,-1,radar
20260920-190913-outBroken-460800,2,outBroken,50,2,0.0002605913885915958,0.0002605913887371775,0.9710718213755194,0.028406995847150892,four_class_provisional_roi,1100,mixed_recording_holdout,radar_confound_distance,-1,radar
20260920-192216-inBroken-115200,1,inBroken,50,0,0.342202648801299,0.34220263484954416,0.007971978037722056,0.30762273831143505,four_class_provisional_roi,1100,mixed_recording_holdout,radar_confound_distance,-1,radar
20260920-194108-roll-460800,3,roll,51,3,0.3153667451363518,0.31536673289936745,0.012998963501611602,0.35626755846266883,four_class_provisional_roi,1100,mixed_recording_holdout,radar_confound_distance,-1,radar
20260920-184058-normal-11520,0,normal,61,0,0.9925156331851664,0.002924451550427967,0.0011371251762764194,0.0034227900881293634,four_class_provisional_roi,1100,mixed_recording_holdout,radar_confound_raw_amp,-1,radar
20260920-190913-outBroken-460800,2,outBroken,50,2,0.0029074682721272078,0.00029834566566368925,0.994277096443941,0.0025170896182682982,four_class_provisional_roi,1100,mixed_recording_holdout,radar_confound_raw_amp,-1,radar
20260920-192216-inBroken-115200,1,inBroken,50,1,0.0024544102314875012,0.9894565102987254,0.0005107395684829635,0.007578339901303893,four_class_provisional_roi,1100,mixed_recording_holdout,radar_confound_raw_amp,-1,radar
20260920-194108-roll-460800,3,roll,51,3,0.0019333379696784463,0.006300041042871479,0.00163296541699486,0.9901336555704552,four_class_provisional_roi,1100,mixed_recording_holdout,radar_confound_raw_amp,-1,radar
20260920-184058-normal-11520,0,normal,61,0,0.9759668365853732,0.0022384180823657933,0.00015690390151933974,0.021637835625474285,four_class_provisional_roi,1100,mixed_recording_holdout,supervised,17,radar
20260920-190913-outBroken-460800,2,outBroken,50,2,3.107230500972946e-05,8.749006294237915e-05,0.9998127162456513,6.872613323139376e-05,four_class_provisional_roi,1100,mixed_recording_holdout,supervised,17,radar
20260920-192216-inBroken-115200,1,inBroken,50,1,0.0007346442848211155,0.9864183980226516,0.008903535140270834,0.003943432030973781,four_class_provisional_roi,1100,mixed_recording_holdout,supervised,17,radar
20260920-194108-roll-460800,3,roll,51,3,1.1840856288080091e-05,1.7415581022622099e-06,7.901604173336333e-06,0.9999785166160733,four_class_provisional_roi,1100,mixed_recording_holdout,supervised,17,radar
20260920-184058-normal-11520,0,normal,61,0,0.9704972930618974,0.0003136602228744882,6.595900995363513e-05,0.02912309379976772,four_class_provisional_roi,1100,mixed_recording_holdout,supervised,42,radar
20260920-190913-outBroken-460800,2,outBroken,50,2,6.018796222633682e-05,0.0001341539448912954,0.9997000861167907,0.00010557390636677155,four_class_provisional_roi,1100,mixed_recording_holdout,supervised,42,radar
20260920-192216-inBroken-115200,1,inBroken,50,1,0.0012612071126932279,0.9849960041046143,0.011151945284800603,0.002590843397338176,four_class_provisional_roi,1100,mixed_recording_holdout,supervised,42,radar
20260920-194108-roll-460800,3,roll,51,3,2.7198494339530705e-05,3.7605285458495e-05,2.623256105103863e-05,0.999908956826902,four_class_provisional_roi,1100,mixed_recording_holdout,supervised,42,radar
20260920-184058-normal-11520,0,normal,61,0,0.9805871023506415,0.00018071847070445313,2.45516588877569e-05,0.019207617568338078,four_class_provisional_roi,1100,mixed_recording_holdout,supervised,73,radar
20260920-190913-outBroken-460800,2,outBroken,50,2,2.3249514979397644e-05,5.566507956245914e-05,0.9998417043685913,7.937823589600157e-05,four_class_provisional_roi,1100,mixed_recording_holdout,supervised,73,radar
20260920-192216-inBroken-115200,1,inBroken,50,1,0.0008072098391130566,0.9774657958745956,0.018551176430191843,0.0031758221206837334,four_class_provisional_roi,1100,mixed_recording_holdout,supervised,73,radar
20260920-194108-roll-460800,3,roll,51,3,1.3069925390642739e-05,2.497357975556167e-05,2.7152540684148655e-05,0.9999347925186157,four_class_provisional_roi,1100,mixed_recording_holdout,supervised,73,radar
20260920-184058-normal-11520,0,normal,61,0,0.9797128399864572,0.00037168122690061744,0.00048602004584400214,0.019429452407710743,four_class_provisional_roi,1100,mixed_recording_holdout,head_only,17,radar
20260920-190913-outBroken-460800,2,outBroken,50,2,0.00012068280557286926,2.072589340059494e-05,0.9996499657630921,0.0002086367623996921,four_class_provisional_roi,1100,mixed_recording_holdout,head_only,17,radar
20260920-192216-inBroken-115200,1,inBroken,50,1,0.0021331104877754113,0.9715527929365635,0.016696771737770177,0.009617308776360006,four_class_provisional_roi,1100,mixed_recording_holdout,head_only,17,radar
20260920-194108-roll-460800,3,roll,51,3,2.1267681136925923e-05,8.009949903555703e-05,3.458242268856802e-05,0.9998640464801415,four_class_provisional_roi,1100,mixed_recording_holdout,head_only,17,radar
20260920-184058-normal-11520,0,normal,61,0,0.9648782781890182,0.0007535243615866868,0.00044232056727017404,0.03392585732843622,four_class_provisional_roi,1100,mixed_recording_holdout,head_only,42,radar
20260920-190913-outBroken-460800,2,outBroken,50,2,0.00016156535129994155,9.616000217647524e-05,0.9994301223754882,0.0003121580647712108,four_class_provisional_roi,1100,mixed_recording_holdout,head_only,42,radar
20260920-192216-inBroken-115200,1,inBroken,50,1,0.0014232565424754284,0.9841013711690902,0.005989152836555149,0.008486214492149884,four_class_provisional_roi,1100,mixed_recording_holdout,head_only,42,radar
20260920-194108-roll-460800,3,roll,51,3,2.225076403584692e-05,8.847414841618636e-05,3.2153016232483675e-05,0.9998571241603178,four_class_provisional_roi,1100,mixed_recording_holdout,head_only,42,radar
20260920-184058-normal-11520,0,normal,61,0,0.975237925521663,0.001310444887241799,0.0006979301996893138,0.022753705950763703,four_class_provisional_roi,1100,mixed_recording_holdout,head_only,73,radar
20260920-190913-outBroken-460800,2,outBroken,50,2,7.637167429493275e-05,2.2427426556532738e-05,0.9997419250011444,0.00015926923049846664,four_class_provisional_roi,1100,mixed_recording_holdout,head_only,73,radar
20260920-192216-inBroken-115200,1,inBroken,50,1,0.0012046849296893924,0.9796003514528274,0.013978446729597636,0.0052165166640770625,four_class_provisional_roi,1100,mixed_recording_holdout,head_only,73,radar
20260920-194108-roll-460800,3,roll,51,3,1.5541503056310295e-05,9.488939491240992e-05,9.434176079629847e-05,0.9997952241523593,four_class_provisional_roi,1100,mixed_recording_holdout,head_only,73,radar
20260920-184058-normal-11520,0,normal,61,0,0.9325542489036185,0.012465491701970945,0.00953455575833433,0.04544570529833436,four_class_provisional_roi,1100,mixed_recording_holdout,distill,17,radar
20260920-190913-outBroken-460800,2,outBroken,50,2,0.004919302202761173,0.0002047982788644731,0.9832192409038544,0.011656648507341742,four_class_provisional_roi,1100,mixed_recording_holdout,distill,17,radar
20260920-192216-inBroken-115200,1,inBroken,50,1,0.034056068621575834,0.847891266644001,0.022897809541318564,0.09515485610812903,four_class_provisional_roi,1100,mixed_recording_holdout,distill,17,radar
20260920-194108-roll-460800,3,roll,51,3,0.004646272485272265,0.013134783069950109,0.006085190136789107,0.976133755609101,four_class_provisional_roi,1100,mixed_recording_holdout,distill,17,radar
20260920-184058-normal-11520,0,normal,61,0,0.9185172343840364,0.013237742157500298,0.01235749801147546,0.05588752206903501,four_class_provisional_roi,1100,mixed_recording_holdout,distill,42,radar
20260920-190913-outBroken-460800,2,outBroken,50,2,0.005058999098837376,0.0001865615502174478,0.9819550096988678,0.012799424342811108,four_class_provisional_roi,1100,mixed_recording_holdout,distill,42,radar
20260920-192216-inBroken-115200,1,inBroken,50,1,0.03544319216161966,0.8423861208558082,0.02216229306650348,0.10000840097665786,four_class_provisional_roi,1100,mixed_recording_holdout,distill,42,radar
20260920-194108-roll-460800,3,roll,51,3,0.0058239068489010426,0.015155154777982948,0.006778552155832157,0.972242393914391,four_class_provisional_roi,1100,mixed_recording_holdout,distill,42,radar
20260920-184058-normal-11520,0,normal,61,0,0.9095527876595981,0.016022750283362436,0.010372535325586796,0.06405191758235336,four_class_provisional_roi,1100,mixed_recording_holdout,distill,73,radar
20260920-190913-outBroken-460800,2,outBroken,50,2,0.0032097292179241775,0.00012210390326799825,0.9883260989189148,0.0083420729637146,four_class_provisional_roi,1100,mixed_recording_holdout,distill,73,radar
20260920-192216-inBroken-115200,1,inBroken,50,1,0.03745760712772608,0.8617224478721619,0.024404266809578985,0.07641567666083575,four_class_provisional_roi,1100,mixed_recording_holdout,distill,73,radar
20260920-194108-roll-460800,3,roll,51,3,0.004801260522000638,0.009819977825471,0.005805250485518984,0.979573502260096,four_class_provisional_roi,1100,mixed_recording_holdout,distill,73,radar
20260920-184058-normal-11520,0,normal,61,0,0.9319725285788052,0.01265703881403706,0.009559996773443017,0.04581043768490924,four_class_provisional_roi,1100,mixed_recording_holdout,no_contrast,17,radar
20260920-190913-outBroken-460800,2,outBroken,50,2,0.004867556830868125,0.00020213821218931116,0.9835377883911133,0.011392515338957309,four_class_provisional_roi,1100,mixed_recording_holdout,no_contrast,17,radar
20260920-192216-inBroken-115200,1,inBroken,50,1,0.03365231728181243,0.8512630009651184,0.02306780530605465,0.09201687794178724,four_class_provisional_roi,1100,mixed_recording_holdout,no_contrast,17,radar
20260920-194108-roll-460800,3,roll,51,3,0.004665789205818346,0.012975450860811215,0.006188103846986504,0.9761706543903724,four_class_provisional_roi,1100,mixed_recording_holdout,no_contrast,17,radar
20260920-184058-normal-11520,0,normal,61,0,0.9194238102826916,0.012973134535685426,0.012544441487273721,0.05505861751887886,four_class_provisional_roi,1100,mixed_recording_holdout,no_contrast,42,radar
20260920-190913-outBroken-460800,2,outBroken,50,2,0.005065655405633152,0.00018894873224780894,0.9818950843811035,0.012850316474214196,four_class_provisional_roi,1100,mixed_recording_holdout,no_contrast,42,radar
20260920-192216-inBroken-115200,1,inBroken,50,1,0.033203294202685356,0.8477178917825222,0.02083111367188394,0.09824769515544177,four_class_provisional_roi,1100,mixed_recording_holdout,no_contrast,42,radar
20260920-194108-roll-460800,3,roll,51,3,0.005810445740672888,0.015134664941761716,0.006808387814089656,0.972246505466162,four_class_provisional_roi,1100,mixed_recording_holdout,no_contrast,42,radar
20260920-184058-normal-11520,0,normal,61,0,0.9075958416110179,0.01610880844356095,0.010588175701130121,0.06570717866425632,four_class_provisional_roi,1100,mixed_recording_holdout,no_contrast,73,radar
20260920-190913-outBroken-460800,2,outBroken,50,2,0.0033686759788542986,0.0001298249106912408,0.9878584766387939,0.00864302270114422,four_class_provisional_roi,1100,mixed_recording_holdout,no_contrast,73,radar
20260920-192216-inBroken-115200,1,inBroken,50,1,0.0388509807921946,0.8605680143833161,0.022799102903809397,0.077781912535429,four_class_provisional_roi,1100,mixed_recording_holdout,no_contrast,73,radar
20260920-194108-roll-460800,3,roll,51,3,0.004883627959654904,0.009964138990742904,0.005691590070651442,0.979460641449573,four_class_provisional_roi,1100,mixed_recording_holdout,no_contrast,73,radar
20260920-184058-normal-11520,0,normal,61,0,0.9192897496653385,0.01615010572169892,0.012468082876112617,0.05209206009176789,four_class_provisional_roi,1100,mixed_recording_holdout,no_radar_CE,17,radar
20260920-190913-outBroken-460800,2,outBroken,50,2,0.006206742571666837,0.0002706505186506547,0.977772022485733,0.015750593319535256,four_class_provisional_roi,1100,mixed_recording_holdout,no_radar_CE,17,radar
20260920-192216-inBroken-115200,1,inBroken,50,1,0.042771553676575425,0.8126127250492573,0.024725251032505183,0.11989047065377235,four_class_provisional_roi,1100,mixed_recording_holdout,no_radar_CE,17,radar
20260920-194108-roll-460800,3,roll,51,3,0.005316681954461862,0.01620836862746407,0.007174658817330412,0.9713002875739453,four_class_provisional_roi,1100,mixed_recording_holdout,no_radar_CE,17,radar
20260920-184058-normal-11520,0,normal,61,0,0.9214287116879323,0.015115128753737349,0.01272285092606774,0.050733299628205476,four_class_provisional_roi,1100,mixed_recording_holdout,no_radar_CE,42,radar
20260920-190913-outBroken-460800,2,outBroken,50,2,0.006255009863525629,0.00023798706009984017,0.9769103801250458,0.016596622029319406,four_class_provisional_roi,1100,mixed_recording_holdout,no_radar_CE,42,radar
20260920-192216-inBroken-115200,1,inBroken,50,1,0.04587097546085715,0.793043198287487,0.02620825029211119,0.13487757973372935,four_class_provisional_roi,1100,mixed_recording_holdout,no_radar_CE,42,radar
20260920-194108-roll-460800,3,roll,51,3,0.006374898512719893,0.018077400453644348,0.007396346012897351,0.9681513461412168,four_class_provisional_roi,1100,mixed_recording_holdout,no_radar_CE,42,radar
20260920-184058-normal-11520,0,normal,61,0,0.905188401214412,0.019824634657287208,0.01256973959398685,0.062417219984574154,four_class_provisional_roi,1100,mixed_recording_holdout,no_radar_CE,73,radar
20260920-190913-outBroken-460800,2,outBroken,50,2,0.0039064320689067246,0.0001493337834835984,0.9853829085826874,0.010561321778222919,four_class_provisional_roi,1100,mixed_recording_holdout,no_radar_CE,73,radar
20260920-192216-inBroken-115200,1,inBroken,50,1,0.050345766320824624,0.8117558614909649,0.03162357274210081,0.10627479523420334,four_class_provisional_roi,1100,mixed_recording_holdout,no_radar_CE,73,radar
20260920-194108-roll-460800,3,roll,51,3,0.005203603492940173,0.011263044824933304,0.006602562288297158,0.9769307830754448,four_class_provisional_roi,1100,mixed_recording_holdout,no_radar_CE,73,radar
20260920-184058-normal-11520,0,normal,61,0,0.4855903719292312,0.017214816422430706,0.04041589344622659,0.456778914224906,four_class_provisional_roi,1100,mixed_recording_holdout,shuffled,17,radar
20260920-190913-outBroken-460800,2,outBroken,50,2,0.025904569625854492,0.46153234243392943,0.4790525597333908,0.03351052347570658,four_class_provisional_roi,1100,mixed_recording_holdout,shuffled,17,radar
20260920-192216-inBroken-115200,1,inBroken,50,1,0.3349463653564453,0.5725361669063568,0.05913284562528134,0.03338462479412556,four_class_provisional_roi,1100,mixed_recording_holdout,shuffled,17,radar
20260920-194108-roll-460800,3,roll,51,3,0.006740620035641626,0.0005534240846435412,0.4557543525508806,0.536951600336561,four_class_provisional_roi,1100,mixed_recording_holdout,shuffled,17,radar
20260920-184058-normal-11520,0,normal,61,0,0.48641248340489435,0.01898909601398179,0.03636416264611189,0.4582342500569391,four_class_provisional_roi,1100,mixed_recording_holdout,shuffled,42,radar
20260920-190913-outBroken-460800,2,outBroken,50,2,0.02642022468149662,0.44474928379058837,0.49125330686569213,0.0375772026181221,four_class_provisional_roi,1100,mixed_recording_holdout,shuffled,42,radar
20260920-192216-inBroken-115200,1,inBroken,50,1,0.3182698023319244,0.5872107815742492,0.06491622976958751,0.029603181947022675,four_class_provisional_roi,1100,mixed_recording_holdout,shuffled,42,radar
20260920-194108-roll-460800,3,roll,51,3,0.00937600709114443,0.0009234963400362461,0.45994458362167956,0.5297559149125043,four_class_provisional_roi,1100,mixed_recording_holdout,shuffled,42,radar
20260920-184058-normal-11520,0,normal,61,0,0.49491930130075235,0.017254377333600013,0.02915849970256696,0.45866781912866184,four_class_provisional_roi,1100,mixed_recording_holdout,shuffled,73,radar
20260920-190913-outBroken-460800,2,outBroken,50,2,0.02315217450261116,0.444456502199173,0.4977532774209976,0.03463803924620151,four_class_provisional_roi,1100,mixed_recording_holdout,shuffled,73,radar
20260920-192216-inBroken-115200,1,inBroken,50,1,0.3452313804626465,0.5844824993610382,0.043370654694736006,0.02691546333953738,four_class_provisional_roi,1100,mixed_recording_holdout,shuffled,73,radar
20260920-194108-roll-460800,3,roll,51,3,0.00681283327696078,0.0005716247973146429,0.4531817447905447,0.5394337972005209,four_class_provisional_roi,1100,mixed_recording_holdout,shuffled,73,radar
20260920-184058-normal-11520,0,normal,61,0,0.9616332005281918,0.00800389427401614,0.006295663961133019,0.024067244202387136,four_class_provisional_roi,1100,mixed_recording_holdout,distill_phase,17,radar
20260920-190913-outBroken-460800,2,outBroken,50,2,0.004311099937185645,0.00014025631360709668,0.9863257670402527,0.009222884448245167,four_class_provisional_roi,1100,mixed_recording_holdout,distill_phase,17,radar
20260920-192216-inBroken-115200,1,inBroken,50,1,0.04660741748288274,0.8600905758142471,0.014710013561416418,0.07859199058264493,four_class_provisional_roi,1100,mixed_recording_holdout,distill_phase,17,radar
20260920-194108-roll-460800,3,roll,51,3,0.004407221656840514,0.009050983132100572,0.006116505155303315,0.9804252830206179,four_class_provisional_roi,1100,mixed_recording_holdout,distill_phase,17,radar
20260920-184058-normal-11520,0,normal,61,0,0.9645108043170366,0.008387607552843993,0.007641445799562775,0.01946014254048589,four_class_provisional_roi,1100,mixed_recording_holdout,distill_phase,42,radar
20260920-190913-outBroken-460800,2,outBroken,50,2,0.00332872302737087,0.00010395705394330434,0.9893220591545105,0.007245259992778301,four_class_provisional_roi,1100,mixed_recording_holdout,distill_phase,42,radar
20260920-192216-inBroken-115200,1,inBroken,50,1,0.015581841366365552,0.9460319936275482,0.003351473055081442,0.035034675020724534,four_class_provisional_roi,1100,mixed_recording_holdout,distill_phase,42,radar
20260920-194108-roll-460800,3,roll,51,3,0.00573274773527302,0.011925303167206984,0.00680318794341064,0.9755387516582713,four_class_provisional_roi,1100,mixed_recording_holdout,distill_phase,42,radar
20260920-184058-normal-11520,0,normal,61,0,0.9719916582107544,0.008106487661936,0.00647027305800651,0.013431591733709955,four_class_provisional_roi,1100,mixed_recording_holdout,distill_phase,73,radar
20260920-190913-outBroken-460800,2,outBroken,50,2,0.005207693669945002,0.0001602977108268533,0.9844939863681793,0.010138032902032136,four_class_provisional_roi,1100,mixed_recording_holdout,distill_phase,73,radar
20260920-192216-inBroken-115200,1,inBroken,50,1,0.024987000450491906,0.9095514780282974,0.009580876978579908,0.05588064715266228,four_class_provisional_roi,1100,mixed_recording_holdout,distill_phase,73,radar
20260920-194108-roll-460800,3,roll,51,3,0.005782820206756393,0.010400405016672961,0.006187190904336817,0.9776295855933544,four_class_provisional_roi,1100,mixed_recording_holdout,distill_phase,73,radar
20260920-184058-normal-11520,0,normal,61,2,2.457789053432147e-06,0.023974537228960473,0.9724054576233692,0.0036175473586171664,four_class_provisional_roi,1100,mixed_recording_holdout,original_head,17,radar
20260920-190913-outBroken-460800,2,outBroken,50,2,1.305714339554771e-05,0.13882807638609612,0.8354280747501472,0.025730791720361045,four_class_provisional_roi,1100,mixed_recording_holdout,original_head,17,radar
20260920-192216-inBroken-115200,1,inBroken,50,2,1.9303070607789537e-07,0.050652339657462526,0.9483463463696121,0.001001120942219304,four_class_provisional_roi,1100,mixed_recording_holdout,original_head,17,radar
20260920-194108-roll-460800,3,roll,51,2,9.099124237686093e-07,0.03472871577363575,0.9595550927268345,0.0057152815871059914,four_class_provisional_roi,1100,mixed_recording_holdout,original_head,17,radar
20260920-184058-normal-11520,0,normal,61,2,2.5480739050751114e-06,0.024700546090723665,0.971811288577954,0.003485617257417423,four_class_provisional_roi,1100,mixed_recording_holdout,original_head,42,radar
20260920-190913-outBroken-460800,2,outBroken,50,2,1.3368710390810753e-05,0.14553982082025796,0.8281152046165053,0.02633160585284597,four_class_provisional_roi,1100,mixed_recording_holdout,original_head,42,radar
20260920-192216-inBroken-115200,1,inBroken,50,2,2.3174283402391112e-07,0.05757333560661597,0.9412329739967129,0.0011934586538371492,four_class_provisional_roi,1100,mixed_recording_holdout,original_head,42,radar
20260920-194108-roll-460800,3,roll,51,2,9.19619298509423e-07,0.03487732687234063,0.9592186009540312,0.005903152554329733,four_class_provisional_roi,1100,mixed_recording_holdout,original_head,42,radar
20260920-184058-normal-11520,0,normal,61,2,2.3713070097836422e-06,0.02459881373018078,0.9718621096961549,0.0035367052666542683,four_class_provisional_roi,1100,mixed_recording_holdout,original_head,73,radar
20260920-190913-outBroken-460800,2,outBroken,50,2,1.449978983573424e-05,0.1460979334910035,0.8254486025532785,0.028438964165882007,four_class_provisional_roi,1100,mixed_recording_holdout,original_head,73,radar
20260920-192216-inBroken-115200,1,inBroken,50,2,2.0339375644079874e-07,0.051663579670309163,0.9473683822198082,0.0009678347161262356,four_class_provisional_roi,1100,mixed_recording_holdout,original_head,73,radar
20260920-194108-roll-460800,3,roll,51,2,8.619961472496414e-07,0.033568643273210685,0.960738564312262,0.0056919304183800055,four_class_provisional_roi,1100,mixed_recording_holdout,original_head,73,radar
20260920-184058-normal-11520,0,normal,7,0,0.9711656782414293,0.012796605352898893,0.011668022017844216,0.004369694387827734,four_class_provisional_roi,1101,mixed_recording_holdout,contact_hidden,-1,contact
20260920-190913-outBroken-460800,2,outBroken,10,2,0.00890822781235737,0.000939121657618248,0.9893628749939746,0.0007897755360497744,four_class_provisional_roi,1101,mixed_recording_holdout,contact_hidden,-1,contact
20260920-192216-inBroken-115200,1,inBroken,8,1,0.03281991102812897,0.958056321359344,0.001507846155530885,0.007615921456996087,four_class_provisional_roi,1101,mixed_recording_holdout,contact_hidden,-1,contact
20260920-193718-roll-115200,3,roll,9,3,0.12148296429186536,0.3913174690600896,0.048881061517935205,0.43831850513010984,four_class_provisional_roi,1101,mixed_recording_holdout,contact_hidden,-1,contact
20260920-184058-normal-11520,0,normal,7,0,0.9594708940001615,0.010016243740823065,0.01913057792527677,0.01138228433373872,four_class_provisional_roi,1101,mixed_recording_holdout,contact_xyz_hidden,-1,contact
20260920-190913-outBroken-460800,2,outBroken,10,2,0.013988659348103805,0.003037812610183113,0.9827351923482629,0.00023833569345018166,four_class_provisional_roi,1101,mixed_recording_holdout,contact_xyz_hidden,-1,contact
20260920-192216-inBroken-115200,1,inBroken,8,1,0.009980821789579057,0.9866096470092105,0.000990279770648251,0.0024192514305622485,four_class_provisional_roi,1101,mixed_recording_holdout,contact_xyz_hidden,-1,contact
20260920-193718-roll-115200,3,roll,9,1,0.02745033739402762,0.4605134947927062,0.15035229449502335,0.36168387331824275,four_class_provisional_roi,1101,mixed_recording_holdout,contact_xyz_hidden,-1,contact
20260920-184058-normal-11520,0,normal,7,0,0.9830572854938967,0.0025059241498279284,0.008022334499570242,0.0064144558567050675,four_class_provisional_roi,1101,mixed_recording_holdout,contact_spectral,-1,contact
20260920-190913-outBroken-460800,2,outBroken,10,2,0.001796527707531215,0.0007716217388950726,0.9970355063947954,0.0003963441587783624,four_class_provisional_roi,1101,mixed_recording_holdout,contact_spectral,-1,contact
20260920-192216-inBroken-115200,1,inBroken,8,1,0.0016279591722603401,0.9937159655571792,0.001527600728281077,0.003128474542279244,four_class_provisional_roi,1101,mixed_recording_holdout,contact_spectral,-1,contact
20260920-193718-roll-115200,3,roll,9,3,0.021641656955467742,0.03397904398526286,0.10911405616482378,0.8352652428944456,four_class_provisional_roi,1101,mixed_recording_holdout,contact_spectral,-1,contact
20260920-184058-normal-11520,0,normal,7,0,0.6921827492520618,0.015775791596864482,0.29169896812294505,0.0003424910281288291,four_class_provisional_roi,1101,mixed_recording_holdout,contact_statistics,-1,contact
20260920-190913-outBroken-460800,2,outBroken,10,2,0.04727724044567424,0.015199065904051706,0.9366372517937098,0.0008864418565643969,four_class_provisional_roi,1101,mixed_recording_holdout,contact_statistics,-1,contact
20260920-192216-inBroken-115200,1,inBroken,8,1,0.047621397991690184,0.7847944717270317,0.15672572037536275,0.010858409905915228,four_class_provisional_roi,1101,mixed_recording_holdout,contact_statistics,-1,contact
20260920-193718-roll-115200,3,roll,9,3,0.002432022372898328,0.07573628006791873,0.12472095276370829,0.7971107447954746,four_class_provisional_roi,1101,mixed_recording_holdout,contact_statistics,-1,contact
20260920-184058-normal-11520,0,normal,7,0,0.9440101972925882,0.03518505212841225,0.011529902759682643,0.009274847819316877,four_class_provisional_roi,1101,mixed_recording_holdout,contact_final_hidden,-1,contact
20260920-190913-outBroken-460800,2,outBroken,10,2,0.01601968370802414,0.002966251948050059,0.9806894105897316,0.00032465375419416475,four_class_provisional_roi,1101,mixed_recording_holdout,contact_final_hidden,-1,contact
20260920-192216-inBroken-115200,1,inBroken,8,1,0.03269189659700268,0.953029127334005,0.0022297264278407936,0.012049249641151632,four_class_provisional_roi,1101,mixed_recording_holdout,contact_final_hidden,-1,contact
20260920-193718-roll-115200,3,roll,9,1,0.12999214346591847,0.42561208168851344,0.030155304650752238,0.4142404701948158,four_class_provisional_roi,1101,mixed_recording_holdout,contact_final_hidden,-1,contact
20260920-184058-normal-11520,0,normal,7,2,0.017362486571073532,0.03423421457409859,0.7772192358970642,0.17118413746356964,four_class_provisional_roi,1101,mixed_recording_holdout,contact_original,-1,contact
20260920-190913-outBroken-460800,2,outBroken,10,2,0.0010036140447482467,0.1572980433702469,0.6584912538528442,0.18320706486701965,four_class_provisional_roi,1101,mixed_recording_holdout,contact_original,-1,contact
20260920-192216-inBroken-115200,1,inBroken,8,2,0.0009702183306217194,0.06122804060578346,0.9225758910179138,0.015225854702293873,four_class_provisional_roi,1101,mixed_recording_holdout,contact_original,-1,contact
20260920-193718-roll-115200,3,roll,9,2,0.006577568128705025,0.08760348707437515,0.7687318921089172,0.13708701729774475,four_class_provisional_roi,1101,mixed_recording_holdout,contact_original,-1,contact
20260920-184058-normal-11520,0,normal,7,2,0.00026096560759469867,0.0042155045084655285,0.9896412491798401,0.005882244557142258,four_class_provisional_roi,1101,mixed_recording_holdout,contact_original_mean_hidden,-1,contact
20260920-190913-outBroken-460800,2,outBroken,10,2,4.026080569019541e-05,0.1317661553621292,0.8237518072128296,0.04444171115756035,four_class_provisional_roi,1101,mixed_recording_holdout,contact_original_mean_hidden,-1,contact
20260920-192216-inBroken-115200,1,inBroken,8,2,9.242177867463397e-08,0.02269083634018898,0.9768703579902649,0.00043872048263438046,four_class_provisional_roi,1101,mixed_recording_holdout,contact_original_mean_hidden,-1,contact
20260920-193718-roll-115200,3,roll,9,2,3.502665776977665e-06,0.03880308195948601,0.9500135779380798,0.011179906316101551,four_class_provisional_roi,1101,mixed_recording_holdout,contact_original_mean_hidden,-1,contact
20260920-184058-normal-11520,0,normal,61,0,0.983100085226567,0.001610620101910942,0.00027762022896285043,0.01501167444255982,four_class_provisional_roi,1101,mixed_recording_holdout,radar_frame_shape,-1,radar
20260920-190913-outBroken-460800,2,outBroken,50,2,2.1016899640525416e-05,0.0003143285700382483,0.9994821773942006,0.0001824771361207477,four_class_provisional_roi,1101,mixed_recording_holdout,radar_frame_shape,-1,radar
20260920-192216-inBroken-115200,1,inBroken,50,1,0.0005726778171051693,0.9514866776951625,0.03847832281806024,0.009462321669672367,four_class_provisional_roi,1101,mixed_recording_holdout,radar_frame_shape,-1,radar
20260920-193718-roll-115200,3,roll,51,3,0.03343550489301846,0.0012398827462576153,0.0017400815502034044,0.9635845308105208,four_class_provisional_roi,1101,mixed_recording_holdout,radar_frame_shape,-1,radar
20260920-184058-normal-11520,0,normal,61,0,0.9948300092797537,0.0002493337471835193,0.0001351514461965593,0.004785505526866286,four_class_provisional_roi,1101,mixed_recording_holdout,radar_shape_phase,-1,radar
20260920-190913-outBroken-460800,2,outBroken,50,2,8.499409035503731e-06,6.061290947173493e-05,0.999923678205882,7.2094756109505645e-06,four_class_provisional_roi,1101,mixed_recording_holdout,radar_shape_phase,-1,radar
20260920-192216-inBroken-115200,1,inBroken,50,1,0.000379337522168172,0.9506083768368404,0.04710799148804457,0.001904294152946784,four_class_provisional_roi,1101,mixed_recording_holdout,radar_shape_phase,-1,radar
20260920-193718-roll-115200,3,roll,51,3,0.017177781652790155,0.0005072270902586029,0.0008932864308176875,0.9814217048261333,four_class_provisional_roi,1101,mixed_recording_holdout,radar_shape_phase,-1,radar
20260920-184058-normal-11520,0,normal,61,0,0.9852939983781506,0.00392874855974229,6.355686750446418e-05,0.010713696194602638,four_class_provisional_roi,1101,mixed_recording_holdout,radar_coherent_shape,-1,radar
20260920-190913-outBroken-460800,2,outBroken,50,2,1.554845163024027e-05,0.00036740515624391343,0.9926028248758482,0.0070142215162774905,four_class_provisional_roi,1101,mixed_recording_holdout,radar_coherent_shape,-1,radar
20260920-192216-inBroken-115200,1,inBroken,50,3,5.058452084253621e-06,0.0014668920298040336,0.40995360605973247,0.5885744434583792,four_class_provisional_roi,1101,mixed_recording_holdout,radar_coherent_shape,-1,radar
20260920-193718-roll-115200,3,roll,51,3,0.01751253666261681,0.001514586061193223,0.0025895779198868104,0.978383299356303,four_class_provisional_roi,1101,mixed_recording_holdout,radar_coherent_shape,-1,radar
20260920-184058-normal-11520,0,normal,61,0,0.9352916917650307,1.5066683780695305e-05,0.004380408757100181,0.060312832794088354,four_class_provisional_roi,1101,mixed_recording_holdout,radar_time_stats,-1,radar
20260920-190913-outBroken-460800,2,outBroken,50,1,0.0009243909887272218,0.49149079926989214,0.4687349459782066,0.03884986376317419,four_class_provisional_roi,1101,mixed_recording_holdout,radar_time_stats,-1,radar
20260920-192216-inBroken-115200,1,inBroken,50,1,6.0155478702193664e-05,0.5023242285654398,0.013773918659567832,0.4838416972962902,four_class_provisional_roi,1101,mixed_recording_holdout,radar_time_stats,-1,radar
20260920-193718-roll-115200,3,roll,51,3,0.07592174012747815,0.003839873956488704,0.03344846721355445,0.8867899187024784,four_class_provisional_roi,1101,mixed_recording_holdout,radar_time_stats,-1,radar
20260920-184058-normal-11520,0,normal,61,0,0.34220264880129875,0.34220263484954444,0.007971978037722052,0.30762273831143483,four_class_provisional_roi,1101,mixed_recording_holdout,radar_confound_distance,-1,radar
20260920-190913-outBroken-460800,2,outBroken,50,2,0.0002605913885915958,0.0002605913887371775,0.9710718213755194,0.028406995847150892,four_class_provisional_roi,1101,mixed_recording_holdout,radar_confound_distance,-1,radar
20260920-192216-inBroken-115200,1,inBroken,50,0,0.342202648801299,0.34220263484954416,0.007971978037722056,0.30762273831143505,four_class_provisional_roi,1101,mixed_recording_holdout,radar_confound_distance,-1,radar
20260920-193718-roll-115200,3,roll,51,3,0.3153667451363518,0.31536673289936745,0.012998963501611602,0.35626755846266883,four_class_provisional_roi,1101,mixed_recording_holdout,radar_confound_distance,-1,radar
20260920-184058-normal-11520,0,normal,61,0,0.9925585038571895,0.0029397931959426592,0.001144175625906378,0.003357527320961337,four_class_provisional_roi,1101,mixed_recording_holdout,radar_confound_raw_amp,-1,radar
20260920-190913-outBroken-460800,2,outBroken,50,2,0.0029413067095062635,0.00030009073385086493,0.9942682833436518,0.0024903192129910445,four_class_provisional_roi,1101,mixed_recording_holdout,radar_confound_raw_amp,-1,radar
20260920-192216-inBroken-115200,1,inBroken,50,1,0.0024918466601125165,0.9893224547057402,0.0005230543185631548,0.007662644315584166,four_class_provisional_roi,1101,mixed_recording_holdout,radar_confound_raw_amp,-1,radar
20260920-193718-roll-115200,3,roll,51,3,0.0022791456408251583,0.006055097460151012,0.001837170492804339,0.9898285864062197,four_class_provisional_roi,1101,mixed_recording_holdout,radar_confound_raw_amp,-1,radar
20260920-184058-normal-11520,0,normal,61,0,0.9985626672135025,0.0008184255790429681,0.00010026188118020206,0.0005186473573288464,four_class_provisional_roi,1101,mixed_recording_holdout,supervised,17,radar
20260920-190913-outBroken-460800,2,outBroken,50,2,5.394882748078089e-05,0.0001125589556977502,0.999742386341095,9.110035513003823e-05,four_class_provisional_roi,1101,mixed_recording_holdout,supervised,17,radar
20260920-192216-inBroken-115200,1,inBroken,50,1,0.0006570995561196468,0.9815982550382614,0.008597922569024377,0.009146723206140451,four_class_provisional_roi,1101,mixed_recording_holdout,supervised,17,radar
20260920-193718-roll-115200,3,roll,51,3,0.05717977656991471,3.7016077469080995e-05,0.00026954884902343287,0.9425136544832996,four_class_provisional_roi,1101,mixed_recording_holdout,supervised,17,radar
20260920-184058-normal-11520,0,normal,61,0,0.9991164862132463,0.00010008778321818801,2.273934402540765e-05,0.0007606789045208553,four_class_provisional_roi,1101,mixed_recording_holdout,supervised,42,radar
20260920-190913-outBroken-460800,2,outBroken,50,2,6.310632528766291e-05,0.0001288363062485587,0.9997308850288391,7.717065531323897e-05,four_class_provisional_roi,1101,mixed_recording_holdout,supervised,42,radar
20260920-192216-inBroken-115200,1,inBroken,50,1,0.0013280207771458664,0.9839995169639587,0.01195304667839082,0.002719411294310703,four_class_provisional_roi,1101,mixed_recording_holdout,supervised,42,radar
20260920-193718-roll-115200,3,roll,51,3,0.024442181740881756,0.00013383197145623284,0.00016608178413983244,0.9752579132715861,four_class_provisional_roi,1101,mixed_recording_holdout,supervised,42,radar
20260920-184058-normal-11520,0,normal,61,0,0.9995508467564818,0.00010413325177426889,6.100255499866941e-06,0.0003389226270078101,four_class_provisional_roi,1101,mixed_recording_holdout,supervised,73,radar
20260920-190913-outBroken-460800,2,outBroken,50,2,1.6091485631477552e-05,5.0568411679705605e-05,0.9998589754104614,7.435958832502365e-05,four_class_provisional_roi,1101,mixed_recording_holdout,supervised,73,radar
20260920-192216-inBroken-115200,1,inBroken,50,1,0.0006427720059582497,0.9696116009354592,0.026025636995909734,0.0037200028653023767,four_class_provisional_roi,1101,mixed_recording_holdout,supervised,73,radar
20260920-193718-roll-115200,3,roll,51,3,0.04458684982384119,7.569277958656825e-05,0.0001656763687980642,0.9551717799668219,four_class_provisional_roi,1101,mixed_recording_holdout,supervised,73,radar
20260920-184058-normal-11520,0,normal,61,0,0.9985114492353846,0.000262453648247174,0.00020930976655213047,0.001016780239893467,four_class_provisional_roi,1101,mixed_recording_holdout,head_only,17,radar
20260920-190913-outBroken-460800,2,outBroken,50,2,0.00011835898185381666,7.379378580480988e-06,0.999689303636551,0.00018494669551728294,four_class_provisional_roi,1101,mixed_recording_holdout,head_only,17,radar
20260920-192216-inBroken-115200,1,inBroken,50,1,0.0024771192553453146,0.9735892541706562,0.013666609968422562,0.010267021646723152,four_class_provisional_roi,1101,mixed_recording_holdout,head_only,17,radar
20260920-193718-roll-115200,3,roll,51,3,0.022515048302439562,0.0003761028526830213,0.0007483212149749949,0.976360522941047,four_class_provisional_roi,1101,mixed_recording_holdout,head_only,17,radar
20260920-184058-normal-11520,0,normal,61,0,0.9988770387211784,0.0003327587101757374,0.00018219538368179737,0.0006080001795587614,four_class_provisional_roi,1101,mixed_recording_holdout,head_only,42,radar
20260920-190913-outBroken-460800,2,outBroken,50,2,0.00014541284035658465,1.8819810147761018e-05,0.99949223279953,0.00034352618997218087,four_class_provisional_roi,1101,mixed_recording_holdout,head_only,42,radar
20260920-192216-inBroken-115200,1,inBroken,50,1,0.0019330801541218535,0.9829531544446946,0.0022802723034146765,0.012833488513715565,four_class_provisional_roi,1101,mixed_recording_holdout,head_only,42,radar
20260920-193718-roll-115200,3,roll,51,3,0.044460807508763606,0.0008377734505783712,0.0015268235896227827,0.9531745885809263,four_class_provisional_roi,1101,mixed_recording_holdout,head_only,42,radar
20260920-184058-normal-11520,0,normal,61,0,0.9987228200083873,0.00044440546838307114,0.00020424971110321062,0.0006285260318407859,four_class_provisional_roi,1101,mixed_recording_holdout,head_only,73,radar
20260920-190913-outBroken-460800,2,outBroken,50,2,7.286905216460582e-05,3.56784956966294e-05,0.9996731495857238,0.00021830052181030625,four_class_provisional_roi,1101,mixed_recording_holdout,head_only,73,radar
20260920-192216-inBroken-115200,1,inBroken,50,1,0.0010388061017147265,0.9793600326776505,0.009719613186753122,0.009881555126630701,four_class_provisional_roi,1101,mixed_recording_holdout,head_only,73,radar
20260920-193718-roll-115200,3,roll,51,3,0.027762889660830386,0.0006491728853171819,0.0013287101665970542,0.970259224375089,four_class_provisional_roi,1101,mixed_recording_holdout,head_only,73,radar
20260920-184058-normal-11520,0,normal,61,0,0.9632271665041564,0.015477039286347687,0.014625153779128536,0.0066706324816818855,four_class_provisional_roi,1101,mixed_recording_holdout,distill,17,radar
20260920-190913-outBroken-460800,2,outBroken,50,2,0.010115054687485098,0.0008752691693371162,0.984560136795044,0.0044495474686846136,four_class_provisional_roi,1101,mixed_recording_holdout,distill,17,radar
20260920-192216-inBroken-115200,1,inBroken,50,1,0.03268841667100787,0.924662170112133,0.025760507327504456,0.01688890913501382,four_class_provisional_roi,1101,mixed_recording_holdout,distill,17,radar
20260920-193718-roll-115200,3,roll,51,3,0.018912017068656747,0.01081860505099244,0.01421901999114483,0.9560503632414574,four_class_provisional_roi,1101,mixed_recording_holdout,distill,17,radar
20260920-184058-normal-11520,0,normal,61,0,0.9700210192164437,0.012920327568579405,0.013847064074189936,0.0032115896565450327,four_class_provisional_roi,1101,mixed_recording_holdout,distill,42,radar
20260920-190913-outBroken-460800,2,outBroken,50,2,0.009361399225890637,0.0007709996402263642,0.984424421787262,0.005443178587593138,four_class_provisional_roi,1101,mixed_recording_holdout,distill,42,radar
20260920-192216-inBroken-115200,1,inBroken,50,1,0.036437418535351755,0.9211283802986145,0.01968112012371421,0.02275306818075478,four_class_provisional_roi,1101,mixed_recording_holdout,distill,42,radar
20260920-193718-roll-115200,3,roll,51,3,0.04360415130898165,0.015723788334677618,0.026602353759146498,0.9140696895180964,four_class_provisional_roi,1101,mixed_recording_holdout,distill,42,radar
20260920-184058-normal-11520,0,normal,61,0,0.9659613849686794,0.014664248090054169,0.014240944895465842,0.005133419251832806,four_class_provisional_roi,1101,mixed_recording_holdout,distill,73,radar
20260920-190913-outBroken-460800,2,outBroken,50,2,0.00744477835483849,0.0005555911766714416,0.9875371325016021,0.0044624940073117614,four_class_provisional_roi,1101,mixed_recording_holdout,distill,73,radar
20260920-192216-inBroken-115200,1,inBroken,50,1,0.029769336953759194,0.9308911284804344,0.01889765167143196,0.020441882493905723,four_class_provisional_roi,1101,mixed_recording_holdout,distill,73,radar
20260920-193718-roll-115200,3,roll,51,3,0.02368787000544698,0.013766006242447332,0.01797130648229344,0.9445748212290745,four_class_provisional_roi,1101,mixed_recording_holdout,distill,73,radar
20260920-184058-normal-11520,0,normal,61,0,0.9630043633648606,0.0155279981201423,0.014806577264041196,0.006661057059527146,four_class_provisional_roi,1101,mixed_recording_holdout,no_contrast,17,radar
20260920-190913-outBroken-460800,2,outBroken,50,2,0.010365326255559922,0.000886090315761976,0.9841951251029968,0.00455346580594778,four_class_provisional_roi,1101,mixed_recording_holdout,no_contrast,17,radar
20260920-192216-inBroken-115200,1,inBroken,50,1,0.033219566363841296,0.9226642084121705,0.02654203741811216,0.01757418243214488,four_class_provisional_roi,1101,mixed_recording_holdout,no_contrast,17,radar
20260920-193718-roll-115200,3,roll,51,3,0.018391551901860273,0.01061195524537242,0.013740134671987855,0.9572563475253535,four_class_provisional_roi,1101,mixed_recording_holdout,no_contrast,17,radar
20260920-184058-normal-11520,0,normal,61,0,0.9709715735716898,0.012584121019930625,0.013513465434862454,0.0029308409368062056,four_class_provisional_roi,1101,mixed_recording_holdout,no_contrast,42,radar
20260920-190913-outBroken-460800,2,outBroken,50,2,0.009233601549640298,0.0007103592349449173,0.9847806537151337,0.005275382879190147,four_class_provisional_roi,1101,mixed_recording_holdout,no_contrast,42,radar
20260920-192216-inBroken-115200,1,inBroken,50,1,0.037540272641927004,0.9201903575658799,0.019263243488967418,0.023006125688552856,four_class_provisional_roi,1101,mixed_recording_holdout,no_contrast,42,radar
20260920-193718-roll-115200,3,roll,51,3,0.045716783872693685,0.016541749914633294,0.027311627543074826,0.9104298486136922,four_class_provisional_roi,1101,mixed_recording_holdout,no_contrast,42,radar
20260920-184058-normal-11520,0,normal,61,0,0.9654277113617443,0.015014556488480236,0.014291737304969888,0.005266008533148065,four_class_provisional_roi,1101,mixed_recording_holdout,no_contrast,73,radar
20260920-190913-outBroken-460800,2,outBroken,50,2,0.0075883248448371885,0.0005632160225650296,0.9869789099693298,0.004869563938118517,four_class_provisional_roi,1101,mixed_recording_holdout,no_contrast,73,radar
20260920-192216-inBroken-115200,1,inBroken,50,1,0.031212898585945368,0.9278566417098045,0.018168538622558118,0.02276191615499556,four_class_provisional_roi,1101,mixed_recording_holdout,no_contrast,73,radar
20260920-193718-roll-115200,3,roll,51,3,0.02338354675585459,0.013899990389415738,0.01793213630569916,0.9447843245431489,four_class_provisional_roi,1101,mixed_recording_holdout,no_contrast,73,radar
20260920-184058-normal-11520,0,normal,61,0,0.9452530634207804,0.021628132769379946,0.0205593016838319,0.012559505358918524,four_class_provisional_roi,1101,mixed_recording_holdout,no_radar_CE,17,radar
20260920-190913-outBroken-460800,2,outBroken,50,2,0.012786874882876872,0.001176504484610632,0.9805916619300842,0.005444951360113919,four_class_provisional_roi,1101,mixed_recording_holdout,no_radar_CE,17,radar
20260920-192216-inBroken-115200,1,inBroken,50,1,0.033546288385987284,0.9261124366521836,0.023726912983693182,0.01661435249261558,four_class_provisional_roi,1101,mixed_recording_holdout,no_radar_CE,17,radar
20260920-193718-roll-115200,3,roll,51,3,0.013808541165952407,0.010627549210125032,0.014163930704086726,0.9613999747762493,four_class_provisional_roi,1101,mixed_recording_holdout,no_radar_CE,17,radar
20260920-184058-normal-11520,0,normal,61,0,0.9545308947563171,0.019025896439237185,0.019659279456331592,0.0067839364351353565,four_class_provisional_roi,1101,mixed_recording_holdout,no_radar_CE,42,radar
20260920-190913-outBroken-460800,2,outBroken,50,2,0.009718116782605648,0.0008827573584858328,0.9829718935489654,0.006427241945639253,four_class_provisional_roi,1101,mixed_recording_holdout,no_radar_CE,42,radar
20260920-192216-inBroken-115200,1,inBroken,50,1,0.04004542622715235,0.9194627904891968,0.0184434900758788,0.02204828765243292,four_class_provisional_roi,1101,mixed_recording_holdout,no_radar_CE,42,radar
20260920-193718-roll-115200,3,roll,51,3,0.032039419936778606,0.016263176130094363,0.02578711250395167,0.9259102877740767,four_class_provisional_roi,1101,mixed_recording_holdout,no_radar_CE,42,radar
20260920-184058-normal-11520,0,normal,61,0,0.9398139939933526,0.024784244619859536,0.02380472459815076,0.011597023168044378,four_class_provisional_roi,1101,mixed_recording_holdout,no_radar_CE,73,radar
20260920-190913-outBroken-460800,2,outBroken,50,2,0.008959350008517504,0.0006429859570926056,0.9859213674068451,0.004476294941268861,four_class_provisional_roi,1101,mixed_recording_holdout,no_radar_CE,73,radar
20260920-192216-inBroken-115200,1,inBroken,50,1,0.03597832728177309,0.9201893645524979,0.021968263392336665,0.02186404777690768,four_class_provisional_roi,1101,mixed_recording_holdout,no_radar_CE,73,radar
20260920-193718-roll-115200,3,roll,51,3,0.015329116879501288,0.0143197585883386,0.019330494306689382,0.9510206247077269,four_class_provisional_roi,1101,mixed_recording_holdout,no_radar_CE,73,radar
20260920-184058-normal-11520,0,normal,61,3,0.4468969087131688,0.013586060098204457,0.024639381492724183,0.5148776456957957,four_class_provisional_roi,1101,mixed_recording_holdout,shuffled,17,radar
20260920-190913-outBroken-460800,2,outBroken,50,2,0.02879200581461191,0.4723208296298981,0.48675309419631957,0.012134063355624676,four_class_provisional_roi,1101,mixed_recording_holdout,shuffled,17,radar
20260920-192216-inBroken-115200,1,inBroken,50,1,0.3372713127732277,0.5876707422733307,0.06798918437212706,0.007068759021349251,four_class_provisional_roi,1101,mixed_recording_holdout,shuffled,17,radar
20260920-193718-roll-115200,3,roll,51,2,0.035543669727356994,0.003914500867454883,0.48123083161372765,0.4793109969765532,four_class_provisional_roi,1101,mixed_recording_holdout,shuffled,17,radar
20260920-184058-normal-11520,0,normal,61,3,0.4545847617211889,0.015554659526611938,0.02453972329003889,0.5053208626684595,four_class_provisional_roi,1101,mixed_recording_holdout,shuffled,42,radar
20260920-190913-outBroken-460800,2,outBroken,50,2,0.029252509996294977,0.4644372773170471,0.492625350356102,0.013684880435466767,four_class_provisional_roi,1101,mixed_recording_holdout,shuffled,42,radar
20260920-192216-inBroken-115200,1,inBroken,50,1,0.34318077832460403,0.5754301106929779,0.0755617892742157,0.005827321605756879,four_class_provisional_roi,1101,mixed_recording_holdout,shuffled,42,radar
20260920-193718-roll-115200,3,roll,51,3,0.03967056310206067,0.00482935343147712,0.4607258535483304,0.4947742328924291,four_class_provisional_roi,1101,mixed_recording_holdout,shuffled,42,radar
20260920-184058-normal-11520,0,normal,61,3,0.46514002807804794,0.013945341262905324,0.01974796809133936,0.5011666583233192,four_class_provisional_roi,1101,mixed_recording_holdout,shuffled,73,radar
20260920-190913-outBroken-460800,2,outBroken,50,2,0.026592437773942948,0.4761159294843674,0.48712902903556826,0.010162602281197905,four_class_provisional_roi,1101,mixed_recording_holdout,shuffled,73,radar
20260920-192216-inBroken-115200,1,inBroken,50,1,0.3478286039829254,0.5879511386156082,0.058612863793969155,0.005607400415465235,four_class_provisional_roi,1101,mixed_recording_holdout,shuffled,73,radar
20260920-193718-roll-115200,3,roll,51,3,0.03715616650879383,0.00395095710615244,0.47905117024978,0.4798417050464481,four_class_provisional_roi,1101,mixed_recording_holdout,shuffled,73,radar
20260920-184058-normal-11520,0,normal,61,0,0.9773243294387567,0.0099310446988608,0.010676064971284788,0.002068559596692899,four_class_provisional_roi,1101,mixed_recording_holdout,distill_phase,17,radar
20260920-190913-outBroken-460800,2,outBroken,50,2,0.008066694689914585,0.0004982535005547107,0.9877614915370941,0.0036735512875020505,four_class_provisional_roi,1101,mixed_recording_holdout,distill_phase,17,radar
20260920-192216-inBroken-115200,1,inBroken,50,1,0.039930902514606716,0.9169813299179077,0.024125445648096502,0.01896232446655631,four_class_provisional_roi,1101,mixed_recording_holdout,distill_phase,17,radar
20260920-193718-roll-115200,3,roll,51,3,0.009005516571764304,0.01312278143550251,0.016618982382009134,0.9612527232544095,four_class_provisional_roi,1101,mixed_recording_holdout,distill_phase,17,radar
20260920-184058-normal-11520,0,normal,61,0,0.975590536828901,0.01062213822619104,0.011478989919433828,0.002308332444775514,four_class_provisional_roi,1101,mixed_recording_holdout,distill_phase,42,radar
20260920-190913-outBroken-460800,2,outBroken,50,2,0.006943915896117687,0.00042416495678480713,0.9893324863910675,0.003299420434050262,four_class_provisional_roi,1101,mixed_recording_holdout,distill_phase,42,radar
20260920-192216-inBroken-115200,1,inBroken,50,1,0.02416107088327408,0.959707498550415,0.0073041025060229005,0.008827317282557487,four_class_provisional_roi,1101,mixed_recording_holdout,distill_phase,42,radar
20260920-193718-roll-115200,3,roll,51,3,0.006630986359417804,0.01137038923836514,0.014839444569695522,0.9671591777427524,four_class_provisional_roi,1101,mixed_recording_holdout,distill_phase,42,radar
20260920-184058-normal-11520,0,normal,61,0,0.9798132865155329,0.008865208830684423,0.010038811453908194,0.0012826994824849192,four_class_provisional_roi,1101,mixed_recording_holdout,distill_phase,73,radar
20260920-190913-outBroken-460800,2,outBroken,50,2,0.009633600385859609,0.0005906383949331939,0.9857709467411041,0.004004814974032342,four_class_provisional_roi,1101,mixed_recording_holdout,distill_phase,73,radar
20260920-192216-inBroken-115200,1,inBroken,50,1,0.04297311544418335,0.9162873244285583,0.02226998705882579,0.018469579461961986,four_class_provisional_roi,1101,mixed_recording_holdout,distill_phase,73,radar
20260920-193718-roll-115200,3,roll,51,3,0.016208640011552467,0.013101003105368684,0.018099667992917637,0.9525906911083296,four_class_provisional_roi,1101,mixed_recording_holdout,distill_phase,73,radar
20260920-184058-normal-11520,0,normal,61,2,2.7508478906718626e-06,0.027204227903351485,0.9691167838485957,0.003676237400162311,four_class_provisional_roi,1101,mixed_recording_holdout,original_head,17,radar
20260920-190913-outBroken-460800,2,outBroken,50,2,1.4871759013046764e-05,0.14083740616972196,0.8306709959601742,0.028476726111090468,four_class_provisional_roi,1101,mixed_recording_holdout,original_head,17,radar
20260920-192216-inBroken-115200,1,inBroken,50,2,1.727565775472088e-07,0.05273963495978014,0.946317737107794,0.000942455175847855,four_class_provisional_roi,1101,mixed_recording_holdout,original_head,17,radar
20260920-193718-roll-115200,3,roll,51,2,3.928137486453036e-06,0.13352476262457807,0.8482999836786078,0.018171325559327798,four_class_provisional_roi,1101,mixed_recording_holdout,original_head,17,radar
20260920-184058-normal-11520,0,normal,61,2,2.811777111740034e-06,0.024667787229954823,0.9718430455368314,0.003486355456101977,four_class_provisional_roi,1101,mixed_recording_holdout,original_head,42,radar
20260920-190913-outBroken-460800,2,outBroken,50,2,1.3867626666221068e-05,0.14832980834246912,0.8241355762309968,0.027520747799868035,four_class_provisional_roi,1101,mixed_recording_holdout,original_head,42,radar
20260920-192216-inBroken-115200,1,inBroken,50,2,2.0367458956268456e-07,0.05653776832805338,0.9424439100200703,0.0010181179772868762,four_class_provisional_roi,1101,mixed_recording_holdout,original_head,42,radar
20260920-193718-roll-115200,3,roll,51,2,4.331141683756909e-06,0.12284311778349748,0.8592647502765757,0.017887800798243023,four_class_provisional_roi,1101,mixed_recording_holdout,original_head,42,radar
20260920-184058-normal-11520,0,normal,61,2,3.0454622924597414e-06,0.028475330221067647,0.9672635502060914,0.004258074110548201,four_class_provisional_roi,1101,mixed_recording_holdout,original_head,73,radar
20260920-190913-outBroken-460800,2,outBroken,50,2,1.4430530636600465e-05,0.14926331690564074,0.821138334087054,0.029583918476668844,four_class_provisional_roi,1101,mixed_recording_holdout,original_head,73,radar
20260920-192216-inBroken-115200,1,inBroken,50,2,2.2965888752110731e-07,0.05583963835872293,0.9430828452577111,0.0010772867246786188,four_class_provisional_roi,1101,mixed_recording_holdout,original_head,73,radar
20260920-193718-roll-115200,3,roll,51,2,4.1857869592080944e-06,0.13810082002592766,0.8422453057872851,0.01964968839982814,four_class_provisional_roi,1101,mixed_recording_holdout,original_head,73,radar
20260920-184058-normal-11520,0,normal,7,0,0.9501095467712185,0.004003286883831287,0.007969234732536966,0.03791793161241328,four_class_provisional_roi,1110,mixed_recording_holdout,contact_hidden,-1,contact
20260920-190512-outBroken-115200,2,outBroken,8,2,0.010189294342611482,0.00032894017875447645,0.9722693092723396,0.017212456206294486,four_class_provisional_roi,1110,mixed_recording_holdout,contact_hidden,-1,contact
20260920-192216-inBroken-115200,1,inBroken,8,1,0.035145691708449604,0.9218486250077483,0.001012039513296341,0.04199364377050576,four_class_provisional_roi,1110,mixed_recording_holdout,contact_hidden,-1,contact
20260920-194108-roll-460800,3,roll,3,3,0.0028728883990593954,0.10477331349472857,0.023268886517998893,0.8690849115882132,four_class_provisional_roi,1110,mixed_recording_holdout,contact_hidden,-1,contact
20260920-184058-normal-11520,0,normal,7,0,0.890507149422829,0.002637858200387555,0.010802082295279904,0.09605291008150343,four_class_provisional_roi,1110,mixed_recording_holdout,contact_xyz_hidden,-1,contact
20260920-190512-outBroken-115200,2,outBroken,8,2,0.010855757099586073,0.0002860358695467366,0.9773801935952211,0.011478013435646172,four_class_provisional_roi,1110,mixed_recording_holdout,contact_xyz_hidden,-1,contact
20260920-192216-inBroken-115200,1,inBroken,8,1,0.007814705589574703,0.9732668069965787,0.0005021901904073208,0.018416297223439206,four_class_provisional_roi,1110,mixed_recording_holdout,contact_xyz_hidden,-1,contact
20260920-194108-roll-460800,3,roll,3,3,0.00877561604855113,0.06601643762718364,0.0016619703057859897,0.9235459760184792,four_class_provisional_roi,1110,mixed_recording_holdout,contact_xyz_hidden,-1,contact
20260920-184058-normal-11520,0,normal,7,0,0.9859551725800981,0.0014786847768327744,0.0040382436747754035,0.00852789896829362,four_class_provisional_roi,1110,mixed_recording_holdout,contact_spectral,-1,contact
20260920-190512-outBroken-115200,2,outBroken,8,2,0.007733111078824215,0.0019122226518094331,0.9862081717216677,0.004146494547698614,four_class_provisional_roi,1110,mixed_recording_holdout,contact_spectral,-1,contact
20260920-192216-inBroken-115200,1,inBroken,8,1,0.0010270508049946211,0.9911118427089622,0.0007150194326715428,0.007146087053371542,four_class_provisional_roi,1110,mixed_recording_holdout,contact_spectral,-1,contact
20260920-194108-roll-460800,3,roll,3,3,0.004327362741270951,0.002993070095869786,0.0006949915189916511,0.9919845756438677,four_class_provisional_roi,1110,mixed_recording_holdout,contact_spectral,-1,contact
20260920-184058-normal-11520,0,normal,7,0,0.7977332507804235,0.012634046376460775,0.188843506377459,0.0007891964656567127,four_class_provisional_roi,1110,mixed_recording_holdout,contact_statistics,-1,contact
20260920-190512-outBroken-115200,2,outBroken,8,2,0.1376886605923506,0.030183695075909234,0.8202712297165407,0.011856414615199588,four_class_provisional_roi,1110,mixed_recording_holdout,contact_statistics,-1,contact
20260920-192216-inBroken-115200,1,inBroken,8,1,0.06353132151960868,0.7471509629947874,0.1768845997025761,0.012433115783027766,four_class_provisional_roi,1110,mixed_recording_holdout,contact_statistics,-1,contact
20260920-194108-roll-460800,3,roll,3,3,0.0001962790533243169,0.04302196655190155,0.0012396479248866007,0.9555421064698875,four_class_provisional_roi,1110,mixed_recording_holdout,contact_statistics,-1,contact
20260920-184058-normal-11520,0,normal,7,0,0.9084117237223994,0.012893238896599884,0.00950970735408055,0.06918533002692029,four_class_provisional_roi,1110,mixed_recording_holdout,contact_final_hidden,-1,contact
20260920-190512-outBroken-115200,2,outBroken,8,2,0.01261177494112012,0.0008294574562496077,0.9493397481819233,0.03721901942070682,four_class_provisional_roi,1110,mixed_recording_holdout,contact_final_hidden,-1,contact
20260920-192216-inBroken-115200,1,inBroken,8,1,0.03508640750599426,0.9226355619119236,0.0014192414230017564,0.040858789159080415,four_class_provisional_roi,1110,mixed_recording_holdout,contact_final_hidden,-1,contact
20260920-194108-roll-460800,3,roll,3,3,0.0014892955310456,0.16005238165458605,0.02351103664913164,0.8149472861652366,four_class_provisional_roi,1110,mixed_recording_holdout,contact_final_hidden,-1,contact
20260920-184058-normal-11520,0,normal,7,2,0.017362486571073532,0.03423421457409859,0.7772192358970642,0.17118413746356964,four_class_provisional_roi,1110,mixed_recording_holdout,contact_original,-1,contact
20260920-190512-outBroken-115200,2,outBroken,8,2,0.003059043549001217,0.13592824339866638,0.6606305241584778,0.20038221776485443,four_class_provisional_roi,1110,mixed_recording_holdout,contact_original,-1,contact
20260920-192216-inBroken-115200,1,inBroken,8,2,0.0009702183306217194,0.06122804060578346,0.9225758910179138,0.015225854702293873,four_class_provisional_roi,1110,mixed_recording_holdout,contact_original,-1,contact
20260920-194108-roll-460800,3,roll,3,2,0.00039004781865514815,0.18856340646743774,0.6605890393257141,0.1504574418067932,four_class_provisional_roi,1110,mixed_recording_holdout,contact_original,-1,contact
20260920-184058-normal-11520,0,normal,7,2,0.00026096560759469867,0.0042155045084655285,0.9896412491798401,0.005882244557142258,four_class_provisional_roi,1110,mixed_recording_holdout,contact_original_mean_hidden,-1,contact
20260920-190512-outBroken-115200,2,outBroken,8,2,2.5974071832024492e-05,0.22439271211624146,0.7362313866615295,0.039349865168333054,four_class_provisional_roi,1110,mixed_recording_holdout,contact_original_mean_hidden,-1,contact
20260920-192216-inBroken-115200,1,inBroken,8,2,9.242177867463397e-08,0.02269083634018898,0.9768703579902649,0.00043872048263438046,four_class_provisional_roi,1110,mixed_recording_holdout,contact_original_mean_hidden,-1,contact
20260920-194108-roll-460800,3,roll,3,2,7.2012721830105875e-06,0.15615111589431763,0.8102505803108215,0.033591128885746,four_class_provisional_roi,1110,mixed_recording_holdout,contact_original_mean_hidden,-1,contact
20260920-184058-normal-11520,0,normal,61,0,0.9472840757729801,0.0010047003989683517,0.0002802858469059926,0.05143093798114506,four_class_provisional_roi,1110,mixed_recording_holdout,radar_frame_shape,-1,radar
20260920-190512-outBroken-115200,2,outBroken,50,2,0.000833708009997484,0.002821226677443042,0.9942917671752108,0.002053298137348924,four_class_provisional_roi,1110,mixed_recording_holdout,radar_frame_shape,-1,radar
20260920-192216-inBroken-115200,1,inBroken,50,1,0.0010566255296705915,0.9166756889909342,0.0767569205780948,0.005510764901300479,four_class_provisional_roi,1110,mixed_recording_holdout,radar_frame_shape,-1,radar
20260920-194108-roll-460800,3,roll,51,3,0.0012346243291195887,0.0008892108397095459,0.00022403709288462237,0.9976521277382864,four_class_provisional_roi,1110,mixed_recording_holdout,radar_frame_shape,-1,radar
20260920-184058-normal-11520,0,normal,61,0,0.9878939604206575,0.00033129913065903704,0.00016264476132765143,0.011612095687356062,four_class_provisional_roi,1110,mixed_recording_holdout,radar_shape_phase,-1,radar
20260920-190512-outBroken-115200,2,outBroken,50,2,0.0004757208101388733,0.0013212117171744705,0.9969076812934916,0.0012953861791946723,four_class_provisional_roi,1110,mixed_recording_holdout,radar_shape_phase,-1,radar
20260920-192216-inBroken-115200,1,inBroken,50,1,0.0008135577478595396,0.9342253769469165,0.06146538363447768,0.0034956816707460564,four_class_provisional_roi,1110,mixed_recording_holdout,radar_shape_phase,-1,radar
20260920-194108-roll-460800,3,roll,51,3,0.0007122047264060726,0.00039773597837253454,0.00016121532126442116,0.9987288439739571,four_class_provisional_roi,1110,mixed_recording_holdout,radar_shape_phase,-1,radar
20260920-184058-normal-11520,0,normal,61,0,0.983568646708286,0.0038405328341918395,8.31533524113615e-05,0.012507667105110712,four_class_provisional_roi,1110,mixed_recording_holdout,radar_coherent_shape,-1,radar
20260920-190512-outBroken-115200,2,outBroken,50,2,3.5827292729416256e-05,0.008539775884892171,0.9831052698734711,0.008319126948907454,four_class_provisional_roi,1110,mixed_recording_holdout,radar_coherent_shape,-1,radar
20260920-192216-inBroken-115200,1,inBroken,50,3,1.595366379819533e-06,0.0013907170995043848,0.36257470989737134,0.6360329776367442,four_class_provisional_roi,1110,mixed_recording_holdout,radar_coherent_shape,-1,radar
20260920-194108-roll-460800,3,roll,51,3,0.0007055881538344366,0.00016025426160483895,0.0003767973901320052,0.9987573601944287,four_class_provisional_roi,1110,mixed_recording_holdout,radar_coherent_shape,-1,radar
20260920-184058-normal-11520,0,normal,61,0,0.9208594001605402,0.00024193165716383664,0.0007321861472127993,0.0781664820350834,four_class_provisional_roi,1110,mixed_recording_holdout,radar_time_stats,-1,radar
20260920-190512-outBroken-115200,2,outBroken,50,2,0.0005397673821719367,0.1707844730734754,0.7431383550851487,0.08553740445920409,four_class_provisional_roi,1110,mixed_recording_holdout,radar_time_stats,-1,radar
20260920-192216-inBroken-115200,1,inBroken,50,2,8.461664866723043e-05,0.20427714351345114,0.4286168165228881,0.36702142331499354,four_class_provisional_roi,1110,mixed_recording_holdout,radar_time_stats,-1,radar
20260920-194108-roll-460800,3,roll,51,3,0.03366552734483944,0.03452704539545076,0.05810758504268718,0.8736998422170228,four_class_provisional_roi,1110,mixed_recording_holdout,radar_time_stats,-1,radar
20260920-184058-normal-11520,0,normal,61,0,0.34220264880129875,0.34220263484954444,0.007971978037722052,0.30762273831143483,four_class_provisional_roi,1110,mixed_recording_holdout,radar_confound_distance,-1,radar
20260920-190512-outBroken-115200,2,outBroken,50,2,0.0002605913885915958,0.0002605913887371775,0.9710718213755194,0.028406995847150892,four_class_provisional_roi,1110,mixed_recording_holdout,radar_confound_distance,-1,radar
20260920-192216-inBroken-115200,1,inBroken,50,0,0.342202648801299,0.34220263484954416,0.007971978037722056,0.30762273831143505,four_class_provisional_roi,1110,mixed_recording_holdout,radar_confound_distance,-1,radar
20260920-194108-roll-460800,3,roll,51,3,0.3153667451363518,0.31536673289936745,0.012998963501611602,0.35626755846266883,four_class_provisional_roi,1110,mixed_recording_holdout,radar_confound_distance,-1,radar
20260920-184058-normal-11520,0,normal,61,0,0.9923590023919283,0.0030111970381887956,0.0011348086297112453,0.003494991940171503,four_class_provisional_roi,1110,mixed_recording_holdout,radar_confound_raw_amp,-1,radar
20260920-190512-outBroken-115200,2,outBroken,50,2,0.001971402437098997,0.00025064326391775163,0.9961474797160312,0.0016304745829520168,four_class_provisional_roi,1110,mixed_recording_holdout,radar_confound_raw_amp,-1,radar
20260920-192216-inBroken-115200,1,inBroken,50,1,0.0024971260923444807,0.9895135620253483,0.000528701004470986,0.007460610877836412,four_class_provisional_roi,1110,mixed_recording_holdout,radar_confound_raw_amp,-1,radar
20260920-194108-roll-460800,3,roll,51,3,0.001973525329522639,0.006236733821585916,0.0016761429302277777,0.9901135979186636,four_class_provisional_roi,1110,mixed_recording_holdout,radar_confound_raw_amp,-1,radar
20260920-184058-normal-11520,0,normal,61,0,0.9675813971972856,0.00018177550499726228,0.00011469029958207699,0.032122128757229626,four_class_provisional_roi,1110,mixed_recording_holdout,supervised,17,radar
20260920-190512-outBroken-115200,2,outBroken,50,2,3.861886074446374e-05,7.336723174375948e-05,0.999840431213379,4.757484766741982e-05,four_class_provisional_roi,1110,mixed_recording_holdout,supervised,17,radar
20260920-192216-inBroken-115200,1,inBroken,50,1,0.00026916110946331175,0.989563661813736,0.0097143149227486,0.0004528675131587079,four_class_provisional_roi,1110,mixed_recording_holdout,supervised,17,radar
20260920-194108-roll-460800,3,roll,51,3,8.49891943084467e-06,1.2453760561191872e-06,1.0101891317104923e-05,0.9999801551594454,four_class_provisional_roi,1110,mixed_recording_holdout,supervised,17,radar
20260920-184058-normal-11520,0,normal,61,0,0.9563785857353054,0.00011732158100876106,3.9878043837614345e-05,0.043464213505528475,four_class_provisional_roi,1110,mixed_recording_holdout,supervised,42,radar
20260920-190512-outBroken-115200,2,outBroken,50,2,2.2648912636213937e-05,4.8361460576415995e-05,0.9999053776264191,2.360554890401545e-05,four_class_provisional_roi,1110,mixed_recording_holdout,supervised,42,radar
20260920-192216-inBroken-115200,1,inBroken,50,1,0.0011121561232721434,0.9690388947725296,0.028372092028730547,0.001476845394427073,four_class_provisional_roi,1110,mixed_recording_holdout,supervised,42,radar
20260920-194108-roll-460800,3,roll,51,3,2.3537232682072356e-05,3.340584331168679e-05,2.7041152754784835e-05,0.9999160158867929,four_class_provisional_roi,1110,mixed_recording_holdout,supervised,42,radar
20260920-184058-normal-11520,0,normal,61,0,0.9728873259708529,7.589000756897654e-05,2.2567289081097607e-05,0.02701421869238909,four_class_provisional_roi,1110,mixed_recording_holdout,supervised,73,radar
20260920-190512-outBroken-115200,2,outBroken,50,2,2.426680281132576e-05,4.878159121290082e-05,0.999858672618866,6.827462631918024e-05,four_class_provisional_roi,1110,mixed_recording_holdout,supervised,73,radar
20260920-192216-inBroken-115200,1,inBroken,50,1,0.0006511883605708136,0.9850413584709168,0.01346582625512383,0.000841613617958501,four_class_provisional_roi,1110,mixed_recording_holdout,supervised,73,radar
20260920-194108-roll-460800,3,roll,51,3,8.082110235930076e-06,2.0242248285962977e-05,2.9076072874601116e-05,0.9999425855337405,four_class_provisional_roi,1110,mixed_recording_holdout,supervised,73,radar
20260920-184058-normal-11520,0,normal,61,0,0.9675214505586468,0.0002918670875484078,0.0005622366067252531,0.03162443607074178,four_class_provisional_roi,1110,mixed_recording_holdout,head_only,17,radar
20260920-190512-outBroken-115200,2,outBroken,50,2,0.00012629712364287116,5.302174254211423e-06,0.9997539162635803,0.00011448369215941057,four_class_provisional_roi,1110,mixed_recording_holdout,head_only,17,radar
20260920-192216-inBroken-115200,1,inBroken,50,1,0.0033519012597389517,0.9574664424359799,0.033489292078302244,0.005692368232412264,four_class_provisional_roi,1110,mixed_recording_holdout,head_only,17,radar
20260920-194108-roll-460800,3,roll,51,3,1.4015248093617665e-05,5.318238746600828e-05,3.768966748526402e-05,0.9998951016687879,four_class_provisional_roi,1110,mixed_recording_holdout,head_only,17,radar
20260920-184058-normal-11520,0,normal,61,0,0.951834348259402,0.0006242836961526516,0.0005182916402936528,0.04702306310210573,four_class_provisional_roi,1110,mixed_recording_holdout,head_only,42,radar
20260920-190512-outBroken-115200,2,outBroken,50,2,0.00012939544074470178,2.6460122480784776e-05,0.9997388422489166,0.00010530357743846253,four_class_provisional_roi,1110,mixed_recording_holdout,head_only,42,radar
20260920-192216-inBroken-115200,1,inBroken,50,1,0.002206549682014156,0.9764714229106903,0.019404050488665236,0.001917964547756128,four_class_provisional_roi,1110,mixed_recording_holdout,head_only,42,radar
20260920-194108-roll-460800,3,roll,51,3,1.8927767247506007e-05,4.093519061700813e-05,5.196154335648958e-05,0.9998881664930606,four_class_provisional_roi,1110,mixed_recording_holdout,head_only,42,radar
20260920-184058-normal-11520,0,normal,61,0,0.9638738085011966,0.0008185663717712055,0.000771375882501817,0.03453624904762841,four_class_provisional_roi,1110,mixed_recording_holdout,head_only,73,radar
20260920-190512-outBroken-115200,2,outBroken,50,2,0.00022247199201956393,1.7156784051621797e-05,0.9996674168109894,9.294510331528727e-05,four_class_provisional_roi,1110,mixed_recording_holdout,head_only,73,radar
20260920-192216-inBroken-115200,1,inBroken,50,1,0.0022539241521735676,0.9841313618421554,0.011078331240496482,0.0025363900074444248,four_class_provisional_roi,1110,mixed_recording_holdout,head_only,73,radar
20260920-194108-roll-460800,3,roll,51,3,1.5632466730654842e-05,0.00010778520406936022,8.438396595438997e-05,0.999792191327787,four_class_provisional_roi,1110,mixed_recording_holdout,head_only,73,radar
20260920-184058-normal-11520,0,normal,61,0,0.9174665007434908,0.01330166562750447,0.0077830341178923845,0.06144880224019289,four_class_provisional_roi,1110,mixed_recording_holdout,distill,17,radar
20260920-190512-outBroken-115200,2,outBroken,50,2,0.004240907127968967,9.175907987810206e-05,0.9862979423999786,0.009369387160986661,four_class_provisional_roi,1110,mixed_recording_holdout,distill,17,radar
20260920-192216-inBroken-115200,1,inBroken,50,1,0.04911944434046745,0.7827014628797769,0.047585430841427294,0.12059365790337324,four_class_provisional_roi,1110,mixed_recording_holdout,distill,17,radar
20260920-194108-roll-460800,3,roll,51,3,0.004159385580386894,0.011941718398684673,0.00406443285664507,0.9798344595759523,four_class_provisional_roi,1110,mixed_recording_holdout,distill,17,radar
20260920-184058-normal-11520,0,normal,61,0,0.9093375508902503,0.013679085322274048,0.010278473260858264,0.06670489183962956,four_class_provisional_roi,1110,mixed_recording_holdout,distill,42,radar
20260920-190512-outBroken-115200,2,outBroken,50,2,0.004145898721180857,7.703277493419592e-05,0.9860320901870727,0.009744986472651363,four_class_provisional_roi,1110,mixed_recording_holdout,distill,42,radar
20260920-192216-inBroken-115200,1,inBroken,50,1,0.05942086460068822,0.8015059155225753,0.039266046765260396,0.09980718567967414,four_class_provisional_roi,1110,mixed_recording_holdout,distill,42,radar
20260920-194108-roll-460800,3,roll,51,3,0.00659998210932256,0.013767910217318465,0.0063699221777200115,0.9732621686131346,four_class_provisional_roi,1110,mixed_recording_holdout,distill,42,radar
20260920-184058-normal-11520,0,normal,61,0,0.9032589333956359,0.013894272678088947,0.007696182211311382,0.07515061724946269,four_class_provisional_roi,1110,mixed_recording_holdout,distill,73,radar
20260920-190512-outBroken-115200,2,outBroken,50,2,0.004166242145001889,8.100894301605876e-05,0.9874824655055999,0.00827028913423419,four_class_provisional_roi,1110,mixed_recording_holdout,distill,73,radar
20260920-192216-inBroken-115200,1,inBroken,50,1,0.05329253761097789,0.8234089574217797,0.023452827567234637,0.09984568748623132,four_class_provisional_roi,1110,mixed_recording_holdout,distill,73,radar
20260920-194108-roll-460800,3,roll,51,3,0.004502150138803557,0.009385330200779671,0.0047979242095322,0.9813146030201632,four_class_provisional_roi,1110,mixed_recording_holdout,distill,73,radar
20260920-184058-normal-11520,0,normal,61,0,0.9167974224833192,0.013704286075242962,0.007876035890954196,0.06162226008113901,four_class_provisional_roi,1110,mixed_recording_holdout,no_contrast,17,radar
20260920-190512-outBroken-115200,2,outBroken,50,2,0.004248360120691359,9.034083690494299e-05,0.9864884376525879,0.009172873301431538,four_class_provisional_roi,1110,mixed_recording_holdout,no_contrast,17,radar
20260920-192216-inBroken-115200,1,inBroken,50,1,0.04866761839017272,0.7822800212353468,0.04926830059150234,0.11978405576199293,four_class_provisional_roi,1110,mixed_recording_holdout,no_contrast,17,radar
20260920-194108-roll-460800,3,roll,51,3,0.004208932598760607,0.01203896785976694,0.004096677622703069,0.9796554177415138,four_class_provisional_roi,1110,mixed_recording_holdout,no_contrast,17,radar
20260920-184058-normal-11520,0,normal,61,0,0.9107734839447209,0.013555031376661824,0.01036682428761584,0.06530465255491436,four_class_provisional_roi,1110,mixed_recording_holdout,no_contrast,42,radar
20260920-190512-outBroken-115200,2,outBroken,50,2,0.004176442525349557,7.777700477163308e-05,0.9861805725097657,0.009565207548439503,four_class_provisional_roi,1110,mixed_recording_holdout,no_contrast,42,radar
20260920-192216-inBroken-115200,1,inBroken,50,1,0.05561733355745673,0.8136196529865265,0.03675512588117272,0.09400788284838199,four_class_provisional_roi,1110,mixed_recording_holdout,no_contrast,42,radar
20260920-194108-roll-460800,3,roll,51,3,0.0067053820810043345,0.013898949901226396,0.006480495253687396,0.9729151819266525,four_class_provisional_roi,1110,mixed_recording_holdout,no_contrast,42,radar
20260920-184058-normal-11520,0,normal,61,0,0.8989896188016797,0.014274806517069458,0.007873113270940596,0.07886245961255225,four_class_provisional_roi,1110,mixed_recording_holdout,no_contrast,73,radar
20260920-190512-outBroken-115200,2,outBroken,50,2,0.0041209713043645025,7.787214279233013e-05,0.9878706622123719,0.007930502323433756,four_class_provisional_roi,1110,mixed_recording_holdout,no_contrast,73,radar
20260920-192216-inBroken-115200,1,inBroken,50,1,0.05617014143615961,0.8220263734459877,0.02248793496051803,0.09931554052978754,four_class_provisional_roi,1110,mixed_recording_holdout,no_contrast,73,radar
20260920-194108-roll-460800,3,roll,51,3,0.004484518632000568,0.009336237813912187,0.0046793118566639865,0.9814999407412959,four_class_provisional_roi,1110,mixed_recording_holdout,no_contrast,73,radar
20260920-184058-normal-11520,0,normal,61,0,0.9082575547890585,0.01697779369738991,0.009567772419970543,0.065196875139277,four_class_provisional_roi,1110,mixed_recording_holdout,no_radar_CE,17,radar
20260920-190512-outBroken-115200,2,outBroken,50,2,0.004553908044472337,0.00010039946362667252,0.9838484585285187,0.011497243605554104,four_class_provisional_roi,1110,mixed_recording_holdout,no_radar_CE,17,radar
20260920-192216-inBroken-115200,1,inBroken,50,1,0.06323964754119515,0.7166032477468253,0.05873385997954756,0.1614232423901558,four_class_provisional_roi,1110,mixed_recording_holdout,no_radar_CE,17,radar
20260920-194108-roll-460800,3,roll,51,3,0.004740198982842997,0.015278316285534232,0.0045802226500110885,0.9754012706233006,four_class_provisional_roi,1110,mixed_recording_holdout,no_radar_CE,17,radar
20260920-184058-normal-11520,0,normal,61,0,0.908746289425209,0.015539461891853908,0.010956196011364704,0.06475804481258401,four_class_provisional_roi,1110,mixed_recording_holdout,no_radar_CE,42,radar
20260920-190512-outBroken-115200,2,outBroken,50,2,0.00460066971834749,8.886071569577325e-05,0.9834710824489593,0.011839383468031883,four_class_provisional_roi,1110,mixed_recording_holdout,no_radar_CE,42,radar
20260920-192216-inBroken-115200,1,inBroken,50,1,0.07455012314021588,0.7427292478084564,0.04683977397158742,0.13588085524737836,four_class_provisional_roi,1110,mixed_recording_holdout,no_radar_CE,42,radar
20260920-194108-roll-460800,3,roll,51,3,0.006904251138478809,0.014314192927022483,0.006908023898836737,0.9718735311545578,four_class_provisional_roi,1110,mixed_recording_holdout,no_radar_CE,42,radar
20260920-184058-normal-11520,0,normal,61,0,0.9017383040951901,0.01652921449973202,0.009231420848365934,0.0725010559802539,four_class_provisional_roi,1110,mixed_recording_holdout,no_radar_CE,73,radar
20260920-190512-outBroken-115200,2,outBroken,50,2,0.004823227454908192,9.316240735643077e-05,0.9847201418876648,0.010363453039899469,four_class_provisional_roi,1110,mixed_recording_holdout,no_radar_CE,73,radar
20260920-192216-inBroken-115200,1,inBroken,50,1,0.07038536883890628,0.762743311226368,0.032353571904823186,0.1345177547633648,four_class_provisional_roi,1110,mixed_recording_holdout,no_radar_CE,73,radar
20260920-194108-roll-460800,3,roll,51,3,0.0046635406849650195,0.010643892483237912,0.005283355014398694,0.9794091991349763,four_class_provisional_roi,1110,mixed_recording_holdout,no_radar_CE,73,radar
20260920-184058-normal-11520,0,normal,61,3,0.4685173684456309,0.014920843684984768,0.041871410382331394,0.4746903762465618,four_class_provisional_roi,1110,mixed_recording_holdout,shuffled,17,radar
20260920-190512-outBroken-115200,2,outBroken,50,1,0.027302303798496724,0.47137084424495695,0.4653037291765213,0.036023110598325726,four_class_provisional_roi,1110,mixed_recording_holdout,shuffled,17,radar
20260920-192216-inBroken-115200,1,inBroken,50,1,0.2882835215330124,0.6358603191375732,0.05024625096470117,0.025609910022467375,four_class_provisional_roi,1110,mixed_recording_holdout,shuffled,17,radar
20260920-194108-roll-460800,3,roll,51,3,0.004557789588694041,0.00025970303292577974,0.4548390501854466,0.540343454655479,four_class_provisional_roi,1110,mixed_recording_holdout,shuffled,17,radar
20260920-184058-normal-11520,0,normal,61,3,0.47007973895209737,0.017369792338643896,0.03568896753560813,0.4768614983949505,four_class_provisional_roi,1110,mixed_recording_holdout,shuffled,42,radar
20260920-190512-outBroken-115200,2,outBroken,50,1,0.028316115103662012,0.47370485961437225,0.4655393034219742,0.03243971899151802,four_class_provisional_roi,1110,mixed_recording_holdout,shuffled,42,radar
20260920-192216-inBroken-115200,1,inBroken,50,1,0.2968782693147659,0.6238745248317719,0.05357772622257471,0.025669472757726908,four_class_provisional_roi,1110,mixed_recording_holdout,shuffled,42,radar
20260920-194108-roll-460800,3,roll,51,3,0.007108132697313148,0.0005624659807996496,0.4550969495492823,0.5372324480729944,four_class_provisional_roi,1110,mixed_recording_holdout,shuffled,42,radar
20260920-184058-normal-11520,0,normal,61,0,0.48465588078147076,0.015192630288542295,0.026719791662009038,0.4734317059399652,four_class_provisional_roi,1110,mixed_recording_holdout,shuffled,73,radar
20260920-190512-outBroken-115200,2,outBroken,50,1,0.026816962137818336,0.4807934826612473,0.459038662314415,0.03335089862346649,four_class_provisional_roi,1110,mixed_recording_holdout,shuffled,73,radar
20260920-192216-inBroken-115200,1,inBroken,50,1,0.3237827637791634,0.6115125751495362,0.04012980671599507,0.024574850983917713,four_class_provisional_roi,1110,mixed_recording_holdout,shuffled,73,radar
20260920-194108-roll-460800,3,roll,51,3,0.0050488464196449985,0.00037105480370490683,0.4526718293919283,0.5419082758473415,four_class_provisional_roi,1110,mixed_recording_holdout,shuffled,73,radar
20260920-184058-normal-11520,0,normal,61,0,0.9637183937870089,0.008303441832483303,0.005468646581590054,0.022509515670998417,four_class_provisional_roi,1110,mixed_recording_holdout,distill_phase,17,radar
20260920-190512-outBroken-115200,2,outBroken,50,2,0.0037915339227765797,7.451656529156025e-05,0.9866112911701203,0.009522657245397567,four_class_provisional_roi,1110,mixed_recording_holdout,distill_phase,17,radar
20260920-192216-inBroken-115200,1,inBroken,50,1,0.0415923567302525,0.8935321426391601,0.008442153722862713,0.056433352679014205,four_class_provisional_roi,1110,mixed_recording_holdout,distill_phase,17,radar
20260920-194108-roll-460800,3,roll,51,3,0.004653526355932448,0.009733038917914326,0.005045995545372659,0.9805674447732813,four_class_provisional_roi,1110,mixed_recording_holdout,distill_phase,17,radar
20260920-184058-normal-11520,0,normal,61,0,0.964476827715264,0.00936790809920821,0.006480120126249604,0.01967513339868823,four_class_provisional_roi,1110,mixed_recording_holdout,distill_phase,42,radar
20260920-190512-outBroken-115200,2,outBroken,50,2,0.0034327065665274857,6.903594214236364e-05,0.9880189406871795,0.008479317696765066,four_class_provisional_roi,1110,mixed_recording_holdout,distill_phase,42,radar
20260920-192216-inBroken-115200,1,inBroken,50,1,0.018220369648188354,0.9394293868541718,0.004210140864015557,0.03814010351896286,four_class_provisional_roi,1110,mixed_recording_holdout,distill_phase,42,radar
20260920-194108-roll-460800,3,roll,51,3,0.005247024814689569,0.010381935730430425,0.004999944036278655,0.9793710825490016,four_class_provisional_roi,1110,mixed_recording_holdout,distill_phase,42,radar
20260920-184058-normal-11520,0,normal,61,0,0.9712417682663339,0.008362876766620845,0.005594000254650829,0.014801352987157517,four_class_provisional_roi,1110,mixed_recording_holdout,distill_phase,73,radar
20260920-190512-outBroken-115200,2,outBroken,50,2,0.0031138183362782,6.753354340617079e-05,0.9881915962696075,0.008627056684345007,four_class_provisional_roi,1110,mixed_recording_holdout,distill_phase,73,radar
20260920-192216-inBroken-115200,1,inBroken,50,1,0.03012399934232235,0.9019740074872971,0.009433562004705891,0.058468423187732696,four_class_provisional_roi,1110,mixed_recording_holdout,distill_phase,73,radar
20260920-194108-roll-460800,3,roll,51,3,0.005483663736787789,0.010395128216010099,0.004894759254895297,0.9792264548002505,four_class_provisional_roi,1110,mixed_recording_holdout,distill_phase,73,radar
20260920-184058-normal-11520,0,normal,61,2,2.3579978653826555e-06,0.024391123597817588,0.9720159684806644,0.003590549923652468,four_class_provisional_roi,1110,mixed_recording_holdout,original_head,17,radar
20260920-190512-outBroken-115200,2,outBroken,50,2,1.6495278168585504e-05,0.11372875366668858,0.8603133374554025,0.02594141359974049,four_class_provisional_roi,1110,mixed_recording_holdout,original_head,17,radar
20260920-192216-inBroken-115200,1,inBroken,50,2,2.3721708891925773e-07,0.047564853366154826,0.9513377222233389,0.0010971871934173955,four_class_provisional_roi,1110,mixed_recording_holdout,original_head,17,radar
20260920-194108-roll-460800,3,roll,51,2,8.929393730097127e-07,0.033928242547862,0.9605057828161148,0.00556508169665015,four_class_provisional_roi,1110,mixed_recording_holdout,original_head,17,radar
20260920-184058-normal-11520,0,normal,61,2,2.5016042302435192e-06,0.02446411844206665,0.971975516241487,0.003557863712216016,four_class_provisional_roi,1110,mixed_recording_holdout,original_head,42,radar
20260920-190512-outBroken-115200,2,outBroken,50,2,1.616176743120444e-05,0.09868049352400078,0.8755842122779884,0.025719132430579265,four_class_provisional_roi,1110,mixed_recording_holdout,original_head,42,radar
20260920-192216-inBroken-115200,1,inBroken,50,2,3.1165384093118156e-07,0.05237640491256305,0.9463649144558175,0.0012583689777784872,four_class_provisional_roi,1110,mixed_recording_holdout,original_head,42,radar
20260920-194108-roll-460800,3,roll,51,2,9.198562581193785e-07,0.03506125623661137,0.9589904320192668,0.005947391887863489,four_class_provisional_roi,1110,mixed_recording_holdout,original_head,42,radar
20260920-184058-normal-11520,0,normal,61,2,2.4520649173426493e-06,0.02470714556415785,0.971518115976062,0.003772286394862605,four_class_provisional_roi,1110,mixed_recording_holdout,original_head,73,radar
20260920-190512-outBroken-115200,2,outBroken,50,2,1.530561872078667e-05,0.10078519324357238,0.874837250503957,0.024362250633749815,four_class_provisional_roi,1110,mixed_recording_holdout,original_head,73,radar
20260920-192216-inBroken-115200,1,inBroken,50,2,2.9544330624180983e-07,0.05401764374002279,0.9447130277836432,0.0012690330330279243,four_class_provisional_roi,1110,mixed_recording_holdout,original_head,73,radar
20260920-194108-roll-460800,3,roll,51,2,8.85994267854262e-07,0.034944078401331284,0.959277482411483,0.005777553192918155,four_class_provisional_roi,1110,mixed_recording_holdout,original_head,73,radar
20260920-184058-normal-11520,0,normal,7,0,0.9774835949919671,0.01259476063435302,0.005143843639601011,0.004777800734078795,four_class_provisional_roi,1111,460800_to_115200,contact_hidden,-1,contact
20260920-190512-outBroken-115200,2,outBroken,8,2,0.02921281200251738,0.0008814953243671767,0.9206850294106238,0.04922066326249168,four_class_provisional_roi,1111,460800_to_115200,contact_hidden,-1,contact
20260920-192216-inBroken-115200,1,inBroken,8,1,0.027750003678811846,0.9622107840349262,0.00330186263397871,0.006737349652283261,four_class_provisional_roi,1111,460800_to_115200,contact_hidden,-1,contact
20260920-193718-roll-115200,3,roll,9,3,0.12097028241216316,0.34213949181116626,0.10948594479917731,0.42740428097749317,four_class_provisional_roi,1111,460800_to_115200,contact_hidden,-1,contact
20260920-184058-normal-11520,0,normal,7,0,0.8417297030642253,0.006886597258337303,0.1503594645363648,0.0010242351410725983,four_class_provisional_roi,1111,460800_to_115200,contact_xyz_hidden,-1,contact
20260920-190512-outBroken-115200,2,outBroken,8,2,0.0184913344430375,0.0011959217780101064,0.9678138801534907,0.012498863625461787,four_class_provisional_roi,1111,460800_to_115200,contact_xyz_hidden,-1,contact
20260920-192216-inBroken-115200,1,inBroken,8,1,0.008010544492719976,0.9877983710907838,0.0015986608921393223,0.002592423524356771,four_class_provisional_roi,1111,460800_to_115200,contact_xyz_hidden,-1,contact
20260920-193718-roll-115200,3,roll,9,1,0.020390252147785372,0.4113992353608345,0.19911617467563814,0.369094337815742,four_class_provisional_roi,1111,460800_to_115200,contact_xyz_hidden,-1,contact
20260920-184058-normal-11520,0,normal,7,0,0.9868258593852917,0.0020285982725085873,0.0053941541166720374,0.0057513882255276075,four_class_provisional_roi,1111,460800_to_115200,contact_spectral,-1,contact
20260920-190512-outBroken-115200,2,outBroken,8,2,0.008197596975065915,0.002512433049768197,0.9882168755912578,0.0010730943839080587,four_class_provisional_roi,1111,460800_to_115200,contact_spectral,-1,contact
20260920-192216-inBroken-115200,1,inBroken,8,1,0.0015553680787979034,0.9941037925546105,0.0014045970463949522,0.002936242320196687,four_class_provisional_roi,1111,460800_to_115200,contact_spectral,-1,contact
20260920-193718-roll-115200,3,roll,9,3,0.019622901509005735,0.03605344462138507,0.10714299059158226,0.837180663278027,four_class_provisional_roi,1111,460800_to_115200,contact_spectral,-1,contact
20260920-184058-normal-11520,0,normal,7,0,0.7548094241797066,0.016047679334517277,0.22879851899602263,0.0003443774897534157,four_class_provisional_roi,1111,460800_to_115200,contact_statistics,-1,contact
20260920-190512-outBroken-115200,2,outBroken,8,2,0.15061030993896019,0.02719395226473822,0.8193177961134713,0.002877941682830115,four_class_provisional_roi,1111,460800_to_115200,contact_statistics,-1,contact
20260920-192216-inBroken-115200,1,inBroken,8,1,0.061018982636611964,0.7980739216174713,0.12938591959396514,0.011521176151951702,four_class_provisional_roi,1111,460800_to_115200,contact_statistics,-1,contact
20260920-193718-roll-115200,3,roll,9,3,0.002066984594145253,0.06967189485195267,0.12248544080168533,0.8057756797522168,four_class_provisional_roi,1111,460800_to_115200,contact_statistics,-1,contact
20260920-184058-normal-11520,0,normal,7,0,0.9526988772375128,0.033588827028898614,0.004887496350225367,0.008824799383363177,four_class_provisional_roi,1111,460800_to_115200,contact_final_hidden,-1,contact
20260920-190512-outBroken-115200,2,outBroken,8,2,0.044375384262572704,0.0014457393450318867,0.8916234459404098,0.06255543045198579,four_class_provisional_roi,1111,460800_to_115200,contact_final_hidden,-1,contact
20260920-192216-inBroken-115200,1,inBroken,8,1,0.028141636612836817,0.9568499337320756,0.0032803476103159855,0.011728082044771597,four_class_provisional_roi,1111,460800_to_115200,contact_final_hidden,-1,contact
20260920-193718-roll-115200,3,roll,9,3,0.12523941608939015,0.37972583379612923,0.08262398385369042,0.41241076626079026,four_class_provisional_roi,1111,460800_to_115200,contact_final_hidden,-1,contact
20260920-184058-normal-11520,0,normal,7,2,0.017362486571073532,0.03423421457409859,0.7772192358970642,0.17118413746356964,four_class_provisional_roi,1111,460800_to_115200,contact_original,-1,contact
20260920-190512-outBroken-115200,2,outBroken,8,2,0.003059043549001217,0.13592824339866638,0.6606305241584778,0.20038221776485443,four_class_provisional_roi,1111,460800_to_115200,contact_original,-1,contact
20260920-192216-inBroken-115200,1,inBroken,8,2,0.0009702183306217194,0.06122804060578346,0.9225758910179138,0.015225854702293873,four_class_provisional_roi,1111,460800_to_115200,contact_original,-1,contact
20260920-193718-roll-115200,3,roll,9,2,0.006577568128705025,0.08760348707437515,0.7687318921089172,0.13708701729774475,four_class_provisional_roi,1111,460800_to_115200,contact_original,-1,contact
20260920-184058-normal-11520,0,normal,7,2,0.00026096560759469867,0.0042155045084655285,0.9896412491798401,0.005882244557142258,four_class_provisional_roi,1111,460800_to_115200,contact_original_mean_hidden,-1,contact
20260920-190512-outBroken-115200,2,outBroken,8,2,2.5974071832024492e-05,0.22439271211624146,0.7362313866615295,0.039349865168333054,four_class_provisional_roi,1111,460800_to_115200,contact_original_mean_hidden,-1,contact
20260920-192216-inBroken-115200,1,inBroken,8,2,9.242177867463397e-08,0.02269083634018898,0.9768703579902649,0.00043872048263438046,four_class_provisional_roi,1111,460800_to_115200,contact_original_mean_hidden,-1,contact
20260920-193718-roll-115200,3,roll,9,2,3.502665776977665e-06,0.03880308195948601,0.9500135779380798,0.011179906316101551,four_class_provisional_roi,1111,460800_to_115200,contact_original_mean_hidden,-1,contact
20260920-184058-normal-11520,0,normal,61,0,0.9824596157780657,0.0009128786554132548,0.00023023272200423084,0.016397272844516707,four_class_provisional_roi,1111,460800_to_115200,radar_frame_shape,-1,radar
20260920-190512-outBroken-115200,2,outBroken,50,2,0.0018883255619912076,0.0030639716879678615,0.9942452887883618,0.0008024139616790928,four_class_provisional_roi,1111,460800_to_115200,radar_frame_shape,-1,radar
20260920-192216-inBroken-115200,1,inBroken,50,1,0.0011207527002787523,0.9291013002090978,0.06337273212119539,0.006405214969427972,four_class_provisional_roi,1111,460800_to_115200,radar_frame_shape,-1,radar
20260920-193718-roll-115200,3,roll,51,3,0.04141739637487826,0.0012370574483139413,0.001318537059529686,0.9560270091172781,four_class_provisional_roi,1111,460800_to_115200,radar_frame_shape,-1,radar
20260920-184058-normal-11520,0,normal,61,0,0.9950037900949643,0.00024136371746197156,0.00015887927472922486,0.004595966912844366,four_class_provisional_roi,1111,460800_to_115200,radar_shape_phase,-1,radar
20260920-190512-outBroken-115200,2,outBroken,50,2,0.0009088956432336853,0.000753720135588109,0.9981363562424658,0.00020102797871255165,four_class_provisional_roi,1111,460800_to_115200,radar_shape_phase,-1,radar
20260920-192216-inBroken-115200,1,inBroken,50,1,0.0009497117977415469,0.9338604304707517,0.06321653703158452,0.0019733206999222206,four_class_provisional_roi,1111,460800_to_115200,radar_shape_phase,-1,radar
20260920-193718-roll-115200,3,roll,51,3,0.01893233608069103,0.0005831327555689602,0.0009076274187495978,0.9795769037449901,four_class_provisional_roi,1111,460800_to_115200,radar_shape_phase,-1,radar
20260920-184058-normal-11520,0,normal,61,0,0.9868121162104877,0.0043364438582128365,9.551105566018198e-05,0.008755928875639432,four_class_provisional_roi,1111,460800_to_115200,radar_coherent_shape,-1,radar
20260920-190512-outBroken-115200,2,outBroken,50,2,7.718900036226711e-05,0.009938455560633174,0.9829757663474126,0.0070085890915920065,four_class_provisional_roi,1111,460800_to_115200,radar_coherent_shape,-1,radar
20260920-192216-inBroken-115200,1,inBroken,50,3,4.180157312045581e-06,0.0022424266643695217,0.3073192590326632,0.6904341341456552,four_class_provisional_roi,1111,460800_to_115200,radar_coherent_shape,-1,radar
20260920-193718-roll-115200,3,roll,51,3,0.019122084163642323,0.0021094844660966,0.0020642945126727705,0.9767041368575886,four_class_provisional_roi,1111,460800_to_115200,radar_coherent_shape,-1,radar
20260920-184058-normal-11520,0,normal,61,0,0.9309674856650549,7.2147429027574e-05,0.0005401573022843651,0.06842020960363301,four_class_provisional_roi,1111,460800_to_115200,radar_time_stats,-1,radar
20260920-190512-outBroken-115200,2,outBroken,50,2,0.0015371593258810198,0.14724116862158498,0.7576853986105246,0.0935362734420095,four_class_provisional_roi,1111,460800_to_115200,radar_time_stats,-1,radar
20260920-192216-inBroken-115200,1,inBroken,50,3,0.00030548694914353785,0.17594654266799872,0.40844628682103995,0.41530168356181785,four_class_provisional_roi,1111,460800_to_115200,radar_time_stats,-1,radar
20260920-193718-roll-115200,3,roll,51,3,0.15925919775272085,0.005414949891740798,0.04070451246623257,0.7946213398893058,four_class_provisional_roi,1111,460800_to_115200,radar_time_stats,-1,radar
20260920-184058-normal-11520,0,normal,61,0,0.34220264880129875,0.34220263484954444,0.007971978037722052,0.30762273831143483,four_class_provisional_roi,1111,460800_to_115200,radar_confound_distance,-1,radar
20260920-190512-outBroken-115200,2,outBroken,50,2,0.0002605913885915958,0.0002605913887371775,0.9710718213755194,0.028406995847150892,four_class_provisional_roi,1111,460800_to_115200,radar_confound_distance,-1,radar
20260920-192216-inBroken-115200,1,inBroken,50,0,0.342202648801299,0.34220263484954416,0.007971978037722056,0.30762273831143505,four_class_provisional_roi,1111,460800_to_115200,radar_confound_distance,-1,radar
20260920-193718-roll-115200,3,roll,51,3,0.3153667451363518,0.31536673289936745,0.012998963501611602,0.35626755846266883,four_class_provisional_roi,1111,460800_to_115200,radar_confound_distance,-1,radar
20260920-184058-normal-11520,0,normal,61,0,0.9924031453485211,0.0030251020691005486,0.0011418326108919242,0.003429919971486094,four_class_provisional_roi,1111,460800_to_115200,radar_confound_raw_amp,-1,radar
20260920-190512-outBroken-115200,2,outBroken,50,2,0.0019903989418399034,0.00025346561705012066,0.9961556287929083,0.0016005066482014496,four_class_provisional_roi,1111,460800_to_115200,radar_confound_raw_amp,-1,radar
20260920-192216-inBroken-115200,1,inBroken,50,1,0.0025335213023646996,0.9893781194593484,0.0005405784758873638,0.0075477807623994,four_class_provisional_roi,1111,460800_to_115200,radar_confound_raw_amp,-1,radar
20260920-193718-roll-115200,3,roll,51,3,0.0023215113258090855,0.005972484137810687,0.0018808389644612772,0.989825165571919,four_class_provisional_roi,1111,460800_to_115200,radar_confound_raw_amp,-1,radar
20260920-184058-normal-11520,0,normal,61,0,0.9987740008557429,9.051438136614959e-05,6.715352536376173e-05,0.0010683171175529783,four_class_provisional_roi,1111,460800_to_115200,supervised,17,radar
20260920-190512-outBroken-115200,2,outBroken,50,2,8.637211569293867e-05,8.145383784722071e-05,0.9997879052162171,4.4262595038162546e-05,four_class_provisional_roi,1111,460800_to_115200,supervised,17,radar
20260920-192216-inBroken-115200,1,inBroken,50,1,0.0002838558264193125,0.9821111667156219,0.01666931739717256,0.0009356498102715704,four_class_provisional_roi,1111,460800_to_115200,supervised,17,radar
20260920-193718-roll-115200,3,roll,51,3,0.06409906299730513,3.797831864599799e-05,0.0003327091557830321,0.9355302396796498,four_class_provisional_roi,1111,460800_to_115200,supervised,17,radar
20260920-184058-normal-11520,0,normal,61,0,0.9980865511737886,3.0236670536545657e-05,1.16394686734029e-05,0.0018715631185692533,four_class_provisional_roi,1111,460800_to_115200,supervised,42,radar
20260920-190512-outBroken-115200,2,outBroken,50,2,2.7356530481483787e-05,4.5105360441084487e-05,0.9999027800559998,2.4748549694777466e-05,four_class_provisional_roi,1111,460800_to_115200,supervised,42,radar
20260920-192216-inBroken-115200,1,inBroken,50,1,0.0012217933977080975,0.9657454359531402,0.031197273283323737,0.001835504013870377,four_class_provisional_roi,1111,460800_to_115200,supervised,42,radar
20260920-193718-roll-115200,3,roll,51,3,0.023959974188055996,0.0001469505549739195,0.00014486888638060133,0.9757481909850064,four_class_provisional_roi,1111,460800_to_115200,supervised,42,radar
20260920-184058-normal-11520,0,normal,61,0,0.9994749905633145,2.2929289813322104e-05,3.04209009376806e-06,0.0004990322008556267,four_class_provisional_roi,1111,460800_to_115200,supervised,73,radar
20260920-190512-outBroken-115200,2,outBroken,50,2,2.5581051813787782e-05,5.72509556877776e-05,0.999846122264862,7.103816176822874e-05,four_class_provisional_roi,1111,460800_to_115200,supervised,73,radar
20260920-192216-inBroken-115200,1,inBroken,50,1,0.0005389116468722932,0.9746881330013275,0.02373177213856252,0.0010411737206595718,four_class_provisional_roi,1111,460800_to_115200,supervised,73,radar
20260920-193718-roll-115200,3,roll,51,3,0.04852277590857828,6.42095960400041e-05,0.0001237032901389837,0.9512893078373927,four_class_provisional_roi,1111,460800_to_115200,supervised,73,radar
20260920-184058-normal-11520,0,normal,61,0,0.9967013118696995,0.00014255797348178915,0.00017427189166363725,0.0029818477240966235,four_class_provisional_roi,1111,460800_to_115200,head_only,17,radar
20260920-190512-outBroken-115200,2,outBroken,50,2,0.00017243560978386085,1.1988776777798194e-05,0.9996405017375946,0.00017507302458398045,four_class_provisional_roi,1111,460800_to_115200,head_only,17,radar
20260920-192216-inBroken-115200,1,inBroken,50,1,0.00265992344066035,0.9698280221223832,0.022632092147687216,0.00487996653711889,four_class_provisional_roi,1111,460800_to_115200,head_only,17,radar
20260920-193718-roll-115200,3,roll,51,3,0.023883308123182432,0.0003083607346115077,0.0007580553331839232,0.9750502775697147,four_class_provisional_roi,1111,460800_to_115200,head_only,17,radar
20260920-184058-normal-11520,0,normal,61,0,0.998646080493927,0.00023001915005657853,0.00016928332706066002,0.000954619479253764,four_class_provisional_roi,1111,460800_to_115200,head_only,42,radar
20260920-190512-outBroken-115200,2,outBroken,50,2,0.00014876965069561266,1.1487534975458402e-05,0.9996363139152527,0.0002034224709495902,four_class_provisional_roi,1111,460800_to_115200,head_only,42,radar
20260920-192216-inBroken-115200,1,inBroken,50,1,0.002167316401610151,0.9885428500175476,0.0037034985295395016,0.005586342406750191,four_class_provisional_roi,1111,460800_to_115200,head_only,42,radar
20260920-193718-roll-115200,3,roll,51,3,0.056448720203001825,0.0006947936960262037,0.0015662707659894117,0.9412902084854888,four_class_provisional_roi,1111,460800_to_115200,head_only,42,radar
20260920-184058-normal-11520,0,normal,61,0,0.9975304466779115,0.00018805076782524844,0.00014139999629911532,0.0021400871499311315,four_class_provisional_roi,1111,460800_to_115200,head_only,73,radar
20260920-190512-outBroken-115200,2,outBroken,50,2,0.00020197106176055967,3.68334100676293e-05,0.9995405268669129,0.0002206645518890582,four_class_provisional_roi,1111,460800_to_115200,head_only,73,radar
20260920-192216-inBroken-115200,1,inBroken,50,1,0.001358882240310777,0.9838196885585785,0.010819991508906241,0.004001432575751096,four_class_provisional_roi,1111,460800_to_115200,head_only,73,radar
20260920-193718-roll-115200,3,roll,51,3,0.03343468173216916,0.000433223202408579,0.0009901988851910859,0.9651418886348313,four_class_provisional_roi,1111,460800_to_115200,head_only,73,radar
20260920-184058-normal-11520,0,normal,61,0,0.9555164370380465,0.016604555457769357,0.01272705080537278,0.01515194621856981,four_class_provisional_roi,1111,460800_to_115200,distill,17,radar
20260920-190512-outBroken-115200,2,outBroken,50,2,0.009662076896056533,0.0007798625912982971,0.9880704975128174,0.0014875716995447874,four_class_provisional_roi,1111,460800_to_115200,distill,17,radar
20260920-192216-inBroken-115200,1,inBroken,50,1,0.028841667454689742,0.9046598669886589,0.052898170026019216,0.013600283181294798,four_class_provisional_roi,1111,460800_to_115200,distill,17,radar
20260920-193718-roll-115200,3,roll,51,3,0.0200527387545056,0.01154635323887216,0.009793947042221678,0.9586069437803006,four_class_provisional_roi,1111,460800_to_115200,distill,17,radar
20260920-184058-normal-11520,0,normal,61,0,0.9706566685535869,0.01284096254127436,0.01078462377037914,0.005717743473455737,four_class_provisional_roi,1111,460800_to_115200,distill,42,radar
20260920-190512-outBroken-115200,2,outBroken,50,2,0.008740260507911444,0.0005520504614105449,0.9896105289459228,0.0010971574950963258,four_class_provisional_roi,1111,460800_to_115200,distill,42,radar
20260920-192216-inBroken-115200,1,inBroken,50,1,0.03674088627099991,0.9144005644321441,0.03458443359471858,0.014274109215475618,four_class_provisional_roi,1111,460800_to_115200,distill,42,radar
20260920-193718-roll-115200,3,roll,51,3,0.05281257312134246,0.016301521209671217,0.017841121887185556,0.9130447842911178,four_class_provisional_roi,1111,460800_to_115200,distill,42,radar
20260920-184058-normal-11520,0,normal,61,0,0.9681468869819015,0.011799904189576379,0.00989940928173114,0.010153796222751777,four_class_provisional_roi,1111,460800_to_115200,distill,73,radar
20260920-190512-outBroken-115200,2,outBroken,50,2,0.010854961927980184,0.0007503196730976924,0.9868970012664795,0.0014977158477995545,four_class_provisional_roi,1111,460800_to_115200,distill,73,radar
20260920-192216-inBroken-115200,1,inBroken,50,1,0.03807685961946845,0.9119886076450348,0.036432429356500505,0.013502102228812873,four_class_provisional_roi,1111,460800_to_115200,distill,73,radar
20260920-193718-roll-115200,3,roll,51,3,0.028872846249107492,0.012262828894616926,0.012463840929900898,0.9464004781900668,four_class_provisional_roi,1111,460800_to_115200,distill,73,radar
20260920-184058-normal-11520,0,normal,61,0,0.9540806735148195,0.017078179240104605,0.013488458053468436,0.015352699581197784,four_class_provisional_roi,1111,460800_to_115200,no_contrast,17,radar
20260920-190512-outBroken-115200,2,outBroken,50,2,0.009905305095016956,0.0008055255300132558,0.9877738094329834,0.0015153669496066869,four_class_provisional_roi,1111,460800_to_115200,no_contrast,17,radar
20260920-192216-inBroken-115200,1,inBroken,50,1,0.02891677329316735,0.903950132727623,0.05342463964596391,0.013708457821048797,four_class_provisional_roi,1111,460800_to_115200,no_contrast,17,radar
20260920-193718-roll-115200,3,roll,51,3,0.01943730725364659,0.011524570884420444,0.00991960420894126,0.9591185210966596,four_class_provisional_roi,1111,460800_to_115200,no_contrast,17,radar
20260920-184058-normal-11520,0,normal,61,0,0.9708602907227688,0.012744555226908844,0.01095936570286018,0.005435800933676054,four_class_provisional_roi,1111,460800_to_115200,no_contrast,42,radar
20260920-190512-outBroken-115200,2,outBroken,50,2,0.00867849743925035,0.0005512471316615119,0.989679844379425,0.0010903991712257267,four_class_provisional_roi,1111,460800_to_115200,no_contrast,42,radar
20260920-192216-inBroken-115200,1,inBroken,50,1,0.0369252516143024,0.9151939046382904,0.03375953954644501,0.014121298538520932,four_class_provisional_roi,1111,460800_to_115200,no_contrast,42,radar
20260920-193718-roll-115200,3,roll,51,3,0.053396824391800726,0.01654866834481557,0.018689050282096015,0.9113654609696538,four_class_provisional_roi,1111,460800_to_115200,no_contrast,42,radar
20260920-184058-normal-11520,0,normal,61,0,0.9672568235240999,0.012252832709460473,0.010000918884990646,0.010489421308834533,four_class_provisional_roi,1111,460800_to_115200,no_contrast,73,radar
20260920-190512-outBroken-115200,2,outBroken,50,2,0.010594590632244945,0.000724074654863216,0.987264564037323,0.0014167772221844643,four_class_provisional_roi,1111,460800_to_115200,no_contrast,73,radar
20260920-192216-inBroken-115200,1,inBroken,50,1,0.03833918292075396,0.9107064801454544,0.03648862365633249,0.014465700709261,four_class_provisional_roi,1111,460800_to_115200,no_contrast,73,radar
20260920-193718-roll-115200,3,roll,51,3,0.029622486030098562,0.012488563170693084,0.0128803385544897,0.9450086098091275,four_class_provisional_roi,1111,460800_to_115200,no_contrast,73,radar
20260920-184058-normal-11520,0,normal,61,0,0.9315442990084164,0.025425021826732355,0.017630042645652762,0.02540063454681763,four_class_provisional_roi,1111,460800_to_115200,no_radar_CE,17,radar
20260920-190512-outBroken-115200,2,outBroken,50,2,0.011482348013669253,0.0008704530581599101,0.9860377955436707,0.0016094146121758968,four_class_provisional_roi,1111,460800_to_115200,no_radar_CE,17,radar
20260920-192216-inBroken-115200,1,inBroken,50,1,0.03103880414739251,0.9067667609453202,0.04925580328330398,0.012938635824248194,four_class_provisional_roi,1111,460800_to_115200,no_radar_CE,17,radar
20260920-193718-roll-115200,3,roll,51,3,0.014297541664335785,0.011807219294246798,0.009773124669057628,0.9641221153969858,four_class_provisional_roi,1111,460800_to_115200,no_radar_CE,17,radar
20260920-184058-normal-11520,0,normal,61,0,0.9556609411708644,0.01840035128025491,0.015204937586591381,0.010733775112235949,four_class_provisional_roi,1111,460800_to_115200,no_radar_CE,42,radar
20260920-190512-outBroken-115200,2,outBroken,50,2,0.0110825433768332,0.0006434592854930088,0.9870707619190217,0.0012032362807076423,four_class_provisional_roi,1111,460800_to_115200,no_radar_CE,42,radar
20260920-192216-inBroken-115200,1,inBroken,50,1,0.04161097832024097,0.9152055323123932,0.031078728223219512,0.012104762364178895,four_class_provisional_roi,1111,460800_to_115200,no_radar_CE,42,radar
20260920-193718-roll-115200,3,roll,51,3,0.04027045965959391,0.016996388118166256,0.017598302400323982,0.9251348471232489,four_class_provisional_roi,1111,460800_to_115200,no_radar_CE,42,radar
20260920-184058-normal-11520,0,normal,61,0,0.9473169221252692,0.01842690652358483,0.014854677181813072,0.01940149087058075,four_class_provisional_roi,1111,460800_to_115200,no_radar_CE,73,radar
20260920-190512-outBroken-115200,2,outBroken,50,2,0.013638364244252443,0.0008666681527392939,0.9837964618206024,0.0016985122684855013,four_class_provisional_roi,1111,460800_to_115200,no_radar_CE,73,radar
20260920-192216-inBroken-115200,1,inBroken,50,1,0.046017234586179255,0.8951997166872024,0.043157180659472945,0.015625864379107953,four_class_provisional_roi,1111,460800_to_115200,no_radar_CE,73,radar
20260920-193718-roll-115200,3,roll,51,3,0.01904929531955014,0.012860815113812102,0.012709206616159017,0.9553806834361133,four_class_provisional_roi,1111,460800_to_115200,no_radar_CE,73,radar
20260920-184058-normal-11520,0,normal,61,3,0.4297530191843627,0.013436068780720234,0.016315154509893695,0.5404957542653943,four_class_provisional_roi,1111,460800_to_115200,shuffled,17,radar
20260920-190512-outBroken-115200,2,outBroken,50,1,0.02115466333925724,0.49090071380138395,0.47581912636756896,0.012125490996986628,four_class_provisional_roi,1111,460800_to_115200,shuffled,17,radar
20260920-192216-inBroken-115200,1,inBroken,50,1,0.28647023931145665,0.6247161674499512,0.08046250775456429,0.008351075276732445,four_class_provisional_roi,1111,460800_to_115200,shuffled,17,radar
20260920-193718-roll-115200,3,roll,51,2,0.035165204630032476,0.006345449919428895,0.5115977847108654,0.44689156436452676,four_class_provisional_roi,1111,460800_to_115200,shuffled,17,radar
20260920-184058-normal-11520,0,normal,61,3,0.4537883542600225,0.016011776127776163,0.017410274465247743,0.5127895850627149,four_class_provisional_roi,1111,460800_to_115200,shuffled,42,radar
20260920-190512-outBroken-115200,2,outBroken,50,1,0.024105314835906028,0.49114260375499724,0.4737083941698074,0.011043683160096407,four_class_provisional_roi,1111,460800_to_115200,shuffled,42,radar
20260920-192216-inBroken-115200,1,inBroken,50,1,0.28941082298755644,0.6193753361701966,0.08404222160577773,0.00717161251232028,four_class_provisional_roi,1111,460800_to_115200,shuffled,42,radar
20260920-193718-roll-115200,3,roll,51,2,0.03788204611662556,0.006961895604891812,0.496874460402657,0.45828158832063864,four_class_provisional_roi,1111,460800_to_115200,shuffled,42,radar
20260920-184058-normal-11520,0,normal,61,3,0.4553666124578382,0.014504554910493678,0.013672681029153163,0.5164561579461957,four_class_provisional_roi,1111,460800_to_115200,shuffled,73,radar
20260920-190512-outBroken-115200,2,outBroken,50,1,0.025842687636613845,0.4820518660545349,0.4787460297346115,0.013359422646462917,four_class_provisional_roi,1111,460800_to_115200,shuffled,73,radar
20260920-192216-inBroken-115200,1,inBroken,50,1,0.32666518330574035,0.6071770834922791,0.05932662256062031,0.006831114832311869,four_class_provisional_roi,1111,460800_to_115200,shuffled,73,radar
20260920-193718-roll-115200,3,roll,51,2,0.034411211498081684,0.00617412177791052,0.5153345943373793,0.44408006294100894,four_class_provisional_roi,1111,460800_to_115200,shuffled,73,radar
20260920-184058-normal-11520,0,normal,61,0,0.9800828470558417,0.009618405947370118,0.008382124604932109,0.0019166143797147163,four_class_provisional_roi,1111,460800_to_115200,distill_phase,17,radar
20260920-190512-outBroken-115200,2,outBroken,50,2,0.007324184970930219,0.0005677442310843616,0.9909381639957427,0.0011699092423077672,four_class_provisional_roi,1111,460800_to_115200,distill_phase,17,radar
20260920-192216-inBroken-115200,1,inBroken,50,1,0.03109888331964612,0.9319440567493439,0.02657345571089536,0.0103836082899943,four_class_provisional_roi,1111,460800_to_115200,distill_phase,17,radar
20260920-193718-roll-115200,3,roll,51,3,0.009828636602797619,0.014496070049776166,0.010757178883068264,0.9649181108848721,four_class_provisional_roi,1111,460800_to_115200,distill_phase,17,radar
20260920-184058-normal-11520,0,normal,61,0,0.979736644713605,0.009781871273441881,0.008199882998940398,0.0022816040742088903,four_class_provisional_roi,1111,460800_to_115200,distill_phase,42,radar
20260920-190512-outBroken-115200,2,outBroken,50,2,0.007459620665758848,0.0006116842990741134,0.9907087647914886,0.0012199260655324905,four_class_provisional_roi,1111,460800_to_115200,distill_phase,42,radar
20260920-192216-inBroken-115200,1,inBroken,50,1,0.02166824720799923,0.9621240377426148,0.01129766239784658,0.004910052139312029,four_class_provisional_roi,1111,460800_to_115200,distill_phase,42,radar
20260920-193718-roll-115200,3,roll,51,3,0.005498046200955287,0.009621542805404055,0.008019043155489307,0.9768613611950594,four_class_provisional_roi,1111,460800_to_115200,distill_phase,42,radar
20260920-184058-normal-11520,0,normal,61,0,0.9802920056171105,0.009994949038583235,0.008084693206016158,0.0016283570391843554,four_class_provisional_roi,1111,460800_to_115200,distill_phase,73,radar
20260920-190512-outBroken-115200,2,outBroken,50,2,0.007088183742016554,0.0004431600315729156,0.9913382291793823,0.0011304338579066098,four_class_provisional_roi,1111,460800_to_115200,distill_phase,73,radar
20260920-192216-inBroken-115200,1,inBroken,50,1,0.02987078722566366,0.9408672976493836,0.022016989793628455,0.007244933536276222,four_class_provisional_roi,1111,460800_to_115200,distill_phase,73,radar
20260920-193718-roll-115200,3,roll,51,3,0.00872175139032633,0.012762927121537574,0.009758896888325028,0.9687564186021393,four_class_provisional_roi,1111,460800_to_115200,distill_phase,73,radar
20260920-184058-normal-11520,0,normal,61,2,2.947473804942047e-06,0.02996280546201215,0.9659708997683973,0.004063347295785759,four_class_provisional_roi,1111,460800_to_115200,original_head,17,radar
20260920-190512-outBroken-115200,2,outBroken,50,2,1.6410874311550463e-05,0.11811281474515839,0.8555797645201234,0.026291009860406726,four_class_provisional_roi,1111,460800_to_115200,original_head,17,radar
20260920-192216-inBroken-115200,1,inBroken,50,2,1.839635203280741e-07,0.0516083605677956,0.9474788301017599,0.0009126253669247456,four_class_provisional_roi,1111,460800_to_115200,original_head,17,radar
20260920-193718-roll-115200,3,roll,51,2,4.189113493687303e-06,0.13588725914275368,0.845137678726733,0.018970873017019493,four_class_provisional_roi,1111,460800_to_115200,original_head,17,radar
20260920-184058-normal-11520,0,normal,61,2,2.9163572118556566e-06,0.026256166382922805,0.970073076963243,0.0036678402966226235,four_class_provisional_roi,1111,460800_to_115200,original_head,42,radar
20260920-190512-outBroken-115200,2,outBroken,50,2,1.8370725835611174e-05,0.10472297166359888,0.8681449978133605,0.027113659797204884,four_class_provisional_roi,1111,460800_to_115200,original_head,42,radar
20260920-192216-inBroken-115200,1,inBroken,50,2,2.6805943871340297e-07,0.05379897142703055,0.9451536785866336,0.0010470819268973148,four_class_provisional_roi,1111,460800_to_115200,original_head,42,radar
20260920-193718-roll-115200,3,roll,51,2,4.272642912224514e-06,0.12265255043054545,0.8596492940509802,0.017693882875561846,four_class_provisional_roi,1111,460800_to_115200,original_head,42,radar
20260920-184058-normal-11520,0,normal,61,2,3.2637454848128044e-06,0.028488774752141725,0.9670110975352688,0.004496863967104483,four_class_provisional_roi,1111,460800_to_115200,original_head,73,radar
20260920-190512-outBroken-115200,2,outBroken,50,2,1.653304742622057e-05,0.10747144850847315,0.8673506092266088,0.0251614092174916,four_class_provisional_roi,1111,460800_to_115200,original_head,73,radar
20260920-192216-inBroken-115200,1,inBroken,50,2,3.5923407582835506e-07,0.061180049887147446,0.9373011725525526,0.0015184183262244163,four_class_provisional_roi,1111,460800_to_115200,original_head,73,radar
20260920-193718-roll-115200,3,roll,51,2,4.283712303658101e-06,0.1396159234210144,0.840185611737487,0.020194181129194834,four_class_provisional_roi,1111,460800_to_115200,original_head,73,radar
20260920-184857-normal-460800,0,normal,6,0,0.8634889051021855,0.07883964245130777,0.0,0.05767145244650689,three_class_geometry_compatible,000,115200_to_460800,contact_hidden,-1,contact
20260920-192610-inBroken-460800,1,inBroken,7,1,0.002164276100295659,0.9875854153238846,0.0,0.010250308575819813,three_class_geometry_compatible,000,115200_to_460800,contact_hidden,-1,contact
20260920-194108-roll-460800,3,roll,3,3,0.00046896688535690093,0.018415053946052282,0.0,0.9811159791685907,three_class_geometry_compatible,000,115200_to_460800,contact_hidden,-1,contact
20260920-184857-normal-460800,0,normal,6,0,0.9496841089423292,0.029440815972751496,0.0,0.020875075084919203,three_class_geometry_compatible,000,115200_to_460800,contact_xyz_hidden,-1,contact
20260920-192610-inBroken-460800,1,inBroken,7,1,0.002357622655864635,0.9852185693202232,0.0,0.012423808023912197,three_class_geometry_compatible,000,115200_to_460800,contact_xyz_hidden,-1,contact
20260920-194108-roll-460800,3,roll,3,3,0.0005119927625159125,0.0019321451632706727,0.0,0.9975558620742134,three_class_geometry_compatible,000,115200_to_460800,contact_xyz_hidden,-1,contact
20260920-184857-normal-460800,0,normal,6,0,0.9860057051585582,0.0026410323940671775,0.0,0.01135326244737459,three_class_geometry_compatible,000,115200_to_460800,contact_spectral,-1,contact
20260920-192610-inBroken-460800,1,inBroken,7,1,0.002239904877322847,0.9864349209565298,0.0,0.011325174166147334,three_class_geometry_compatible,000,115200_to_460800,contact_spectral,-1,contact
20260920-194108-roll-460800,3,roll,3,3,0.0041676282273298395,0.00399053781000128,0.0,0.9918418339626688,three_class_geometry_compatible,000,115200_to_460800,contact_spectral,-1,contact
20260920-184857-normal-460800,0,normal,6,0,0.9398307808270875,0.050530060109526494,0.0,0.009639159063386004,three_class_geometry_compatible,000,115200_to_460800,contact_statistics,-1,contact
20260920-192610-inBroken-460800,1,inBroken,7,1,0.009637350025707378,0.8613753975445627,0.0,0.12898725242972975,three_class_geometry_compatible,000,115200_to_460800,contact_statistics,-1,contact
20260920-194108-roll-460800,3,roll,3,3,0.00026937752091946767,0.026105706795742506,0.0,0.9736249156833381,three_class_geometry_compatible,000,115200_to_460800,contact_statistics,-1,contact
20260920-184857-normal-460800,0,normal,6,0,0.861275571640067,0.08586370738496336,0.0,0.05286072097496975,three_class_geometry_compatible,000,115200_to_460800,contact_final_hidden,-1,contact
20260920-192610-inBroken-460800,1,inBroken,7,1,0.003206200883744699,0.9816068684952122,0.0,0.015186930621043229,three_class_geometry_compatible,000,115200_to_460800,contact_final_hidden,-1,contact
20260920-194108-roll-460800,3,roll,3,3,0.00014686953434726123,0.024468748705454735,0.0,0.9753843817601981,three_class_geometry_compatible,000,115200_to_460800,contact_final_hidden,-1,contact
20260920-184857-normal-460800,0,normal,6,2,0.012332185171544552,0.08672315627336502,0.8107416033744812,0.09020309895277023,three_class_geometry_compatible,000,115200_to_460800,contact_original,-1,contact
20260920-192610-inBroken-460800,1,inBroken,7,2,7.311032095458359e-05,0.10570169240236282,0.8856785893440247,0.008546590805053711,three_class_geometry_compatible,000,115200_to_460800,contact_original,-1,contact
20260920-194108-roll-460800,3,roll,3,2,0.00039004781865514815,0.18856340646743774,0.6605890393257141,0.1504574418067932,three_class_geometry_compatible,000,115200_to_460800,contact_original,-1,contact
20260920-184857-normal-460800,0,normal,6,2,8.411399903707206e-06,0.021196337416768074,0.9730455875396729,0.0057496908120810986,three_class_geometry_compatible,000,115200_to_460800,contact_original_mean_hidden,-1,contact
20260920-192610-inBroken-460800,1,inBroken,7,2,7.360277010093341e-08,0.04957010969519615,0.9499243497848511,0.0005054352222941816,three_class_geometry_compatible,000,115200_to_460800,contact_original_mean_hidden,-1,contact
20260920-194108-roll-460800,3,roll,3,2,7.2012721830105875e-06,0.15615111589431763,0.8102505803108215,0.033591128885746,three_class_geometry_compatible,000,115200_to_460800,contact_original_mean_hidden,-1,contact
20260920-184857-normal-460800,0,normal,48,0,0.9972371953954013,0.00018282457180082947,0.0,0.00257998003279807,three_class_geometry_compatible,000,115200_to_460800,radar_frame_shape,-1,radar
20260920-192610-inBroken-460800,1,inBroken,51,1,0.00043962776742297786,0.9937990494122055,0.0,0.005761322820371582,three_class_geometry_compatible,000,115200_to_460800,radar_frame_shape,-1,radar
20260920-194108-roll-460800,3,roll,51,3,0.002036768561484189,0.0008903117902585062,0.0,0.9970729196482572,three_class_geometry_compatible,000,115200_to_460800,radar_frame_shape,-1,radar
20260920-184857-normal-460800,0,normal,48,0,0.9934009890435408,0.00021038494965664234,0.0,0.006388626006802665,three_class_geometry_compatible,000,115200_to_460800,radar_shape_phase,-1,radar
20260920-192610-inBroken-460800,1,inBroken,51,1,0.0007262565199597617,0.9978693252727141,0.0,0.0014044182073260018,three_class_geometry_compatible,000,115200_to_460800,radar_shape_phase,-1,radar
20260920-194108-roll-460800,3,roll,51,3,0.0007366616255426104,0.0005129698572500812,0.0,0.9987503685172073,three_class_geometry_compatible,000,115200_to_460800,radar_shape_phase,-1,radar
20260920-184857-normal-460800,0,normal,48,3,0.2199021265835117,0.0014267250359151972,0.0,0.7786711483805728,three_class_geometry_compatible,000,115200_to_460800,radar_coherent_shape,-1,radar
20260920-192610-inBroken-460800,1,inBroken,51,0,0.8027095692807859,0.16647644635150288,0.0,0.030813984367711215,three_class_geometry_compatible,000,115200_to_460800,radar_coherent_shape,-1,radar
20260920-194108-roll-460800,3,roll,51,3,0.0008736075148624622,0.001555153505835966,0.0,0.9975712389793014,three_class_geometry_compatible,000,115200_to_460800,radar_coherent_shape,-1,radar
20260920-184857-normal-460800,0,normal,48,0,0.9322868172581837,3.906509810058949e-05,0.0,0.06767411764371535,three_class_geometry_compatible,000,115200_to_460800,radar_time_stats,-1,radar
20260920-192610-inBroken-460800,1,inBroken,51,1,7.737180365601729e-10,0.9996888521688254,0.0,0.00031114705745626154,three_class_geometry_compatible,000,115200_to_460800,radar_time_stats,-1,radar
20260920-194108-roll-460800,3,roll,51,3,0.010973764256751612,0.08515770905390056,0.0,0.9038685266893478,three_class_geometry_compatible,000,115200_to_460800,radar_time_stats,-1,radar
20260920-184857-normal-460800,0,normal,48,0,0.4943459793845273,0.49434597528436114,0.0,0.01130804533111089,three_class_geometry_compatible,000,115200_to_460800,radar_confound_distance,-1,radar
20260920-192610-inBroken-460800,1,inBroken,51,0,0.49434597938452723,0.49434597528436114,0.0,0.011308045331110886,three_class_geometry_compatible,000,115200_to_460800,radar_confound_distance,-1,radar
20260920-194108-roll-460800,3,roll,51,3,0.011306882641067655,0.011306882641870073,0.0,0.9773862347170613,three_class_geometry_compatible,000,115200_to_460800,radar_confound_distance,-1,radar
20260920-184857-normal-460800,0,normal,48,0,0.9902537324861115,0.0022949711530897707,0.0,0.007451296360798962,three_class_geometry_compatible,000,115200_to_460800,radar_confound_raw_amp,-1,radar
20260920-192610-inBroken-460800,1,inBroken,51,1,0.0010756860275405863,0.9966378768081814,0.0,0.0022864371642782448,three_class_geometry_compatible,000,115200_to_460800,radar_confound_raw_amp,-1,radar
20260920-194108-roll-460800,3,roll,51,3,0.003189345447971167,0.002771184012702315,0.0,0.9940394705393265,three_class_geometry_compatible,000,115200_to_460800,radar_confound_raw_amp,-1,radar
20260920-184857-normal-460800,0,normal,48,0,0.9999842767914137,2.623775877452772e-06,0.0,1.3092370840202724e-05,three_class_geometry_compatible,000,115200_to_460800,supervised,17,radar
20260920-192610-inBroken-460800,1,inBroken,51,1,0.00017841017353359848,0.9995732284059712,0.0,0.0002483645330357831,three_class_geometry_compatible,000,115200_to_460800,supervised,17,radar
20260920-194108-roll-460800,3,roll,51,3,1.1876300897140526e-05,6.313526865579108e-06,0.0,0.9999818205833435,three_class_geometry_compatible,000,115200_to_460800,supervised,17,radar
20260920-184857-normal-460800,0,normal,48,0,0.9999873464306196,9.560122987769168e-06,0.0,3.090504682982479e-06,three_class_geometry_compatible,000,115200_to_460800,supervised,42,radar
20260920-192610-inBroken-460800,1,inBroken,51,1,0.00026268934244381303,0.9996125791587082,0.0,0.00012472413497259063,three_class_geometry_compatible,000,115200_to_460800,supervised,42,radar
20260920-194108-roll-460800,3,roll,51,3,2.998240181702439e-05,2.8466330274800295e-05,0.0,0.9999415453742532,three_class_geometry_compatible,000,115200_to_460800,supervised,42,radar
20260920-184857-normal-460800,0,normal,48,0,0.9999873712658882,7.873609071396004e-06,0.0,4.7456389988080145e-06,three_class_geometry_compatible,000,115200_to_460800,supervised,73,radar
20260920-192610-inBroken-460800,1,inBroken,51,1,0.0001623928047575093,0.9994607111986946,0.0,0.0003768979923002988,three_class_geometry_compatible,000,115200_to_460800,supervised,73,radar
20260920-194108-roll-460800,3,roll,51,3,1.0566278852624522e-05,5.6839917752036926e-05,0.0,0.999932587146759,three_class_geometry_compatible,000,115200_to_460800,supervised,73,radar
20260920-184857-normal-460800,0,normal,48,0,0.9999562489489714,1.0907589024592804e-05,0.0,3.284698336851003e-05,three_class_geometry_compatible,000,115200_to_460800,head_only,17,radar
20260920-192610-inBroken-460800,1,inBroken,51,1,0.0004143307961902453,0.9991853564393287,0.0,0.0004002989183337537,three_class_geometry_compatible,000,115200_to_460800,head_only,17,radar
20260920-194108-roll-460800,3,roll,51,3,6.233213104018895e-05,6.258596352149742e-05,0.0,0.9998750885327657,three_class_geometry_compatible,000,115200_to_460800,head_only,17,radar
20260920-184857-normal-460800,0,normal,48,0,0.9999682741860548,2.326068999044158e-05,0.0,8.456466263832377e-06,three_class_geometry_compatible,000,115200_to_460800,head_only,42,radar
20260920-192610-inBroken-460800,1,inBroken,51,1,0.0007407493982349942,0.9985100486699272,0.0,0.0007492088920758653,three_class_geometry_compatible,000,115200_to_460800,head_only,42,radar
20260920-194108-roll-460800,3,roll,51,3,0.00011059003626024944,0.00019837114452421505,0.0,0.9996910282209808,three_class_geometry_compatible,000,115200_to_460800,head_only,42,radar
20260920-184857-normal-460800,0,normal,48,0,0.9999441529313723,3.7623368067822106e-05,0.0,1.8213224691976393e-05,three_class_geometry_compatible,000,115200_to_460800,head_only,73,radar
20260920-192610-inBroken-460800,1,inBroken,51,1,0.00033865699073181067,0.9990362852227455,0.0,0.0006250561592762596,three_class_geometry_compatible,000,115200_to_460800,head_only,73,radar
20260920-194108-roll-460800,3,roll,51,3,1.7780301901688754e-05,5.543457775595872e-05,0.0,0.9999267739408156,three_class_geometry_compatible,000,115200_to_460800,head_only,73,radar
20260920-184857-normal-460800,0,normal,48,0,0.9829175199071566,0.007393736101221293,0.0,0.009688736511937654,three_class_geometry_compatible,000,115200_to_460800,distill,17,radar
20260920-192610-inBroken-460800,1,inBroken,51,1,0.02114119879244005,0.9560328114266489,0.0,0.02282599135137656,three_class_geometry_compatible,000,115200_to_460800,distill,17,radar
20260920-194108-roll-460800,3,roll,51,3,0.00808101392113695,0.013700862990363556,0.0,0.9782181125061185,three_class_geometry_compatible,000,115200_to_460800,distill,17,radar
20260920-184857-normal-460800,0,normal,48,0,0.9891520105302334,0.005056505566850926,0.0,0.005791478887355576,three_class_geometry_compatible,000,115200_to_460800,distill,42,radar
20260920-192610-inBroken-460800,1,inBroken,51,1,0.026050025432863656,0.9402775285290736,0.0,0.03367243950054342,three_class_geometry_compatible,000,115200_to_460800,distill,42,radar
20260920-194108-roll-460800,3,roll,51,3,0.007498986754274252,0.012904460304508023,0.0,0.9795965412083794,three_class_geometry_compatible,000,115200_to_460800,distill,42,radar
20260920-184857-normal-460800,0,normal,48,0,0.9875869788229465,0.005313519364184079,0.0,0.007099498548389723,three_class_geometry_compatible,000,115200_to_460800,distill,73,radar
20260920-192610-inBroken-460800,1,inBroken,51,1,0.025021934790500237,0.944071608431199,0.0,0.030906457253092646,three_class_geometry_compatible,000,115200_to_460800,distill,73,radar
20260920-194108-roll-460800,3,roll,51,3,0.0061078548714445504,0.01296540072151259,0.0,0.9809267427407059,three_class_geometry_compatible,000,115200_to_460800,distill,73,radar
20260920-184857-normal-460800,0,normal,48,0,0.9825010312100252,0.007534628316837673,0.0,0.009964337902298817,three_class_geometry_compatible,000,115200_to_460800,no_contrast,17,radar
20260920-192610-inBroken-460800,1,inBroken,51,1,0.020176378133542398,0.9579770027422437,0.0,0.021846622776459244,three_class_geometry_compatible,000,115200_to_460800,no_contrast,17,radar
20260920-194108-roll-460800,3,roll,51,3,0.00810859185716539,0.014087449850551053,0.0,0.9778039420352262,three_class_geometry_compatible,000,115200_to_460800,no_contrast,17,radar
20260920-184857-normal-460800,0,normal,48,0,0.9888011577228705,0.005187670384960559,0.0,0.00601118260237854,three_class_geometry_compatible,000,115200_to_460800,no_contrast,42,radar
20260920-192610-inBroken-460800,1,inBroken,51,1,0.026267911764044388,0.9395228682779798,0.0,0.03420922395718448,three_class_geometry_compatible,000,115200_to_460800,no_contrast,42,radar
20260920-194108-roll-460800,3,roll,51,3,0.007302224327919676,0.012656728107043925,0.0,0.9800410492747438,three_class_geometry_compatible,000,115200_to_460800,no_contrast,42,radar
20260920-184857-normal-460800,0,normal,48,0,0.9871110295255979,0.00553124040501037,0.0,0.007357729822009181,three_class_geometry_compatible,000,115200_to_460800,no_contrast,73,radar
20260920-192610-inBroken-460800,1,inBroken,51,1,0.02262374073924387,0.94917285676096,0.0,0.028203404691143363,three_class_geometry_compatible,000,115200_to_460800,no_contrast,73,radar
20260920-194108-roll-460800,3,roll,51,3,0.006076034436951957,0.012822710178500297,0.0,0.9811012604657341,three_class_geometry_compatible,000,115200_to_460800,no_contrast,73,radar
20260920-184857-normal-460800,0,normal,48,0,0.9823565110564232,0.008121541953490427,0.0,0.009521946878521703,three_class_geometry_compatible,000,115200_to_460800,no_radar_CE,17,radar
20260920-192610-inBroken-460800,1,inBroken,51,1,0.02530711648218772,0.9471280048875248,0.0,0.027564869645763847,three_class_geometry_compatible,000,115200_to_460800,no_radar_CE,17,radar
20260920-194108-roll-460800,3,roll,51,3,0.007074642643405527,0.013052987144785184,0.0,0.9798723657925924,three_class_geometry_compatible,000,115200_to_460800,no_radar_CE,17,radar
20260920-184857-normal-460800,0,normal,48,0,0.9895483690003554,0.005217726749833673,0.0,0.005233906699383321,three_class_geometry_compatible,000,115200_to_460800,no_radar_CE,42,radar
20260920-192610-inBroken-460800,1,inBroken,51,1,0.026929099971026767,0.9384304214926327,0.0,0.03464049130093818,three_class_geometry_compatible,000,115200_to_460800,no_radar_CE,42,radar
20260920-194108-roll-460800,3,roll,51,3,0.00659846298524416,0.012712825062301229,0.0,0.9806887180197472,three_class_geometry_compatible,000,115200_to_460800,no_radar_CE,42,radar
20260920-184857-normal-460800,0,normal,48,0,0.986973486840725,0.00562444618359829,0.0,0.007402064463046069,three_class_geometry_compatible,000,115200_to_460800,no_radar_CE,73,radar
20260920-192610-inBroken-460800,1,inBroken,51,1,0.03044363964056852,0.9307113359956181,0.0,0.038845015616685734,three_class_geometry_compatible,000,115200_to_460800,no_radar_CE,73,radar
20260920-194108-roll-460800,3,roll,51,3,0.005967170666611078,0.013286467029840923,0.0,0.9807463720733044,three_class_geometry_compatible,000,115200_to_460800,no_radar_CE,73,radar
20260920-184857-normal-460800,0,normal,48,0,0.518964926401774,0.024157997317767393,0.0,0.4568770794818799,three_class_geometry_compatible,000,115200_to_460800,shuffled,17,radar
20260920-192610-inBroken-460800,1,inBroken,51,1,0.4442592228160185,0.5222596941041011,0.0,0.03348109213744893,three_class_geometry_compatible,000,115200_to_460800,shuffled,17,radar
20260920-194108-roll-460800,3,roll,51,3,0.019764141252666127,0.4508128423316806,0.0,0.5294230136216855,three_class_geometry_compatible,000,115200_to_460800,shuffled,17,radar
20260920-184857-normal-460800,0,normal,48,0,0.5327152870595455,0.0169935678713955,0.0,0.4502911369005839,three_class_geometry_compatible,000,115200_to_460800,shuffled,42,radar
20260920-192610-inBroken-460800,1,inBroken,51,1,0.4597082237402598,0.5027211816871867,0.0,0.03757058934984254,three_class_geometry_compatible,000,115200_to_460800,shuffled,42,radar
20260920-194108-roll-460800,3,roll,51,3,0.016833347241010738,0.4424343412997676,0.0,0.5407323165267122,three_class_geometry_compatible,000,115200_to_460800,shuffled,42,radar
20260920-184857-normal-460800,0,normal,48,0,0.5202426730344692,0.017862898239400238,0.0,0.4618944289783637,three_class_geometry_compatible,000,115200_to_460800,shuffled,73,radar
20260920-192610-inBroken-460800,1,inBroken,51,1,0.4155939291505253,0.5473335221701977,0.0,0.03707254794882793,three_class_geometry_compatible,000,115200_to_460800,shuffled,73,radar
20260920-194108-roll-460800,3,roll,51,3,0.017888353900143913,0.4459269718796599,0.0,0.536184673800188,three_class_geometry_compatible,000,115200_to_460800,shuffled,73,radar
20260920-184857-normal-460800,0,normal,48,0,0.984224853416284,0.00657529201998841,0.0,0.009199845866532996,three_class_geometry_compatible,000,115200_to_460800,distill_phase,17,radar
20260920-192610-inBroken-460800,1,inBroken,51,1,0.012897097615196425,0.9757256484499165,0.0,0.011377263503770033,three_class_geometry_compatible,000,115200_to_460800,distill_phase,17,radar
20260920-194108-roll-460800,3,roll,51,3,0.004419438764635546,0.008374109188569527,0.0,0.9872064508643805,three_class_geometry_compatible,000,115200_to_460800,distill_phase,17,radar
20260920-184857-normal-460800,0,normal,48,0,0.9861720589299997,0.005825824007236709,0.0,0.00800212457155188,three_class_geometry_compatible,000,115200_to_460800,distill_phase,42,radar
20260920-192610-inBroken-460800,1,inBroken,51,1,0.008215314973437903,0.9826920348055223,0.0,0.00909264987407654,three_class_geometry_compatible,000,115200_to_460800,distill_phase,42,radar
20260920-194108-roll-460800,3,roll,51,3,0.0038604075271709295,0.00738000855141995,0.0,0.9887595889615077,three_class_geometry_compatible,000,115200_to_460800,distill_phase,42,radar
20260920-184857-normal-460800,0,normal,48,0,0.9847863540053368,0.006739714692230336,0.0,0.008473929963656701,three_class_geometry_compatible,000,115200_to_460800,distill_phase,73,radar
20260920-192610-inBroken-460800,1,inBroken,51,1,0.010619735628293426,0.9802809591386833,0.0,0.009099301096855425,three_class_geometry_compatible,000,115200_to_460800,distill_phase,73,radar
20260920-194108-roll-460800,3,roll,51,3,0.004780403078150223,0.008533587633613861,0.0,0.9866860205051946,three_class_geometry_compatible,000,115200_to_460800,distill_phase,73,radar
20260920-184857-normal-460800,0,normal,48,2,4.06058615304818e-06,0.004975886948869193,0.992363000204027,0.002657052260950464,three_class_geometry_compatible,000,115200_to_460800,original_head,17,radar
20260920-192610-inBroken-460800,1,inBroken,51,2,9.151512354259684e-08,0.021566084115067413,0.9779322020779062,0.0005016222919027126,three_class_geometry_compatible,000,115200_to_460800,original_head,17,radar
20260920-194108-roll-460800,3,roll,51,2,9.181684260366617e-07,0.034259337721660774,0.9599564653566431,0.005783278753270257,three_class_geometry_compatible,000,115200_to_460800,original_head,17,radar
20260920-184857-normal-460800,0,normal,48,2,4.688295908660256e-06,0.004600438959262719,0.9927389466968729,0.0026559260479557777,three_class_geometry_compatible,000,115200_to_460800,original_head,42,radar
20260920-192610-inBroken-460800,1,inBroken,51,2,8.141581856222247e-08,0.020489292408759782,0.9790261520735207,0.0004844741019009702,three_class_geometry_compatible,000,115200_to_460800,original_head,42,radar
20260920-194108-roll-460800,3,roll,51,2,9.415538531832521e-07,0.036565653011354345,0.9572377034078449,0.006195702026947524,three_class_geometry_compatible,000,115200_to_460800,original_head,42,radar
20260920-184857-normal-460800,0,normal,48,2,4.7819437552859764e-06,0.004426261656194555,0.9928970965031009,0.0026718598969490068,three_class_geometry_compatible,000,115200_to_460800,original_head,73,radar
20260920-192610-inBroken-460800,1,inBroken,51,2,9.296815656011635e-08,0.019852032956134948,0.9795801679515235,0.0005677061241849185,three_class_geometry_compatible,000,115200_to_460800,original_head,73,radar
20260920-194108-roll-460800,3,roll,51,2,9.275689094194161e-07,0.032661761790826194,0.9614913969023237,0.005845913737940609,three_class_geometry_compatible,000,115200_to_460800,original_head,73,radar
20260920-184857-normal-460800,0,normal,6,0,0.9652017048258753,0.027942752723015146,0.0,0.00685554245110953,three_class_geometry_compatible,001,mixed_recording_holdout,contact_hidden,-1,contact
20260920-192610-inBroken-460800,1,inBroken,7,1,0.005719547233291911,0.9687869782262164,0.0,0.025493474540491636,three_class_geometry_compatible,001,mixed_recording_holdout,contact_hidden,-1,contact
20260920-193718-roll-115200,3,roll,9,3,0.1438633754543749,0.3550071237581036,0.0,0.5011295007875215,three_class_geometry_compatible,001,mixed_recording_holdout,contact_hidden,-1,contact
20260920-184857-normal-460800,0,normal,6,0,0.9719410898506707,0.0173576621934718,0.0,0.010701247955857439,three_class_geometry_compatible,001,mixed_recording_holdout,contact_xyz_hidden,-1,contact
20260920-192610-inBroken-460800,1,inBroken,7,1,0.00500037804029045,0.9479990049223728,0.0,0.04700061703733675,three_class_geometry_compatible,001,mixed_recording_holdout,contact_xyz_hidden,-1,contact
20260920-193718-roll-115200,3,roll,9,1,0.16367707231298842,0.4486737040163862,0.0,0.3876492236706255,three_class_geometry_compatible,001,mixed_recording_holdout,contact_xyz_hidden,-1,contact
20260920-184857-normal-460800,0,normal,6,0,0.9939742648083549,0.0028385580296699654,0.0,0.003187177161975051,three_class_geometry_compatible,001,mixed_recording_holdout,contact_spectral,-1,contact
20260920-192610-inBroken-460800,1,inBroken,7,1,0.004319752175734518,0.9909936611381964,0.0,0.0046865866860691325,three_class_geometry_compatible,001,mixed_recording_holdout,contact_spectral,-1,contact
20260920-193718-roll-115200,3,roll,9,3,0.13269633245592166,0.052428500567488434,0.0,0.8148751669765899,three_class_geometry_compatible,001,mixed_recording_holdout,contact_spectral,-1,contact
20260920-184857-normal-460800,0,normal,6,0,0.9307837418581976,0.06333643989230447,0.0,0.005879818249497955,three_class_geometry_compatible,001,mixed_recording_holdout,contact_statistics,-1,contact
20260920-192610-inBroken-460800,1,inBroken,7,1,0.01152674425312394,0.794493099415735,0.0,0.19398015633114102,three_class_geometry_compatible,001,mixed_recording_holdout,contact_statistics,-1,contact
20260920-193718-roll-115200,3,roll,9,3,0.1147302952323643,0.07037398866544234,0.0,0.8148957161021932,three_class_geometry_compatible,001,mixed_recording_holdout,contact_statistics,-1,contact
20260920-184857-normal-460800,0,normal,6,0,0.9759389541005171,0.02115871890114766,0.0,0.002902326998335198,three_class_geometry_compatible,001,mixed_recording_holdout,contact_final_hidden,-1,contact
20260920-192610-inBroken-460800,1,inBroken,7,1,0.009377750268057473,0.9619377032311828,0.0,0.028684546500759744,three_class_geometry_compatible,001,mixed_recording_holdout,contact_final_hidden,-1,contact
20260920-193718-roll-115200,3,roll,9,3,0.145336089367094,0.40291821917796533,0.0,0.45174569145494053,three_class_geometry_compatible,001,mixed_recording_holdout,contact_final_hidden,-1,contact
20260920-184857-normal-460800,0,normal,6,2,0.012332185171544552,0.08672315627336502,0.8107416033744812,0.09020309895277023,three_class_geometry_compatible,001,mixed_recording_holdout,contact_original,-1,contact
20260920-192610-inBroken-460800,1,inBroken,7,2,7.311032095458359e-05,0.10570169240236282,0.8856785893440247,0.008546590805053711,three_class_geometry_compatible,001,mixed_recording_holdout,contact_original,-1,contact
20260920-193718-roll-115200,3,roll,9,2,0.006577568128705025,0.08760348707437515,0.7687318921089172,0.13708701729774475,three_class_geometry_compatible,001,mixed_recording_holdout,contact_original,-1,contact
20260920-184857-normal-460800,0,normal,6,2,8.411399903707206e-06,0.021196337416768074,0.9730455875396729,0.0057496908120810986,three_class_geometry_compatible,001,mixed_recording_holdout,contact_original_mean_hidden,-1,contact
20260920-192610-inBroken-460800,1,inBroken,7,2,7.360277010093341e-08,0.04957010969519615,0.9499243497848511,0.0005054352222941816,three_class_geometry_compatible,001,mixed_recording_holdout,contact_original_mean_hidden,-1,contact
20260920-193718-roll-115200,3,roll,9,2,3.502665776977665e-06,0.03880308195948601,0.9500135779380798,0.011179906316101551,three_class_geometry_compatible,001,mixed_recording_holdout,contact_original_mean_hidden,-1,contact
20260920-184857-normal-460800,0,normal,48,0,0.9959032711217145,0.0004889125570601144,0.0,0.003607816321225235,three_class_geometry_compatible,001,mixed_recording_holdout,radar_frame_shape,-1,radar
20260920-192610-inBroken-460800,1,inBroken,51,1,0.0006171921737550284,0.9864072675326684,0.0,0.012975540293576676,three_class_geometry_compatible,001,mixed_recording_holdout,radar_frame_shape,-1,radar
20260920-193718-roll-115200,3,roll,51,3,0.07042425776300854,0.0026756877995875216,0.0,0.9269000544374039,three_class_geometry_compatible,001,mixed_recording_holdout,radar_frame_shape,-1,radar
20260920-184857-normal-460800,0,normal,48,0,0.99680885777156,0.0003972727205979541,0.0,0.002793869507841761,three_class_geometry_compatible,001,mixed_recording_holdout,radar_shape_phase,-1,radar
20260920-192610-inBroken-460800,1,inBroken,51,1,0.00036270395415839354,0.9951805400840406,0.0,0.004456755961800701,three_class_geometry_compatible,001,mixed_recording_holdout,radar_shape_phase,-1,radar
20260920-193718-roll-115200,3,roll,51,3,0.03117503891906921,0.0011908052244667968,0.0,0.9676341558564641,three_class_geometry_compatible,001,mixed_recording_holdout,radar_shape_phase,-1,radar
20260920-184857-normal-460800,0,normal,48,3,0.382997870262712,0.0015367384803401177,0.0,0.6154653912569477,three_class_geometry_compatible,001,mixed_recording_holdout,radar_coherent_shape,-1,radar
20260920-192610-inBroken-460800,1,inBroken,51,0,0.8180233398344428,0.16391446291860143,0.0,0.018062197246956034,three_class_geometry_compatible,001,mixed_recording_holdout,radar_coherent_shape,-1,radar
20260920-193718-roll-115200,3,roll,51,3,0.004732812723908799,0.0016242815014977353,0.0,0.9936429057745935,three_class_geometry_compatible,001,mixed_recording_holdout,radar_coherent_shape,-1,radar
20260920-184857-normal-460800,0,normal,48,0,0.9628919048993624,1.2403768969012865e-05,0.0,0.03709569133166866,three_class_geometry_compatible,001,mixed_recording_holdout,radar_time_stats,-1,radar
20260920-192610-inBroken-460800,1,inBroken,51,1,1.15084026040421e-08,0.9972776899534594,0.0,0.002722298538138034,three_class_geometry_compatible,001,mixed_recording_holdout,radar_time_stats,-1,radar
20260920-193718-roll-115200,3,roll,51,3,0.09451257767079976,0.014492081478818378,0.0,0.890995340850382,three_class_geometry_compatible,001,mixed_recording_holdout,radar_time_stats,-1,radar
20260920-184857-normal-460800,0,normal,48,0,0.4943459793845273,0.49434597528436114,0.0,0.01130804533111089,three_class_geometry_compatible,001,mixed_recording_holdout,radar_confound_distance,-1,radar
20260920-192610-inBroken-460800,1,inBroken,51,0,0.49434597938452723,0.49434597528436114,0.0,0.011308045331110886,three_class_geometry_compatible,001,mixed_recording_holdout,radar_confound_distance,-1,radar
20260920-193718-roll-115200,3,roll,51,3,0.011306882641067655,0.011306882641870073,0.0,0.9773862347170613,three_class_geometry_compatible,001,mixed_recording_holdout,radar_confound_distance,-1,radar
20260920-184857-normal-460800,0,normal,48,0,0.9904212229279364,0.002339441987497155,0.0,0.007239335084566752,three_class_geometry_compatible,001,mixed_recording_holdout,radar_confound_raw_amp,-1,radar
20260920-192610-inBroken-460800,1,inBroken,51,1,0.0010679028170415131,0.9966645537054618,0.0,0.002267543477496868,three_class_geometry_compatible,001,mixed_recording_holdout,radar_confound_raw_amp,-1,radar
20260920-193718-roll-115200,3,roll,51,3,0.0034009394113326047,0.0026896514467152077,0.0,0.9939094091419522,three_class_geometry_compatible,001,mixed_recording_holdout,radar_confound_raw_amp,-1,radar
20260920-184857-normal-460800,0,normal,48,0,0.9999010041356087,1.0543191230283355e-05,0.0,8.845812424359185e-05,three_class_geometry_compatible,001,mixed_recording_holdout,supervised,17,radar
20260920-192610-inBroken-460800,1,inBroken,51,1,9.873566755142711e-05,0.9996785498132893,0.0,0.00022271258635823068,three_class_geometry_compatible,001,mixed_recording_holdout,supervised,17,radar
20260920-193718-roll-115200,3,roll,51,3,0.13898477063811893,0.00011208020717668999,0.0,0.8609031578306195,three_class_geometry_compatible,001,mixed_recording_holdout,supervised,17,radar
20260920-184857-normal-460800,0,normal,48,0,0.9992895486454169,0.00016920873409749979,0.0,0.0005412436220998037,three_class_geometry_compatible,001,mixed_recording_holdout,supervised,42,radar
20260920-192610-inBroken-460800,1,inBroken,51,1,0.0002371811256036345,0.9995264784962523,0.0,0.00023633027540556357,three_class_geometry_compatible,001,mixed_recording_holdout,supervised,42,radar
20260920-193718-roll-115200,3,roll,51,3,0.10746366424900414,0.0005789554585518607,0.0,0.891957367288734,three_class_geometry_compatible,001,mixed_recording_holdout,supervised,42,radar
20260920-184857-normal-460800,0,normal,48,0,0.9990489780902863,0.00011179609983003047,0.0,0.000839217471477601,three_class_geometry_compatible,001,mixed_recording_holdout,supervised,73,radar
20260920-192610-inBroken-460800,1,inBroken,51,1,0.00011252340838979638,0.9995981115920871,0.0,0.00028935981939795573,three_class_geometry_compatible,001,mixed_recording_holdout,supervised,73,radar
20260920-193718-roll-115200,3,roll,51,3,0.1173550083021837,0.0003962508274294212,0.0,0.8822487483449354,three_class_geometry_compatible,001,mixed_recording_holdout,supervised,73,radar
20260920-184857-normal-460800,0,normal,48,0,0.99974978591005,2.5029221674799373e-05,0.0,0.00022518872403528198,three_class_geometry_compatible,001,mixed_recording_holdout,head_only,17,radar
20260920-192610-inBroken-460800,1,inBroken,51,1,0.000302290508532714,0.999229329473832,0.0,0.0004683830823826914,three_class_geometry_compatible,001,mixed_recording_holdout,head_only,17,radar
20260920-193718-roll-115200,3,roll,51,3,0.12142012316953875,0.0005049261175479521,0.0,0.8780749398591818,three_class_geometry_compatible,001,mixed_recording_holdout,head_only,17,radar
20260920-184857-normal-460800,0,normal,48,0,0.9993096316854159,0.00019261640999464666,0.0,0.0004977518721034357,three_class_geometry_compatible,001,mixed_recording_holdout,head_only,42,radar
20260920-192610-inBroken-460800,1,inBroken,51,1,0.0003930968559157633,0.9982690811157227,0.0,0.0013378143225518037,three_class_geometry_compatible,001,mixed_recording_holdout,head_only,42,radar
20260920-193718-roll-115200,3,roll,51,3,0.15300622009222115,0.0008046308935887532,0.0,0.8461891449325919,three_class_geometry_compatible,001,mixed_recording_holdout,head_only,42,radar
20260920-184857-normal-460800,0,normal,48,0,0.9988576335211595,5.1317475140422175e-05,0.0,0.0010910447676148276,three_class_geometry_compatible,001,mixed_recording_holdout,head_only,73,radar
20260920-192610-inBroken-460800,1,inBroken,51,1,0.00019273231701649195,0.9989239246237511,0.0,0.0008833498078256882,three_class_geometry_compatible,001,mixed_recording_holdout,head_only,73,radar
20260920-193718-roll-115200,3,roll,51,3,0.13671434461659873,0.000829636960463854,0.0,0.8624560179932993,three_class_geometry_compatible,001,mixed_recording_holdout,head_only,73,radar
20260920-184857-normal-460800,0,normal,48,0,0.9876390062272549,0.008955581511448448,0.0,0.003405415433614204,three_class_geometry_compatible,001,mixed_recording_holdout,distill,17,radar
20260920-192610-inBroken-460800,1,inBroken,51,1,0.016797934750131534,0.9739672249438716,0.0,0.009234846268287477,three_class_geometry_compatible,001,mixed_recording_holdout,distill,17,radar
20260920-193718-roll-115200,3,roll,51,3,0.12337598896028437,0.023896854425616124,0.0,0.8527271553289657,three_class_geometry_compatible,001,mixed_recording_holdout,distill,17,radar
20260920-184857-normal-460800,0,normal,48,0,0.9902640444537004,0.007270427978558776,0.0,0.0024655317477784897,three_class_geometry_compatible,001,mixed_recording_holdout,distill,42,radar
20260920-192610-inBroken-460800,1,inBroken,51,1,0.024723697526782166,0.958846906820933,0.0,0.016429395104448002,three_class_geometry_compatible,001,mixed_recording_holdout,distill,42,radar
20260920-193718-roll-115200,3,roll,51,3,0.1589510295969233,0.024027183597140452,0.0,0.8170217831126031,three_class_geometry_compatible,001,mixed_recording_holdout,distill,42,radar
20260920-184857-normal-460800,0,normal,48,0,0.9910511001944542,0.006264712336511972,0.0,0.0026841848533270727,three_class_geometry_compatible,001,mixed_recording_holdout,distill,73,radar
20260920-192610-inBroken-460800,1,inBroken,51,1,0.025930691766096095,0.9544414258470723,0.0,0.019627874379283657,three_class_geometry_compatible,001,mixed_recording_holdout,distill,73,radar
20260920-193718-roll-115200,3,roll,51,3,0.13152944957883114,0.0240770997479558,0.0,0.8443934479910954,three_class_geometry_compatible,001,mixed_recording_holdout,distill,73,radar
20260920-184857-normal-460800,0,normal,48,0,0.9875171383221945,0.009111824717062214,0.0,0.0033710313243015357,three_class_geometry_compatible,001,mixed_recording_holdout,no_contrast,17,radar
20260920-192610-inBroken-460800,1,inBroken,51,1,0.01725627922032978,0.9734658236597099,0.0,0.00927790178570385,three_class_geometry_compatible,001,mixed_recording_holdout,no_contrast,17,radar
20260920-193718-roll-115200,3,roll,51,3,0.12102925735206216,0.02430411129642059,0.0,0.8546666386811173,three_class_geometry_compatible,001,mixed_recording_holdout,no_contrast,17,radar
20260920-184857-normal-460800,0,normal,48,0,0.9903898127377033,0.00715683873083132,0.0,0.0024533525138394907,three_class_geometry_compatible,001,mixed_recording_holdout,no_contrast,42,radar
20260920-192610-inBroken-460800,1,inBroken,51,1,0.024214731273697873,0.960709320563896,0.0,0.015075949842438978,three_class_geometry_compatible,001,mixed_recording_holdout,no_contrast,42,radar
20260920-193718-roll-115200,3,roll,51,3,0.15989625705953905,0.023990918599142163,0.0,0.8161128163063789,three_class_geometry_compatible,001,mixed_recording_holdout,no_contrast,42,radar
20260920-184857-normal-460800,0,normal,48,0,0.9911389872431755,0.006184855359606445,0.0,0.0026761438687875247,three_class_geometry_compatible,001,mixed_recording_holdout,no_contrast,73,radar
20260920-192610-inBroken-460800,1,inBroken,51,1,0.024030251994582953,0.9589908064580431,0.0,0.016978945683541836,three_class_geometry_compatible,001,mixed_recording_holdout,no_contrast,73,radar
20260920-193718-roll-115200,3,roll,51,3,0.1347031370193387,0.022858030171882288,0.0,0.8424388269400772,three_class_geometry_compatible,001,mixed_recording_holdout,no_contrast,73,radar
20260920-184857-normal-460800,0,normal,48,0,0.9854191256066164,0.010633536236127838,0.0,0.003947334820016597,three_class_geometry_compatible,001,mixed_recording_holdout,no_radar_CE,17,radar
20260920-192610-inBroken-460800,1,inBroken,51,1,0.021720904674307973,0.9669368605987698,0.0,0.011342238342645122,three_class_geometry_compatible,001,mixed_recording_holdout,no_radar_CE,17,radar
20260920-193718-roll-115200,3,roll,51,3,0.13193278228772767,0.031232022525121767,0.0,0.8368351900511805,three_class_geometry_compatible,001,mixed_recording_holdout,no_radar_CE,17,radar
20260920-184857-normal-460800,0,normal,48,0,0.986830056955417,0.010041212483580845,0.0,0.003128741813270608,three_class_geometry_compatible,001,mixed_recording_holdout,no_radar_CE,42,radar
20260920-192610-inBroken-460800,1,inBroken,51,1,0.028589925820044444,0.9537220866072411,0.0,0.017687992064976225,three_class_geometry_compatible,001,mixed_recording_holdout,no_radar_CE,42,radar
20260920-193718-roll-115200,3,roll,51,3,0.15589426933815154,0.03394532011018372,0.0,0.8101604114304862,three_class_geometry_compatible,001,mixed_recording_holdout,no_radar_CE,42,radar
20260920-184857-normal-460800,0,normal,48,0,0.9894383500019709,0.007444449118338525,0.0,0.00311720435032233,three_class_geometry_compatible,001,mixed_recording_holdout,no_radar_CE,73,radar
20260920-192610-inBroken-460800,1,inBroken,51,1,0.030364701798295275,0.9480075976427864,0.0,0.02162769403966034,three_class_geometry_compatible,001,mixed_recording_holdout,no_radar_CE,73,radar
20260920-193718-roll-115200,3,roll,51,3,0.12644096071758837,0.03215150858330376,0.0,0.8414075347394043,three_class_geometry_compatible,001,mixed_recording_holdout,no_radar_CE,73,radar
20260920-184857-normal-460800,0,normal,48,3,0.47957289094726246,0.01902604807401076,0.0,0.5014010642965635,three_class_geometry_compatible,001,mixed_recording_holdout,shuffled,17,radar
20260920-192610-inBroken-460800,1,inBroken,51,1,0.456056123270708,0.5278988953898934,0.0,0.016044986489064553,three_class_geometry_compatible,001,mixed_recording_holdout,shuffled,17,radar
20260920-193718-roll-115200,3,roll,51,3,0.07691094527641933,0.4016779401869166,0.0,0.5214111173854155,three_class_geometry_compatible,001,mixed_recording_holdout,shuffled,17,radar
20260920-184857-normal-460800,0,normal,48,3,0.48491201115151245,0.017109307441084336,0.0,0.497978691632549,three_class_geometry_compatible,001,mixed_recording_holdout,shuffled,42,radar
20260920-192610-inBroken-460800,1,inBroken,51,1,0.4667190961978015,0.5161555847700905,0.0,0.01712532288522697,three_class_geometry_compatible,001,mixed_recording_holdout,shuffled,42,radar
20260920-193718-roll-115200,3,roll,51,3,0.09179344809814996,0.3688986765987733,0.0,0.5393078753761217,three_class_geometry_compatible,001,mixed_recording_holdout,shuffled,42,radar
20260920-184857-normal-460800,0,normal,48,3,0.4829175664732854,0.01545245834859088,0.0,0.5016299616545439,three_class_geometry_compatible,001,mixed_recording_holdout,shuffled,73,radar
20260920-192610-inBroken-460800,1,inBroken,51,1,0.43452446484098245,0.5456252355201572,0.0,0.019850307545971637,three_class_geometry_compatible,001,mixed_recording_holdout,shuffled,73,radar
20260920-193718-roll-115200,3,roll,51,3,0.08427284577605772,0.37670785553899466,0.0,0.539019295982286,three_class_geometry_compatible,001,mixed_recording_holdout,shuffled,73,radar
20260920-184857-normal-460800,0,normal,48,0,0.9914677167932192,0.006407397260772996,0.0,0.002124885819891157,three_class_geometry_compatible,001,mixed_recording_holdout,distill_phase,17,radar
20260920-192610-inBroken-460800,1,inBroken,51,1,0.01420674463916643,0.9798277616500854,0.0,0.0059654887208678556,three_class_geometry_compatible,001,mixed_recording_holdout,distill_phase,17,radar
20260920-193718-roll-115200,3,roll,51,3,0.055199648335795194,0.03356194234106178,0.0,0.9112384082639918,three_class_geometry_compatible,001,mixed_recording_holdout,distill_phase,17,radar
20260920-184857-normal-460800,0,normal,48,0,0.9924220256507397,0.005774960348693033,0.0,0.001803014684507313,three_class_geometry_compatible,001,mixed_recording_holdout,distill_phase,42,radar
20260920-192610-inBroken-460800,1,inBroken,51,1,0.012276034236100375,0.9809258872387456,0.0,0.006798081885219789,three_class_geometry_compatible,001,mixed_recording_holdout,distill_phase,42,radar
20260920-193718-roll-115200,3,roll,51,3,0.06283389145106662,0.020979922410904194,0.0,0.9161861889502582,three_class_geometry_compatible,001,mixed_recording_holdout,distill_phase,42,radar
20260920-184857-normal-460800,0,normal,48,0,0.990744994332393,0.006833438519000386,0.0,0.0024215464194033607,three_class_geometry_compatible,001,mixed_recording_holdout,distill_phase,73,radar
20260920-192610-inBroken-460800,1,inBroken,51,1,0.015951855984680793,0.9765974435151792,0.0,0.007450702499744354,three_class_geometry_compatible,001,mixed_recording_holdout,distill_phase,73,radar
20260920-193718-roll-115200,3,roll,51,3,0.052942378234173006,0.02296834423973718,0.0,0.9240892821667241,three_class_geometry_compatible,001,mixed_recording_holdout,distill_phase,73,radar
20260920-184857-normal-460800,0,normal,48,2,4.227598687748581e-06,0.005236489967589793,0.9919558490747908,0.002803433358931484,three_class_geometry_compatible,001,mixed_recording_holdout,original_head,17,radar
20260920-192610-inBroken-460800,1,inBroken,51,2,1.0059977284982392e-07,0.023545418464419928,0.9758990142394391,0.0005554666963682014,three_class_geometry_compatible,001,mixed_recording_holdout,original_head,17,radar
20260920-193718-roll-115200,3,roll,51,2,3.960138963137207e-06,0.1032302383672264,0.8820665247286049,0.014699276765205318,three_class_geometry_compatible,001,mixed_recording_holdout,original_head,17,radar
20260920-184857-normal-460800,0,normal,48,2,4.386630627603534e-06,0.004659247319786635,0.9927569775586962,0.0025793884908896195,three_class_geometry_compatible,001,mixed_recording_holdout,original_head,42,radar
20260920-192610-inBroken-460800,1,inBroken,51,2,9.440089905970057e-08,0.023381036019450473,0.9760634367243284,0.0005554328553223084,three_class_geometry_compatible,001,mixed_recording_holdout,original_head,42,radar
20260920-193718-roll-115200,3,roll,51,2,3.7741883975855903e-06,0.10386671389655125,0.880597587692503,0.015531924222547979,three_class_geometry_compatible,001,mixed_recording_holdout,original_head,42,radar
20260920-184857-normal-460800,0,normal,48,2,4.4605900567362136e-06,0.00486747905224714,0.9924643327499547,0.002663727607741284,three_class_geometry_compatible,001,mixed_recording_holdout,original_head,73,radar
20260920-192610-inBroken-460800,1,inBroken,51,2,1.1093133920996397e-07,0.026589415092585163,0.9727619719548166,0.0006485020212590283,three_class_geometry_compatible,001,mixed_recording_holdout,original_head,73,radar
20260920-193718-roll-115200,3,roll,51,2,4.349550278716832e-06,0.10741622135116563,0.8754086464963377,0.017170782602217865,three_class_geometry_compatible,001,mixed_recording_holdout,original_head,73,radar
20260920-184857-normal-460800,0,normal,6,0,0.8888013074459907,0.06384002718484921,0.0,0.047358665369160224,three_class_geometry_compatible,010,mixed_recording_holdout,contact_hidden,-1,contact
20260920-192216-inBroken-115200,1,inBroken,8,1,0.0356554583798488,0.9323072374146003,0.0,0.03203730420555087,three_class_geometry_compatible,010,mixed_recording_holdout,contact_hidden,-1,contact
20260920-194108-roll-460800,3,roll,3,3,0.0010456025066927085,0.06375200498247177,0.0,0.9352023925108356,three_class_geometry_compatible,010,mixed_recording_holdout,contact_hidden,-1,contact
20260920-184857-normal-460800,0,normal,6,0,0.9383976820434187,0.04766307791148666,0.0,0.013939240045094689,three_class_geometry_compatible,010,mixed_recording_holdout,contact_xyz_hidden,-1,contact
20260920-192216-inBroken-115200,1,inBroken,8,1,0.010451906467251497,0.9760263873543841,0.0,0.013521706178364394,three_class_geometry_compatible,010,mixed_recording_holdout,contact_xyz_hidden,-1,contact
20260920-194108-roll-460800,3,roll,3,3,0.0012079092141109964,0.08537426581423456,0.0,0.9134178249716545,three_class_geometry_compatible,010,mixed_recording_holdout,contact_xyz_hidden,-1,contact
20260920-184857-normal-460800,0,normal,6,0,0.987116734938212,0.0035831784629968013,0.0,0.009300086598791212,three_class_geometry_compatible,010,mixed_recording_holdout,contact_spectral,-1,contact
20260920-192216-inBroken-115200,1,inBroken,8,1,0.0018096018595534545,0.993282394100515,0.0,0.004908004039931578,three_class_geometry_compatible,010,mixed_recording_holdout,contact_spectral,-1,contact
20260920-194108-roll-460800,3,roll,3,3,0.004080651139048607,0.004237364149466107,0.0,0.9916819847114852,three_class_geometry_compatible,010,mixed_recording_holdout,contact_spectral,-1,contact
20260920-184857-normal-460800,0,normal,6,0,0.9383604333760225,0.05554897868372923,0.0,0.006090587940248328,three_class_geometry_compatible,010,mixed_recording_holdout,contact_statistics,-1,contact
20260920-192216-inBroken-115200,1,inBroken,8,1,0.15356236449814475,0.824973965520635,0.0,0.021463669981220294,three_class_geometry_compatible,010,mixed_recording_holdout,contact_statistics,-1,contact
20260920-194108-roll-460800,3,roll,3,3,0.0008315049485162915,0.058996934002722386,0.0,0.9401715610487612,three_class_geometry_compatible,010,mixed_recording_holdout,contact_statistics,-1,contact
20260920-184857-normal-460800,0,normal,6,0,0.901578608546303,0.05448060315591211,0.0,0.04394078829778484,three_class_geometry_compatible,010,mixed_recording_holdout,contact_final_hidden,-1,contact
20260920-192216-inBroken-115200,1,inBroken,8,1,0.04561404828890144,0.9200676670893109,0.0,0.034318284621787695,three_class_geometry_compatible,010,mixed_recording_holdout,contact_final_hidden,-1,contact
20260920-194108-roll-460800,3,roll,3,3,0.0004248388912676887,0.09335796920988552,0.0,0.9062171918988468,three_class_geometry_compatible,010,mixed_recording_holdout,contact_final_hidden,-1,contact
20260920-184857-normal-460800,0,normal,6,2,0.012332185171544552,0.08672315627336502,0.8107416033744812,0.09020309895277023,three_class_geometry_compatible,010,mixed_recording_holdout,contact_original,-1,contact
20260920-192216-inBroken-115200,1,inBroken,8,2,0.0009702183306217194,0.06122804060578346,0.9225758910179138,0.015225854702293873,three_class_geometry_compatible,010,mixed_recording_holdout,contact_original,-1,contact
20260920-194108-roll-460800,3,roll,3,2,0.00039004781865514815,0.18856340646743774,0.6605890393257141,0.1504574418067932,three_class_geometry_compatible,010,mixed_recording_holdout,contact_original,-1,contact
20260920-184857-normal-460800,0,normal,6,2,8.411399903707206e-06,0.021196337416768074,0.9730455875396729,0.0057496908120810986,three_class_geometry_compatible,010,mixed_recording_holdout,contact_original_mean_hidden,-1,contact
20260920-192216-inBroken-115200,1,inBroken,8,2,9.242177867463397e-08,0.02269083634018898,0.9768703579902649,0.00043872048263438046,three_class_geometry_compatible,010,mixed_recording_holdout,contact_original_mean_hidden,-1,contact
20260920-194108-roll-460800,3,roll,3,2,7.2012721830105875e-06,0.15615111589431763,0.8102505803108215,0.033591128885746,three_class_geometry_compatible,010,mixed_recording_holdout,contact_original_mean_hidden,-1,contact
20260920-184857-normal-460800,0,normal,48,0,0.9970004333056744,0.00023168954125592052,0.0,0.0027678771530697155,three_class_geometry_compatible,010,mixed_recording_holdout,radar_frame_shape,-1,radar
20260920-192216-inBroken-115200,1,inBroken,50,1,7.680936885720254e-06,0.9927628601663815,0.0,0.007229458896732572,three_class_geometry_compatible,010,mixed_recording_holdout,radar_frame_shape,-1,radar
20260920-194108-roll-460800,3,roll,51,3,0.0023533198638817023,0.001316546872175447,0.0,0.9963301332639429,three_class_geometry_compatible,010,mixed_recording_holdout,radar_frame_shape,-1,radar
20260920-184857-normal-460800,0,normal,48,0,0.9938889290460223,0.0003458889114473838,0.0,0.005765182042530129,three_class_geometry_compatible,010,mixed_recording_holdout,radar_shape_phase,-1,radar
20260920-192216-inBroken-115200,1,inBroken,50,1,5.514361490507961e-05,0.9798402688838219,0.0,0.02010458750127283,three_class_geometry_compatible,010,mixed_recording_holdout,radar_shape_phase,-1,radar
20260920-194108-roll-460800,3,roll,51,3,0.0006767385249372474,0.0006402825056891969,0.0,0.9986829789693737,three_class_geometry_compatible,010,mixed_recording_holdout,radar_shape_phase,-1,radar
20260920-184857-normal-460800,0,normal,48,0,0.5846802265610811,0.04310490549884568,0.0,0.3722148679400732,three_class_geometry_compatible,010,mixed_recording_holdout,radar_coherent_shape,-1,radar
20260920-192216-inBroken-115200,1,inBroken,50,3,3.8719215017102254e-08,0.0017275529045335108,0.0,0.9982724083762516,three_class_geometry_compatible,010,mixed_recording_holdout,radar_coherent_shape,-1,radar
20260920-194108-roll-460800,3,roll,51,3,0.00017374459105707227,0.00027220529600335467,0.0,0.9995540501129396,three_class_geometry_compatible,010,mixed_recording_holdout,radar_coherent_shape,-1,radar
20260920-184857-normal-460800,0,normal,48,0,0.9689315444241022,8.546828420671268e-05,0.0,0.030982987291691123,three_class_geometry_compatible,010,mixed_recording_holdout,radar_time_stats,-1,radar
20260920-192216-inBroken-115200,1,inBroken,50,3,2.1777758877693816e-06,0.4131400421249981,0.0,0.5868577800991143,three_class_geometry_compatible,010,mixed_recording_holdout,radar_time_stats,-1,radar
20260920-194108-roll-460800,3,roll,51,3,0.006161385637327606,0.030611393193643397,0.0,0.963227221169029,three_class_geometry_compatible,010,mixed_recording_holdout,radar_time_stats,-1,radar
20260920-184857-normal-460800,0,normal,48,1,0.49437370445449275,0.49437370615569526,0.0,0.01125258938981144,three_class_geometry_compatible,010,mixed_recording_holdout,radar_confound_distance,-1,radar
20260920-192216-inBroken-115200,1,inBroken,50,1,0.49437370445449275,0.49437370615569526,0.0,0.01125258938981144,three_class_geometry_compatible,010,mixed_recording_holdout,radar_confound_distance,-1,radar
20260920-194108-roll-460800,3,roll,51,3,0.011251185895858225,0.011251185895528808,0.0,0.9774976282086122,three_class_geometry_compatible,010,mixed_recording_holdout,radar_confound_distance,-1,radar
20260920-184857-normal-460800,0,normal,48,0,0.9908876471172346,0.002258909496132066,0.0,0.006853443386633331,three_class_geometry_compatible,010,mixed_recording_holdout,radar_confound_raw_amp,-1,radar
20260920-192216-inBroken-115200,1,inBroken,50,1,0.0010928177891901816,0.9956967485728737,0.0,0.003210433637936244,three_class_geometry_compatible,010,mixed_recording_holdout,radar_confound_raw_amp,-1,radar
20260920-194108-roll-460800,3,roll,51,3,0.0031523636646341546,0.002678973340808558,0.0,0.9941686629945574,three_class_geometry_compatible,010,mixed_recording_holdout,radar_confound_raw_amp,-1,radar
20260920-184857-normal-460800,0,normal,48,0,0.999969648818175,2.438194891614861e-06,0.0,2.7923868695249137e-05,three_class_geometry_compatible,010,mixed_recording_holdout,supervised,17,radar
20260920-192216-inBroken-115200,1,inBroken,50,1,0.0001839175905843149,0.9991727638244629,0.0,0.000643316608548048,three_class_geometry_compatible,010,mixed_recording_holdout,supervised,17,radar
20260920-194108-roll-460800,3,roll,51,3,2.9966061906545256e-05,1.1283702711611399e-05,0.0,0.9999587605981266,three_class_geometry_compatible,010,mixed_recording_holdout,supervised,17,radar
20260920-184857-normal-460800,0,normal,48,0,0.9999858650068442,6.7860217806507235e-06,0.0,7.347475962760086e-06,three_class_geometry_compatible,010,mixed_recording_holdout,supervised,42,radar
20260920-192216-inBroken-115200,1,inBroken,50,1,0.00023920922249089926,0.9994227874279022,0.0,0.0003379968529407051,three_class_geometry_compatible,010,mixed_recording_holdout,supervised,42,radar
20260920-194108-roll-460800,3,roll,51,3,4.715927629791515e-05,1.575201361215566e-05,0.0,0.9999370855443618,three_class_geometry_compatible,010,mixed_recording_holdout,supervised,42,radar
20260920-184857-normal-460800,0,normal,48,0,0.9999822117388248,5.390768410033313e-06,0.0,1.2385593703830485e-05,three_class_geometry_compatible,010,mixed_recording_holdout,supervised,73,radar
20260920-192216-inBroken-115200,1,inBroken,50,1,0.00011743815928639379,0.9991638910770416,0.0,0.0007186744108912535,three_class_geometry_compatible,010,mixed_recording_holdout,supervised,73,radar
20260920-194108-roll-460800,3,roll,51,3,3.159284898513351e-05,2.3376100688990702e-05,0.0,0.9999450199744281,three_class_geometry_compatible,010,mixed_recording_holdout,supervised,73,radar
20260920-184857-normal-460800,0,normal,48,0,0.9999425026277701,1.4814103712031587e-05,0.0,4.2674309900310924e-05,three_class_geometry_compatible,010,mixed_recording_holdout,head_only,17,radar
20260920-192216-inBroken-115200,1,inBroken,50,1,0.00030655284906970336,0.9987357807159424,0.0,0.000957670244097244,three_class_geometry_compatible,010,mixed_recording_holdout,head_only,17,radar
20260920-194108-roll-460800,3,roll,51,3,9.24227739126175e-05,5.4554027740902945e-05,0.0,0.9998530231270135,three_class_geometry_compatible,010,mixed_recording_holdout,head_only,17,radar
20260920-184857-normal-460800,0,normal,48,0,0.9999519897003969,2.7131257411383558e-05,0.0,2.0878423048505585e-05,three_class_geometry_compatible,010,mixed_recording_holdout,head_only,42,radar
20260920-192216-inBroken-115200,1,inBroken,50,1,0.00019348736517713406,0.9995855152606964,0.0,0.00022099665184214246,three_class_geometry_compatible,010,mixed_recording_holdout,head_only,42,radar
20260920-194108-roll-460800,3,roll,51,3,7.390884332148834e-05,6.469428854852951e-05,0.0,0.9998613899829341,three_class_geometry_compatible,010,mixed_recording_holdout,head_only,42,radar
20260920-184857-normal-460800,0,normal,48,0,0.9999193834761778,4.227925770313353e-05,0.0,3.834504890202576e-05,three_class_geometry_compatible,010,mixed_recording_holdout,head_only,73,radar
20260920-192216-inBroken-115200,1,inBroken,50,1,0.0001181096722575603,0.9994214808940888,0.0,0.00046039666754950305,three_class_geometry_compatible,010,mixed_recording_holdout,head_only,73,radar
20260920-194108-roll-460800,3,roll,51,3,3.103113205689428e-05,5.619821884322971e-05,0.0,0.9999127586682638,three_class_geometry_compatible,010,mixed_recording_holdout,head_only,73,radar
20260920-184857-normal-460800,0,normal,48,0,0.9858230253060659,0.005053118715295568,0.0,0.009123862507597854,three_class_geometry_compatible,010,mixed_recording_holdout,distill,17,radar
20260920-192216-inBroken-115200,1,inBroken,50,1,0.006934869661927223,0.9705649757385254,0.0,0.02250015126541257,three_class_geometry_compatible,010,mixed_recording_holdout,distill,17,radar
20260920-194108-roll-460800,3,roll,51,3,0.011215210047678328,0.010585234728733114,0.0,0.9781995509185043,three_class_geometry_compatible,010,mixed_recording_holdout,distill,17,radar
20260920-184857-normal-460800,0,normal,48,0,0.9897742321093878,0.0034477035563516742,0.0,0.006778058421332389,three_class_geometry_compatible,010,mixed_recording_holdout,distill,42,radar
20260920-192216-inBroken-115200,1,inBroken,50,1,0.005740042706020176,0.9803630375862121,0.0,0.013896922022104264,three_class_geometry_compatible,010,mixed_recording_holdout,distill,42,radar
20260920-194108-roll-460800,3,roll,51,3,0.008069346120179283,0.010020540867402566,0.0,0.9819101165322697,three_class_geometry_compatible,010,mixed_recording_holdout,distill,42,radar
20260920-184857-normal-460800,0,normal,48,0,0.98876041918993,0.00319219440765058,0.0,0.008047390263527632,three_class_geometry_compatible,010,mixed_recording_holdout,distill,73,radar
20260920-192216-inBroken-115200,1,inBroken,50,1,0.006727718990296125,0.9742534184455871,0.0,0.01901885502040386,three_class_geometry_compatible,010,mixed_recording_holdout,distill,73,radar
20260920-194108-roll-460800,3,roll,51,3,0.008027218085914558,0.012127392897930215,0.0,0.9798453987813464,three_class_geometry_compatible,010,mixed_recording_holdout,distill,73,radar
20260920-184857-normal-460800,0,normal,48,0,0.9854942001402378,0.005139269565309708,0.0,0.009366538695758209,three_class_geometry_compatible,010,mixed_recording_holdout,no_contrast,17,radar
20260920-192216-inBroken-115200,1,inBroken,50,1,0.007107359189540148,0.9706320703029633,0.0,0.022260567620396614,three_class_geometry_compatible,010,mixed_recording_holdout,no_contrast,17,radar
20260920-194108-roll-460800,3,roll,51,3,0.010950467051645997,0.010699781041373225,0.0,0.9783497581294939,three_class_geometry_compatible,010,mixed_recording_holdout,no_contrast,17,radar
20260920-184857-normal-460800,0,normal,48,0,0.9900079096357027,0.003378526926098857,0.0,0.006613566942784625,three_class_geometry_compatible,010,mixed_recording_holdout,no_contrast,42,radar
20260920-192216-inBroken-115200,1,inBroken,50,1,0.005720017198473215,0.9805183660984039,0.0,0.013761616311967373,three_class_geometry_compatible,010,mixed_recording_holdout,no_contrast,42,radar
20260920-194108-roll-460800,3,roll,51,3,0.008062632320740936,0.009897708847169197,0.0,0.9820396713182038,three_class_geometry_compatible,010,mixed_recording_holdout,no_contrast,42,radar
20260920-184857-normal-460800,0,normal,48,0,0.9884700911740462,0.003251370956907825,0.0,0.008278545627642112,three_class_geometry_compatible,010,mixed_recording_holdout,no_contrast,73,radar
20260920-192216-inBroken-115200,1,inBroken,50,1,0.006962178107351065,0.9744324016571045,0.0,0.01860541308298707,three_class_geometry_compatible,010,mixed_recording_holdout,no_contrast,73,radar
20260920-194108-roll-460800,3,roll,51,3,0.007993903143477499,0.012051592969025174,0.0,0.9799545021618113,three_class_geometry_compatible,010,mixed_recording_holdout,no_contrast,73,radar
20260920-184857-normal-460800,0,normal,48,0,0.9842409094174703,0.0057865831622621045,0.0,0.00997249793241887,three_class_geometry_compatible,010,mixed_recording_holdout,no_radar_CE,17,radar
20260920-192216-inBroken-115200,1,inBroken,50,1,0.007639199504628777,0.9681120574474334,0.0,0.024248742181807757,three_class_geometry_compatible,010,mixed_recording_holdout,no_radar_CE,17,radar
20260920-194108-roll-460800,3,roll,51,3,0.011368214974508566,0.011283325451407946,0.0,0.9773484608706307,three_class_geometry_compatible,010,mixed_recording_holdout,no_radar_CE,17,radar
20260920-184857-normal-460800,0,normal,48,0,0.9888648254175981,0.0040153509471565485,0.0,0.007119826404959895,three_class_geometry_compatible,010,mixed_recording_holdout,no_radar_CE,42,radar
20260920-192216-inBroken-115200,1,inBroken,50,1,0.006516002211719751,0.9754406845569611,0.0,0.0180433164909482,three_class_geometry_compatible,010,mixed_recording_holdout,no_radar_CE,42,radar
20260920-194108-roll-460800,3,roll,51,3,0.008296658275831564,0.0108322164354225,0.0,0.9808711316071305,three_class_geometry_compatible,010,mixed_recording_holdout,no_radar_CE,42,radar
20260920-184857-normal-460800,0,normal,48,0,0.9857237413525581,0.0039885249255651916,0.0,0.010287735810076507,three_class_geometry_compatible,010,mixed_recording_holdout,no_radar_CE,73,radar
20260920-192216-inBroken-115200,1,inBroken,50,1,0.00801176743581891,0.9697018432617187,0.0,0.022286391407251357,three_class_geometry_compatible,010,mixed_recording_holdout,no_radar_CE,73,radar
20260920-194108-roll-460800,3,roll,51,3,0.008104303107578672,0.012607482755008866,0.0,0.9792882285866082,three_class_geometry_compatible,010,mixed_recording_holdout,no_radar_CE,73,radar
20260920-184857-normal-460800,0,normal,48,0,0.5334858316928148,0.020223171120354284,0.0,0.4462909971674283,three_class_geometry_compatible,010,mixed_recording_holdout,shuffled,17,radar
20260920-192216-inBroken-115200,1,inBroken,50,1,0.39072802662849426,0.577641521692276,0.0,0.03163045793771744,three_class_geometry_compatible,010,mixed_recording_holdout,shuffled,17,radar
20260920-194108-roll-460800,3,roll,51,3,0.013544251612734561,0.4529765184019126,0.0,0.53347922131127,three_class_geometry_compatible,010,mixed_recording_holdout,shuffled,17,radar
20260920-184857-normal-460800,0,normal,48,0,0.5332631052782139,0.015396562948202094,0.0,0.45134032020966214,three_class_geometry_compatible,010,mixed_recording_holdout,shuffled,42,radar
20260920-192216-inBroken-115200,1,inBroken,50,1,0.41850088655948636,0.5587557721138,0.0,0.022743335459381342,three_class_geometry_compatible,010,mixed_recording_holdout,shuffled,42,radar
20260920-194108-roll-460800,3,roll,51,3,0.011073674349223865,0.4397055103498347,0.0,0.5492208062433729,three_class_geometry_compatible,010,mixed_recording_holdout,shuffled,42,radar
20260920-184857-normal-460800,0,normal,48,0,0.535689520339171,0.016616095148492604,0.0,0.447694377352794,three_class_geometry_compatible,010,mixed_recording_holdout,shuffled,73,radar
20260920-192216-inBroken-115200,1,inBroken,50,1,0.4005269181728363,0.5672646164894104,0.0,0.03220846462994814,three_class_geometry_compatible,010,mixed_recording_holdout,shuffled,73,radar
20260920-194108-roll-460800,3,roll,51,3,0.012619922567597208,0.4427787118098315,0.0,0.5446013632942649,three_class_geometry_compatible,010,mixed_recording_holdout,shuffled,73,radar
20260920-184857-normal-460800,0,normal,48,0,0.9836405018965403,0.004918781215868269,0.0,0.011440715238374347,three_class_geometry_compatible,010,mixed_recording_holdout,distill_phase,17,radar
20260920-192216-inBroken-115200,1,inBroken,50,1,0.012964307758957148,0.9562799406051635,0.0,0.030755748841911554,three_class_geometry_compatible,010,mixed_recording_holdout,distill_phase,17,radar
20260920-194108-roll-460800,3,roll,51,3,0.005485103324092194,0.007027361678945667,0.0,0.9874875171511781,three_class_geometry_compatible,010,mixed_recording_holdout,distill_phase,17,radar
20260920-184857-normal-460800,0,normal,48,0,0.9861349699397882,0.004399669967824593,0.0,0.009465360005075732,three_class_geometry_compatible,010,mixed_recording_holdout,distill_phase,42,radar
20260920-192216-inBroken-115200,1,inBroken,50,1,0.008237010259181261,0.9726087677478791,0.0,0.019154221452772617,three_class_geometry_compatible,010,mixed_recording_holdout,distill_phase,42,radar
20260920-194108-roll-460800,3,roll,51,3,0.004715724692990382,0.00663292838954458,0.0,0.9886513469265956,three_class_geometry_compatible,010,mixed_recording_holdout,distill_phase,42,radar
20260920-184857-normal-460800,0,normal,48,0,0.982206080108881,0.005495059163270828,0.0,0.012298866068401063,three_class_geometry_compatible,010,mixed_recording_holdout,distill_phase,73,radar
20260920-192216-inBroken-115200,1,inBroken,50,1,0.0076799585763365034,0.9724997782707214,0.0,0.019820263590663672,three_class_geometry_compatible,010,mixed_recording_holdout,distill_phase,73,radar
20260920-194108-roll-460800,3,roll,51,3,0.0053624350020625424,0.006723797542280426,0.0,0.9879137674967448,three_class_geometry_compatible,010,mixed_recording_holdout,distill_phase,73,radar
20260920-184857-normal-460800,0,normal,48,2,4.0891312409431155e-06,0.004769299478312879,0.9926185388358052,0.002608072554640881,three_class_geometry_compatible,010,mixed_recording_holdout,original_head,17,radar
20260920-192216-inBroken-115200,1,inBroken,50,2,6.39690179767966e-08,0.043761000090278064,0.955811651246387,0.00042728469431692557,three_class_geometry_compatible,010,mixed_recording_holdout,original_head,17,radar
20260920-194108-roll-460800,3,roll,51,2,9.496451163171079e-07,0.03353572864819369,0.9606180333534161,0.00584528835327406,three_class_geometry_compatible,010,mixed_recording_holdout,original_head,17,radar
20260920-184857-normal-460800,0,normal,48,2,4.464999278339562e-06,0.004541011384048175,0.9928638133132108,0.002590710303462252,three_class_geometry_compatible,010,mixed_recording_holdout,original_head,42,radar
20260920-192216-inBroken-115200,1,inBroken,50,2,6.467598030493616e-08,0.04807339917718601,0.9515026369601916,0.00042389918664220016,three_class_geometry_compatible,010,mixed_recording_holdout,original_head,42,radar
20260920-194108-roll-460800,3,roll,51,2,9.265166147650085e-07,0.036267687241487524,0.9576580577442466,0.006073328497651204,three_class_geometry_compatible,010,mixed_recording_holdout,original_head,42,radar
20260920-184857-normal-460800,0,normal,48,2,4.7481631490808524e-06,0.004525042554286183,0.9927208574559132,0.0027493518266514653,three_class_geometry_compatible,010,mixed_recording_holdout,original_head,73,radar
20260920-192216-inBroken-115200,1,inBroken,50,2,7.61497359280125e-08,0.0427574196975348,0.9567787634597803,0.0004637406929489459,three_class_geometry_compatible,010,mixed_recording_holdout,original_head,73,radar
20260920-194108-roll-460800,3,roll,51,2,9.302023074597195e-07,0.033018315509978184,0.961258269311908,0.005722484975806207,three_class_geometry_compatible,010,mixed_recording_holdout,original_head,73,radar
20260920-184857-normal-460800,0,normal,6,0,0.9678097809662259,0.026071063833141627,0.0,0.006119155200632388,three_class_geometry_compatible,011,mixed_recording_holdout,contact_hidden,-1,contact
20260920-192216-inBroken-115200,1,inBroken,8,1,0.039620634954587106,0.9429907107959816,0.0,0.017388654249431163,three_class_geometry_compatible,011,mixed_recording_holdout,contact_hidden,-1,contact
20260920-193718-roll-115200,3,roll,9,3,0.1729226381578708,0.2707035897484414,0.0,0.5563737720936879,three_class_geometry_compatible,011,mixed_recording_holdout,contact_hidden,-1,contact
20260920-184857-normal-460800,0,normal,6,0,0.9734344604952284,0.020558400736552133,0.0,0.006007138768219327,three_class_geometry_compatible,011,mixed_recording_holdout,contact_xyz_hidden,-1,contact
20260920-192216-inBroken-115200,1,inBroken,8,1,0.010799905611242616,0.9870451319017469,0.0,0.00215496248701038,three_class_geometry_compatible,011,mixed_recording_holdout,contact_xyz_hidden,-1,contact
20260920-193718-roll-115200,3,roll,9,3,0.20288696706710463,0.38590822027779775,0.0,0.4112048126550975,three_class_geometry_compatible,011,mixed_recording_holdout,contact_xyz_hidden,-1,contact
20260920-184857-normal-460800,0,normal,6,0,0.9924356983279087,0.004469738000465238,0.0,0.00309456367162607,three_class_geometry_compatible,011,mixed_recording_holdout,contact_spectral,-1,contact
20260920-192216-inBroken-115200,1,inBroken,8,1,0.0029231287543814485,0.994410504493363,0.0,0.0026663667522555793,three_class_geometry_compatible,011,mixed_recording_holdout,contact_spectral,-1,contact
20260920-193718-roll-115200,3,roll,9,3,0.11471066894373434,0.06886747548439434,0.0,0.8164218555718714,three_class_geometry_compatible,011,mixed_recording_holdout,contact_spectral,-1,contact
20260920-184857-normal-460800,0,normal,6,0,0.9325122233840871,0.06505248306557489,0.0,0.002435293550338051,three_class_geometry_compatible,011,mixed_recording_holdout,contact_statistics,-1,contact
20260920-192216-inBroken-115200,1,inBroken,8,1,0.12711777236379312,0.8618394558765473,0.0,0.011042771759659505,three_class_geometry_compatible,011,mixed_recording_holdout,contact_statistics,-1,contact
20260920-193718-roll-115200,3,roll,9,3,0.11949083482573358,0.10299433498613404,0.0,0.7775148301881324,three_class_geometry_compatible,011,mixed_recording_holdout,contact_statistics,-1,contact
20260920-184857-normal-460800,0,normal,6,0,0.9840232585089576,0.013645566821515418,0.0,0.00233117466952704,three_class_geometry_compatible,011,mixed_recording_holdout,contact_final_hidden,-1,contact
20260920-192216-inBroken-115200,1,inBroken,8,1,0.04915410934172741,0.9335337485734428,0.0,0.01731214208482972,three_class_geometry_compatible,011,mixed_recording_holdout,contact_final_hidden,-1,contact
20260920-193718-roll-115200,3,roll,9,3,0.1796088878416252,0.36856631174559373,0.0,0.4518248004127811,three_class_geometry_compatible,011,mixed_recording_holdout,contact_final_hidden,-1,contact
20260920-184857-normal-460800,0,normal,6,2,0.012332185171544552,0.08672315627336502,0.8107416033744812,0.09020309895277023,three_class_geometry_compatible,011,mixed_recording_holdout,contact_original,-1,contact
20260920-192216-inBroken-115200,1,inBroken,8,2,0.0009702183306217194,0.06122804060578346,0.9225758910179138,0.015225854702293873,three_class_geometry_compatible,011,mixed_recording_holdout,contact_original,-1,contact
20260920-193718-roll-115200,3,roll,9,2,0.006577568128705025,0.08760348707437515,0.7687318921089172,0.13708701729774475,three_class_geometry_compatible,011,mixed_recording_holdout,contact_original,-1,contact
20260920-184857-normal-460800,0,normal,6,2,8.411399903707206e-06,0.021196337416768074,0.9730455875396729,0.0057496908120810986,three_class_geometry_compatible,011,mixed_recording_holdout,contact_original_mean_hidden,-1,contact
20260920-192216-inBroken-115200,1,inBroken,8,2,9.242177867463397e-08,0.02269083634018898,0.9768703579902649,0.00043872048263438046,three_class_geometry_compatible,011,mixed_recording_holdout,contact_original_mean_hidden,-1,contact
20260920-193718-roll-115200,3,roll,9,2,3.502665776977665e-06,0.03880308195948601,0.9500135779380798,0.011179906316101551,three_class_geometry_compatible,011,mixed_recording_holdout,contact_original_mean_hidden,-1,contact
20260920-184857-normal-460800,0,normal,48,0,0.9969305920423044,0.00033021310576760213,0.0,0.002739194851927713,three_class_geometry_compatible,011,mixed_recording_holdout,radar_frame_shape,-1,radar
20260920-192216-inBroken-115200,1,inBroken,50,1,7.557304558201154e-05,0.9958988626268845,0.0,0.004025564327533413,three_class_geometry_compatible,011,mixed_recording_holdout,radar_frame_shape,-1,radar
20260920-193718-roll-115200,3,roll,51,3,0.05520539995598965,0.0019263015525124703,0.0,0.9428682984914978,three_class_geometry_compatible,011,mixed_recording_holdout,radar_frame_shape,-1,radar
20260920-184857-normal-460800,0,normal,48,0,0.9973768412101062,0.0003926019616657006,0.0,0.002230556828228014,three_class_geometry_compatible,011,mixed_recording_holdout,radar_shape_phase,-1,radar
20260920-192216-inBroken-115200,1,inBroken,50,1,0.00014164450487721918,0.9957669941980101,0.0,0.004091361297112784,three_class_geometry_compatible,011,mixed_recording_holdout,radar_shape_phase,-1,radar
20260920-193718-roll-115200,3,roll,51,3,0.024492315347413463,0.0008518371120540228,0.0,0.9746558475405326,three_class_geometry_compatible,011,mixed_recording_holdout,radar_shape_phase,-1,radar
20260920-184857-normal-460800,0,normal,48,0,0.7166827281567941,0.04998563756131277,0.0,0.23333163428189285,three_class_geometry_compatible,011,mixed_recording_holdout,radar_coherent_shape,-1,radar
20260920-192216-inBroken-115200,1,inBroken,50,3,1.262026763616782e-07,0.0021753081544787717,0.0,0.9978245656428447,three_class_geometry_compatible,011,mixed_recording_holdout,radar_coherent_shape,-1,radar
20260920-193718-roll-115200,3,roll,51,3,0.002921191128212902,0.0023170566675493297,0.0,0.9947617522042379,three_class_geometry_compatible,011,mixed_recording_holdout,radar_coherent_shape,-1,radar
20260920-184857-normal-460800,0,normal,48,0,0.9898100545612332,4.406670509764114e-05,0.0,0.010145878733669072,three_class_geometry_compatible,011,mixed_recording_holdout,radar_time_stats,-1,radar
20260920-192216-inBroken-115200,1,inBroken,50,3,1.5891964083331248e-05,0.38420438255783407,0.0,0.6157797254780827,three_class_geometry_compatible,011,mixed_recording_holdout,radar_time_stats,-1,radar
20260920-193718-roll-115200,3,roll,51,3,0.0754841719739349,0.00713864125700924,0.0,0.9173771867690558,three_class_geometry_compatible,011,mixed_recording_holdout,radar_time_stats,-1,radar
20260920-184857-normal-460800,0,normal,48,1,0.49437370445449275,0.49437370615569526,0.0,0.01125258938981144,three_class_geometry_compatible,011,mixed_recording_holdout,radar_confound_distance,-1,radar
20260920-192216-inBroken-115200,1,inBroken,50,1,0.49437370445449275,0.49437370615569526,0.0,0.01125258938981144,three_class_geometry_compatible,011,mixed_recording_holdout,radar_confound_distance,-1,radar
20260920-193718-roll-115200,3,roll,51,3,0.011251185895858225,0.011251185895528808,0.0,0.9774976282086122,three_class_geometry_compatible,011,mixed_recording_holdout,radar_confound_distance,-1,radar
20260920-184857-normal-460800,0,normal,48,0,0.9910768936947902,0.002289359237540912,0.0,0.006633747067668825,three_class_geometry_compatible,011,mixed_recording_holdout,radar_confound_raw_amp,-1,radar
20260920-192216-inBroken-115200,1,inBroken,50,1,0.0010931490675809335,0.9956830464296409,0.0,0.003223804502777887,three_class_geometry_compatible,011,mixed_recording_holdout,radar_confound_raw_amp,-1,radar
20260920-193718-roll-115200,3,roll,51,3,0.0033945296318581343,0.0026184680977766207,0.0,0.9939870022703652,three_class_geometry_compatible,011,mixed_recording_holdout,radar_confound_raw_amp,-1,radar
20260920-184857-normal-460800,0,normal,48,0,0.9999189985295137,4.18562790116539e-06,0.0,7.681465478034018e-05,three_class_geometry_compatible,011,mixed_recording_holdout,supervised,17,radar
20260920-192216-inBroken-115200,1,inBroken,50,1,0.00012976195916053257,0.993451110124588,0.0,0.006419118363664893,three_class_geometry_compatible,011,mixed_recording_holdout,supervised,17,radar
20260920-193718-roll-115200,3,roll,51,3,0.11728330941702428,9.201653992753491e-05,0.0,0.8826246735081762,three_class_geometry_compatible,011,mixed_recording_holdout,supervised,17,radar
20260920-184857-normal-460800,0,normal,48,0,0.9997150984903177,6.271637725063783e-05,0.0,0.00022218622889151143,three_class_geometry_compatible,011,mixed_recording_holdout,supervised,42,radar
20260920-192216-inBroken-115200,1,inBroken,50,1,0.0002506737951625837,0.9982293653488159,0.0,0.001519957690634328,three_class_geometry_compatible,011,mixed_recording_holdout,supervised,42,radar
20260920-193718-roll-115200,3,roll,51,3,0.1309666345659221,0.0008488867665708348,0.0,0.8681844785633254,three_class_geometry_compatible,011,mixed_recording_holdout,supervised,42,radar
20260920-184857-normal-460800,0,normal,48,0,0.9992249831557274,2.5399279962812216e-05,0.0,0.0007496094182902387,three_class_geometry_compatible,011,mixed_recording_holdout,supervised,73,radar
20260920-192216-inBroken-115200,1,inBroken,50,1,9.337790235804278e-05,0.9955742144584656,0.0,0.004332402501277101,three_class_geometry_compatible,011,mixed_recording_holdout,supervised,73,radar
20260920-193718-roll-115200,3,roll,51,3,0.09647472097370993,0.00023474005525249775,0.0,0.9032905419909523,three_class_geometry_compatible,011,mixed_recording_holdout,supervised,73,radar
20260920-184857-normal-460800,0,normal,48,0,0.9998223322133223,2.9592805627013757e-05,0.0,0.0001480715980809085,three_class_geometry_compatible,011,mixed_recording_holdout,head_only,17,radar
20260920-192216-inBroken-115200,1,inBroken,50,1,0.00018763197782391218,0.99834641456604,0.0,0.0014659556047990918,three_class_geometry_compatible,011,mixed_recording_holdout,head_only,17,radar
20260920-193718-roll-115200,3,roll,51,3,0.08438478261864386,0.0005851948643990623,0.0,0.9150300156290863,three_class_geometry_compatible,011,mixed_recording_holdout,head_only,17,radar
20260920-184857-normal-460800,0,normal,48,0,0.9996107990543047,0.00011489175545875696,0.0,0.0002743053044014232,three_class_geometry_compatible,011,mixed_recording_holdout,head_only,42,radar
20260920-192216-inBroken-115200,1,inBroken,50,1,9.207850114762551e-05,0.9986303567886352,0.0,0.0012775532132945954,three_class_geometry_compatible,011,mixed_recording_holdout,head_only,42,radar
20260920-193718-roll-115200,3,roll,51,3,0.16166446109416618,0.0009246716479752007,0.0,0.8374108624842598,three_class_geometry_compatible,011,mixed_recording_holdout,head_only,42,radar
20260920-184857-normal-460800,0,normal,48,0,0.9992260858416557,7.37048104610949e-05,0.0,0.000700189758807331,three_class_geometry_compatible,011,mixed_recording_holdout,head_only,73,radar
20260920-192216-inBroken-115200,1,inBroken,50,1,0.00011551177736691898,0.9948293614387512,0.0,0.005055120803590398,three_class_geometry_compatible,011,mixed_recording_holdout,head_only,73,radar
20260920-193718-roll-115200,3,roll,51,3,0.12634918479927684,0.00043114568353642014,0.0,0.8732196641903297,three_class_geometry_compatible,011,mixed_recording_holdout,head_only,73,radar
20260920-184857-normal-460800,0,normal,48,0,0.9926306021710237,0.004615487312548794,0.0,0.002753910712878375,three_class_geometry_compatible,011,mixed_recording_holdout,distill,17,radar
20260920-192216-inBroken-115200,1,inBroken,50,1,0.007769026923924684,0.9839820277690887,0.0,0.008248947411775589,three_class_geometry_compatible,011,mixed_recording_holdout,distill,17,radar
20260920-193718-roll-115200,3,roll,51,3,0.09516459711434722,0.01675770730328034,0.0,0.8880776839111658,three_class_geometry_compatible,011,mixed_recording_holdout,distill,17,radar
20260920-184857-normal-460800,0,normal,48,0,0.9931584124763807,0.004379007640333536,0.0,0.0024625766770138093,three_class_geometry_compatible,011,mixed_recording_holdout,distill,42,radar
20260920-192216-inBroken-115200,1,inBroken,50,1,0.007907629422843456,0.984378377199173,0.0,0.007713998379185796,three_class_geometry_compatible,011,mixed_recording_holdout,distill,42,radar
20260920-193718-roll-115200,3,roll,51,3,0.15633604742641397,0.01722582525975418,0.0,0.8264381222828638,three_class_geometry_compatible,011,mixed_recording_holdout,distill,42,radar
20260920-184857-normal-460800,0,normal,48,0,0.9938851272066435,0.0034002666167604425,0.0,0.002714611830015201,three_class_geometry_compatible,011,mixed_recording_holdout,distill,73,radar
20260920-192216-inBroken-115200,1,inBroken,50,1,0.010286917015910148,0.9771661961078644,0.0,0.012546885246410965,three_class_geometry_compatible,011,mixed_recording_holdout,distill,73,radar
20260920-193718-roll-115200,3,roll,51,3,0.12460184746704922,0.0152462550356765,0.0,0.8601519088899973,three_class_geometry_compatible,011,mixed_recording_holdout,distill,73,radar
20260920-184857-normal-460800,0,normal,48,0,0.9925212971866131,0.004726835594434912,0.0,0.0027518705780191035,three_class_geometry_compatible,011,mixed_recording_holdout,no_contrast,17,radar
20260920-192216-inBroken-115200,1,inBroken,50,1,0.007766120359301567,0.9840340292453766,0.0,0.008199859922751785,three_class_geometry_compatible,011,mixed_recording_holdout,no_contrast,17,radar
20260920-193718-roll-115200,3,roll,51,3,0.09575883973408125,0.016830318890438945,0.0,0.8874108278576065,three_class_geometry_compatible,011,mixed_recording_holdout,no_contrast,17,radar
20260920-184857-normal-460800,0,normal,48,0,0.9933491547902426,0.0042041171351835755,0.0,0.0024467336067270176,three_class_geometry_compatible,011,mixed_recording_holdout,no_contrast,42,radar
20260920-192216-inBroken-115200,1,inBroken,50,1,0.007627400867640972,0.9843945348262787,0.0,0.007978061069734395,three_class_geometry_compatible,011,mixed_recording_holdout,no_contrast,42,radar
20260920-193718-roll-115200,3,roll,51,3,0.15752878554357105,0.017230176097512536,0.0,0.8252410463641817,three_class_geometry_compatible,011,mixed_recording_holdout,no_contrast,42,radar
20260920-184857-normal-460800,0,normal,48,0,0.9938613511621952,0.0034955753192965253,0.0,0.0026430744692333974,three_class_geometry_compatible,011,mixed_recording_holdout,no_contrast,73,radar
20260920-192216-inBroken-115200,1,inBroken,50,1,0.00992936173453927,0.9771955478191375,0.0,0.012875094953924417,three_class_geometry_compatible,011,mixed_recording_holdout,no_contrast,73,radar
20260920-193718-roll-115200,3,roll,51,3,0.12410992162767798,0.015083593882474244,0.0,0.8608064905502925,three_class_geometry_compatible,011,mixed_recording_holdout,no_contrast,73,radar
20260920-184857-normal-460800,0,normal,48,0,0.9905155251423517,0.005928727754508145,0.0,0.00355573874306477,three_class_geometry_compatible,011,mixed_recording_holdout,no_radar_CE,17,radar
20260920-192216-inBroken-115200,1,inBroken,50,1,0.008999035209417344,0.9820421481132507,0.0,0.008958809906616808,three_class_geometry_compatible,011,mixed_recording_holdout,no_radar_CE,17,radar
20260920-193718-roll-115200,3,roll,51,3,0.09585316575534057,0.0218283948168962,0.0,0.8823184447326496,three_class_geometry_compatible,011,mixed_recording_holdout,no_radar_CE,17,radar
20260920-184857-normal-460800,0,normal,48,0,0.9907538046439489,0.00607429046552473,0.0,0.00317189832276199,three_class_geometry_compatible,011,mixed_recording_holdout,no_radar_CE,42,radar
20260920-192216-inBroken-115200,1,inBroken,50,1,0.009370445441454649,0.9813257741928101,0.0,0.009303783737123013,three_class_geometry_compatible,011,mixed_recording_holdout,no_radar_CE,42,radar
20260920-193718-roll-115200,3,roll,51,3,0.1616130743458794,0.023586863423606344,0.0,0.8148000587837076,three_class_geometry_compatible,011,mixed_recording_holdout,no_radar_CE,42,radar
20260920-184857-normal-460800,0,normal,48,0,0.9923110728462537,0.004269876141430966,0.0,0.0034190561879465045,three_class_geometry_compatible,011,mixed_recording_holdout,no_radar_CE,73,radar
20260920-192216-inBroken-115200,1,inBroken,50,1,0.011655513383448123,0.9742873418331146,0.0,0.014057149114087224,three_class_geometry_compatible,011,mixed_recording_holdout,no_radar_CE,73,radar
20260920-193718-roll-115200,3,roll,51,3,0.127520474712547,0.01985162553176576,0.0,0.8526279034604337,three_class_geometry_compatible,011,mixed_recording_holdout,no_radar_CE,73,radar
20260920-184857-normal-460800,0,normal,48,3,0.4789415045330922,0.01584798002537961,0.0,0.5052105194578568,three_class_geometry_compatible,011,mixed_recording_holdout,shuffled,17,radar
20260920-192216-inBroken-115200,1,inBroken,50,0,0.4953088277578354,0.49529971182346344,0.0,0.009391461415216327,three_class_geometry_compatible,011,mixed_recording_holdout,shuffled,17,radar
20260920-193718-roll-115200,3,roll,51,3,0.05883718928431764,0.4136467345935457,0.0,0.5275160769621531,three_class_geometry_compatible,011,mixed_recording_holdout,shuffled,17,radar
20260920-184857-normal-460800,0,normal,48,3,0.4838873328020175,0.013106190909941992,0.0,0.5030064738045136,three_class_geometry_compatible,011,mixed_recording_holdout,shuffled,42,radar
20260920-192216-inBroken-115200,1,inBroken,50,1,0.49199030876159666,0.49786250114440916,0.0,0.010147190764546394,three_class_geometry_compatible,011,mixed_recording_holdout,shuffled,42,radar
20260920-193718-roll-115200,3,roll,51,3,0.07761748273875199,0.3661247023618689,0.0,0.5562578124158523,three_class_geometry_compatible,011,mixed_recording_holdout,shuffled,42,radar
20260920-184857-normal-460800,0,normal,48,3,0.4790918845683336,0.012360791753356656,0.0,0.5085473215828339,three_class_geometry_compatible,011,mixed_recording_holdout,shuffled,73,radar
20260920-192216-inBroken-115200,1,inBroken,50,0,0.5058470404148102,0.48349120855331423,0.0,0.010661754542961716,three_class_geometry_compatible,011,mixed_recording_holdout,shuffled,73,radar
20260920-193718-roll-115200,3,roll,51,3,0.069370461226094,0.3777140601738995,0.0,0.5529154825444315,three_class_geometry_compatible,011,mixed_recording_holdout,shuffled,73,radar
20260920-184857-normal-460800,0,normal,48,0,0.9931796217958132,0.004226405391818844,0.0,0.002593972909380682,three_class_geometry_compatible,011,mixed_recording_holdout,distill_phase,17,radar
20260920-192216-inBroken-115200,1,inBroken,50,1,0.016215469557791948,0.9697604274749756,0.0,0.01402410387992859,three_class_geometry_compatible,011,mixed_recording_holdout,distill_phase,17,radar
20260920-193718-roll-115200,3,roll,51,3,0.0504534082240699,0.01925685627879027,0.0,0.9302897406559364,three_class_geometry_compatible,011,mixed_recording_holdout,distill_phase,17,radar
20260920-184857-normal-460800,0,normal,48,0,0.9936221105357012,0.0041134324807596085,0.0,0.002264458184072282,three_class_geometry_compatible,011,mixed_recording_holdout,distill_phase,42,radar
20260920-192216-inBroken-115200,1,inBroken,50,1,0.0083838711399585,0.9843215882778168,0.0,0.007294536950066686,three_class_geometry_compatible,011,mixed_recording_holdout,distill_phase,42,radar
20260920-193718-roll-115200,3,roll,51,3,0.07502700075708038,0.015503463791865929,0.0,0.9094695358299741,three_class_geometry_compatible,011,mixed_recording_holdout,distill_phase,42,radar
20260920-184857-normal-460800,0,normal,48,0,0.991875438640515,0.004842814135675629,0.0,0.003281740110348134,three_class_geometry_compatible,011,mixed_recording_holdout,distill_phase,73,radar
20260920-192216-inBroken-115200,1,inBroken,50,1,0.009875175273045898,0.9828152823448181,0.0,0.007309544896706939,three_class_geometry_compatible,011,mixed_recording_holdout,distill_phase,73,radar
20260920-193718-roll-115200,3,roll,51,3,0.05321750856534231,0.0199406918813931,0.0,0.9268418012880811,three_class_geometry_compatible,011,mixed_recording_holdout,distill_phase,73,radar
20260920-184857-normal-460800,0,normal,48,2,4.1063314215235124e-06,0.004841908432275047,0.9925091713106761,0.002644813925627145,three_class_geometry_compatible,011,mixed_recording_holdout,original_head,17,radar
20260920-192216-inBroken-115200,1,inBroken,50,2,6.690223636101153e-08,0.0488491538601663,0.9507140310126969,0.0004367482249003372,three_class_geometry_compatible,011,mixed_recording_holdout,original_head,17,radar
20260920-193718-roll-115200,3,roll,51,2,3.885066216145228e-06,0.11006409209197208,0.8745547597317145,0.015377263110097203,three_class_geometry_compatible,011,mixed_recording_holdout,original_head,17,radar
20260920-184857-normal-460800,0,normal,48,2,4.549743174374542e-06,0.0045914961773228504,0.9928275137902983,0.002576440289204384,three_class_geometry_compatible,011,mixed_recording_holdout,original_head,42,radar
20260920-192216-inBroken-115200,1,inBroken,50,2,6.507290118795178e-08,0.046859402094526256,0.9527307729444101,0.00040975988816268727,three_class_geometry_compatible,011,mixed_recording_holdout,original_head,42,radar
20260920-193718-roll-115200,3,roll,51,2,3.840255094845936e-06,0.10353299665382693,0.8816544586536307,0.014808704437447574,three_class_geometry_compatible,011,mixed_recording_holdout,original_head,42,radar
20260920-184857-normal-460800,0,normal,48,2,4.5241080355486995e-06,0.00476700469734507,0.9925133337898759,0.002715137404743285,three_class_geometry_compatible,011,mixed_recording_holdout,original_head,73,radar
20260920-192216-inBroken-115200,1,inBroken,50,2,6.389525024998815e-08,0.04430629086418215,0.9552871606336218,0.00040648460694607785,three_class_geometry_compatible,011,mixed_recording_holdout,original_head,73,radar
20260920-193718-roll-115200,3,roll,51,2,4.3356702899559935e-06,0.10882270541155659,0.8739400507057485,0.017232908212404804,three_class_geometry_compatible,011,mixed_recording_holdout,original_head,73,radar
20260920-184058-normal-11520,0,normal,7,0,0.9407137754347369,0.017262699873742758,0.0,0.042023524691520306,three_class_geometry_compatible,100,mixed_recording_holdout,contact_hidden,-1,contact
20260920-192610-inBroken-460800,1,inBroken,7,1,0.0056596822664669215,0.9839914212767565,0.0,0.010348896456776556,three_class_geometry_compatible,100,mixed_recording_holdout,contact_hidden,-1,contact
20260920-194108-roll-460800,3,roll,3,3,0.0029191719302022576,0.009333548402200307,0.0,0.9877472796675973,three_class_geometry_compatible,100,mixed_recording_holdout,contact_hidden,-1,contact
20260920-184058-normal-11520,0,normal,7,0,0.9181583741428495,0.014743164833150186,0.0,0.06709846102400019,three_class_geometry_compatible,100,mixed_recording_holdout,contact_xyz_hidden,-1,contact
20260920-192610-inBroken-460800,1,inBroken,7,1,0.00801102401099705,0.9781222965761541,0.0,0.013866679412848892,three_class_geometry_compatible,100,mixed_recording_holdout,contact_xyz_hidden,-1,contact
20260920-194108-roll-460800,3,roll,3,3,0.007131832038056268,0.0016275813113611228,0.0,0.9912405866505827,three_class_geometry_compatible,100,mixed_recording_holdout,contact_xyz_hidden,-1,contact
20260920-184058-normal-11520,0,normal,7,0,0.9901519041890038,0.002406763095954633,0.0,0.007441332715041668,three_class_geometry_compatible,100,mixed_recording_holdout,contact_spectral,-1,contact
20260920-192610-inBroken-460800,1,inBroken,7,1,0.003161597016660711,0.985557235647282,0.0,0.011281167336057326,three_class_geometry_compatible,100,mixed_recording_holdout,contact_spectral,-1,contact
20260920-194108-roll-460800,3,roll,3,3,0.005174422755606618,0.004152624750088479,0.0,0.9906729524943051,three_class_geometry_compatible,100,mixed_recording_holdout,contact_spectral,-1,contact
20260920-184058-normal-11520,0,normal,7,0,0.9438223849886718,0.05429061198688891,0.0,0.00188700302443933,three_class_geometry_compatible,100,mixed_recording_holdout,contact_statistics,-1,contact
20260920-192610-inBroken-460800,1,inBroken,7,1,0.01854060417376266,0.8387195237955856,0.0,0.14273987203065167,three_class_geometry_compatible,100,mixed_recording_holdout,contact_statistics,-1,contact
20260920-194108-roll-460800,3,roll,3,3,0.0009078533828658109,0.01838672104157367,0.0,0.9807054255755606,three_class_geometry_compatible,100,mixed_recording_holdout,contact_statistics,-1,contact
20260920-184058-normal-11520,0,normal,7,0,0.8900830865865023,0.06278538788876055,0.0,0.04713152552473721,three_class_geometry_compatible,100,mixed_recording_holdout,contact_final_hidden,-1,contact
20260920-192610-inBroken-460800,1,inBroken,7,1,0.007725650510625933,0.9766371447698095,0.0,0.0156372047195646,three_class_geometry_compatible,100,mixed_recording_holdout,contact_final_hidden,-1,contact
20260920-194108-roll-460800,3,roll,3,3,0.0010656633598002735,0.008689426649024024,0.0,0.9902449099911758,three_class_geometry_compatible,100,mixed_recording_holdout,contact_final_hidden,-1,contact
20260920-184058-normal-11520,0,normal,7,2,0.017362486571073532,0.03423421457409859,0.7772192358970642,0.17118413746356964,three_class_geometry_compatible,100,mixed_recording_holdout,contact_original,-1,contact
20260920-192610-inBroken-460800,1,inBroken,7,2,7.311032095458359e-05,0.10570169240236282,0.8856785893440247,0.008546590805053711,three_class_geometry_compatible,100,mixed_recording_holdout,contact_original,-1,contact
20260920-194108-roll-460800,3,roll,3,2,0.00039004781865514815,0.18856340646743774,0.6605890393257141,0.1504574418067932,three_class_geometry_compatible,100,mixed_recording_holdout,contact_original,-1,contact
20260920-184058-normal-11520,0,normal,7,2,0.00026096560759469867,0.0042155045084655285,0.9896412491798401,0.005882244557142258,three_class_geometry_compatible,100,mixed_recording_holdout,contact_original_mean_hidden,-1,contact
20260920-192610-inBroken-460800,1,inBroken,7,2,7.360277010093341e-08,0.04957010969519615,0.9499243497848511,0.0005054352222941816,three_class_geometry_compatible,100,mixed_recording_holdout,contact_original_mean_hidden,-1,contact
20260920-194108-roll-460800,3,roll,3,2,7.2012721830105875e-06,0.15615111589431763,0.8102505803108215,0.033591128885746,three_class_geometry_compatible,100,mixed_recording_holdout,contact_original_mean_hidden,-1,contact
20260920-184058-normal-11520,0,normal,61,0,0.9211803555428749,0.0009799146069875424,0.0,0.07783972985013773,three_class_geometry_compatible,100,mixed_recording_holdout,radar_frame_shape,-1,radar
20260920-192610-inBroken-460800,1,inBroken,51,1,0.0009012673919250574,0.9903399183876993,0.0,0.008758814220375465,three_class_geometry_compatible,100,mixed_recording_holdout,radar_frame_shape,-1,radar
20260920-194108-roll-460800,3,roll,51,3,0.001576188910176543,0.0011909350366611801,0.0,0.9972328760531621,three_class_geometry_compatible,100,mixed_recording_holdout,radar_frame_shape,-1,radar
20260920-184058-normal-11520,0,normal,61,0,0.9807730266697305,0.0004420633643721177,0.0,0.018784909965897153,three_class_geometry_compatible,100,mixed_recording_holdout,radar_shape_phase,-1,radar
20260920-192610-inBroken-460800,1,inBroken,51,1,0.0008601439222657741,0.9959991866446621,0.0,0.003140669433072211,three_class_geometry_compatible,100,mixed_recording_holdout,radar_shape_phase,-1,radar
20260920-194108-roll-460800,3,roll,51,3,0.0008303443447000415,0.0006674067097537372,0.0,0.9985022489455465,three_class_geometry_compatible,100,mixed_recording_holdout,radar_shape_phase,-1,radar
20260920-184058-normal-11520,0,normal,61,0,0.9880860295817112,0.00011520364964056323,0.0,0.011798766768648265,three_class_geometry_compatible,100,mixed_recording_holdout,radar_coherent_shape,-1,radar
20260920-192610-inBroken-460800,1,inBroken,51,0,0.982556414666454,0.016634183728667578,0.0,0.0008094016048787668,three_class_geometry_compatible,100,mixed_recording_holdout,radar_coherent_shape,-1,radar
20260920-194108-roll-460800,3,roll,51,3,0.0009718086248395602,0.0009905993356530587,0.0,0.9980375920395074,three_class_geometry_compatible,100,mixed_recording_holdout,radar_coherent_shape,-1,radar
20260920-184058-normal-11520,0,normal,61,0,0.955917034062921,8.664855858546101e-06,0.0,0.04407430108122058,three_class_geometry_compatible,100,mixed_recording_holdout,radar_time_stats,-1,radar
20260920-192610-inBroken-460800,1,inBroken,51,1,1.5049619976229015e-09,0.9991245102841436,0.0,0.0008754882108943736,three_class_geometry_compatible,100,mixed_recording_holdout,radar_time_stats,-1,radar
20260920-194108-roll-460800,3,roll,51,3,0.01039271521895464,0.07044053497214307,0.0,0.9191667498089027,three_class_geometry_compatible,100,mixed_recording_holdout,radar_time_stats,-1,radar
20260920-184058-normal-11520,0,normal,61,0,0.49395568341675383,0.4939556796781418,0.0,0.012088636905104307,three_class_geometry_compatible,100,mixed_recording_holdout,radar_confound_distance,-1,radar
20260920-192610-inBroken-460800,1,inBroken,51,0,0.4939556834167538,0.4939556796781419,0.0,0.012088636905104306,three_class_geometry_compatible,100,mixed_recording_holdout,radar_confound_distance,-1,radar
20260920-194108-roll-460800,3,roll,51,3,0.012089895743002855,0.012089895743856318,0.0,0.9758202085131414,three_class_geometry_compatible,100,mixed_recording_holdout,radar_confound_distance,-1,radar
20260920-184058-normal-11520,0,normal,61,0,0.9929337492152384,0.0005906679975682809,0.0,0.006475582787193063,three_class_geometry_compatible,100,mixed_recording_holdout,radar_confound_raw_amp,-1,radar
20260920-192610-inBroken-460800,1,inBroken,51,1,0.001265251582578998,0.9966410218220508,0.0,0.0020937265953707156,three_class_geometry_compatible,100,mixed_recording_holdout,radar_confound_raw_amp,-1,radar
20260920-194108-roll-460800,3,roll,51,3,0.0033851812698923517,0.0027583549176875433,0.0,0.99385646381242,three_class_geometry_compatible,100,mixed_recording_holdout,radar_confound_raw_amp,-1,radar
20260920-184058-normal-11520,0,normal,61,0,0.9450000966670083,0.00014789506622223523,0.0,0.054852016670755815,three_class_geometry_compatible,100,mixed_recording_holdout,supervised,17,radar
20260920-192610-inBroken-460800,1,inBroken,51,1,0.00012406383315215398,0.9996767511554793,0.0,0.00019918012399370235,three_class_geometry_compatible,100,mixed_recording_holdout,supervised,17,radar
20260920-194108-roll-460800,3,roll,51,3,6.390789088063862e-06,5.657233463593644e-06,0.0,0.9999879423309775,three_class_geometry_compatible,100,mixed_recording_holdout,supervised,17,radar
20260920-184058-normal-11520,0,normal,61,0,0.9545940423353774,0.00014100387127163246,0.0,0.04526495539881789,three_class_geometry_compatible,100,mixed_recording_holdout,supervised,42,radar
20260920-192610-inBroken-460800,1,inBroken,51,1,0.0002390933927837942,0.9996501896895614,0.0,0.00011071814764827472,three_class_geometry_compatible,100,mixed_recording_holdout,supervised,42,radar
20260920-194108-roll-460800,3,roll,51,3,2.331413939186057e-05,2.061194762366843e-05,0.0,0.999956070208082,three_class_geometry_compatible,100,mixed_recording_holdout,supervised,42,radar
20260920-184058-normal-11520,0,normal,61,0,0.9624474241596753,0.00011998075791273207,0.0,0.03743260137494484,three_class_geometry_compatible,100,mixed_recording_holdout,supervised,73,radar
20260920-192610-inBroken-460800,1,inBroken,51,1,0.0002802412380725739,0.9992945229305941,0.0,0.0004252350979596468,three_class_geometry_compatible,100,mixed_recording_holdout,supervised,73,radar
20260920-194108-roll-460800,3,roll,51,3,1.2373744824549694e-05,3.273100566159473e-05,0.0,0.9999549073331496,three_class_geometry_compatible,100,mixed_recording_holdout,supervised,73,radar
20260920-184058-normal-11520,0,normal,61,0,0.9460950239759977,0.00017346494154272016,0.0,0.05373151767098832,three_class_geometry_compatible,100,mixed_recording_holdout,head_only,17,radar
20260920-192610-inBroken-460800,1,inBroken,51,1,0.00043318741646704864,0.9991014704984778,0.0,0.0004653459604299974,three_class_geometry_compatible,100,mixed_recording_holdout,head_only,17,radar
20260920-194108-roll-460800,3,roll,51,3,3.1532329843435485e-05,4.149471021496449e-05,0.0,0.9999269702855278,three_class_geometry_compatible,100,mixed_recording_holdout,head_only,17,radar
20260920-184058-normal-11520,0,normal,61,0,0.9457533774195147,0.00030833846083951955,0.0,0.05393828305878727,three_class_geometry_compatible,100,mixed_recording_holdout,head_only,42,radar
20260920-192610-inBroken-460800,1,inBroken,51,1,0.0003409673576528553,0.9991357805682164,0.0,0.0005232444419365778,three_class_geometry_compatible,100,mixed_recording_holdout,head_only,42,radar
20260920-194108-roll-460800,3,roll,51,3,4.912114901772464e-05,0.00010110126064033716,0.0,0.999849771752077,three_class_geometry_compatible,100,mixed_recording_holdout,head_only,42,radar
20260920-184058-normal-11520,0,normal,61,0,0.9623765041593646,0.0004434897638303915,0.0,0.03718000226189226,three_class_geometry_compatible,100,mixed_recording_holdout,head_only,73,radar
20260920-192610-inBroken-460800,1,inBroken,51,1,0.00035065771383005105,0.9993468768456403,0.0,0.0003024601496244762,three_class_geometry_compatible,100,mixed_recording_holdout,head_only,73,radar
20260920-194108-roll-460800,3,roll,51,3,2.5568355135428467e-05,3.0310226190754203e-05,0.0,0.9999441188924453,three_class_geometry_compatible,100,mixed_recording_holdout,head_only,73,radar
20260920-184058-normal-11520,0,normal,61,0,0.8788440247051051,0.019924634411076052,0.0,0.10123134450223602,three_class_geometry_compatible,100,mixed_recording_holdout,distill,17,radar
20260920-192610-inBroken-460800,1,inBroken,51,1,0.02586356990550663,0.9488719631643856,0.0,0.025264471130189942,three_class_geometry_compatible,100,mixed_recording_holdout,distill,17,radar
20260920-194108-roll-460800,3,roll,51,3,0.0061692114161583135,0.009327680520786374,0.0,0.9845031032375261,three_class_geometry_compatible,100,mixed_recording_holdout,distill,17,radar
20260920-184058-normal-11520,0,normal,61,0,0.9127562158420438,0.0135998087629798,0.0,0.07364398091420775,three_class_geometry_compatible,100,mixed_recording_holdout,distill,42,radar
20260920-192610-inBroken-460800,1,inBroken,51,1,0.024684311657705727,0.948156124236537,0.0,0.027159566132753502,three_class_geometry_compatible,100,mixed_recording_holdout,distill,42,radar
20260920-194108-roll-460800,3,roll,51,3,0.006591702813702617,0.009158806126637786,0.0,0.9842495030047846,three_class_geometry_compatible,100,mixed_recording_holdout,distill,42,radar
20260920-184058-normal-11520,0,normal,61,0,0.9226294208745487,0.014447326665041877,0.0,0.0629232419944811,three_class_geometry_compatible,100,mixed_recording_holdout,distill,73,radar
20260920-192610-inBroken-460800,1,inBroken,51,1,0.024979519329088574,0.9529055123235665,0.0,0.02211496432074437,three_class_geometry_compatible,100,mixed_recording_holdout,distill,73,radar
20260920-194108-roll-460800,3,roll,51,3,0.005801538471132517,0.009291533910322423,0.0,0.9849069258745979,three_class_geometry_compatible,100,mixed_recording_holdout,distill,73,radar
20260920-184058-normal-11520,0,normal,61,0,0.8783780079884608,0.020503834180045324,0.0,0.10111815921321023,three_class_geometry_compatible,100,mixed_recording_holdout,no_contrast,17,radar
20260920-192610-inBroken-460800,1,inBroken,51,1,0.024778604215266658,0.9507695775406033,0.0,0.024451825475575877,three_class_geometry_compatible,100,mixed_recording_holdout,no_contrast,17,radar
20260920-194108-roll-460800,3,roll,51,3,0.0063475026685160165,0.009630540951940358,0.0,0.9840219488330916,three_class_geometry_compatible,100,mixed_recording_holdout,no_contrast,17,radar
20260920-184058-normal-11520,0,normal,61,0,0.9130280521072325,0.01360424792729929,0.0,0.07336769627071306,three_class_geometry_compatible,100,mixed_recording_holdout,no_contrast,42,radar
20260920-192610-inBroken-460800,1,inBroken,51,1,0.023877174210022476,0.9494960553505841,0.0,0.026626772557695706,three_class_geometry_compatible,100,mixed_recording_holdout,no_contrast,42,radar
20260920-194108-roll-460800,3,roll,51,3,0.006505003404420088,0.009073348104150272,0.0,0.9844216377127404,three_class_geometry_compatible,100,mixed_recording_holdout,no_contrast,42,radar
20260920-184058-normal-11520,0,normal,61,0,0.9208958569120188,0.014716987177485326,0.0,0.06438715851361879,three_class_geometry_compatible,100,mixed_recording_holdout,no_contrast,73,radar
20260920-192610-inBroken-460800,1,inBroken,51,1,0.023252017540382405,0.9562255833663192,0.0,0.020522404279486806,three_class_geometry_compatible,100,mixed_recording_holdout,no_contrast,73,radar
20260920-194108-roll-460800,3,roll,51,3,0.0058795753957740235,0.00930497903084638,0.0,0.9848154444320529,three_class_geometry_compatible,100,mixed_recording_holdout,no_contrast,73,radar
20260920-184058-normal-11520,0,normal,61,0,0.8663960106548716,0.025992031247339776,0.0,0.10761195193731883,three_class_geometry_compatible,100,mixed_recording_holdout,no_radar_CE,17,radar
20260920-192610-inBroken-460800,1,inBroken,51,1,0.031691687035502174,0.9383296744496215,0.0,0.02997863584873723,three_class_geometry_compatible,100,mixed_recording_holdout,no_radar_CE,17,radar
20260920-194108-roll-460800,3,roll,51,3,0.006333248288023705,0.00989952479836111,0.0,0.9837672219556921,three_class_geometry_compatible,100,mixed_recording_holdout,no_radar_CE,17,radar
20260920-184058-normal-11520,0,normal,61,0,0.8946509011944787,0.01753912119530752,0.0,0.08780996771681993,three_class_geometry_compatible,100,mixed_recording_holdout,no_radar_CE,42,radar
20260920-192610-inBroken-460800,1,inBroken,51,1,0.02839746521603243,0.9437362049140182,0.0,0.027866333010880387,three_class_geometry_compatible,100,mixed_recording_holdout,no_radar_CE,42,radar
20260920-194108-roll-460800,3,roll,51,3,0.0059355527719519305,0.008712432347238064,0.0,0.9853520066130395,three_class_geometry_compatible,100,mixed_recording_holdout,no_radar_CE,42,radar
20260920-184058-normal-11520,0,normal,61,0,0.9042741749130312,0.019772622657970328,0.0,0.0759532058031344,three_class_geometry_compatible,100,mixed_recording_holdout,no_radar_CE,73,radar
20260920-192610-inBroken-460800,1,inBroken,51,1,0.027855464531218305,0.947764887529261,0.0,0.024379646095136803,three_class_geometry_compatible,100,mixed_recording_holdout,no_radar_CE,73,radar
20260920-194108-roll-460800,3,roll,51,3,0.0057888582494913365,0.009453395810708696,0.0,0.984757757654377,three_class_geometry_compatible,100,mixed_recording_holdout,no_radar_CE,73,radar
20260920-184058-normal-11520,0,normal,61,3,0.44747342266997353,0.048890259025282545,0.0,0.5036363186406307,three_class_geometry_compatible,100,mixed_recording_holdout,shuffled,17,radar
20260920-192610-inBroken-460800,1,inBroken,51,1,0.4335402332100214,0.52598376659786,0.0,0.04047600585309898,three_class_geometry_compatible,100,mixed_recording_holdout,shuffled,17,radar
20260920-194108-roll-460800,3,roll,51,3,0.017419597243561465,0.446246499524397,0.0,0.536333909221724,three_class_geometry_compatible,100,mixed_recording_holdout,shuffled,17,radar
20260920-184058-normal-11520,0,normal,61,3,0.47850253274206256,0.039547161977799214,0.0,0.4819503016159183,three_class_geometry_compatible,100,mixed_recording_holdout,shuffled,42,radar
20260920-192610-inBroken-460800,1,inBroken,51,1,0.43383419279958685,0.5213495434499255,0.0,0.04481626090173628,three_class_geometry_compatible,100,mixed_recording_holdout,shuffled,42,radar
20260920-194108-roll-460800,3,roll,51,3,0.018515253256933362,0.4487721166189979,0.0,0.5327126261065988,three_class_geometry_compatible,100,mixed_recording_holdout,shuffled,42,radar
20260920-184058-normal-11520,0,normal,61,0,0.48148585367398183,0.0378559074349335,0.0,0.4806582307229277,three_class_geometry_compatible,100,mixed_recording_holdout,shuffled,73,radar
20260920-192610-inBroken-460800,1,inBroken,51,1,0.4177880252108854,0.5420313833975324,0.0,0.04018059098983512,three_class_geometry_compatible,100,mixed_recording_holdout,shuffled,73,radar
20260920-194108-roll-460800,3,roll,51,3,0.019161667656518666,0.4436921436412662,0.0,0.537146192555334,three_class_geometry_compatible,100,mixed_recording_holdout,shuffled,73,radar
20260920-184058-normal-11520,0,normal,61,0,0.9482706731460133,0.01337524239340278,0.0,0.03835407817033959,three_class_geometry_compatible,100,mixed_recording_holdout,distill_phase,17,radar
20260920-192610-inBroken-460800,1,inBroken,51,1,0.01262696321104087,0.9776357529210109,0.0,0.009737277449126922,three_class_geometry_compatible,100,mixed_recording_holdout,distill_phase,17,radar
20260920-194108-roll-460800,3,roll,51,3,0.004831867580137709,0.006522290929056266,0.0,0.9886458329125947,three_class_geometry_compatible,100,mixed_recording_holdout,distill_phase,17,radar
20260920-184058-normal-11520,0,normal,61,0,0.9606223673116966,0.010138668837483789,0.0,0.029238967354730017,three_class_geometry_compatible,100,mixed_recording_holdout,distill_phase,42,radar
20260920-192610-inBroken-460800,1,inBroken,51,1,0.00920744069541494,0.9823232141195559,0.0,0.00846934036406524,three_class_geometry_compatible,100,mixed_recording_holdout,distill_phase,42,radar
20260920-194108-roll-460800,3,roll,51,3,0.0039590095927683165,0.006079854032791713,0.0,0.9899611379586014,three_class_geometry_compatible,100,mixed_recording_holdout,distill_phase,42,radar
20260920-184058-normal-11520,0,normal,61,0,0.9587753214797036,0.011222948579758894,0.0,0.030001730452001583,three_class_geometry_compatible,100,mixed_recording_holdout,distill_phase,73,radar
20260920-192610-inBroken-460800,1,inBroken,51,1,0.015693960857449795,0.9722515940666199,0.0,0.012054445340718124,three_class_geometry_compatible,100,mixed_recording_holdout,distill_phase,73,radar
20260920-194108-roll-460800,3,roll,51,3,0.0049388432993973585,0.007050780132047686,0.0,0.9880103796136146,three_class_geometry_compatible,100,mixed_recording_holdout,distill_phase,73,radar
20260920-184058-normal-11520,0,normal,61,2,2.152825091430251e-06,0.025434995827668283,0.9709573424183489,0.003605508928891049,three_class_geometry_compatible,100,mixed_recording_holdout,original_head,17,radar
20260920-192610-inBroken-460800,1,inBroken,51,2,8.687075596726588e-08,0.023693263676487893,0.9758058738439113,0.0005007756088451705,three_class_geometry_compatible,100,mixed_recording_holdout,original_head,17,radar
20260920-194108-roll-460800,3,roll,51,2,9.32014875848046e-07,0.03393896486676938,0.9603210901583543,0.005739012960000122,three_class_geometry_compatible,100,mixed_recording_holdout,original_head,17,radar
20260920-184058-normal-11520,0,normal,61,2,2.293136887294241e-06,0.02410660288797256,0.9723791217414823,0.0035119822336581656,three_class_geometry_compatible,100,mixed_recording_holdout,original_head,42,radar
20260920-192610-inBroken-460800,1,inBroken,51,2,7.525366392807759e-08,0.022131464524724268,0.9773982295041322,0.000470230717479874,three_class_geometry_compatible,100,mixed_recording_holdout,original_head,42,radar
20260920-194108-roll-460800,3,roll,51,2,9.802901182573325e-07,0.035813190343516405,0.957869196908495,0.00631663245787058,three_class_geometry_compatible,100,mixed_recording_holdout,original_head,42,radar
20260920-184058-normal-11520,0,normal,61,2,2.44189546298302e-06,0.024570432610619104,0.9718508606417193,0.003576264852198329,three_class_geometry_compatible,100,mixed_recording_holdout,original_head,73,radar
20260920-192610-inBroken-460800,1,inBroken,51,2,9.567868114610737e-08,0.02267074565946575,0.9767491330132752,0.0005800256485780414,three_class_geometry_compatible,100,mixed_recording_holdout,original_head,73,radar
20260920-194108-roll-460800,3,roll,51,2,9.7226627878109e-07,0.033142829628933994,0.9609001075291358,0.0059560905756513285,three_class_geometry_compatible,100,mixed_recording_holdout,original_head,73,radar
20260920-184058-normal-11520,0,normal,7,0,0.9673202293579414,0.029574924445179666,0.0,0.0031048461968789126,three_class_geometry_compatible,101,mixed_recording_holdout,contact_hidden,-1,contact
20260920-192610-inBroken-460800,1,inBroken,7,1,0.008360890370022094,0.9656445817669858,0.0,0.025994527862992247,three_class_geometry_compatible,101,mixed_recording_holdout,contact_hidden,-1,contact
20260920-193718-roll-115200,3,roll,9,3,0.13615399260363886,0.3955586669718951,0.0,0.468287340424466,three_class_geometry_compatible,101,mixed_recording_holdout,contact_hidden,-1,contact
20260920-184058-normal-11520,0,normal,7,0,0.9833912897618357,0.013612992282769121,0.0,0.002995717955395358,three_class_geometry_compatible,101,mixed_recording_holdout,contact_xyz_hidden,-1,contact
20260920-192610-inBroken-460800,1,inBroken,7,1,0.00770448525722879,0.9550054204973317,0.0,0.03729009424543953,three_class_geometry_compatible,101,mixed_recording_holdout,contact_xyz_hidden,-1,contact
20260920-193718-roll-115200,3,roll,9,1,0.14231776030394774,0.48191555076194553,0.0,0.3757666889341067,three_class_geometry_compatible,101,mixed_recording_holdout,contact_xyz_hidden,-1,contact
20260920-184058-normal-11520,0,normal,7,0,0.9927562971007056,0.003301279728473212,0.0,0.003942423170821226,three_class_geometry_compatible,101,mixed_recording_holdout,contact_spectral,-1,contact
20260920-192610-inBroken-460800,1,inBroken,7,1,0.005739853884549849,0.9889091383494251,0.0,0.005351007766025101,three_class_geometry_compatible,101,mixed_recording_holdout,contact_spectral,-1,contact
20260920-193718-roll-115200,3,roll,9,3,0.13072383377650343,0.04582420475947544,0.0,0.8234519614640211,three_class_geometry_compatible,101,mixed_recording_holdout,contact_spectral,-1,contact
20260920-184058-normal-11520,0,normal,7,0,0.9618065847770164,0.03763377291143374,0.0,0.0005596423115499102,three_class_geometry_compatible,101,mixed_recording_holdout,contact_statistics,-1,contact
20260920-192610-inBroken-460800,1,inBroken,7,1,0.02153154023727597,0.7700571073792115,0.0,0.20841135238351255,three_class_geometry_compatible,101,mixed_recording_holdout,contact_statistics,-1,contact
20260920-193718-roll-115200,3,roll,9,3,0.11894504271167101,0.07209813514338222,0.0,0.8089568221449467,three_class_geometry_compatible,101,mixed_recording_holdout,contact_statistics,-1,contact
20260920-184058-normal-11520,0,normal,7,0,0.9071286826953833,0.08878991065695876,0.0,0.004081406647657955,three_class_geometry_compatible,101,mixed_recording_holdout,contact_final_hidden,-1,contact
20260920-192610-inBroken-460800,1,inBroken,7,1,0.010896239557537397,0.9636303483902926,0.0,0.02547341205217004,three_class_geometry_compatible,101,mixed_recording_holdout,contact_final_hidden,-1,contact
20260920-193718-roll-115200,3,roll,9,3,0.14872494370728762,0.41101483621741414,0.0,0.44026022007529825,three_class_geometry_compatible,101,mixed_recording_holdout,contact_final_hidden,-1,contact
20260920-184058-normal-11520,0,normal,7,2,0.017362486571073532,0.03423421457409859,0.7772192358970642,0.17118413746356964,three_class_geometry_compatible,101,mixed_recording_holdout,contact_original,-1,contact
20260920-192610-inBroken-460800,1,inBroken,7,2,7.311032095458359e-05,0.10570169240236282,0.8856785893440247,0.008546590805053711,three_class_geometry_compatible,101,mixed_recording_holdout,contact_original,-1,contact
20260920-193718-roll-115200,3,roll,9,2,0.006577568128705025,0.08760348707437515,0.7687318921089172,0.13708701729774475,three_class_geometry_compatible,101,mixed_recording_holdout,contact_original,-1,contact
20260920-184058-normal-11520,0,normal,7,2,0.00026096560759469867,0.0042155045084655285,0.9896412491798401,0.005882244557142258,three_class_geometry_compatible,101,mixed_recording_holdout,contact_original_mean_hidden,-1,contact
20260920-192610-inBroken-460800,1,inBroken,7,2,7.360277010093341e-08,0.04957010969519615,0.9499243497848511,0.0005054352222941816,three_class_geometry_compatible,101,mixed_recording_holdout,contact_original_mean_hidden,-1,contact
20260920-193718-roll-115200,3,roll,9,2,3.502665776977665e-06,0.03880308195948601,0.9500135779380798,0.011179906316101551,three_class_geometry_compatible,101,mixed_recording_holdout,contact_original_mean_hidden,-1,contact
20260920-184058-normal-11520,0,normal,61,0,0.9690965789839591,0.0010675809960233136,0.0,0.029835840020017754,three_class_geometry_compatible,101,mixed_recording_holdout,radar_frame_shape,-1,radar
20260920-192610-inBroken-460800,1,inBroken,51,1,0.0007199066122588278,0.9855982059935803,0.0,0.01368188739416086,three_class_geometry_compatible,101,mixed_recording_holdout,radar_frame_shape,-1,radar
20260920-193718-roll-115200,3,roll,51,3,0.03325526406677154,0.0020238759340215494,0.0,0.9647208599992069,three_class_geometry_compatible,101,mixed_recording_holdout,radar_frame_shape,-1,radar
20260920-184058-normal-11520,0,normal,61,0,0.9937644445030457,0.0003686584184814484,0.0,0.005866897078472857,three_class_geometry_compatible,101,mixed_recording_holdout,radar_shape_phase,-1,radar
20260920-192610-inBroken-460800,1,inBroken,51,1,0.00043230568636747367,0.9933960767009866,0.0,0.0061716176126460414,three_class_geometry_compatible,101,mixed_recording_holdout,radar_shape_phase,-1,radar
20260920-193718-roll-115200,3,roll,51,3,0.02072703587610536,0.0011301539749518001,0.0,0.9781428101489432,three_class_geometry_compatible,101,mixed_recording_holdout,radar_shape_phase,-1,radar
20260920-184058-normal-11520,0,normal,61,0,0.9911703718537508,0.00011336750676115924,0.0,0.008716260639487855,three_class_geometry_compatible,101,mixed_recording_holdout,radar_coherent_shape,-1,radar
20260920-192610-inBroken-460800,1,inBroken,51,0,0.9802365986104311,0.019322914922723682,0.0,0.0004404864668450521,three_class_geometry_compatible,101,mixed_recording_holdout,radar_coherent_shape,-1,radar
20260920-193718-roll-115200,3,roll,51,3,0.02425184478425131,0.002950585423421376,0.0,0.9727975697923273,three_class_geometry_compatible,101,mixed_recording_holdout,radar_coherent_shape,-1,radar
20260920-184058-normal-11520,0,normal,61,0,0.9609948540067397,2.760362681203425e-06,0.0,0.03900238563057906,three_class_geometry_compatible,101,mixed_recording_holdout,radar_time_stats,-1,radar
20260920-192610-inBroken-460800,1,inBroken,51,1,2.983836450927115e-08,0.9932201179360328,0.0,0.006779852225602305,three_class_geometry_compatible,101,mixed_recording_holdout,radar_time_stats,-1,radar
20260920-193718-roll-115200,3,roll,51,3,0.1150196607539406,0.018533072572858435,0.0,0.866447266673201,three_class_geometry_compatible,101,mixed_recording_holdout,radar_time_stats,-1,radar
20260920-184058-normal-11520,0,normal,61,0,0.49395568341675383,0.4939556796781418,0.0,0.012088636905104307,three_class_geometry_compatible,101,mixed_recording_holdout,radar_confound_distance,-1,radar
20260920-192610-inBroken-460800,1,inBroken,51,0,0.4939556834167538,0.4939556796781419,0.0,0.012088636905104306,three_class_geometry_compatible,101,mixed_recording_holdout,radar_confound_distance,-1,radar
20260920-193718-roll-115200,3,roll,51,3,0.012089895743002855,0.012089895743856318,0.0,0.9758202085131414,three_class_geometry_compatible,101,mixed_recording_holdout,radar_confound_distance,-1,radar
20260920-184058-normal-11520,0,normal,61,0,0.9912141421938295,0.0005761562948630569,0.0,0.008209701511307385,three_class_geometry_compatible,101,mixed_recording_holdout,radar_confound_raw_amp,-1,radar
20260920-192610-inBroken-460800,1,inBroken,51,1,0.0012708724568415548,0.9967387004364011,0.0,0.0019904271067572176,three_class_geometry_compatible,101,mixed_recording_holdout,radar_confound_raw_amp,-1,radar
20260920-193718-roll-115200,3,roll,51,3,0.004228829498373172,0.0032614246221669583,0.0,0.9925097458794597,three_class_geometry_compatible,101,mixed_recording_holdout,radar_confound_raw_amp,-1,radar
20260920-184058-normal-11520,0,normal,61,0,0.9977252405197894,0.0005238140636004677,0.0,0.001750936632471748,three_class_geometry_compatible,101,mixed_recording_holdout,supervised,17,radar
20260920-192610-inBroken-460800,1,inBroken,51,1,7.093766551263922e-05,0.9997503219866285,0.0,0.000178746731227661,three_class_geometry_compatible,101,mixed_recording_holdout,supervised,17,radar
20260920-193718-roll-115200,3,roll,51,3,0.05904785271490718,7.495899167313873e-05,0.0,0.9408771975294632,three_class_geometry_compatible,101,mixed_recording_holdout,supervised,17,radar
20260920-184058-normal-11520,0,normal,61,0,0.9959905088924971,0.0001304288614280312,0.0,0.0038790662401283283,three_class_geometry_compatible,101,mixed_recording_holdout,supervised,42,radar
20260920-192610-inBroken-460800,1,inBroken,51,1,0.00019686532094983348,0.9996333496243346,0.0,0.0001697807862964349,three_class_geometry_compatible,101,mixed_recording_holdout,supervised,42,radar
20260920-193718-roll-115200,3,roll,51,3,0.02813151699971665,0.00026684689373723813,0.0,0.9716016409882143,three_class_geometry_compatible,101,mixed_recording_holdout,supervised,42,radar
20260920-184058-normal-11520,0,normal,61,0,0.9966247052442833,9.565777308587892e-05,0.0,0.0032796345727606944,three_class_geometry_compatible,101,mixed_recording_holdout,supervised,73,radar
20260920-192610-inBroken-460800,1,inBroken,51,1,0.0001385619476672682,0.9996178091741076,0.0,0.00024363307973401913,three_class_geometry_compatible,101,mixed_recording_holdout,supervised,73,radar
20260920-193718-roll-115200,3,roll,51,3,0.028594884350383713,0.0002769315463000584,0.0,0.9711281847135693,three_class_geometry_compatible,101,mixed_recording_holdout,supervised,73,radar
20260920-184058-normal-11520,0,normal,61,0,0.9924026971957722,0.00010472841063719748,0.0,0.007492566785466076,three_class_geometry_compatible,101,mixed_recording_holdout,head_only,17,radar
20260920-192610-inBroken-460800,1,inBroken,51,1,0.00034924589329189166,0.9992160621811362,0.0,0.0004346957270457756,three_class_geometry_compatible,101,mixed_recording_holdout,head_only,17,radar
20260920-193718-roll-115200,3,roll,51,3,0.041058384814723646,0.0003078778967499281,0.0,0.9586337264261994,three_class_geometry_compatible,101,mixed_recording_holdout,head_only,17,radar
20260920-184058-normal-11520,0,normal,61,0,0.9971153208466826,0.00018661640781635365,0.0,0.002698058250778141,three_class_geometry_compatible,101,mixed_recording_holdout,head_only,42,radar
20260920-192610-inBroken-460800,1,inBroken,51,1,0.00022920451238842718,0.9989946204073289,0.0,0.0007761673783248875,three_class_geometry_compatible,101,mixed_recording_holdout,head_only,42,radar
20260920-193718-roll-115200,3,roll,51,3,0.06238968141099344,0.000562150919137696,0.0,0.9370481656754718,three_class_geometry_compatible,101,mixed_recording_holdout,head_only,42,radar
20260920-184058-normal-11520,0,normal,61,0,0.9969247286436987,0.00016793010050963352,0.0,0.002907336328000204,three_class_geometry_compatible,101,mixed_recording_holdout,head_only,73,radar
20260920-192610-inBroken-460800,1,inBroken,51,1,0.0003535435236842079,0.9989003258592942,0.0,0.0007461360210607596,three_class_geometry_compatible,101,mixed_recording_holdout,head_only,73,radar
20260920-193718-roll-115200,3,roll,51,3,0.05237420015616996,0.0008143519442848058,0.0,0.9468114381911708,three_class_geometry_compatible,101,mixed_recording_holdout,head_only,73,radar
20260920-184058-normal-11520,0,normal,61,0,0.9509638714008644,0.019386520380245856,0.0,0.02964962393495819,three_class_geometry_compatible,101,mixed_recording_holdout,distill,17,radar
20260920-192610-inBroken-460800,1,inBroken,51,1,0.01749694694344904,0.9743516258164948,0.0,0.008151430531642308,three_class_geometry_compatible,101,mixed_recording_holdout,distill,17,radar
20260920-193718-roll-115200,3,roll,51,3,0.04219484905593609,0.015730381970677304,0.0,0.9420747692678489,three_class_geometry_compatible,101,mixed_recording_holdout,distill,17,radar
20260920-184058-normal-11520,0,normal,61,0,0.9658134139952113,0.01733526443970985,0.0,0.016851330523333343,three_class_geometry_compatible,101,mixed_recording_holdout,distill,42,radar
20260920-192610-inBroken-460800,1,inBroken,51,1,0.019734099416025712,0.9702696671672896,0.0,0.009996234074088872,three_class_geometry_compatible,101,mixed_recording_holdout,distill,42,radar
20260920-193718-roll-115200,3,roll,51,3,0.06154271024598868,0.017949829097179806,0.0,0.920507448853231,three_class_geometry_compatible,101,mixed_recording_holdout,distill,42,radar
20260920-184058-normal-11520,0,normal,61,0,0.9687807159345658,0.016283539085664222,0.0,0.014935741960605393,three_class_geometry_compatible,101,mixed_recording_holdout,distill,73,radar
20260920-192610-inBroken-460800,1,inBroken,51,1,0.025789182450549276,0.9591988792606428,0.0,0.015011932006945797,three_class_geometry_compatible,101,mixed_recording_holdout,distill,73,radar
20260920-193718-roll-115200,3,roll,51,3,0.05377175772845672,0.019793060475814285,0.0,0.9264351918416864,three_class_geometry_compatible,101,mixed_recording_holdout,distill,73,radar
20260920-184058-normal-11520,0,normal,61,0,0.9522330448275707,0.019187405308494804,0.0,0.028579551717037428,three_class_geometry_compatible,101,mixed_recording_holdout,no_contrast,17,radar
20260920-192610-inBroken-460800,1,inBroken,51,1,0.017823743560881008,0.9739700029878056,0.0,0.008206264700229261,three_class_geometry_compatible,101,mixed_recording_holdout,no_contrast,17,radar
20260920-193718-roll-115200,3,roll,51,3,0.0430239597130019,0.016004144168440617,0.0,0.9409718899165883,three_class_geometry_compatible,101,mixed_recording_holdout,no_contrast,17,radar
20260920-184058-normal-11520,0,normal,61,0,0.9686329599286689,0.0161893247840468,0.0,0.015177706865303706,three_class_geometry_compatible,101,mixed_recording_holdout,no_contrast,42,radar
20260920-192610-inBroken-460800,1,inBroken,51,1,0.018415531033978742,0.9721115699001387,0.0,0.00947289769629053,three_class_geometry_compatible,101,mixed_recording_holdout,no_contrast,42,radar
20260920-193718-roll-115200,3,roll,51,3,0.06447561215791925,0.018007113904162656,0.0,0.9175172702354544,three_class_geometry_compatible,101,mixed_recording_holdout,no_contrast,42,radar
20260920-184058-normal-11520,0,normal,61,0,0.9693461158236519,0.015767874783973714,0.0,0.01488599924133999,three_class_geometry_compatible,101,mixed_recording_holdout,no_contrast,73,radar
20260920-192610-inBroken-460800,1,inBroken,51,1,0.022792290640520116,0.9636768698692322,0.0,0.01353083455971643,three_class_geometry_compatible,101,mixed_recording_holdout,no_contrast,73,radar
20260920-193718-roll-115200,3,roll,51,3,0.054193308255087363,0.0189459240794474,0.0,0.9268607739724365,three_class_geometry_compatible,101,mixed_recording_holdout,no_contrast,73,radar
20260920-184058-normal-11520,0,normal,61,0,0.9395528626246531,0.027293459344349923,0.0,0.03315367374653149,three_class_geometry_compatible,101,mixed_recording_holdout,no_radar_CE,17,radar
20260920-192610-inBroken-460800,1,inBroken,51,1,0.022533669793868765,0.9683228216919244,0.0,0.009143516366534373,three_class_geometry_compatible,101,mixed_recording_holdout,no_radar_CE,17,radar
20260920-193718-roll-115200,3,roll,51,3,0.044574572140917035,0.02050393059685388,0.0,0.9349214954703462,three_class_geometry_compatible,101,mixed_recording_holdout,no_radar_CE,17,radar
20260920-184058-normal-11520,0,normal,61,0,0.9577500536793568,0.02242412470800222,0.0,0.019825823872243284,three_class_geometry_compatible,101,mixed_recording_holdout,no_radar_CE,42,radar
20260920-192610-inBroken-460800,1,inBroken,51,1,0.023600609553064786,0.9660426121132046,0.0,0.010356776178905777,three_class_geometry_compatible,101,mixed_recording_holdout,no_radar_CE,42,radar
20260920-193718-roll-115200,3,roll,51,3,0.06278628265192988,0.023099995802576635,0.0,0.9141137223033344,three_class_geometry_compatible,101,mixed_recording_holdout,no_radar_CE,42,radar
20260920-184058-normal-11520,0,normal,61,0,0.956135522146694,0.02394965672712834,0.0,0.019914825519424726,three_class_geometry_compatible,101,mixed_recording_holdout,no_radar_CE,73,radar
20260920-192610-inBroken-460800,1,inBroken,51,1,0.030201006826816822,0.9553791471556121,0.0,0.014419854856004902,three_class_geometry_compatible,101,mixed_recording_holdout,no_radar_CE,73,radar
20260920-193718-roll-115200,3,roll,51,3,0.05029143393724499,0.023758159324928533,0.0,0.9259504152863633,three_class_geometry_compatible,101,mixed_recording_holdout,no_radar_CE,73,radar
20260920-184058-normal-11520,0,normal,61,3,0.45193218354318965,0.027507288717344158,0.0,0.5205605323197412,three_class_geometry_compatible,101,mixed_recording_holdout,shuffled,17,radar
20260920-192610-inBroken-460800,1,inBroken,51,1,0.4816170469218609,0.5034113584780225,0.0,0.014971603931603478,three_class_geometry_compatible,101,mixed_recording_holdout,shuffled,17,radar
20260920-193718-roll-115200,3,roll,51,3,0.053314472201700304,0.44921641124814166,0.0,0.49746910730997723,three_class_geometry_compatible,101,mixed_recording_holdout,shuffled,17,radar
20260920-184058-normal-11520,0,normal,61,3,0.4587631132759032,0.022380495260729164,0.0,0.5188563822722826,three_class_geometry_compatible,101,mixed_recording_holdout,shuffled,42,radar
20260920-192610-inBroken-460800,1,inBroken,51,1,0.4807651732482162,0.5043127904920017,0.0,0.014922029503128108,three_class_geometry_compatible,101,mixed_recording_holdout,shuffled,42,radar
20260920-193718-roll-115200,3,roll,51,3,0.06164726417730836,0.4304371233664307,0.0,0.5079156236321318,three_class_geometry_compatible,101,mixed_recording_holdout,shuffled,42,radar
20260920-184058-normal-11520,0,normal,61,3,0.4684456518438996,0.02178934897433539,0.0,0.5097649986626672,three_class_geometry_compatible,101,mixed_recording_holdout,shuffled,73,radar
20260920-192610-inBroken-460800,1,inBroken,51,1,0.43399861221219976,0.5479299624760946,0.0,0.018071417039369837,three_class_geometry_compatible,101,mixed_recording_holdout,shuffled,73,radar
20260920-193718-roll-115200,3,roll,51,3,0.05925212986767292,0.4316702040971494,0.0,0.5090776670212839,three_class_geometry_compatible,101,mixed_recording_holdout,shuffled,73,radar
20260920-184058-normal-11520,0,normal,61,0,0.9797977003894869,0.01497947207850511,0.0,0.005222822516606968,three_class_geometry_compatible,101,mixed_recording_holdout,distill_phase,17,radar
20260920-192610-inBroken-460800,1,inBroken,51,1,0.014053003405969516,0.9819429329797333,0.0,0.004004067887424254,three_class_geometry_compatible,101,mixed_recording_holdout,distill_phase,17,radar
20260920-193718-roll-115200,3,roll,51,3,0.028291408367473268,0.023119387107298654,0.0,0.9485892080793193,three_class_geometry_compatible,101,mixed_recording_holdout,distill_phase,17,radar
20260920-184058-normal-11520,0,normal,61,0,0.9816451424457988,0.012332272547923151,0.0,0.006022573874301476,three_class_geometry_compatible,101,mixed_recording_holdout,distill_phase,42,radar
20260920-192610-inBroken-460800,1,inBroken,51,1,0.009200783345994413,0.9871867158833671,0.0,0.003612492986790398,three_class_geometry_compatible,101,mixed_recording_holdout,distill_phase,42,radar
20260920-193718-roll-115200,3,roll,51,3,0.028365403598667505,0.01378688576868644,0.0,0.9578477150084925,three_class_geometry_compatible,101,mixed_recording_holdout,distill_phase,42,radar
20260920-184058-normal-11520,0,normal,61,0,0.9827352850163569,0.01258652971019266,0.0,0.0046781827981934926,three_class_geometry_compatible,101,mixed_recording_holdout,distill_phase,73,radar
20260920-192610-inBroken-460800,1,inBroken,51,1,0.018228879362783012,0.9739939547052571,0.0,0.0077771702096523605,three_class_geometry_compatible,101,mixed_recording_holdout,distill_phase,73,radar
20260920-193718-roll-115200,3,roll,51,3,0.032520955531200504,0.01604217362097081,0.0,0.9514368655634862,three_class_geometry_compatible,101,mixed_recording_holdout,distill_phase,73,radar
20260920-184058-normal-11520,0,normal,61,2,2.7942234173260463e-06,0.029138635711218927,0.9668969176424088,0.0039616524229551375,three_class_geometry_compatible,101,mixed_recording_holdout,original_head,17,radar
20260920-192610-inBroken-460800,1,inBroken,51,2,9.715853572978753e-08,0.02697836311177604,0.9724523116190003,0.0005692281106884258,three_class_geometry_compatible,101,mixed_recording_holdout,original_head,17,radar
20260920-193718-roll-115200,3,roll,51,2,3.600897123661989e-06,0.1214255835953498,0.862772573591831,0.015798241915695323,three_class_geometry_compatible,101,mixed_recording_holdout,original_head,17,radar
20260920-184058-normal-11520,0,normal,61,2,2.640031254653422e-06,0.02730771081644017,0.9689102215993317,0.003779427552973808,three_class_geometry_compatible,101,mixed_recording_holdout,original_head,42,radar
20260920-192610-inBroken-460800,1,inBroken,51,2,9.09938745835129e-08,0.025742126660525014,0.9737098636938913,0.0005479186517086976,three_class_geometry_compatible,101,mixed_recording_holdout,original_head,42,radar
20260920-193718-roll-115200,3,roll,51,2,3.605178770848443e-06,0.1256071753170189,0.8574918121406048,0.01689740736360517,three_class_geometry_compatible,101,mixed_recording_holdout,original_head,42,radar
20260920-184058-normal-11520,0,normal,61,2,2.9088559034897985e-06,0.029479715237206088,0.966390296551054,0.0041270793558364285,three_class_geometry_compatible,101,mixed_recording_holdout,original_head,73,radar
20260920-192610-inBroken-460800,1,inBroken,51,2,1.122333479131857e-07,0.027727583740295155,0.9716457744509991,0.0006265295753580021,three_class_geometry_compatible,101,mixed_recording_holdout,original_head,73,radar
20260920-193718-roll-115200,3,roll,51,2,3.799929432571405e-06,0.13035914340171872,0.8514003998085516,0.018236656860297323,three_class_geometry_compatible,101,mixed_recording_holdout,original_head,73,radar
20260920-184058-normal-11520,0,normal,7,0,0.9470185585747657,0.004491737535076554,0.0,0.048489703890157776,three_class_geometry_compatible,110,mixed_recording_holdout,contact_hidden,-1,contact
20260920-192216-inBroken-115200,1,inBroken,8,1,0.03263210034870466,0.9359845379107156,0.0,0.031383361740579735,three_class_geometry_compatible,110,mixed_recording_holdout,contact_hidden,-1,contact
20260920-194108-roll-460800,3,roll,3,3,0.003033592971282907,0.05139608941405438,0.0,0.9455703176146627,three_class_geometry_compatible,110,mixed_recording_holdout,contact_hidden,-1,contact
20260920-184058-normal-11520,0,normal,7,0,0.9000158624516107,0.002961245393435566,0.0,0.09702289215495366,three_class_geometry_compatible,110,mixed_recording_holdout,contact_xyz_hidden,-1,contact
20260920-192216-inBroken-115200,1,inBroken,8,1,0.007914639525221057,0.9750532362904456,0.0,0.017032124184333235,three_class_geometry_compatible,110,mixed_recording_holdout,contact_xyz_hidden,-1,contact
20260920-194108-roll-460800,3,roll,3,3,0.010649669600644722,0.06372264861103301,0.0,0.9256276817883222,three_class_geometry_compatible,110,mixed_recording_holdout,contact_xyz_hidden,-1,contact
20260920-184058-normal-11520,0,normal,7,0,0.9875247129990093,0.0018945693663532208,0.0,0.010580717634637433,three_class_geometry_compatible,110,mixed_recording_holdout,contact_spectral,-1,contact
20260920-192216-inBroken-115200,1,inBroken,8,1,0.0016716596048754247,0.9913669832789349,0.0,0.006961357116189699,three_class_geometry_compatible,110,mixed_recording_holdout,contact_spectral,-1,contact
20260920-194108-roll-460800,3,roll,3,3,0.004158693810070602,0.003946084421810407,0.0,0.991895221768119,three_class_geometry_compatible,110,mixed_recording_holdout,contact_spectral,-1,contact
20260920-184058-normal-11520,0,normal,7,0,0.9809770574826652,0.018439206444835515,0.0,0.0005837360724993117,three_class_geometry_compatible,110,mixed_recording_holdout,contact_statistics,-1,contact
20260920-192216-inBroken-115200,1,inBroken,8,1,0.15826698155409782,0.8278975510829754,0.0,0.01383546736292685,three_class_geometry_compatible,110,mixed_recording_holdout,contact_statistics,-1,contact
20260920-194108-roll-460800,3,roll,3,3,0.0008810583277736357,0.04698056743884388,0.0,0.9521383742333825,three_class_geometry_compatible,110,mixed_recording_holdout,contact_statistics,-1,contact
20260920-184058-normal-11520,0,normal,7,0,0.9287508037263353,0.015415480460242477,0.0,0.055833715813422294,three_class_geometry_compatible,110,mixed_recording_holdout,contact_final_hidden,-1,contact
20260920-192216-inBroken-115200,1,inBroken,8,1,0.03286836420045595,0.93504450857122,0.0,0.03208712722832394,three_class_geometry_compatible,110,mixed_recording_holdout,contact_final_hidden,-1,contact
20260920-194108-roll-460800,3,roll,3,3,0.0013057861641377585,0.07685471860069899,0.0,0.9218394952351633,three_class_geometry_compatible,110,mixed_recording_holdout,contact_final_hidden,-1,contact
20260920-184058-normal-11520,0,normal,7,2,0.017362486571073532,0.03423421457409859,0.7772192358970642,0.17118413746356964,three_class_geometry_compatible,110,mixed_recording_holdout,contact_original,-1,contact
20260920-192216-inBroken-115200,1,inBroken,8,2,0.0009702183306217194,0.06122804060578346,0.9225758910179138,0.015225854702293873,three_class_geometry_compatible,110,mixed_recording_holdout,contact_original,-1,contact
20260920-194108-roll-460800,3,roll,3,2,0.00039004781865514815,0.18856340646743774,0.6605890393257141,0.1504574418067932,three_class_geometry_compatible,110,mixed_recording_holdout,contact_original,-1,contact
20260920-184058-normal-11520,0,normal,7,2,0.00026096560759469867,0.0042155045084655285,0.9896412491798401,0.005882244557142258,three_class_geometry_compatible,110,mixed_recording_holdout,contact_original_mean_hidden,-1,contact
20260920-192216-inBroken-115200,1,inBroken,8,2,9.242177867463397e-08,0.02269083634018898,0.9768703579902649,0.00043872048263438046,three_class_geometry_compatible,110,mixed_recording_holdout,contact_original_mean_hidden,-1,contact
20260920-194108-roll-460800,3,roll,3,2,7.2012721830105875e-06,0.15615111589431763,0.8102505803108215,0.033591128885746,three_class_geometry_compatible,110,mixed_recording_holdout,contact_original_mean_hidden,-1,contact
20260920-184058-normal-11520,0,normal,61,0,0.9569857807091723,0.0022748319577934203,0.0,0.04073938733303452,three_class_geometry_compatible,110,mixed_recording_holdout,radar_frame_shape,-1,radar
20260920-192216-inBroken-115200,1,inBroken,50,1,3.446869505822912e-05,0.9976238463805432,0.0,0.0023416849243984763,three_class_geometry_compatible,110,mixed_recording_holdout,radar_frame_shape,-1,radar
20260920-194108-roll-460800,3,roll,51,3,0.001363704158161351,0.0012091866334886362,0.0,0.9974271092083499,three_class_geometry_compatible,110,mixed_recording_holdout,radar_frame_shape,-1,radar
20260920-184058-normal-11520,0,normal,61,0,0.9891260844205582,0.0006068337116180308,0.0,0.010267081867823647,three_class_geometry_compatible,110,mixed_recording_holdout,radar_shape_phase,-1,radar
20260920-192216-inBroken-115200,1,inBroken,50,1,7.671470409865919e-05,0.9935247073843181,0.0,0.006398577911583328,three_class_geometry_compatible,110,mixed_recording_holdout,radar_shape_phase,-1,radar
20260920-194108-roll-460800,3,roll,51,3,0.0005553717387439988,0.0005472265374106113,0.0,0.9988974017238448,three_class_geometry_compatible,110,mixed_recording_holdout,radar_shape_phase,-1,radar
20260920-184058-normal-11520,0,normal,61,0,0.9932734493864792,0.0014835477873038343,0.0,0.005243002826216724,three_class_geometry_compatible,110,mixed_recording_holdout,radar_coherent_shape,-1,radar
20260920-192216-inBroken-115200,1,inBroken,50,3,1.7468408467758282e-10,0.00027992497703574286,0.0,0.9997200748482805,three_class_geometry_compatible,110,mixed_recording_holdout,radar_coherent_shape,-1,radar
20260920-194108-roll-460800,3,roll,51,3,0.0002058642584822239,0.00019634962887669035,0.0,0.9995977861126414,three_class_geometry_compatible,110,mixed_recording_holdout,radar_coherent_shape,-1,radar
20260920-184058-normal-11520,0,normal,61,0,0.9241565380540517,0.00011552364745255018,0.0,0.07572793829849586,three_class_geometry_compatible,110,mixed_recording_holdout,radar_time_stats,-1,radar
20260920-192216-inBroken-115200,1,inBroken,50,3,2.3595912809475855e-06,0.44999458075636717,0.0,0.5500030596523517,three_class_geometry_compatible,110,mixed_recording_holdout,radar_time_stats,-1,radar
20260920-194108-roll-460800,3,roll,51,3,0.0038429260399656987,0.02475365927546216,0.0,0.9714034146845723,three_class_geometry_compatible,110,mixed_recording_holdout,radar_time_stats,-1,radar
20260920-184058-normal-11520,0,normal,61,1,0.49398782440871525,0.4939878250697766,0.0,0.01202435052150855,three_class_geometry_compatible,110,mixed_recording_holdout,radar_confound_distance,-1,radar
20260920-192216-inBroken-115200,1,inBroken,50,1,0.4939878244087151,0.4939878250697766,0.0,0.012024350521508555,three_class_geometry_compatible,110,mixed_recording_holdout,radar_confound_distance,-1,radar
20260920-194108-roll-460800,3,roll,51,3,0.012025471419871874,0.012025471419722914,0.0,0.975949057160406,three_class_geometry_compatible,110,mixed_recording_holdout,radar_confound_distance,-1,radar
20260920-184058-normal-11520,0,normal,61,0,0.992886662827065,0.0005719204576048111,0.0,0.006541416715330246,three_class_geometry_compatible,110,mixed_recording_holdout,radar_confound_raw_amp,-1,radar
20260920-192216-inBroken-115200,1,inBroken,50,1,0.0012174839551763734,0.9947040118401173,0.0,0.00407850420470622,three_class_geometry_compatible,110,mixed_recording_holdout,radar_confound_raw_amp,-1,radar
20260920-194108-roll-460800,3,roll,51,3,0.003351598994864151,0.0026177809773050473,0.0,0.9940306200278306,three_class_geometry_compatible,110,mixed_recording_holdout,radar_confound_raw_amp,-1,radar
20260920-184058-normal-11520,0,normal,61,0,0.9613807211156751,0.010499096543043618,0.0,0.028120187642999835,three_class_geometry_compatible,110,mixed_recording_holdout,supervised,17,radar
20260920-192216-inBroken-115200,1,inBroken,50,1,0.00045716415630522536,0.9975138664245605,0.0,0.0020289611988846446,three_class_geometry_compatible,110,mixed_recording_holdout,supervised,17,radar
20260920-194108-roll-460800,3,roll,51,3,6.831536476662829e-06,6.558877553110435e-06,0.0,0.9999866041482663,three_class_geometry_compatible,110,mixed_recording_holdout,supervised,17,radar
20260920-184058-normal-11520,0,normal,61,0,0.9711693185152578,0.0005813802424300461,0.0,0.028249301713055845,three_class_geometry_compatible,110,mixed_recording_holdout,supervised,42,radar
20260920-192216-inBroken-115200,1,inBroken,50,1,0.0002096755855382071,0.9991464304924011,0.0,0.0006438945409718144,three_class_geometry_compatible,110,mixed_recording_holdout,supervised,42,radar
20260920-194108-roll-460800,3,roll,51,3,1.5414558090781737e-05,8.950327538496268e-06,0.0,0.999975628712598,three_class_geometry_compatible,110,mixed_recording_holdout,supervised,42,radar
20260920-184058-normal-11520,0,normal,61,0,0.9818738652545898,0.0001801956178407308,0.0,0.01794592780810281,three_class_geometry_compatible,110,mixed_recording_holdout,supervised,73,radar
20260920-192216-inBroken-115200,1,inBroken,50,1,0.00018370901274465722,0.9971428716182709,0.0,0.0026734107617085103,three_class_geometry_compatible,110,mixed_recording_holdout,supervised,73,radar
20260920-194108-roll-460800,3,roll,51,3,1.8243935532975193e-05,1.4547065954199448e-05,0.0,0.9999671999145957,three_class_geometry_compatible,110,mixed_recording_holdout,supervised,73,radar
20260920-184058-normal-11520,0,normal,61,0,0.9747137227019326,0.0008530087338169592,0.0,0.024433270416630265,three_class_geometry_compatible,110,mixed_recording_holdout,head_only,17,radar
20260920-192216-inBroken-115200,1,inBroken,50,1,0.0006018119008513168,0.9967127764225006,0.0,0.002685410233316361,three_class_geometry_compatible,110,mixed_recording_holdout,head_only,17,radar
20260920-194108-roll-460800,3,roll,51,3,2.7541654804629026e-05,3.0067079130864894e-05,0.0,0.9999423868515912,three_class_geometry_compatible,110,mixed_recording_holdout,head_only,17,radar
20260920-184058-normal-11520,0,normal,61,0,0.9631839090439139,0.006532802840247016,0.0,0.03028329391857921,three_class_geometry_compatible,110,mixed_recording_holdout,head_only,42,radar
20260920-192216-inBroken-115200,1,inBroken,50,1,0.0002350500818283763,0.998461720943451,0.0,0.001303214744621073,three_class_geometry_compatible,110,mixed_recording_holdout,head_only,42,radar
20260920-194108-roll-460800,3,roll,51,3,2.215883929310104e-05,3.5648585503176766e-05,0.0,0.9999421870007235,three_class_geometry_compatible,110,mixed_recording_holdout,head_only,42,radar
20260920-184058-normal-11520,0,normal,61,0,0.980527543386475,0.0018018294291532136,0.0,0.017670627824849898,three_class_geometry_compatible,110,mixed_recording_holdout,head_only,73,radar
20260920-192216-inBroken-115200,1,inBroken,50,1,0.00046009026860701854,0.9971734547615051,0.0,0.0023664436970284443,three_class_geometry_compatible,110,mixed_recording_holdout,head_only,73,radar
20260920-194108-roll-460800,3,roll,51,3,2.4139436123625593e-05,3.466025078951669e-05,0.0,0.999941208783318,three_class_geometry_compatible,110,mixed_recording_holdout,head_only,73,radar
20260920-184058-normal-11520,0,normal,61,0,0.9335792934308287,0.012706156900213634,0.0,0.0537145596730416,three_class_geometry_compatible,110,mixed_recording_holdout,distill,17,radar
20260920-192216-inBroken-115200,1,inBroken,50,1,0.008129578800871968,0.9772520291805268,0.0,0.014618387185037137,three_class_geometry_compatible,110,mixed_recording_holdout,distill,17,radar
20260920-194108-roll-460800,3,roll,51,3,0.00626980450789572,0.007301748392409554,0.0,0.9864284466294682,three_class_geometry_compatible,110,mixed_recording_holdout,distill,17,radar
20260920-184058-normal-11520,0,normal,61,0,0.9404580168059615,0.014070909103897751,0.0,0.045471072372537655,three_class_geometry_compatible,110,mixed_recording_holdout,distill,42,radar
20260920-192216-inBroken-115200,1,inBroken,50,1,0.008561978144571184,0.9783889150619507,0.0,0.013049093130975962,three_class_geometry_compatible,110,mixed_recording_holdout,distill,42,radar
20260920-194108-roll-460800,3,roll,51,3,0.006831198067897383,0.007730000255191151,0.0,0.9854388085066104,three_class_geometry_compatible,110,mixed_recording_holdout,distill,42,radar
20260920-184058-normal-11520,0,normal,61,0,0.9484124598933048,0.013927099478171497,0.0,0.037660447376795476,three_class_geometry_compatible,110,mixed_recording_holdout,distill,73,radar
20260920-192216-inBroken-115200,1,inBroken,50,1,0.011247252728790045,0.9702448177337647,0.0,0.018507931344211102,three_class_geometry_compatible,110,mixed_recording_holdout,distill,73,radar
20260920-194108-roll-460800,3,roll,51,3,0.006744455710491713,0.008883988598872926,0.0,0.9843715476054772,three_class_geometry_compatible,110,mixed_recording_holdout,distill,73,radar
20260920-184058-normal-11520,0,normal,61,0,0.931987419480183,0.013205369995509992,0.0,0.054807207478424075,three_class_geometry_compatible,110,mixed_recording_holdout,no_contrast,17,radar
20260920-192216-inBroken-115200,1,inBroken,50,1,0.007969181584194303,0.9780190110206604,0.0,0.01401180811226368,three_class_geometry_compatible,110,mixed_recording_holdout,no_contrast,17,radar
20260920-194108-roll-460800,3,roll,51,3,0.006384091606984536,0.007516111849861986,0.0,0.9860997971366433,three_class_geometry_compatible,110,mixed_recording_holdout,no_contrast,17,radar
20260920-184058-normal-11520,0,normal,61,0,0.9401243993493377,0.01445351020417741,0.0,0.04542208139280804,three_class_geometry_compatible,110,mixed_recording_holdout,no_contrast,42,radar
20260920-192216-inBroken-115200,1,inBroken,50,1,0.007991463262587786,0.9798636484146118,0.0,0.012144886683672666,three_class_geometry_compatible,110,mixed_recording_holdout,no_contrast,42,radar
20260920-194108-roll-460800,3,roll,51,3,0.006821066830489857,0.007701310301747392,0.0,0.9854776087929221,three_class_geometry_compatible,110,mixed_recording_holdout,no_contrast,42,radar
20260920-184058-normal-11520,0,normal,61,0,0.9472771453075721,0.013991517083505626,0.0,0.03873133421951874,three_class_geometry_compatible,110,mixed_recording_holdout,no_contrast,73,radar
20260920-192216-inBroken-115200,1,inBroken,50,1,0.011595181869342924,0.9702593863010407,0.0,0.018145433012396097,three_class_geometry_compatible,110,mixed_recording_holdout,no_contrast,73,radar
20260920-194108-roll-460800,3,roll,51,3,0.006749002340560158,0.008814122459358153,0.0,0.9844368672838398,three_class_geometry_compatible,110,mixed_recording_holdout,no_contrast,73,radar
20260920-184058-normal-11520,0,normal,61,0,0.9210479567285443,0.01575209664135072,0.0,0.06319995087067612,three_class_geometry_compatible,110,mixed_recording_holdout,no_radar_CE,17,radar
20260920-192216-inBroken-115200,1,inBroken,50,1,0.010434083305299283,0.9718466627597809,0.0,0.017719254866242408,three_class_geometry_compatible,110,mixed_recording_holdout,no_radar_CE,17,radar
20260920-194108-roll-460800,3,roll,51,3,0.006587395796040986,0.007689121444070456,0.0,0.9857234861336502,three_class_geometry_compatible,110,mixed_recording_holdout,no_radar_CE,17,radar
20260920-184058-normal-11520,0,normal,61,0,0.9317607132137798,0.016041637081500203,0.0,0.052197642166350706,three_class_geometry_compatible,110,mixed_recording_holdout,no_radar_CE,42,radar
20260920-192216-inBroken-115200,1,inBroken,50,1,0.010677045909687877,0.9733351063728333,0.0,0.015987847400829196,three_class_geometry_compatible,110,mixed_recording_holdout,no_radar_CE,42,radar
20260920-194108-roll-460800,3,roll,51,3,0.006996126247423829,0.007823226087744915,0.0,0.9851806444280288,three_class_geometry_compatible,110,mixed_recording_holdout,no_radar_CE,42,radar
20260920-184058-normal-11520,0,normal,61,0,0.933960890672246,0.01691079557277873,0.0,0.049128311586978494,three_class_geometry_compatible,110,mixed_recording_holdout,no_radar_CE,73,radar
20260920-192216-inBroken-115200,1,inBroken,50,1,0.01396703951060772,0.9622851312160492,0.0,0.023747833389788867,three_class_geometry_compatible,110,mixed_recording_holdout,no_radar_CE,73,radar
20260920-194108-roll-460800,3,roll,51,3,0.0068080783456417856,0.009059278152919575,0.0,0.9841326451769062,three_class_geometry_compatible,110,mixed_recording_holdout,no_radar_CE,73,radar
20260920-184058-normal-11520,0,normal,61,0,0.4857506199938352,0.03391192938949241,0.0,0.48033744927312505,three_class_geometry_compatible,110,mixed_recording_holdout,shuffled,17,radar
20260920-192216-inBroken-115200,1,inBroken,50,1,0.4401447913050652,0.5352390170097351,0.0,0.02461619157344103,three_class_geometry_compatible,110,mixed_recording_holdout,shuffled,17,radar
20260920-194108-roll-460800,3,roll,51,3,0.013406068725767089,0.44571250793980616,0.0,0.5408814216361326,three_class_geometry_compatible,110,mixed_recording_holdout,shuffled,17,radar
20260920-184058-normal-11520,0,normal,61,0,0.4954132950696789,0.03236598503149924,0.0,0.47222071348643696,three_class_geometry_compatible,110,mixed_recording_holdout,shuffled,42,radar
20260920-192216-inBroken-115200,1,inBroken,50,1,0.45721475541591644,0.5216217297315597,0.0,0.02116352744400501,three_class_geometry_compatible,110,mixed_recording_holdout,shuffled,42,radar
20260920-194108-roll-460800,3,roll,51,3,0.014394984507531511,0.4472011579018013,0.0,0.5384038499757355,three_class_geometry_compatible,110,mixed_recording_holdout,shuffled,42,radar
20260920-184058-normal-11520,0,normal,61,0,0.514020251446083,0.029418582661596478,0.0,0.45656117357191495,three_class_geometry_compatible,110,mixed_recording_holdout,shuffled,73,radar
20260920-192216-inBroken-115200,1,inBroken,50,1,0.44153886258602143,0.5288433170318604,0.0,0.02961782306432724,three_class_geometry_compatible,110,mixed_recording_holdout,shuffled,73,radar
20260920-194108-roll-460800,3,roll,51,3,0.01600445586019287,0.440211719157649,0.0,0.5437838271552441,three_class_geometry_compatible,110,mixed_recording_holdout,shuffled,73,radar
20260920-184058-normal-11520,0,normal,61,0,0.971189772496458,0.00700700605578232,0.0,0.02180323143657602,three_class_geometry_compatible,110,mixed_recording_holdout,distill_phase,17,radar
20260920-192216-inBroken-115200,1,inBroken,50,1,0.013147658500820399,0.9703853058815003,0.0,0.016467035971581934,three_class_geometry_compatible,110,mixed_recording_holdout,distill_phase,17,radar
20260920-194108-roll-460800,3,roll,51,3,0.00489009909934419,0.005655179393715134,0.0,0.9894547158596563,three_class_geometry_compatible,110,mixed_recording_holdout,distill_phase,17,radar
20260920-184058-normal-11520,0,normal,61,0,0.9747074461374127,0.0063170143174099145,0.0,0.018975536109971217,three_class_geometry_compatible,110,mixed_recording_holdout,distill_phase,42,radar
20260920-192216-inBroken-115200,1,inBroken,50,1,0.010845653507858514,0.9748212695121765,0.0,0.01433307906612754,three_class_geometry_compatible,110,mixed_recording_holdout,distill_phase,42,radar
20260920-194108-roll-460800,3,roll,51,3,0.00402185765971594,0.005349677224990492,0.0,0.9906284715615067,three_class_geometry_compatible,110,mixed_recording_holdout,distill_phase,42,radar
20260920-184058-normal-11520,0,normal,61,0,0.974089650834193,0.006909323531798408,0.0,0.019001025027122167,three_class_geometry_compatible,110,mixed_recording_holdout,distill_phase,73,radar
20260920-192216-inBroken-115200,1,inBroken,50,1,0.008964948607608676,0.9789414668083191,0.0,0.012093580076470972,three_class_geometry_compatible,110,mixed_recording_holdout,distill_phase,73,radar
20260920-194108-roll-460800,3,roll,51,3,0.005453152705312651,0.0056171395185896575,0.0,0.9889297134736005,three_class_geometry_compatible,110,mixed_recording_holdout,distill_phase,73,radar
20260920-184058-normal-11520,0,normal,61,2,2.358723905307976e-06,0.024587971417043088,0.9719273034751245,0.0034823663839273398,three_class_geometry_compatible,110,mixed_recording_holdout,original_head,17,radar
20260920-192216-inBroken-115200,1,inBroken,50,2,6.144486906886032e-08,0.04287917570857767,0.9567181389173794,0.0004026239291736817,three_class_geometry_compatible,110,mixed_recording_holdout,original_head,17,radar
20260920-194108-roll-460800,3,roll,51,2,9.685748991461964e-07,0.03409412008151678,0.9599816655423287,0.005923245801255199,three_class_geometry_compatible,110,mixed_recording_holdout,original_head,17,radar
20260920-184058-normal-11520,0,normal,61,2,2.528292679638582e-06,0.023992899887499038,0.9725109219005424,0.003493649919279008,three_class_geometry_compatible,110,mixed_recording_holdout,original_head,42,radar
20260920-192216-inBroken-115200,1,inBroken,50,2,6.227152264544947e-08,0.04608183329200296,0.9535154865899471,0.0004026178465272847,three_class_geometry_compatible,110,mixed_recording_holdout,original_head,42,radar
20260920-194108-roll-460800,3,roll,51,2,9.84297074114399e-07,0.036541685632566115,0.9571912938023912,0.00626603626796834,three_class_geometry_compatible,110,mixed_recording_holdout,original_head,42,radar
20260920-184058-normal-11520,0,normal,61,2,2.48191140802199e-06,0.024147895461862082,0.972428256217501,0.003421366409228923,three_class_geometry_compatible,110,mixed_recording_holdout,original_head,73,radar
20260920-192216-inBroken-115200,1,inBroken,50,2,7.178773375056399e-08,0.04570500418151858,0.9538244931068381,0.00047043092390984905,three_class_geometry_compatible,110,mixed_recording_holdout,original_head,73,radar
20260920-194108-roll-460800,3,roll,51,2,9.100453128434355e-07,0.03434477609273786,0.9599712860128584,0.005683027849090808,three_class_geometry_compatible,110,mixed_recording_holdout,original_head,73,radar
20260920-184058-normal-11520,0,normal,7,0,0.9808233909548468,0.012268154710060198,0.0,0.006908454335092918,three_class_geometry_compatible,111,460800_to_115200,contact_hidden,-1,contact
20260920-192216-inBroken-115200,1,inBroken,8,1,0.02806561651934012,0.9595903106221177,0.0,0.012344072858542344,three_class_geometry_compatible,111,460800_to_115200,contact_hidden,-1,contact
20260920-193718-roll-115200,3,roll,9,3,0.1535665807128051,0.3669565311184409,0.0,0.47947688816875406,three_class_geometry_compatible,111,460800_to_115200,contact_hidden,-1,contact
20260920-184058-normal-11520,0,normal,7,0,0.9861010481035667,0.005649180098826699,0.0,0.008249771797606694,three_class_geometry_compatible,111,460800_to_115200,contact_xyz_hidden,-1,contact
20260920-192216-inBroken-115200,1,inBroken,8,1,0.008257577837138146,0.9892400606711539,0.0,0.002502361491707822,three_class_geometry_compatible,111,460800_to_115200,contact_xyz_hidden,-1,contact
20260920-193718-roll-115200,3,roll,9,1,0.1584895254287911,0.4511657131846553,0.0,0.3903447613865536,three_class_geometry_compatible,111,460800_to_115200,contact_xyz_hidden,-1,contact
20260920-184058-normal-11520,0,normal,7,0,0.9931238947843083,0.0026924162496969038,0.0,0.004183688965994928,three_class_geometry_compatible,111,460800_to_115200,contact_spectral,-1,contact
20260920-192216-inBroken-115200,1,inBroken,8,1,0.0033886396748359676,0.9931438043335908,0.0,0.003467555991573229,three_class_geometry_compatible,111,460800_to_115200,contact_spectral,-1,contact
20260920-193718-roll-115200,3,roll,9,3,0.11906119261450164,0.057029975478530316,0.0,0.8239088319069681,three_class_geometry_compatible,111,460800_to_115200,contact_spectral,-1,contact
20260920-184058-normal-11520,0,normal,7,0,0.9839040550800447,0.01601090496700059,0.0,8.503995295463256e-05,three_class_geometry_compatible,111,460800_to_115200,contact_statistics,-1,contact
20260920-192216-inBroken-115200,1,inBroken,8,1,0.11790955849131414,0.8775816896974319,0.0,0.00450875181125396,three_class_geometry_compatible,111,460800_to_115200,contact_statistics,-1,contact
20260920-193718-roll-115200,3,roll,9,3,0.12188944805178137,0.1397065162738571,0.0,0.7384040356743615,three_class_geometry_compatible,111,460800_to_115200,contact_statistics,-1,contact
20260920-184058-normal-11520,0,normal,7,0,0.9399855535989098,0.05026252039213879,0.0,0.009751926008951329,three_class_geometry_compatible,111,460800_to_115200,contact_final_hidden,-1,contact
20260920-192216-inBroken-115200,1,inBroken,8,1,0.02655467851909445,0.9584158961677235,0.0,0.015029425313182035,three_class_geometry_compatible,111,460800_to_115200,contact_final_hidden,-1,contact
20260920-193718-roll-115200,3,roll,9,3,0.1640998847402516,0.41345329887848603,0.0,0.4224468163812623,three_class_geometry_compatible,111,460800_to_115200,contact_final_hidden,-1,contact
20260920-184058-normal-11520,0,normal,7,2,0.017362486571073532,0.03423421457409859,0.7772192358970642,0.17118413746356964,three_class_geometry_compatible,111,460800_to_115200,contact_original,-1,contact
20260920-192216-inBroken-115200,1,inBroken,8,2,0.0009702183306217194,0.06122804060578346,0.9225758910179138,0.015225854702293873,three_class_geometry_compatible,111,460800_to_115200,contact_original,-1,contact
20260920-193718-roll-115200,3,roll,9,2,0.006577568128705025,0.08760348707437515,0.7687318921089172,0.13708701729774475,three_class_geometry_compatible,111,460800_to_115200,contact_original,-1,contact
20260920-184058-normal-11520,0,normal,7,2,0.00026096560759469867,0.0042155045084655285,0.9896412491798401,0.005882244557142258,three_class_geometry_compatible,111,460800_to_115200,contact_original_mean_hidden,-1,contact
20260920-192216-inBroken-115200,1,inBroken,8,2,9.242177867463397e-08,0.02269083634018898,0.9768703579902649,0.00043872048263438046,three_class_geometry_compatible,111,460800_to_115200,contact_original_mean_hidden,-1,contact
20260920-193718-roll-115200,3,roll,9,2,3.502665776977665e-06,0.03880308195948601,0.9500135779380798,0.011179906316101551,three_class_geometry_compatible,111,460800_to_115200,contact_original_mean_hidden,-1,contact
20260920-184058-normal-11520,0,normal,61,0,0.9819823831876898,0.003051806697088757,0.0,0.014965810115221662,three_class_geometry_compatible,111,460800_to_115200,radar_frame_shape,-1,radar
20260920-192216-inBroken-115200,1,inBroken,50,1,0.00011211183362636397,0.9952175648741892,0.0,0.004670323292184472,three_class_geometry_compatible,111,460800_to_115200,radar_frame_shape,-1,radar
20260920-193718-roll-115200,3,roll,51,3,0.032994062705487416,0.001983815535302927,0.0,0.9650221217592098,three_class_geometry_compatible,111,460800_to_115200,radar_frame_shape,-1,radar
20260920-184058-normal-11520,0,normal,61,0,0.995053049099957,0.0005587085436585161,0.0,0.004388242356384254,three_class_geometry_compatible,111,460800_to_115200,radar_shape_phase,-1,radar
20260920-192216-inBroken-115200,1,inBroken,50,1,0.00016636426034010013,0.9962907031406261,0.0,0.0035429325990341226,three_class_geometry_compatible,111,460800_to_115200,radar_shape_phase,-1,radar
20260920-193718-roll-115200,3,roll,51,3,0.020804152236663768,0.0008651071298228373,0.0,0.9783307406335136,three_class_geometry_compatible,111,460800_to_115200,radar_shape_phase,-1,radar
20260920-184058-normal-11520,0,normal,61,0,0.994253884911065,0.0015130424477090387,0.0,0.004233072641226028,three_class_geometry_compatible,111,460800_to_115200,radar_coherent_shape,-1,radar
20260920-192216-inBroken-115200,1,inBroken,50,3,1.8086858571707719e-09,0.0008117050602361056,0.0,0.999188293131078,three_class_geometry_compatible,111,460800_to_115200,radar_coherent_shape,-1,radar
20260920-193718-roll-115200,3,roll,51,3,0.009940364149417182,0.0028990187726452396,0.0,0.9871606170779375,three_class_geometry_compatible,111,460800_to_115200,radar_coherent_shape,-1,radar
20260920-184058-normal-11520,0,normal,61,0,0.9381845539141143,5.31027406527661e-05,0.0,0.06176234334523285,three_class_geometry_compatible,111,460800_to_115200,radar_time_stats,-1,radar
20260920-192216-inBroken-115200,1,inBroken,50,3,3.394222854117975e-05,0.43731521465541456,0.0,0.5626508431160442,three_class_geometry_compatible,111,460800_to_115200,radar_time_stats,-1,radar
20260920-193718-roll-115200,3,roll,51,3,0.06770478528767875,0.0077521579730386115,0.0,0.9245430567392827,three_class_geometry_compatible,111,460800_to_115200,radar_time_stats,-1,radar
20260920-184058-normal-11520,0,normal,61,1,0.49398782440871525,0.4939878250697766,0.0,0.01202435052150855,three_class_geometry_compatible,111,460800_to_115200,radar_confound_distance,-1,radar
20260920-192216-inBroken-115200,1,inBroken,50,1,0.4939878244087151,0.4939878250697766,0.0,0.012024350521508555,three_class_geometry_compatible,111,460800_to_115200,radar_confound_distance,-1,radar
20260920-193718-roll-115200,3,roll,51,3,0.012025471419871874,0.012025471419722914,0.0,0.975949057160406,three_class_geometry_compatible,111,460800_to_115200,radar_confound_distance,-1,radar
20260920-184058-normal-11520,0,normal,61,0,0.9914767781091027,0.0006100716257881243,0.0,0.007913150265109225,three_class_geometry_compatible,111,460800_to_115200,radar_confound_raw_amp,-1,radar
20260920-192216-inBroken-115200,1,inBroken,50,1,0.0012788632836173506,0.994727172337305,0.0,0.003993964379077503,three_class_geometry_compatible,111,460800_to_115200,radar_confound_raw_amp,-1,radar
20260920-193718-roll-115200,3,roll,51,3,0.004151742748991772,0.003124590747015336,0.0,0.9927236665039926,three_class_geometry_compatible,111,460800_to_115200,radar_confound_raw_amp,-1,radar
20260920-184058-normal-11520,0,normal,61,0,0.9892778748371562,0.010229809028699112,0.0,0.000492315985120811,three_class_geometry_compatible,111,460800_to_115200,supervised,17,radar
20260920-192216-inBroken-115200,1,inBroken,50,1,0.0006743971759897249,0.992886312007904,0.0,0.006439278850157279,three_class_geometry_compatible,111,460800_to_115200,supervised,17,radar
20260920-193718-roll-115200,3,roll,51,3,0.06632744197615609,5.8263227631369755e-05,0.0,0.9336142956664987,three_class_geometry_compatible,111,460800_to_115200,supervised,17,radar
20260920-184058-normal-11520,0,normal,61,0,0.9975114933779983,0.0004830203769169664,0.0,0.0020054926722658088,three_class_geometry_compatible,111,460800_to_115200,supervised,42,radar
20260920-192216-inBroken-115200,1,inBroken,50,1,0.0002314407119047246,0.9993546974658966,0.0,0.0004138630421402922,three_class_geometry_compatible,111,460800_to_115200,supervised,42,radar
20260920-193718-roll-115200,3,roll,51,3,0.03272831871735809,0.0004256976398495431,0.0,0.9668459878759641,three_class_geometry_compatible,111,460800_to_115200,supervised,42,radar
20260920-184058-normal-11520,0,normal,61,0,0.9989455117553961,0.00023565311897475678,0.0,0.0008188322957363705,three_class_geometry_compatible,111,460800_to_115200,supervised,73,radar
20260920-192216-inBroken-115200,1,inBroken,50,1,0.00017677324798569315,0.9971612739562988,0.0,0.002661953359347535,three_class_geometry_compatible,111,460800_to_115200,supervised,73,radar
20260920-193718-roll-115200,3,roll,51,3,0.03514726933514669,0.0001352028538634591,0.0,0.9647175291297483,three_class_geometry_compatible,111,460800_to_115200,supervised,73,radar
20260920-184058-normal-11520,0,normal,61,0,0.998117311078994,0.0005553578550133666,0.0,0.0013273393176442354,three_class_geometry_compatible,111,460800_to_115200,head_only,17,radar
20260920-192216-inBroken-115200,1,inBroken,50,1,0.0006613496899080929,0.9974994432926177,0.0,0.0018392029609094606,three_class_geometry_compatible,111,460800_to_115200,head_only,17,radar
20260920-193718-roll-115200,3,roll,51,3,0.03573275056138906,0.000323998474949108,0.0,0.9639432364526916,three_class_geometry_compatible,111,460800_to_115200,head_only,17,radar
20260920-184058-normal-11520,0,normal,61,0,0.997272427941932,0.0011355755479419967,0.0,0.0015919909833502941,three_class_geometry_compatible,111,460800_to_115200,head_only,42,radar
20260920-192216-inBroken-115200,1,inBroken,50,1,0.00014765050356800203,0.998735339641571,0.0,0.001116992519237101,three_class_geometry_compatible,111,460800_to_115200,head_only,42,radar
20260920-193718-roll-115200,3,roll,51,3,0.062275476622245134,0.0006398613203796855,0.0,0.937084659966001,three_class_geometry_compatible,111,460800_to_115200,head_only,42,radar
20260920-184058-normal-11520,0,normal,61,0,0.9983597690941858,0.000668235362637893,0.0,0.0009719903590267363,three_class_geometry_compatible,111,460800_to_115200,head_only,73,radar
20260920-192216-inBroken-115200,1,inBroken,50,1,0.00038566168790566736,0.9933369863033295,0.0,0.00627735564718023,three_class_geometry_compatible,111,460800_to_115200,head_only,73,radar
20260920-193718-roll-115200,3,roll,51,3,0.06671787838336861,0.0004440302058641214,0.0,0.9328380946581271,three_class_geometry_compatible,111,460800_to_115200,head_only,73,radar
20260920-184058-normal-11520,0,normal,61,0,0.974456081624891,0.012647970694071446,0.0,0.012895945459604263,three_class_geometry_compatible,111,460800_to_115200,distill,17,radar
20260920-192216-inBroken-115200,1,inBroken,50,1,0.009852610640227794,0.9845727396011352,0.0,0.005574653297662735,three_class_geometry_compatible,111,460800_to_115200,distill,17,radar
20260920-193718-roll-115200,3,roll,51,3,0.04160142895382117,0.012420867884750752,0.0,0.9459776986463397,three_class_geometry_compatible,111,460800_to_115200,distill,17,radar
20260920-184058-normal-11520,0,normal,61,0,0.9754924764398669,0.014695248139075568,0.0,0.009812276484063048,three_class_geometry_compatible,111,460800_to_115200,distill,42,radar
20260920-192216-inBroken-115200,1,inBroken,50,1,0.010112043824046851,0.9846058237552643,0.0,0.005282126772217452,three_class_geometry_compatible,111,460800_to_115200,distill,42,radar
20260920-193718-roll-115200,3,roll,51,3,0.07217951940244757,0.015989141693959635,0.0,0.9118313426334484,three_class_geometry_compatible,111,460800_to_115200,distill,42,radar
20260920-184058-normal-11520,0,normal,61,0,0.9774679189822713,0.014699887461410682,0.0,0.007832204131027837,three_class_geometry_compatible,111,460800_to_115200,distill,73,radar
20260920-192216-inBroken-115200,1,inBroken,50,1,0.013490457236766815,0.977024827003479,0.0,0.00948470737785101,three_class_geometry_compatible,111,460800_to_115200,distill,73,radar
20260920-193718-roll-115200,3,roll,51,3,0.0715263844056822,0.016206485776267217,0.0,0.9122671249012152,three_class_geometry_compatible,111,460800_to_115200,distill,73,radar
20260920-184058-normal-11520,0,normal,61,0,0.9746493775336469,0.01274135230933545,0.0,0.012609268975688419,three_class_geometry_compatible,111,460800_to_115200,no_contrast,17,radar
20260920-192216-inBroken-115200,1,inBroken,50,1,0.009725678758695722,0.9846809780597687,0.0,0.005593343363143504,three_class_geometry_compatible,111,460800_to_115200,no_contrast,17,radar
20260920-193718-roll-115200,3,roll,51,3,0.04194761503159123,0.012870520768760173,0.0,0.9451818650259691,three_class_geometry_compatible,111,460800_to_115200,no_contrast,17,radar
20260920-184058-normal-11520,0,normal,61,0,0.9756050500713411,0.015100217714417176,0.0,0.009294736033045977,three_class_geometry_compatible,111,460800_to_115200,no_contrast,42,radar
20260920-192216-inBroken-115200,1,inBroken,50,1,0.009917653379961849,0.9847421431541443,0.0,0.0053402062691748145,three_class_geometry_compatible,111,460800_to_115200,no_contrast,42,radar
20260920-193718-roll-115200,3,roll,51,3,0.07581519506250818,0.01691261245229957,0.0,0.907272185545926,three_class_geometry_compatible,111,460800_to_115200,no_contrast,42,radar
20260920-184058-normal-11520,0,normal,61,0,0.9773069326994849,0.014540660309559498,0.0,0.008152410298295807,three_class_geometry_compatible,111,460800_to_115200,no_contrast,73,radar
20260920-192216-inBroken-115200,1,inBroken,50,1,0.013460098262876273,0.9771397423744201,0.0,0.009400161970406771,three_class_geometry_compatible,111,460800_to_115200,no_contrast,73,radar
20260920-193718-roll-115200,3,roll,51,3,0.06842734824692574,0.015937876841966427,0.0,0.9156347910563151,three_class_geometry_compatible,111,460800_to_115200,no_contrast,73,radar
20260920-184058-normal-11520,0,normal,61,0,0.9675763659789914,0.016838901080801837,0.0,0.01558472902788857,three_class_geometry_compatible,111,460800_to_115200,no_radar_CE,17,radar
20260920-192216-inBroken-115200,1,inBroken,50,1,0.01115262132138014,0.9829264879226685,0.0,0.005920889086555689,three_class_geometry_compatible,111,460800_to_115200,no_radar_CE,17,radar
20260920-193718-roll-115200,3,roll,51,3,0.042426694029321275,0.015782165847828284,0.0,0.9417911353064519,three_class_geometry_compatible,111,460800_to_115200,no_radar_CE,17,radar
20260920-184058-normal-11520,0,normal,61,0,0.9727305310671447,0.01653998879502054,0.0,0.010729480448911791,three_class_geometry_compatible,111,460800_to_115200,no_radar_CE,42,radar
20260920-192216-inBroken-115200,1,inBroken,50,1,0.011892253495752812,0.9819777655601502,0.0,0.0061299772374331955,three_class_geometry_compatible,111,460800_to_115200,no_radar_CE,42,radar
20260920-193718-roll-115200,3,roll,51,3,0.07351589716477867,0.019585196074901844,0.0,0.9068989033500353,three_class_geometry_compatible,111,460800_to_115200,no_radar_CE,42,radar
20260920-184058-normal-11520,0,normal,61,0,0.971143696151796,0.018694842997633042,0.0,0.010161459507023702,three_class_geometry_compatible,111,460800_to_115200,no_radar_CE,73,radar
20260920-192216-inBroken-115200,1,inBroken,50,1,0.015207146387547254,0.9744481706619262,0.0,0.010344683323055506,three_class_geometry_compatible,111,460800_to_115200,no_radar_CE,73,radar
20260920-193718-roll-115200,3,roll,51,3,0.06869404460303485,0.01975837344869825,0.0,0.9115475709824001,three_class_geometry_compatible,111,460800_to_115200,no_radar_CE,73,radar
20260920-184058-normal-11520,0,normal,61,3,0.4556826841635782,0.02224294313031142,0.0,0.5220743679120893,three_class_geometry_compatible,111,460800_to_115200,shuffled,17,radar
20260920-192216-inBroken-115200,1,inBroken,50,1,0.4886470645666122,0.5018336343765258,0.0,0.009519302835687995,three_class_geometry_compatible,111,460800_to_115200,shuffled,17,radar
20260920-193718-roll-115200,3,roll,51,3,0.05134475855704616,0.4459435199113453,0.0,0.5027117220794454,three_class_geometry_compatible,111,460800_to_115200,shuffled,17,radar
20260920-184058-normal-11520,0,normal,61,3,0.4663659598006577,0.020981518872326514,0.0,0.5126525188078646,three_class_geometry_compatible,111,460800_to_115200,shuffled,42,radar
20260920-192216-inBroken-115200,1,inBroken,50,0,0.5024056309461593,0.4880765187740326,0.0,0.009517844691872597,three_class_geometry_compatible,111,460800_to_115200,shuffled,42,radar
20260920-193718-roll-115200,3,roll,51,3,0.06390490295255885,0.42169861422449934,0.0,0.5143964793167862,three_class_geometry_compatible,111,460800_to_115200,shuffled,42,radar
20260920-184058-normal-11520,0,normal,61,3,0.48151077696534456,0.02128472915071933,0.0,0.4972045006322079,three_class_geometry_compatible,111,460800_to_115200,shuffled,73,radar
20260920-192216-inBroken-115200,1,inBroken,50,0,0.49981060028076174,0.49111822605133054,0.0,0.009071167157962919,three_class_geometry_compatible,111,460800_to_115200,shuffled,73,radar
20260920-193718-roll-115200,3,roll,51,3,0.0632284489259416,0.42229962319720027,0.0,0.5144719154227013,three_class_geometry_compatible,111,460800_to_115200,shuffled,73,radar
20260920-184058-normal-11520,0,normal,61,0,0.9864946252009907,0.008829397737185975,0.0,0.004675973529286194,three_class_geometry_compatible,111,460800_to_115200,distill_phase,17,radar
20260920-192216-inBroken-115200,1,inBroken,50,1,0.015431158263236284,0.9752750790119171,0.0,0.009293772485107184,three_class_geometry_compatible,111,460800_to_115200,distill_phase,17,radar
20260920-193718-roll-115200,3,roll,51,3,0.039917277987115085,0.019035069783236467,0.0,0.9410476520949719,three_class_geometry_compatible,111,460800_to_115200,distill_phase,17,radar
20260920-184058-normal-11520,0,normal,61,0,0.9871363718001569,0.0076016581571492995,0.0,0.00526197310384424,three_class_geometry_compatible,111,460800_to_115200,distill_phase,42,radar
20260920-192216-inBroken-115200,1,inBroken,50,1,0.013048690790310503,0.9808763659000397,0.0,0.006074935644865036,three_class_geometry_compatible,111,460800_to_115200,distill_phase,42,radar
20260920-193718-roll-115200,3,roll,51,3,0.03803706442590291,0.013918579254737672,0.0,0.9480443479968053,three_class_geometry_compatible,111,460800_to_115200,distill_phase,42,radar
20260920-184058-normal-11520,0,normal,61,0,0.988346908913284,0.007985285727582017,0.0,0.003667806819096574,three_class_geometry_compatible,111,460800_to_115200,distill_phase,73,radar
20260920-192216-inBroken-115200,1,inBroken,50,1,0.008869481785222889,0.9877122449874878,0.0,0.0034182790759950876,three_class_geometry_compatible,111,460800_to_115200,distill_phase,73,radar
20260920-193718-roll-115200,3,roll,51,3,0.04567738324540722,0.0165297030927796,0.0,0.9377929135864856,three_class_geometry_compatible,111,460800_to_115200,distill_phase,73,radar
20260920-184058-normal-11520,0,normal,61,2,2.6594947636486937e-06,0.02692289643223569,0.9694220496308399,0.003652394442160668,three_class_geometry_compatible,111,460800_to_115200,original_head,17,radar
20260920-192216-inBroken-115200,1,inBroken,50,2,6.44084728178214e-08,0.04625632271674797,0.9533274842150914,0.00041612865968788633,three_class_geometry_compatible,111,460800_to_115200,original_head,17,radar
20260920-193718-roll-115200,3,roll,51,2,3.5623721264935156e-06,0.12681733789726476,0.8570380027829899,0.016141096947618786,three_class_geometry_compatible,111,460800_to_115200,original_head,17,radar
20260920-184058-normal-11520,0,normal,61,2,2.6543605761664874e-06,0.025749606412360192,0.9707068115218049,0.0035409277052588614,three_class_geometry_compatible,111,460800_to_115200,original_head,42,radar
20260920-192216-inBroken-115200,1,inBroken,50,2,6.531083731205148e-08,0.04768231485749765,0.9519077241792934,0.0004098956523717733,three_class_geometry_compatible,111,460800_to_115200,original_head,42,radar
20260920-193718-roll-115200,3,roll,51,2,3.412740171419438e-06,0.12143209051649721,0.8632350706181438,0.01532942612518752,three_class_geometry_compatible,111,460800_to_115200,original_head,42,radar
20260920-184058-normal-11520,0,normal,61,2,2.7628165064789467e-06,0.02836499810439712,0.9678141967832723,0.0038180422958238895,three_class_geometry_compatible,111,460800_to_115200,original_head,73,radar
20260920-192216-inBroken-115200,1,inBroken,50,2,6.645539175650319e-08,0.04554811020036573,0.9540300327737955,0.0004217905704468286,three_class_geometry_compatible,111,460800_to_115200,original_head,73,radar
20260920-193718-roll-115200,3,roll,51,2,3.875510971985245e-06,0.13217265147938353,0.8496104262613059,0.01821304674833842,three_class_geometry_compatible,111,460800_to_115200,original_head,73,radar
