task,fold,method,seed,step,total,CE,feature,KL,contrast
four_class_provisional_roi,0000,supervised,17,1,1.3998078107833862,1.3998078107833862,0.31302130222320557,2.9424569606781006,1.4030420780181885
four_class_provisional_roi,0000,supervised,17,51,0.0002932380884885788,0.0002932380884885788,1.6010916233062744,1.223400354385376,1.426344633102417
four_class_provisional_roi,0000,supervised,17,101,0.00018327226280234754,0.00018327226280234754,1.670520305633545,1.3980271816253662,1.422318458557129
four_class_provisional_roi,0000,supervised,17,151,0.00013683593715541065,0.00013683593715541065,1.699697494506836,1.4449506998062134,1.427736520767212
four_class_provisional_roi,0000,supervised,17,200,0.00012696898193098605,0.00012696898193098605,1.7425501346588135,1.5219738483428955,1.4181041717529297
four_class_provisional_roi,0000,supervised,42,1,1.3802521228790283,1.3802521228790283,0.31252747774124146,2.9128971099853516,1.3402307033538818
four_class_provisional_roi,0000,supervised,42,51,0.000327875604853034,0.000327875604853034,1.625194787979126,1.039238691329956,1.6099659204483032
four_class_provisional_roi,0000,supervised,42,101,0.00023378929472528398,0.00023378929472528398,1.779726505279541,1.3109164237976074,1.6119039058685303
four_class_provisional_roi,0000,supervised,42,151,0.00011714194261003286,0.00011714194261003286,1.895727276802063,1.5111942291259766,1.6038916110992432
four_class_provisional_roi,0000,supervised,42,200,0.00010265680612064898,0.00010265680612064898,1.905564546585083,1.4703031778335571,1.600000023841858
four_class_provisional_roi,0000,supervised,73,1,1.3689286708831787,1.3689286708831787,0.31689685583114624,2.900534152984619,1.4850637912750244
four_class_provisional_roi,0000,supervised,73,51,0.0006988942041061819,0.0006988942041061819,1.7698932886123657,1.0590366125106812,1.718702793121338
four_class_provisional_roi,0000,supervised,73,101,0.00016141775995492935,0.00016141775995492935,1.9048919677734375,1.2664389610290527,1.7156832218170166
four_class_provisional_roi,0000,supervised,73,151,0.00010975124314427376,0.00010975124314427376,1.974291205406189,1.3768510818481445,1.727458119392395
four_class_provisional_roi,0000,supervised,73,200,0.00010757189011201262,0.00010757189011201262,2.0445656776428223,1.46055269241333,1.7296421527862549
four_class_provisional_roi,0000,head_only,17,1,1.4292266368865967,1.4292266368865967,0.31302130222320557,2.9547383785247803,1.4030420780181885
four_class_provisional_roi,0000,head_only,17,51,0.0005835284828208387,0.0005835284828208387,0.565750777721405,0.8080704212188721,0.0685003399848938
four_class_provisional_roi,0000,head_only,17,101,0.0003892368695233017,0.0003892368695233017,0.6030546426773071,0.9316302537918091,0.06550401449203491
four_class_provisional_roi,0000,head_only,17,151,0.0002816063351929188,0.0002816063351929188,0.6651180386543274,1.108198642730713,0.06362706422805786
four_class_provisional_roi,0000,head_only,17,200,0.00019689984037540853,0.00019689984037540853,0.6640505790710449,1.1017712354660034,0.06194859743118286
four_class_provisional_roi,0000,head_only,42,1,1.4617271423339844,1.4617271423339844,0.31252747774124146,2.985841751098633,1.3402307033538818
four_class_provisional_roi,0000,head_only,42,51,0.0005788479465991259,0.0005788479465991259,0.5925681591033936,0.8081160187721252,0.07407450675964355
four_class_provisional_roi,0000,head_only,42,101,0.0003917895373888314,0.0003917895373888314,0.6338263750076294,0.9274411201477051,0.07018262147903442
four_class_provisional_roi,0000,head_only,42,151,0.0002027766895480454,0.0002027766895480454,0.7248013019561768,1.2031956911087036,0.06676620244979858
four_class_provisional_roi,0000,head_only,42,200,0.0001827200612751767,0.0001827200612751767,0.7144297957420349,1.1963820457458496,0.06507152318954468
four_class_provisional_roi,0000,head_only,73,1,1.507481336593628,1.507481336593628,0.31689685583114624,3.04186749458313,1.4850637912750244
four_class_provisional_roi,0000,head_only,73,51,0.0012371412012726068,0.0012371412012726068,0.559609055519104,0.7107899188995361,0.07169520854949951
four_class_provisional_roi,0000,head_only,73,101,0.0003645974211394787,0.0003645974211394787,0.6316641569137573,0.9404141306877136,0.06645482778549194
four_class_provisional_roi,0000,head_only,73,151,0.00021836473024450243,0.00021836473024450243,0.6715889573097229,1.0702351331710815,0.06481963396072388
four_class_provisional_roi,0000,head_only,73,200,0.0002614713739603758,0.0002614713739603758,0.6880934238433838,1.1182444095611572,0.06338447332382202
four_class_provisional_roi,0000,distill,17,1,3.359921455383301,1.4292266368865967,0.31302130222320557,2.9547383785247803,1.4030420780181885
four_class_provisional_roi,0000,distill,17,51,0.07301964610815048,0.019319428130984306,0.05039772763848305,0.004285756498575211,0.011596083641052246
four_class_provisional_roi,0000,distill,17,101,0.02492866851389408,0.017766883596777916,0.004700519610196352,0.0037333709187805653,0.005945801734924316
four_class_provisional_roi,0000,distill,17,151,0.023946186527609825,0.015693124383687973,0.0015219191554933786,0.012342624366283417,0.005598306655883789
four_class_provisional_roi,0000,distill,17,200,0.021237388253211975,0.017508799210190773,0.0009874007664620876,0.004358234815299511,0.005620718002319336
four_class_provisional_roi,0000,distill,42,1,3.401198387145996,1.4617271423339844,0.31252747774124146,2.985841751098633,1.3402307033538818
four_class_provisional_roi,0000,distill,42,51,0.08819098770618439,0.015236921608448029,0.05857472866773605,0.026435010135173798,0.011618375778198242
four_class_provisional_roi,0000,distill,42,101,0.030316157266497612,0.021011410281062126,0.0066428291611373425,0.00407650088891387,0.006236672401428223
four_class_provisional_roi,0000,distill,42,151,0.021539131179451942,0.01593920588493347,0.0013151975581422448,0.007448958698660135,0.005602478981018066
four_class_provisional_roi,0000,distill,42,200,0.021082160994410515,0.016278302296996117,0.001043385942466557,0.006385237444192171,0.005678534507751465
four_class_provisional_roi,0000,distill,73,1,3.4938182830810547,1.507481336593628,0.31689685583114624,3.04186749458313,1.4850637912750244
four_class_provisional_roi,0000,distill,73,51,0.0809679701924324,0.01871408522129059,0.05461742728948593,0.012925403192639351,0.011737585067749023
four_class_provisional_roi,0000,distill,73,101,0.028133319690823555,0.015615632757544518,0.006650845520198345,0.010486038401722908,0.006238222122192383
four_class_provisional_roi,0000,distill,73,151,0.022318968549370766,0.014900514855980873,0.0014316076412796974,0.010829831473529339,0.005719304084777832
four_class_provisional_roi,0000,distill,73,200,0.020872320979833603,0.016612712293863297,0.0008269821992143989,0.005734815262258053,0.005652189254760742
four_class_provisional_roi,0000,no_contrast,17,1,3.2196171283721924,1.4292266368865967,0.31302130222320557,2.9547383785247803,1.4030420780181885
four_class_provisional_roi,0000,no_contrast,17,51,0.07354699820280075,0.018361877650022507,0.05235686153173447,0.005656520836055279,0.012414813041687012
four_class_provisional_roi,0000,no_contrast,17,101,0.02407631278038025,0.0178077332675457,0.0045703100040555,0.0033965380862355232,0.005961894989013672
four_class_provisional_roi,0000,no_contrast,17,151,0.023431818932294846,0.01564018428325653,0.0014833007007837296,0.012616668827831745,0.005615592002868652
four_class_provisional_roi,0000,no_contrast,17,200,0.020418426021933556,0.017441630363464355,0.0009319992386735976,0.004089592024683952,0.005638241767883301
four_class_provisional_roi,0000,no_contrast,42,1,3.2671754360198975,1.4617271423339844,0.31252747774124146,2.985841751098633,1.3402307033538818
four_class_provisional_roi,0000,no_contrast,42,51,0.09040673822164536,0.014611342921853065,0.062483929097652435,0.02662293054163456,0.012605428695678711
four_class_provisional_roi,0000,no_contrast,42,101,0.030483881011605263,0.021388107910752296,0.006989970803260803,0.004211605526506901,0.0063408613204956055
four_class_provisional_roi,0000,no_contrast,42,151,0.020978834480047226,0.015846723690629005,0.001327074016444385,0.007610074244439602,0.005613803863525391
four_class_provisional_roi,0000,no_contrast,42,200,0.020492997020483017,0.01621214859187603,0.0010404239874333143,0.006480846554040909,0.005691051483154297
four_class_provisional_roi,0000,no_contrast,73,1,3.3453118801116943,1.507481336593628,0.31689685583114624,3.04186749458313,1.4850637912750244
four_class_provisional_roi,0000,no_contrast,73,51,0.0818742886185646,0.017607353627681732,0.05596993863582611,0.016593992710113525,0.012476921081542969
four_class_provisional_roi,0000,no_contrast,73,101,0.027344074100255966,0.01569490134716034,0.006606215611100197,0.010085913352668285,0.006296515464782715
four_class_provisional_roi,0000,no_contrast,73,151,0.021776381880044937,0.014851143583655357,0.0014655716950073838,0.010919332504272461,0.005743861198425293
four_class_provisional_roi,0000,no_contrast,73,200,0.019976384937763214,0.01626824587583542,0.0007800352177582681,0.005856206640601158,0.005658864974975586
four_class_provisional_roi,0000,no_radar_CE,17,1,1.9306946992874146,1.4292266368865967,0.31302130222320557,2.9547383785247803,1.4030420780181885
four_class_provisional_roi,0000,no_radar_CE,17,51,0.034011922776699066,0.0458134301006794,0.027166832238435745,0.011949224397540092,0.008704781532287598
four_class_provisional_roi,0000,no_radar_CE,17,101,0.003552365815266967,0.025557611137628555,0.0014173196395859122,0.0031404413748532534,0.005648255348205566
four_class_provisional_roi,0000,no_radar_CE,17,151,0.004989036824554205,0.019384801387786865,0.0011381693184375763,0.006566361524164677,0.005676865577697754
four_class_provisional_roi,0000,no_radar_CE,17,200,0.0046853492967784405,0.026558073237538338,0.0016305091558024287,0.004968275316059589,0.0057070255279541016
four_class_provisional_roi,0000,no_radar_CE,42,1,1.9394713640213013,1.4617271423339844,0.31252747774124146,2.985841751098633,1.3402307033538818
four_class_provisional_roi,0000,no_radar_CE,42,51,0.03802301734685898,0.04528867453336716,0.02974594011902809,0.01490076258778572,0.008266925811767578
four_class_provisional_roi,0000,no_radar_CE,42,101,0.008005587384104729,0.03189710155129433,0.002841678448021412,0.009154083207249641,0.005868673324584961
four_class_provisional_roi,0000,no_radar_CE,42,151,0.002325912704691291,0.022191226482391357,0.00080603186506778,0.0019188844598829746,0.005604386329650879
four_class_provisional_roi,0000,no_radar_CE,42,200,0.0034601064398884773,0.01991390809416771,0.0011824383400380611,0.003402558621019125,0.005763888359069824
four_class_provisional_roi,0000,no_radar_CE,73,1,1.9863369464874268,1.507481336593628,0.31689685583114624,3.04186749458313,1.4850637912750244
four_class_provisional_roi,0000,no_radar_CE,73,51,0.035733819007873535,0.02284790202975273,0.028794649988412857,0.012191567569971085,0.008433818817138672
four_class_provisional_roi,0000,no_radar_CE,73,101,0.005352114327251911,0.02679707482457161,0.0025325254537165165,0.004451257176697254,0.005939602851867676
four_class_provisional_roi,0000,no_radar_CE,73,151,0.00306048896163702,0.02168760634958744,0.0007658293470740318,0.0034301283303648233,0.005795955657958984
four_class_provisional_roi,0000,no_radar_CE,73,200,0.0017726942896842957,0.021369511261582375,0.0006826786557212472,0.0010251556523144245,0.005774378776550293
four_class_provisional_roi,0000,shuffled,17,1,3.381870985031128,1.4292266368865967,0.3161661624908447,2.967203140258789,1.528765320777893
four_class_provisional_roi,0000,shuffled,17,51,1.7161391973495483,0.6479603052139282,0.18805934488773346,1.7350330352783203,0.12603050470352173
four_class_provisional_roi,0000,shuffled,17,101,1.6855086088180542,0.6370736956596375,0.16423627734184265,1.751250982284546,0.085732102394104
four_class_provisional_roi,0000,shuffled,17,151,1.6842974424362183,0.6318762302398682,0.16684642434120178,1.7552766799926758,0.07936429977416992
four_class_provisional_roi,0000,shuffled,17,200,1.683268666267395,0.6314890384674072,0.1627976894378662,1.7616828680038452,0.08140426874160767
four_class_provisional_roi,0000,shuffled,42,1,3.497681140899658,1.4617271423339844,0.3192175626754761,3.1273951530456543,1.5303901433944702
four_class_provisional_roi,0000,shuffled,42,51,1.7285325527191162,0.5812076926231384,0.19860252737998962,1.8652361631393433,0.16104251146316528
four_class_provisional_roi,0000,shuffled,42,101,1.6867774724960327,0.6232296228408813,0.167033389210701,1.7762598991394043,0.08384424448013306
four_class_provisional_roi,0000,shuffled,42,151,1.6832860708236694,0.6284732818603516,0.16585321724414825,1.7618292570114136,0.08044910430908203
four_class_provisional_roi,0000,shuffled,42,200,1.6828374862670898,0.6285198926925659,0.16518829762935638,1.7617380619049072,0.08260273933410645
four_class_provisional_roi,0000,shuffled,73,1,3.4488375186920166,1.507481336593628,0.31275567412376404,2.9943759441375732,1.3141239881515503
four_class_provisional_roi,0000,shuffled,73,51,1.7277512550354004,0.6481904983520508,0.1941480040550232,1.7442437410354614,0.13290899991989136
four_class_provisional_roi,0000,shuffled,73,101,1.6876767873764038,0.6048617959022522,0.16985565423965454,1.8074431419372559,0.09237843751907349
four_class_provisional_roi,0000,shuffled,73,151,1.6844180822372437,0.6240483522415161,0.16725826263427734,1.7696633338928223,0.08279818296432495
four_class_provisional_roi,0000,shuffled,73,200,1.682742953300476,0.6319618821144104,0.1658773422241211,1.753684401512146,0.08061504364013672
four_class_provisional_roi,0000,distill_phase,17,1,3.419187068939209,1.4671070575714111,0.3107812702655792,2.994739532470703,1.4392907619476318
four_class_provisional_roi,0000,distill_phase,17,51,0.06504051387310028,0.014066141098737717,0.042408380657434464,0.015324871987104416,0.009035587310791016
four_class_provisional_roi,0000,distill_phase,17,101,0.023819178342819214,0.019595684483647346,0.0031515504233539104,0.0009826193563640118,0.005806326866149902
four_class_provisional_roi,0000,distill_phase,17,151,0.021720081567764282,0.016607312485575676,0.0009837045799940825,0.007129454519599676,0.005643367767333984
four_class_provisional_roi,0000,distill_phase,17,200,0.020140787586569786,0.017907679080963135,0.000631980481557548,0.00207489263266325,0.005636811256408691
four_class_provisional_roi,0000,distill_phase,42,1,3.440997838973999,1.4712250232696533,0.3171433210372925,3.013583183288574,1.4583799839019775
four_class_provisional_roi,0000,distill_phase,42,51,0.07395177334547043,0.015350773930549622,0.04966351389884949,0.015650920569896698,0.011120200157165527
four_class_provisional_roi,0000,distill_phase,42,101,0.02282699942588806,0.016338761895895004,0.004101856611669064,0.003564027138054371,0.006043672561645508
four_class_provisional_roi,0000,distill_phase,42,151,0.020189901813864708,0.015474170446395874,0.0009887015912681818,0.006336710415780544,0.005586743354797363
four_class_provisional_roi,0000,distill_phase,42,200,0.02041693590581417,0.017708376049995422,0.0008179516298696399,0.0026636517141014338,0.00558781623840332
four_class_provisional_roi,0000,distill_phase,73,1,3.440762996673584,1.4832417964935303,0.31195563077926636,3.01332426071167,1.3890349864959717
four_class_provisional_roi,0000,distill_phase,73,51,0.07189042866230011,0.01685319095849991,0.049321964383125305,0.009424573741853237,0.010029792785644531
four_class_provisional_roi,0000,distill_phase,73,101,0.02460535243153572,0.01665394753217697,0.0041089728474617004,0.006507337559014559,0.005887627601623535
four_class_provisional_roi,0000,distill_phase,73,151,0.020297203212976456,0.014682737179100513,0.0007973051397129893,0.008511032909154892,0.005616426467895508
four_class_provisional_roi,0000,distill_phase,73,200,0.02053602784872055,0.017423130571842194,0.0006716962670907378,0.003757067723199725,0.005626678466796875
four_class_provisional_roi,0000,original_head,17,1,0.31302130222320557,1.4292266368865967,0.31302130222320557,2.9547383785247803,1.4030420780181885
four_class_provisional_roi,0000,original_head,17,51,0.002522075781598687,0.045566629618406296,0.002522075781598687,0.011133496649563313,0.0061386823654174805
four_class_provisional_roi,0000,original_head,17,101,0.0008186742197722197,0.021473582834005356,0.0008186742197722197,0.005752243101596832,0.005719661712646484
four_class_provisional_roi,0000,original_head,17,151,0.0011871842434629798,0.017650919035077095,0.0011871842434629798,0.01097610592842102,0.005713939666748047
four_class_provisional_roi,0000,original_head,17,200,0.001004969235509634,0.026031389832496643,0.001004969235509634,0.0055076247081160545,0.005671262741088867
four_class_provisional_roi,0000,original_head,42,1,0.31252747774124146,1.4617271423339844,0.31252747774124146,2.985841751098633,1.3402307033538818
four_class_provisional_roi,0000,original_head,42,51,0.0036756459157913923,0.048608601093292236,0.0036756459157913923,0.026389937847852707,0.006099700927734375
four_class_provisional_roi,0000,original_head,42,101,0.001253125024959445,0.03078698366880417,0.001253125024959445,0.008961476385593414,0.005756974220275879
four_class_provisional_roi,0000,original_head,42,151,0.0005787627305835485,0.02367316000163555,0.0005787627305835485,0.006417241413146257,0.005633950233459473
four_class_provisional_roi,0000,original_head,42,200,0.0009952341206371784,0.017833910882472992,0.0009952341206371784,0.008504754863679409,0.005755901336669922
four_class_provisional_roi,0000,original_head,73,1,0.31689685583114624,1.507481336593628,0.31689685583114624,3.04186749458313,1.4850637912750244
four_class_provisional_roi,0000,original_head,73,51,0.002480265684425831,0.028848836198449135,0.002480265684425831,0.006526344921439886,0.005710601806640625
four_class_provisional_roi,0000,original_head,73,101,0.0016457102028653026,0.020852720364928246,0.0016457102028653026,0.0068670292384922504,0.0057103633880615234
four_class_provisional_roi,0000,original_head,73,151,0.0004777340218424797,0.02401350438594818,0.0004777340218424797,0.005031411070376635,0.005711555480957031
four_class_provisional_roi,0000,original_head,73,200,0.0004455005982890725,0.018520265817642212,0.0004455005982890725,0.004222886171191931,0.005763411521911621
four_class_provisional_roi,0001,supervised,17,1,1.3890553712844849,1.3890553712844849,0.4781561493873596,3.197777271270752,1.3244267702102661
four_class_provisional_roi,0001,supervised,17,51,0.00022016052389517426,0.00022016052389517426,1.760885238647461,0.9923449158668518,1.4060249328613281
four_class_provisional_roi,0001,supervised,17,101,0.00013321838923729956,0.00013321838923729956,1.8126267194747925,1.0953201055526733,1.406928300857544
four_class_provisional_roi,0001,supervised,17,151,0.00011729079415090382,0.00011729079415090382,1.8618934154510498,1.1707000732421875,1.409954309463501
four_class_provisional_roi,0001,supervised,17,200,0.00012393388897180557,0.00012393388897180557,1.8839478492736816,1.1725647449493408,1.4080610275268555
four_class_provisional_roi,0001,supervised,42,1,1.3867522478103638,1.3867522478103638,0.4751359224319458,3.1921486854553223,1.3088953495025635
four_class_provisional_roi,0001,supervised,42,51,0.00042502261931076646,0.00042502261931076646,1.8097147941589355,0.8450934886932373,1.4442683458328247
four_class_provisional_roi,0001,supervised,42,101,0.0002689541142899543,0.0002689541142899543,1.9392106533050537,1.0523474216461182,1.4489078521728516
four_class_provisional_roi,0001,supervised,42,151,0.00015744075062684715,0.00015744075062684715,2.0311694145202637,1.1700705289840698,1.441260814666748
four_class_provisional_roi,0001,supervised,42,200,9.576259617460892e-05,9.576259617460892e-05,2.050416946411133,1.1391457319259644,1.4453046321868896
four_class_provisional_roi,0001,supervised,73,1,1.375091314315796,1.375091314315796,0.48265165090560913,3.1800267696380615,1.552825689315796
four_class_provisional_roi,0001,supervised,73,51,0.00028673349879682064,0.00028673349879682064,2.008352279663086,0.9507737755775452,1.680342197418213
four_class_provisional_roi,0001,supervised,73,101,0.00023386499378830194,0.00023386499378830194,2.109403610229492,1.0256152153015137,1.6791740655899048
four_class_provisional_roi,0001,supervised,73,151,0.00011291373812127858,0.00011291373812127858,2.1879515647888184,1.1759204864501953,1.6879380941390991
four_class_provisional_roi,0001,supervised,73,200,9.869260247796774e-05,9.869260247796774e-05,2.248246431350708,1.2215988636016846,1.6866744756698608
four_class_provisional_roi,0001,head_only,17,1,1.4614144563674927,1.4614144563674927,0.4781561493873596,3.2596442699432373,1.3244267702102661
four_class_provisional_roi,0001,head_only,17,51,0.0012455546529963613,0.0012455546529963613,0.6557063460350037,0.5231462717056274,0.04131227731704712
four_class_provisional_roi,0001,head_only,17,101,0.00055221765069291,0.00055221765069291,0.6988588571548462,0.6310089826583862,0.033951759338378906
four_class_provisional_roi,0001,head_only,17,151,0.0003375781234353781,0.0003375781234353781,0.772747814655304,0.7740089297294617,0.03301703929901123
four_class_provisional_roi,0001,head_only,17,200,0.0002567175542935729,0.0002567175542935729,0.786209225654602,0.7712889909744263,0.03177720308303833
four_class_provisional_roi,0001,head_only,42,1,1.4447832107543945,1.4447832107543945,0.4751359224319458,3.2305819988250732,1.3088953495025635
four_class_provisional_roi,0001,head_only,42,51,0.001188172958791256,0.001188172958791256,0.6655462980270386,0.45456624031066895,0.043683648109436035
four_class_provisional_roi,0001,head_only,42,101,0.0005034370115026832,0.0005034370115026832,0.7452946901321411,0.6326675415039062,0.03940528631210327
four_class_provisional_roi,0001,head_only,42,151,0.0003054625412914902,0.0003054625412914902,0.8031684756278992,0.734518826007843,0.0368075966835022
four_class_provisional_roi,0001,head_only,42,200,0.0002754974411800504,0.0002754974411800504,0.8066790103912354,0.7396445274353027,0.036429643630981445
four_class_provisional_roi,0001,head_only,73,1,1.4768074750900269,1.4768074750900269,0.48265165090560913,3.280282974243164,1.552825689315796
four_class_provisional_roi,0001,head_only,73,51,0.0010162685066461563,0.0010162685066461563,0.7189719676971436,0.49003350734710693,0.05561661720275879
four_class_provisional_roi,0001,head_only,73,101,0.0004974399926140904,0.0004974399926140904,0.7991328835487366,0.6376853585243225,0.048482418060302734
four_class_provisional_roi,0001,head_only,73,151,0.0002569314674474299,0.0002569314674474299,0.8512400388717651,0.7677198052406311,0.04568082094192505
four_class_provisional_roi,0001,head_only,73,200,0.00021154855494387448,0.00021154855494387448,0.8841366767883301,0.8185780048370361,0.04510253667831421
four_class_provisional_roi,0001,distill,17,1,3.7018353939056396,1.4614144563674927,0.4781561493873596,3.2596442699432373,1.3244267702102661
four_class_provisional_roi,0001,distill,17,51,0.07078836858272552,0.015055269934237003,0.053718939423561096,0.002310678130015731,0.008588194847106934
four_class_provisional_roi,0001,distill,17,101,0.018630802631378174,0.012925898656249046,0.003259312827140093,0.003844906808808446,0.005231380462646484
four_class_provisional_roi,0001,distill,17,151,0.018461989238858223,0.011116156354546547,0.0022814301773905754,0.009107849560678005,0.005104780197143555
four_class_provisional_roi,0001,distill,17,200,0.02123045176267624,0.014218281023204327,0.002522933529689908,0.007967675104737282,0.005053997039794922
four_class_provisional_roi,0001,distill,42,1,3.6660995483398438,1.4447832107543945,0.4751359224319458,3.2305819988250732,1.3088953495025635
four_class_provisional_roi,0001,distill,42,51,0.07345905154943466,0.01453790906816721,0.052518442273139954,0.01122391875833273,0.007907390594482422
four_class_provisional_roi,0001,distill,42,101,0.019584642723202705,0.012983763590455055,0.0030035795643925667,0.006185969803482294,0.005043148994445801
four_class_provisional_roi,0001,distill,42,151,0.016960885375738144,0.012060306034982204,0.0010302331065759063,0.006714037619531155,0.005133271217346191
four_class_provisional_roi,0001,distill,42,200,0.017506195232272148,0.012986604124307632,0.002287719864398241,0.0034467182122170925,0.005085110664367676
four_class_provisional_roi,0001,distill,73,1,3.754883289337158,1.4768074750900269,0.48265165090560913,3.280282974243164,1.552825689315796
four_class_provisional_roi,0001,distill,73,51,0.07321064919233322,0.01568899117410183,0.052135661244392395,0.009160316549241543,0.008058428764343262
four_class_provisional_roi,0001,distill,73,101,0.02067795768380165,0.012234494090080261,0.0027624634094536304,0.010334750637412071,0.005136251449584961
four_class_provisional_roi,0001,distill,73,151,0.01781848445534706,0.010223925113677979,0.0014434128534048796,0.011281812563538551,0.005102396011352539
four_class_provisional_roi,0001,distill,73,200,0.016307784244418144,0.011119082570075989,0.0013924834784120321,0.006584186106920242,0.005041241645812988
four_class_provisional_roi,0001,no_contrast,17,1,3.569392681121826,1.4614144563674927,0.4781561493873596,3.2596442699432373,1.3244267702102661
four_class_provisional_roi,0001,no_contrast,17,51,0.06994673609733582,0.01446801982820034,0.054026998579502106,0.0029034323524683714,0.008717894554138184
four_class_provisional_roi,0001,no_contrast,17,101,0.01808128133416176,0.013029629364609718,0.0032361061312258244,0.0036310930736362934,0.005233645439147949
four_class_provisional_roi,0001,no_contrast,17,151,0.017805881798267365,0.01112445816397667,0.0022001457400619984,0.008962554857134819,0.005108952522277832
four_class_provisional_roi,0001,no_contrast,17,200,0.020898859947919846,0.014137680642306805,0.0025806096382439137,0.008361141197383404,0.00506138801574707
four_class_provisional_roi,0001,no_contrast,42,1,3.535210132598877,1.4447832107543945,0.4751359224319458,3.2305819988250732,1.3088953495025635
four_class_provisional_roi,0001,no_contrast,42,51,0.07349255681037903,0.013404052704572678,0.053722038865089417,0.012732937932014465,0.008050084114074707
four_class_provisional_roi,0001,no_contrast,42,101,0.01911996304988861,0.012965652160346508,0.002933528507128358,0.006441566161811352,0.005044221878051758
four_class_provisional_roi,0001,no_contrast,42,151,0.01632380485534668,0.012014849111437798,0.0010311799123883247,0.006555553060024977,0.005143284797668457
four_class_provisional_roi,0001,no_contrast,42,200,0.016961442306637764,0.012985041365027428,0.002281203866004944,0.003390394849702716,0.0050994157791137695
four_class_provisional_roi,0001,no_contrast,73,1,3.5996007919311523,1.4768074750900269,0.48265165090560913,3.280282974243164,1.552825689315796
four_class_provisional_roi,0001,no_contrast,73,51,0.0736633837223053,0.014446524903178215,0.05380993336439133,0.010813845321536064,0.008092522621154785
four_class_provisional_roi,0001,no_contrast,73,101,0.02012067288160324,0.012233447283506393,0.002616968471556902,0.010540513321757317,0.005131959915161133
four_class_provisional_roi,0001,no_contrast,73,151,0.01713605225086212,0.010220801457762718,0.0013765241019427776,0.011077453382313251,0.005113959312438965
four_class_provisional_roi,0001,no_contrast,73,200,0.01580880582332611,0.011103612370789051,0.00134600093588233,0.006718382705003023,0.005055785179138184
four_class_provisional_roi,0001,no_radar_CE,17,1,2.2404210567474365,1.4614144563674927,0.4781561493873596,3.2596442699432373,1.3244267702102661
four_class_provisional_roi,0001,no_radar_CE,17,51,0.03181692957878113,0.025254856795072556,0.028861235827207565,0.004530181642621756,0.006906032562255859
four_class_provisional_roi,0001,no_radar_CE,17,101,0.005075890105217695,0.01658780127763748,0.00306340167298913,0.0029830397106707096,0.005209684371948242
four_class_provisional_roi,0001,no_radar_CE,17,151,0.0060610235668718815,0.012797113507986069,0.0027692087460309267,0.0055510858073830605,0.005162715911865234
four_class_provisional_roi,0001,no_radar_CE,17,200,0.009190315380692482,0.01799456775188446,0.003616968635469675,0.01012447290122509,0.005111098289489746
four_class_provisional_roi,0001,no_radar_CE,42,1,2.221316337585449,1.4447832107543945,0.4751359224319458,3.2305819988250732,1.3088953495025635
four_class_provisional_roi,0001,no_radar_CE,42,51,0.039890144020318985,0.02380620688199997,0.027778156101703644,0.02302107959985733,0.006014466285705566
four_class_provisional_roi,0001,no_radar_CE,42,101,0.005867059342563152,0.01621609553694725,0.0024389447644352913,0.005837514065206051,0.005093574523925781
four_class_provisional_roi,0001,no_radar_CE,42,151,0.0045577166602015495,0.01468968391418457,0.0012844468001276255,0.005495566409081221,0.005254864692687988
four_class_provisional_roi,0001,no_radar_CE,42,200,0.004245271440595388,0.014642296358942986,0.0027474164962768555,0.001971964258700609,0.005118727684020996
four_class_provisional_roi,0001,no_radar_CE,73,1,2.278075695037842,1.4768074750900269,0.48265165090560913,3.280282974243164,1.552825689315796
four_class_provisional_roi,0001,no_radar_CE,73,51,0.0317106619477272,0.013929643668234348,0.024991439655423164,0.012173394672572613,0.006325244903564453
four_class_provisional_roi,0001,no_radar_CE,73,101,0.009181762114167213,0.018374107778072357,0.0027977917343378067,0.011731917038559914,0.0051801204681396484
four_class_provisional_roi,0001,no_radar_CE,73,151,0.004934030584990978,0.012978466227650642,0.0013994607143104076,0.006034189369529486,0.005174756050109863
four_class_provisional_roi,0001,no_radar_CE,73,200,0.0035033340100198984,0.013310421258211136,0.0016886693192645907,0.002601745305582881,0.005137920379638672
four_class_provisional_roi,0001,shuffled,17,1,3.73132586479187,1.4614144563674927,0.4824427664279938,3.280268430709839,1.473342776298523
four_class_provisional_roi,0001,shuffled,17,51,1.9583470821380615,0.7283556461334229,0.29560229182243347,1.7993289232254028,0.3472471237182617
four_class_provisional_roi,0001,shuffled,17,101,1.9240480661392212,0.7263771891593933,0.27331283688545227,1.7928107976913452,0.2795255184173584
four_class_provisional_roi,0001,shuffled,17,151,1.9224401712417603,0.7220839262008667,0.2748873829841614,1.7966361045837402,0.27150893211364746
four_class_provisional_roi,0001,shuffled,17,200,1.9226570129394531,0.7034726142883301,0.2728092074394226,1.8375400304794312,0.2760520577430725
four_class_provisional_roi,0001,shuffled,42,1,3.7437775135040283,1.4447832107543945,0.4835667908191681,3.323469400405884,1.5369263887405396
four_class_provisional_roi,0001,shuffled,42,51,1.9586808681488037,0.6878330707550049,0.29815953969955444,1.8706988096237183,0.3733890652656555
four_class_provisional_roi,0001,shuffled,42,101,1.922830581665039,0.7163631916046143,0.27595382928848267,1.806318759918213,0.2735426425933838
four_class_provisional_roi,0001,shuffled,42,151,1.9209685325622559,0.7015261650085449,0.27854251861572266,1.8244531154632568,0.2867324948310852
four_class_provisional_roi,0001,shuffled,42,200,1.9210599660873413,0.7125144004821777,0.2747161388397217,1.8131970167160034,0.272308349609375
four_class_provisional_roi,0001,shuffled,73,1,3.6479125022888184,1.4768074750900269,0.4719160199165344,3.16288161277771,1.1774822473526
four_class_provisional_roi,0001,shuffled,73,51,1.9553725719451904,0.7755919694900513,0.2877674698829651,1.7274211645126343,0.2830250859260559
four_class_provisional_roi,0001,shuffled,73,101,1.9235557317733765,0.6848543286323547,0.28038012981414795,1.8568165302276611,0.29913073778152466
four_class_provisional_roi,0001,shuffled,73,151,1.9216995239257812,0.7101506590843201,0.2754036784172058,1.8177123069763184,0.27288949489593506
four_class_provisional_roi,0001,shuffled,73,200,1.920170783996582,0.7173600792884827,0.2747279107570648,1.8026819229125977,0.26741719245910645
four_class_provisional_roi,0001,distill_phase,17,1,3.701900005340576,1.4587329626083374,0.47556543350219727,3.2552759647369385,1.39963698387146
four_class_provisional_roi,0001,distill_phase,17,51,0.06149183213710785,0.010456569492816925,0.04345392435789108,0.013714544475078583,0.007240653038024902
four_class_provisional_roi,0001,distill_phase,17,101,0.01719922013580799,0.01240693312138319,0.002629917347803712,0.0033040910493582487,0.0051032304763793945
four_class_provisional_roi,0001,distill_phase,17,151,0.016918109729886055,0.011709263548254967,0.0020450204610824585,0.005309841595590115,0.0050890445709228516
four_class_provisional_roi,0001,distill_phase,17,200,0.01879151538014412,0.013759788125753403,0.0021155993454158306,0.0048230779357254505,0.005045890808105469
four_class_provisional_roi,0001,distill_phase,42,1,3.6830830574035645,1.4461379051208496,0.4772492051124573,3.2452707290649414,1.3706071376800537
four_class_provisional_roi,0001,distill_phase,42,51,0.06301400065422058,0.010649438016116619,0.04446491599082947,0.014359969645738602,0.007196664810180664
four_class_provisional_roi,0001,distill_phase,42,101,0.017626773566007614,0.011205743998289108,0.002170975785702467,0.007476436905562878,0.005118370056152344
four_class_provisional_roi,0001,distill_phase,42,151,0.016751565039157867,0.011608811095356941,0.0011941741686314344,0.006857774686068296,0.005196928977966309
four_class_provisional_roi,0001,distill_phase,42,200,0.01653607375919819,0.01199067011475563,0.0021126633509993553,0.0038498174399137497,0.005078315734863281
four_class_provisional_roi,0001,distill_phase,73,1,3.714378833770752,1.4700649976730347,0.4738887548446655,3.269615650177002,1.3561718463897705
four_class_provisional_roi,0001,distill_phase,73,51,0.06339406967163086,0.012517713941633701,0.04503290355205536,0.010265540331602097,0.007106781005859375
four_class_provisional_roi,0001,distill_phase,73,101,0.019211167469620705,0.011536827310919762,0.003091084072366357,0.008152040652930737,0.005072355270385742
four_class_provisional_roi,0001,distill_phase,73,151,0.01638874225318432,0.010698380880057812,0.0012234888272359967,0.007912002503871918,0.0051087141036987305
four_class_provisional_roi,0001,distill_phase,73,200,0.017626535147428513,0.012830284424126148,0.002262862864881754,0.004055999685078859,0.005053877830505371
four_class_provisional_roi,0001,original_head,17,1,0.4781561493873596,1.4614144563674927,0.4781561493873596,3.2596442699432373,1.3244267702102661
four_class_provisional_roi,0001,original_head,17,51,0.0037593990564346313,0.021754581481218338,0.0037593990564346313,0.010129647329449654,0.005214810371398926
four_class_provisional_roi,0001,original_head,17,101,0.0011028305161744356,0.013543831184506416,0.0011028305161744356,0.008462857455015182,0.00526583194732666
four_class_provisional_roi,0001,original_head,17,151,0.0009388416074216366,0.010857661254703999,0.0009388416074216366,0.017888551577925682,0.0054225921630859375
four_class_provisional_roi,0001,original_head,17,200,0.0016245357692241669,0.01532541960477829,0.0016245357692241669,0.012620851397514343,0.005298972129821777
four_class_provisional_roi,0001,original_head,42,1,0.4751359224319458,1.4447832107543945,0.4751359224319458,3.2305819988250732,1.3088953495025635
four_class_provisional_roi,0001,original_head,42,51,0.004796136170625687,0.025654684752225876,0.004796136170625687,0.017386499792337418,0.005434989929199219
four_class_provisional_roi,0001,original_head,42,101,0.0006682522362098098,0.013780992478132248,0.0006682522362098098,0.010526521131396294,0.00526881217956543
four_class_provisional_roi,0001,original_head,42,151,0.0010301112197339535,0.013661462813615799,0.0010301112197339535,0.018103692680597305,0.005398154258728027
four_class_provisional_roi,0001,original_head,42,200,0.0006385387387126684,0.010700186714529991,0.0006385387387126684,0.014339982531964779,0.005289554595947266
four_class_provisional_roi,0001,original_head,73,1,0.48265165090560913,1.4768074750900269,0.48265165090560913,3.280282974243164,1.552825689315796
four_class_provisional_roi,0001,original_head,73,51,0.003933497238904238,0.0109963184222579,0.003933497238904238,0.017891447991132736,0.005342841148376465
four_class_provisional_roi,0001,original_head,73,101,0.0007721468573436141,0.013863127678632736,0.0007721468573436141,0.010508990846574306,0.005367398262023926
four_class_provisional_roi,0001,original_head,73,151,0.0005471436306834221,0.011956037022173405,0.0005471436306834221,0.013720800168812275,0.005270719528198242
four_class_provisional_roi,0001,original_head,73,200,0.0006000892026349902,0.010927179828286171,0.0006000892026349902,0.012611554935574532,0.005252957344055176
four_class_provisional_roi,0010,supervised,17,1,1.404802918434143,1.404802918434143,0.3363918662071228,3.0180087089538574,1.3742953538894653
four_class_provisional_roi,0010,supervised,17,51,0.00018502645252738148,0.00018502645252738148,1.6720882654190063,1.2437338829040527,1.5595057010650635
four_class_provisional_roi,0010,supervised,17,101,0.0001601220283191651,0.0001601220283191651,1.7306015491485596,1.3269991874694824,1.5509979724884033
four_class_provisional_roi,0010,supervised,17,151,0.00011252659896854311,0.00011252659896854311,1.7578355073928833,1.4043899774551392,1.5580273866653442
four_class_provisional_roi,0010,supervised,17,200,0.00011044615530408919,0.00011044615530408919,1.812978982925415,1.4839494228363037,1.5506720542907715
four_class_provisional_roi,0010,supervised,42,1,1.379188895225525,1.379188895225525,0.33775073289871216,2.978875160217285,1.311337947845459
four_class_provisional_roi,0010,supervised,42,51,0.0004615366051439196,0.0004615366051439196,1.5990724563598633,0.9195433855056763,1.5285886526107788
four_class_provisional_roi,0010,supervised,42,101,0.0002441659162286669,0.0002441659162286669,1.7784384489059448,1.206725835800171,1.5324190855026245
four_class_provisional_roi,0010,supervised,42,151,9.192975994665176e-05,9.192975994665176e-05,1.9175069332122803,1.446334958076477,1.525542974472046
four_class_provisional_roi,0010,supervised,42,200,7.319590076804161e-05,7.319590076804161e-05,1.9391241073608398,1.4324278831481934,1.5235540866851807
four_class_provisional_roi,0010,supervised,73,1,1.3644052743911743,1.3644052743911743,0.3412104547023773,2.959512710571289,1.4655892848968506
four_class_provisional_roi,0010,supervised,73,51,0.0006787184393033385,0.0006787184393033385,1.7699382305145264,0.9640512466430664,1.677048683166504
four_class_provisional_roi,0010,supervised,73,101,0.00013620253594126552,0.00013620253594126552,1.966266393661499,1.245140790939331,1.6684889793395996
four_class_provisional_roi,0010,supervised,73,151,0.00010483850201126188,0.00010483850201126188,2.0214381217956543,1.3402860164642334,1.678752064704895
four_class_provisional_roi,0010,supervised,73,200,9.526504436507821e-05,9.526504436507821e-05,2.0940937995910645,1.4346448183059692,1.6790788173675537
four_class_provisional_roi,0010,head_only,17,1,1.4584182500839233,1.4584182500839233,0.3363918662071228,3.0451107025146484,1.3742953538894653
four_class_provisional_roi,0010,head_only,17,51,0.0004654461226891726,0.0004654461226891726,0.5631537437438965,0.7871439456939697,0.07093977928161621
four_class_provisional_roi,0010,head_only,17,101,0.00034780451096594334,0.00034780451096594334,0.5938452482223511,0.8871294260025024,0.06786763668060303
four_class_provisional_roi,0010,head_only,17,151,0.00023959620739333332,0.00023959620739333332,0.6555374264717102,1.0488393306732178,0.06652623414993286
four_class_provisional_roi,0010,head_only,17,200,0.00019041656923945993,0.00019041656923945993,0.6515287756919861,1.040623664855957,0.06464487314224243
four_class_provisional_roi,0010,head_only,42,1,1.4883322715759277,1.4883322715759277,0.33775073289871216,3.071418285369873,1.311337947845459
four_class_provisional_roi,0010,head_only,42,51,0.0006714893388561904,0.0006714893388561904,0.6174748539924622,0.7866619825363159,0.08076834678649902
four_class_provisional_roi,0010,head_only,42,101,0.0004173684283159673,0.0004173684283159673,0.6537540555000305,0.9003382921218872,0.0750846266746521
four_class_provisional_roi,0010,head_only,42,151,0.00015873124357312918,0.00015873124357312918,0.7430224418640137,1.1832808256149292,0.07239198684692383
four_class_provisional_roi,0010,head_only,42,200,0.00015498424181714654,0.00015498424181714654,0.7323830723762512,1.1760261058807373,0.07011479139328003
four_class_provisional_roi,0010,head_only,73,1,1.5557217597961426,1.5557217597961426,0.3412104547023773,3.151798963546753,1.4655892848968506
four_class_provisional_roi,0010,head_only,73,51,0.00105813960544765,0.00105813960544765,0.5663023591041565,0.6537117958068848,0.07770031690597534
four_class_provisional_roi,0010,head_only,73,101,0.00032373183057643473,0.00032373183057643473,0.6466811299324036,0.8983173370361328,0.07234823703765869
four_class_provisional_roi,0010,head_only,73,151,0.00024263752857223153,0.00024263752857223153,0.6941383481025696,1.009551763534546,0.07162606716156006
four_class_provisional_roi,0010,head_only,73,200,0.00023103333660401404,0.00023103333660401404,0.7099826335906982,1.0781774520874023,0.06956714391708374
four_class_provisional_roi,0010,distill,17,1,3.4547951221466064,1.4584182500839233,0.3363918662071228,3.0451107025146484,1.3742953538894653
four_class_provisional_roi,0010,distill,17,51,0.07200827449560165,0.016712062060832977,0.05152225121855736,0.005659569054841995,0.009441733360290527
four_class_provisional_roi,0010,distill,17,101,0.023832449689507484,0.01603386551141739,0.005036940798163414,0.004576504230499268,0.004733920097351074
four_class_provisional_roi,0010,distill,17,151,0.021595127880573273,0.014573363587260246,0.0013170854654163122,0.010533763095736504,0.004377961158752441
four_class_provisional_roi,0010,distill,17,200,0.01918984018266201,0.016577191650867462,0.0008117342367768288,0.002724852180108428,0.004384875297546387
four_class_provisional_roi,0010,distill,42,1,3.4929258823394775,1.4883322715759277,0.33775073289871216,3.071418285369873,1.311337947845459
four_class_provisional_roi,0010,distill,42,51,0.09630745649337769,0.013380558229982853,0.06661736965179443,0.030574586242437363,0.010222315788269043
four_class_provisional_roi,0010,distill,42,101,0.030642421916127205,0.020112838596105576,0.0069346316158771515,0.006209190934896469,0.004903554916381836
four_class_provisional_roi,0010,distill,42,151,0.019570542499423027,0.013756218366324902,0.0012900616275146604,0.00818735733628273,0.004305839538574219
four_class_provisional_roi,0010,distill,42,200,0.019683554768562317,0.01422063447535038,0.0009924572659656405,0.008061875589191914,0.004395246505737305
four_class_provisional_roi,0010,distill,73,1,3.6193907260894775,1.5557217597961426,0.3412104547023773,3.151798963546753,1.4655892848968506
four_class_provisional_roi,0010,distill,73,51,0.07872046530246735,0.017397738993167877,0.05575448274612427,0.009205969050526619,0.00965261459350586
four_class_provisional_roi,0010,distill,73,101,0.02501404657959938,0.015119954943656921,0.0056797717697918415,0.007467216812074184,0.004807114601135254
four_class_provisional_roi,0010,distill,73,151,0.020546499639749527,0.015072239562869072,0.0013719333801418543,0.0073216697201132774,0.004414916038513184
four_class_provisional_roi,0010,distill,73,200,0.019562581554055214,0.013908367604017258,0.0009495167760178447,0.008536853827536106,0.004362702369689941
four_class_provisional_roi,0010,no_contrast,17,1,3.3173656463623047,1.4584182500839233,0.3363918662071228,3.0451107025146484,1.3742953538894653
four_class_provisional_roi,0010,no_contrast,17,51,0.07352552562952042,0.015735577791929245,0.05402982234954834,0.00752025144174695,0.010157108306884766
four_class_provisional_roi,0010,no_contrast,17,101,0.023247841745615005,0.016068244352936745,0.0050406744703650475,0.004277844447642565,0.0047528743743896484
four_class_provisional_roi,0010,no_contrast,17,151,0.021364472806453705,0.014504947699606419,0.001321581075899303,0.011075885966420174,0.0043784379959106445
four_class_provisional_roi,0010,no_contrast,17,200,0.018529778346419334,0.01631952077150345,0.0007489165873266757,0.0029226806946098804,0.0043833255767822266
four_class_provisional_roi,0010,no_contrast,42,1,3.3617920875549316,1.4883322715759277,0.33775073289871216,3.071418285369873,1.311337947845459
four_class_provisional_roi,0010,no_contrast,42,51,0.0994967594742775,0.012839613482356071,0.07080278545618057,0.031708717346191406,0.01108849048614502
four_class_provisional_roi,0010,no_contrast,42,101,0.030695483088493347,0.020408475771546364,0.007169083692133427,0.006235848180949688,0.004936933517456055
four_class_provisional_roi,0010,no_contrast,42,151,0.019174780696630478,0.013699831441044807,0.001270329812541604,0.008409237489104271,0.004315376281738281
four_class_provisional_roi,0010,no_contrast,42,200,0.01940179243683815,0.01419401541352272,0.0010044350055977702,0.0084066828712821,0.004395484924316406
four_class_provisional_roi,0010,no_contrast,73,1,3.4728317260742188,1.5557217597961426,0.3412104547023773,3.151798963546753,1.4655892848968506
four_class_provisional_roi,0010,no_contrast,73,51,0.08066415041685104,0.016412487253546715,0.0583285428583622,0.011846235021948814,0.010420918464660645
four_class_provisional_roi,0010,no_contrast,73,101,0.024945225566625595,0.015411131083965302,0.005941119976341724,0.007185948081314564,0.004844188690185547
four_class_provisional_roi,0010,no_contrast,73,151,0.02021775022149086,0.014948418363928795,0.0014168743509799242,0.0077049145475029945,0.004415988922119141
four_class_provisional_roi,0010,no_contrast,73,200,0.018945833668112755,0.013736182823777199,0.0009076603455469012,0.008603979833424091,0.004361867904663086
four_class_provisional_roi,0010,no_radar_CE,17,1,1.9963767528533936,1.4584182500839233,0.3363918662071228,3.0451107025146484,1.3742953538894653
four_class_provisional_roi,0010,no_radar_CE,17,51,0.03442271426320076,0.03213798254728317,0.027205482125282288,0.013016966171562672,0.0070874691009521484
four_class_provisional_roi,0010,no_radar_CE,17,101,0.003049436490982771,0.023782115429639816,0.0016006191726773977,0.00201186235062778,0.004428863525390625
four_class_provisional_roi,0010,no_radar_CE,17,151,0.00412294315174222,0.01828322932124138,0.0009375906083732843,0.00549697270616889,0.0043686628341674805
four_class_provisional_roi,0010,no_radar_CE,17,200,0.003991520497947931,0.023731138557195663,0.0014053245540708303,0.004280587192624807,0.004459023475646973
four_class_provisional_roi,0010,no_radar_CE,42,1,2.00459361076355,1.4883322715759277,0.33775073289871216,3.071418285369873,1.311337947845459
four_class_provisional_roi,0010,no_radar_CE,42,51,0.04391487315297127,0.03342305123806,0.03483686223626137,0.016740337014198303,0.007078409194946289
four_class_provisional_roi,0010,no_radar_CE,42,101,0.008072186261415482,0.02907506376504898,0.0030357115902006626,0.009156014770269394,0.004584670066833496
four_class_provisional_roi,0010,no_radar_CE,42,151,0.002367838751524687,0.0185248926281929,0.000820675166323781,0.0022305366583168507,0.004318952560424805
four_class_provisional_roi,0010,no_radar_CE,42,200,0.003955794498324394,0.017083842307329178,0.0012352998601272702,0.0045506395399570465,0.004451751708984375
four_class_provisional_roi,0010,no_radar_CE,73,1,2.063668966293335,1.5557217597961426,0.3412104547023773,3.151798963546753,1.4655892848968506
four_class_provisional_roi,0010,no_radar_CE,73,51,0.03320702537894249,0.022646956145763397,0.028324099257588387,0.008413256146013737,0.006762981414794922
four_class_provisional_roi,0010,no_radar_CE,73,101,0.004807688295841217,0.021473679691553116,0.002228435594588518,0.004254685249179602,0.004519104957580566
four_class_provisional_roi,0010,no_radar_CE,73,151,0.002648463472723961,0.021522726863622665,0.0009074468398466706,0.002594949211925268,0.004435420036315918
four_class_provisional_roi,0010,no_radar_CE,73,200,0.0025432452093809843,0.017726369202136993,0.0007077569607645273,0.002788136014714837,0.004414200782775879
four_class_provisional_roi,0010,shuffled,17,1,3.488823890686035,1.4584182500839233,0.34086161851882935,3.0727407932281494,1.5317353010177612
four_class_provisional_roi,0010,shuffled,17,51,1.7373418807983398,0.6675659418106079,0.19055181741714478,1.7186203002929688,0.19914060831069946
four_class_provisional_roi,0010,shuffled,17,101,1.7029441595077515,0.6521998643875122,0.16436314582824707,1.74177885055542,0.15491682291030884
four_class_provisional_roi,0010,shuffled,17,151,1.701184868812561,0.6442059278488159,0.1698710173368454,1.7440176010131836,0.15099120140075684
four_class_provisional_roi,0010,shuffled,17,200,1.6997932195663452,0.648461103439331,0.16274315118789673,1.747076392173767,0.15050727128982544
four_class_provisional_roi,0010,shuffled,42,1,3.576340913772583,1.4883322715759277,0.3442961275577545,3.182730197906494,1.523473858833313
four_class_provisional_roi,0010,shuffled,42,51,1.7601196765899658,0.574720025062561,0.2078864723443985,1.8973548412322998,0.28835761547088623
four_class_provisional_roi,0010,shuffled,42,101,1.705538034439087,0.6395171284675598,0.1721043884754181,1.7557404041290283,0.16046255826950073
four_class_provisional_roi,0010,shuffled,42,151,1.700344443321228,0.6393904685974121,0.16898232698440552,1.7544447183609009,0.14749270677566528
four_class_provisional_roi,0010,shuffled,42,200,1.6990509033203125,0.6389567852020264,0.16643837094306946,1.756455898284912,0.15427809953689575
four_class_provisional_roi,0010,shuffled,73,1,3.5786547660827637,1.5557217597961426,0.3366122543811798,3.116694450378418,1.2797348499298096
four_class_provisional_roi,0010,shuffled,73,51,1.7478317022323608,0.6510127782821655,0.19727639853954315,1.7538937330245972,0.22595614194869995
four_class_provisional_roi,0010,shuffled,73,101,1.704048991203308,0.6295337080955505,0.17052625119686127,1.7757530212402344,0.1611241102218628
four_class_provisional_roi,0010,shuffled,73,151,1.7013524770736694,0.6324640512466431,0.17053091526031494,1.7662250995635986,0.15244978666305542
four_class_provisional_roi,0010,shuffled,73,200,1.6996783018112183,0.6414563655853271,0.16925637423992157,1.7474491596221924,0.15241050720214844
four_class_provisional_roi,0010,distill_phase,17,1,3.5387730598449707,1.5188524723052979,0.3329475224018097,3.1103436946868896,1.3180123567581177
four_class_provisional_roi,0010,distill_phase,17,51,0.06263073533773422,0.013426086865365505,0.04093952849507332,0.015031492337584496,0.007493734359741211
four_class_provisional_roi,0010,distill_phase,17,101,0.020576637238264084,0.016831766813993454,0.00266444799490273,0.001261221943423152,0.004498124122619629
four_class_provisional_roi,0010,distill_phase,17,151,0.02024444378912449,0.015286780893802643,0.001115704420953989,0.006817719433456659,0.004330992698669434
four_class_provisional_roi,0010,distill_phase,17,200,0.019289573654532433,0.01660028100013733,0.0006615901365876198,0.003181720618158579,0.004368424415588379
four_class_provisional_roi,0010,distill_phase,42,1,3.4925267696380615,1.482102394104004,0.3401173949241638,3.065220355987549,1.3769679069519043
four_class_provisional_roi,0010,distill_phase,42,51,0.07898599654436111,0.01598411612212658,0.05434463918209076,0.015448816120624542,0.009328365325927734
four_class_provisional_roi,0010,distill_phase,42,101,0.022039027884602547,0.015367409214377403,0.004520844202488661,0.0033671632409095764,0.004671931266784668
four_class_provisional_roi,0010,distill_phase,42,151,0.019182449206709862,0.015209045261144638,0.0010718556586652994,0.004926171153783798,0.004384636878967285
four_class_provisional_roi,0010,distill_phase,42,200,0.018506763502955437,0.015482038259506226,0.0006956496508792043,0.0037821547593921423,0.004379987716674805
four_class_provisional_roi,0010,distill_phase,73,1,3.484276533126831,1.4871013164520264,0.33547765016555786,3.06166410446167,1.3086557388305664
four_class_provisional_roi,0010,distill_phase,73,51,0.07285451889038086,0.021071072667837143,0.04904535040259361,0.0037528115790337324,0.008616924285888672
four_class_provisional_roi,0010,distill_phase,73,101,0.02138088271021843,0.01572033390402794,0.002940600737929344,0.004522243514657021,0.0045882463455200195
four_class_provisional_roi,0010,distill_phase,73,151,0.018922701478004456,0.01436459831893444,0.0007230147020891309,0.006796373054385185,0.004369020462036133
four_class_provisional_roi,0010,distill_phase,73,200,0.018984895199537277,0.016569312661886215,0.0005418651271611452,0.0028761113062500954,0.0043566226959228516
four_class_provisional_roi,0010,original_head,17,1,0.3363918662071228,1.4584182500839233,0.3363918662071228,3.0451107025146484,1.3742953538894653
four_class_provisional_roi,0010,original_head,17,51,0.0024710975121706724,0.028416242450475693,0.0024710975121706724,0.007782307453453541,0.004605293273925781
four_class_provisional_roi,0010,original_head,17,101,0.0005764543311670423,0.021537918597459793,0.0005764543311670423,0.001883208635263145,0.004415631294250488
four_class_provisional_roi,0010,original_head,17,151,0.0012669486459344625,0.01664794608950615,0.0012669486459344625,0.011229265481233597,0.004343509674072266
four_class_provisional_roi,0010,original_head,17,200,0.0011318717151880264,0.02338816225528717,0.0011318717151880264,0.0051198555156588554,0.004480481147766113
four_class_provisional_roi,0010,original_head,42,1,0.33775073289871216,1.4883322715759277,0.33775073289871216,3.071418285369873,1.311337947845459
four_class_provisional_roi,0010,original_head,42,51,0.004711301531642675,0.036969512701034546,0.004711301531642675,0.020418796688318253,0.004687190055847168
four_class_provisional_roi,0010,original_head,42,101,0.0010405450593680143,0.025179725140333176,0.0010405450593680143,0.005396552383899689,0.004541516304016113
four_class_provisional_roi,0010,original_head,42,151,0.0008473761263303459,0.020502977073192596,0.0008473761263303459,0.007081255782395601,0.004330873489379883
four_class_provisional_roi,0010,original_head,42,200,0.0013774367980659008,0.01605554111301899,0.0013774367980659008,0.010504608042538166,0.004421114921569824
four_class_provisional_roi,0010,original_head,73,1,0.3412104547023773,1.5557217597961426,0.3412104547023773,3.151798963546753,1.4655892848968506
four_class_provisional_roi,0010,original_head,73,51,0.0031661386601626873,0.023294243961572647,0.0031661386601626873,0.004961693659424782,0.004515290260314941
four_class_provisional_roi,0010,original_head,73,101,0.0017258977750316262,0.018911583349108696,0.0017258977750316262,0.007811307441443205,0.004452943801879883
four_class_provisional_roi,0010,original_head,73,151,0.000530421151779592,0.02155323699116707,0.000530421151779592,0.004743446595966816,0.0044547319412231445
four_class_provisional_roi,0010,original_head,73,200,0.0006542087066918612,0.017068982124328613,0.0006542087066918612,0.006063627079129219,0.004462718963623047
four_class_provisional_roi,0011,supervised,17,1,1.3915706872940063,1.3915706872940063,0.5171943306922913,3.2922203540802,1.3098819255828857
four_class_provisional_roi,0011,supervised,17,51,0.0001946937118191272,0.0001946937118191272,1.8448565006256104,0.9061911106109619,1.5026123523712158
four_class_provisional_roi,0011,supervised,17,101,0.00013391577522270381,0.00013391577522270381,1.8834187984466553,0.9673764109611511,1.505429744720459
four_class_provisional_roi,0011,supervised,17,151,0.00010823443881236017,0.00010823443881236017,1.929582953453064,1.0484168529510498,1.5097248554229736
four_class_provisional_roi,0011,supervised,17,200,0.00010643251880537719,0.00010643251880537719,1.970980167388916,1.067976951599121,1.514417290687561
four_class_provisional_roi,0011,supervised,42,1,1.384558916091919,1.384558916091919,0.5174174308776855,3.2759363651275635,1.3112914562225342
four_class_provisional_roi,0011,supervised,42,51,0.0005658793961629272,0.0005658793961629272,1.8026025295257568,0.698968768119812,1.377905011177063
four_class_provisional_roi,0011,supervised,42,101,0.0002394893963355571,0.0002394893963355571,1.9554874897003174,0.9226395487785339,1.3843680620193481
four_class_provisional_roi,0011,supervised,42,151,0.0001286380284000188,0.0001286380284000188,2.056032657623291,1.0538034439086914,1.37749445438385
four_class_provisional_roi,0011,supervised,42,200,7.857954187784344e-05,7.857954187784344e-05,2.071054458618164,1.0393218994140625,1.3791142702102661
four_class_provisional_roi,0011,supervised,73,1,1.3715810775756836,1.3715810775756836,0.5213828086853027,3.260524034500122,1.5011608600616455
four_class_provisional_roi,0011,supervised,73,51,0.00029819601331837475,0.00029819601331837475,2.0725109577178955,0.8693692684173584,1.6658639907836914
four_class_provisional_roi,0011,supervised,73,101,0.0001934221072588116,0.0001934221072588116,2.215728282928467,1.0020067691802979,1.6628692150115967
four_class_provisional_roi,0011,supervised,73,151,0.00010229406325379387,0.00010229406325379387,2.26940655708313,1.1070705652236938,1.6662960052490234
four_class_provisional_roi,0011,supervised,73,200,0.00010417428711662069,0.00010417428711662069,2.30403470993042,1.12204909324646,1.6656030416488647
four_class_provisional_roi,0011,head_only,17,1,1.4309533834457397,1.4309533834457397,0.5171943306922913,3.3217742443084717,1.3098819255828857
four_class_provisional_roi,0011,head_only,17,51,0.0011311140842735767,0.0011311140842735767,0.6162337064743042,0.4967690408229828,0.040948450565338135
four_class_provisional_roi,0011,head_only,17,101,0.0005887874867767096,0.0005887874867767096,0.6474686861038208,0.5897421836853027,0.033094048500061035
four_class_provisional_roi,0011,head_only,17,151,0.00032573999487794936,0.00032573999487794936,0.7253915667533875,0.7247985601425171,0.03212076425552368
four_class_provisional_roi,0011,head_only,17,200,0.0002829022123478353,0.0002829022123478353,0.7245118618011475,0.7060850262641907,0.029838144779205322
four_class_provisional_roi,0011,head_only,42,1,1.4282774925231934,1.4282774925231934,0.5174174308776855,3.3154494762420654,1.3112914562225342
four_class_provisional_roi,0011,head_only,42,51,0.001294673071242869,0.001294673071242869,0.6226440072059631,0.3785386085510254,0.03904694318771362
four_class_provisional_roi,0011,head_only,42,101,0.0005611547967419028,0.0005611547967419028,0.6963285207748413,0.5438459515571594,0.0353778600692749
four_class_provisional_roi,0011,head_only,42,151,0.00029785322840325534,0.00029785322840325534,0.7654836773872375,0.6630191802978516,0.03279596567153931
four_class_provisional_roi,0011,head_only,42,200,0.00026650744257494807,0.00026650744257494807,0.781967282295227,0.6808781623840332,0.03317052125930786
four_class_provisional_roi,0011,head_only,73,1,1.4541921615600586,1.4541921615600586,0.5213828086853027,3.3496851921081543,1.5011608600616455
four_class_provisional_roi,0011,head_only,73,51,0.0010226324666291475,0.0010226324666291475,0.7050182819366455,0.4423719048500061,0.05608713626861572
four_class_provisional_roi,0011,head_only,73,101,0.0004917241749353707,0.0004917241749353707,0.7952699661254883,0.5921720266342163,0.04940927028656006
four_class_provisional_roi,0011,head_only,73,151,0.00030265108216553926,0.00030265108216553926,0.8339060544967651,0.6835428476333618,0.04658854007720947
four_class_provisional_roi,0011,head_only,73,200,0.00023499845701735467,0.00023499845701735467,0.8761070966720581,0.7442182898521423,0.04541015625
four_class_provisional_roi,0011,distill,17,1,3.740023136138916,1.4309533834457397,0.5171943306922913,3.3217742443084717,1.3098819255828857
four_class_provisional_roi,0011,distill,17,51,0.06723202764987946,0.013887526467442513,0.05104726552963257,0.0030266279354691505,0.007839202880859375
four_class_provisional_roi,0011,distill,17,101,0.01678183488547802,0.011529834941029549,0.0031128358095884323,0.0032094004563987255,0.0053446292877197266
four_class_provisional_roi,0011,distill,17,151,0.015197363682091236,0.009424319490790367,0.0020083943381905556,0.006481545511633158,0.005238771438598633
four_class_provisional_roi,0011,distill,17,200,0.018216846510767937,0.01280984841287136,0.002433347748592496,0.004887672141194344,0.005298137664794922
four_class_provisional_roi,0011,distill,42,1,3.734549045562744,1.4282774925231934,0.5174174308776855,3.3154494762420654,1.3112914562225342
four_class_provisional_roi,0011,distill,42,51,0.07224834710359573,0.014855185523629189,0.051031071692705154,0.011284486390650272,0.007198452949523926
four_class_provisional_roi,0011,distill,42,101,0.017860811203718185,0.011345976032316685,0.0034205897245556116,0.00514960428699851,0.005194425582885742
four_class_provisional_roi,0011,distill,42,151,0.01476036012172699,0.009472213685512543,0.0008990899077616632,0.007700411602854729,0.005388498306274414
four_class_provisional_roi,0011,distill,42,200,0.015164599753916264,0.010962514206767082,0.0019825012423098087,0.0033984712790697813,0.0052034854888916016
four_class_provisional_roi,0011,distill,73,1,3.8005337715148926,1.4541921615600586,0.5213828086853027,3.3496851921081543,1.5011608600616455
four_class_provisional_roi,0011,distill,73,51,0.06582113355398178,0.012509082444012165,0.04929538071155548,0.006500992923974991,0.007661700248718262
four_class_provisional_roi,0011,distill,73,101,0.019069792702794075,0.009872961789369583,0.0028363470919430256,0.011618351563811302,0.0055130720138549805
four_class_provisional_roi,0011,distill,73,151,0.01446748711168766,0.00959345605224371,0.0011378495255485177,0.006416454911231995,0.005279541015625
four_class_provisional_roi,0011,distill,73,200,0.014466901309788227,0.009486212395131588,0.0012090257368981838,0.006482863798737526,0.005302309989929199
four_class_provisional_roi,0011,no_contrast,17,1,3.609035015106201,1.4309533834457397,0.5171943306922913,3.3217742443084717,1.3098819255828857
four_class_provisional_roi,0011,no_contrast,17,51,0.06600697338581085,0.01350483950227499,0.05097489804029465,0.003054472617805004,0.007906198501586914
four_class_provisional_roi,0011,no_contrast,17,101,0.016228223219513893,0.011631662957370281,0.0030655439477413893,0.0030620330944657326,0.005353808403015137
four_class_provisional_roi,0011,no_contrast,17,151,0.014591360464692116,0.009522699750959873,0.001974910730496049,0.006187500897794962,0.005241751670837402
four_class_provisional_roi,0011,no_contrast,17,200,0.01749587245285511,0.012734171003103256,0.0023695703130215406,0.004784262273460627,0.005314946174621582
four_class_provisional_roi,0011,no_contrast,42,1,3.603419780731201,1.4282774925231934,0.5174174308776855,3.3154494762420654,1.3112914562225342
four_class_provisional_roi,0011,no_contrast,42,51,0.07223165780305862,0.013864320702850819,0.0522964671254158,0.012141743674874306,0.0073479413986206055
four_class_provisional_roi,0011,no_contrast,42,101,0.017559077590703964,0.011473406106233597,0.0033252276480197906,0.005520886275917292,0.0052155256271362305
four_class_provisional_roi,0011,no_contrast,42,151,0.014267101883888245,0.009500515647232533,0.0009110730607062578,0.007711027283221483,0.005408287048339844
four_class_provisional_roi,0011,no_contrast,42,200,0.014748277142643929,0.011049775406718254,0.0019996888004243374,0.003397625172510743,0.005228519439697266
four_class_provisional_roi,0011,no_contrast,73,1,3.6504175662994385,1.4541921615600586,0.5213828086853027,3.3496851921081543,1.5011608600616455
four_class_provisional_roi,0011,no_contrast,73,51,0.06495730578899384,0.011490970849990845,0.04948753863573074,0.007957583293318748,0.0076209306716918945
four_class_provisional_roi,0011,no_contrast,73,101,0.018406592309474945,0.009757098741829395,0.002728893421590328,0.011841202154755592,0.005508780479431152
four_class_provisional_roi,0011,no_contrast,73,151,0.013922296464443207,0.009618965908885002,0.0011671328684315085,0.006272396072745323,0.005283236503601074
four_class_provisional_roi,0011,no_contrast,73,200,0.014010084792971611,0.00926978513598442,0.0011373059824109077,0.007205987349152565,0.0053310394287109375
four_class_provisional_roi,0011,no_radar_CE,17,1,2.3090696334838867,1.4309533834457397,0.5171943306922913,3.3217742443084717,1.3098819255828857
four_class_provisional_roi,0011,no_radar_CE,17,51,0.028740523383021355,0.020530449226498604,0.027324695140123367,0.0015738095389679074,0.006289243698120117
four_class_provisional_roi,0011,no_radar_CE,17,101,0.00496929045766592,0.01635676436126232,0.002930005779489875,0.0030016088858246803,0.00538480281829834
four_class_provisional_roi,0011,no_radar_CE,17,151,0.004602374043315649,0.01103859581053257,0.0024806333240121603,0.0031882887706160545,0.0052759647369384766
four_class_provisional_roi,0011,no_radar_CE,17,200,0.0082191601395607,0.01577635481953621,0.003747165435925126,0.007870771922171116,0.005366086959838867
four_class_provisional_roi,0011,no_radar_CE,42,1,2.306271553039551,1.4282774925231934,0.5174174308776855,3.3154494762420654,1.3112914562225342
four_class_provisional_roi,0011,no_radar_CE,42,51,0.040660783648490906,0.02355143241584301,0.02924323081970215,0.021616239100694656,0.00609433650970459
four_class_provisional_roi,0011,no_radar_CE,42,101,0.0058524818159639835,0.013386063277721405,0.002979360520839691,0.004723927937448025,0.005111575126647949
four_class_provisional_roi,0011,no_radar_CE,42,151,0.004301573149859905,0.01085534319281578,0.0009194682934321463,0.005673397332429886,0.005454063415527344
four_class_provisional_roi,0011,no_radar_CE,42,200,0.003843284212052822,0.012578312307596207,0.0026488977018743753,0.001345167402178049,0.005218029022216797
four_class_provisional_roi,0011,no_radar_CE,73,1,2.346341609954834,1.4541921615600586,0.5213828086853027,3.3496851921081543,1.5011608600616455
four_class_provisional_roi,0011,no_radar_CE,73,51,0.030438510701060295,0.010627102106809616,0.02477559819817543,0.00997925829142332,0.006732821464538574
four_class_provisional_roi,0011,no_radar_CE,73,101,0.008806318044662476,0.013549502938985825,0.0025464841164648533,0.011419771239161491,0.005499482154846191
four_class_provisional_roi,0011,no_radar_CE,73,151,0.003716890001669526,0.01133393868803978,0.0013391964603215456,0.0036963792517781258,0.0052950382232666016
four_class_provisional_roi,0011,no_radar_CE,73,200,0.003249275730922818,0.011305914260447025,0.0015690901782363653,0.0022992175072431564,0.005305767059326172
four_class_provisional_roi,0011,shuffled,17,1,3.774592876434326,1.4309533834457397,0.5216350555419922,3.35036563873291,1.468214988708496
four_class_provisional_roi,0011,shuffled,17,51,2.0112266540527344,0.7603349685668945,0.31937217712402344,1.7977391481399536,0.3264996409416199
four_class_provisional_roi,0011,shuffled,17,101,1.97379732131958,0.7549619078636169,0.2953513264656067,1.7955470085144043,0.2571062445640564
four_class_provisional_roi,0011,shuffled,17,151,1.9720187187194824,0.7480180263519287,0.2988688349723816,1.7991955280303955,0.25534170866012573
four_class_provisional_roi,0011,shuffled,17,200,1.9731463193893433,0.7229819297790527,0.29683244228363037,1.8537025451660156,0.2648070454597473
four_class_provisional_roi,0011,shuffled,42,1,3.785979747772217,1.4282774925231934,0.5243635177612305,3.365729331970215,1.504739761352539
four_class_provisional_roi,0011,shuffled,42,51,2.0142149925231934,0.6897737979888916,0.3278738856315613,1.9189956188201904,0.37069523334503174
four_class_provisional_roi,0011,shuffled,42,101,1.9733586311340332,0.7323686480522156,0.3002229332923889,1.828495740890503,0.2651910185813904
four_class_provisional_roi,0011,shuffled,42,151,1.9715211391448975,0.7156273126602173,0.30468207597732544,1.8461661338806152,0.2812878489494324
four_class_provisional_roi,0011,shuffled,42,200,1.970595359802246,0.7295386791229248,0.2983633875846863,1.8328298330307007,0.2627842426300049
four_class_provisional_roi,0011,shuffled,73,1,3.71211838722229,1.4541921615600586,0.5109003782272339,3.2625350952148438,1.157580852508545
four_class_provisional_roi,0011,shuffled,73,51,2.002370595932007,0.7882585525512695,0.31028300523757935,1.7517738342285156,0.27942144870758057
four_class_provisional_roi,0011,shuffled,73,101,1.9722752571105957,0.7230561971664429,0.30244556069374084,1.838991641998291,0.2727769613265991
four_class_provisional_roi,0011,shuffled,73,151,1.9712820053100586,0.7303402423858643,0.3002113997936249,1.8283625841140747,0.2654910087585449
four_class_provisional_roi,0011,shuffled,73,200,1.9700922966003418,0.7366478443145752,0.2991721034049988,1.8166457414627075,0.25949424505233765
four_class_provisional_roi,0011,distill_phase,17,1,3.7406301498413086,1.4339659214019775,0.5130256414413452,3.3293704986572266,1.289533257484436
four_class_provisional_roi,0011,distill_phase,17,51,0.05419842526316643,0.009782357141375542,0.03761744126677513,0.012247111648321152,0.006750702857971191
four_class_provisional_roi,0011,distill_phase,17,101,0.015122886747121811,0.010899946093559265,0.0024087554775178432,0.002562876557931304,0.005327463150024414
four_class_provisional_roi,0011,distill_phase,17,151,0.014654675498604774,0.010528347454965115,0.0018217354081571102,0.0035508451983332634,0.00529170036315918
four_class_provisional_roi,0011,distill_phase,17,200,0.0163266658782959,0.01149564515799284,0.001895399298518896,0.004818744491785765,0.005262494087219238
four_class_provisional_roi,0011,distill_phase,42,1,3.728198289871216,1.421741008758545,0.5173459649085999,3.308561325073242,1.3483079671859741
four_class_provisional_roi,0011,distill_phase,42,51,0.056242696940898895,0.010129530914127827,0.041343167424201965,0.008195986039936543,0.006720066070556641
four_class_provisional_roi,0011,distill_phase,42,101,0.015412764623761177,0.01000790111720562,0.0021179337054491043,0.005502097774296999,0.0053588151931762695
four_class_provisional_roi,0011,distill_phase,42,151,0.015355711802840233,0.010571612045168877,0.0011723709758371115,0.0061287591233849525,0.005473494529724121
four_class_provisional_roi,0011,distill_phase,42,200,0.014599239453673363,0.010280948132276535,0.001963378395885229,0.003677663393318653,0.005160808563232422
four_class_provisional_roi,0011,distill_phase,73,1,3.7121009826660156,1.421722650527954,0.5120474100112915,3.3046176433563232,1.2602219581604004
four_class_provisional_roi,0011,distill_phase,73,51,0.055551815778017044,0.010650452226400375,0.04005565494298935,0.008318956941366196,0.006862282752990723
four_class_provisional_roi,0011,distill_phase,73,101,0.016620192676782608,0.010028935968875885,0.0025357180275022984,0.007036286406219006,0.005373954772949219
four_class_provisional_roi,0011,distill_phase,73,151,0.014148438349366188,0.00996275432407856,0.0012483415193855762,0.004815843887627125,0.005294203758239746
four_class_provisional_roi,0011,distill_phase,73,200,0.015133442357182503,0.011018726974725723,0.0018140239408239722,0.0035506482236087322,0.0052536725997924805
four_class_provisional_roi,0011,original_head,17,1,0.5171943306922913,1.4309533834457397,0.5171943306922913,3.3217742443084717,1.3098819255828857
four_class_provisional_roi,0011,original_head,17,51,0.00418470986187458,0.016501102596521378,0.00418470986187458,0.009151272475719452,0.005418181419372559
four_class_provisional_roi,0011,original_head,17,101,0.0010941802756860852,0.014058198779821396,0.0010941802756860852,0.007125807926058769,0.005348086357116699
four_class_provisional_roi,0011,original_head,17,151,0.0007625485304743052,0.009646383114159107,0.0007625485304743052,0.015955667942762375,0.00555419921875
four_class_provisional_roi,0011,original_head,17,200,0.0017769108526408672,0.012704550288617611,0.0017769108526408672,0.009543966501951218,0.0054122209548950195
four_class_provisional_roi,0011,original_head,42,1,0.5174174308776855,1.4282774925231934,0.5174174308776855,3.3154494762420654,1.3112914562225342
four_class_provisional_roi,0011,original_head,42,51,0.004252060316503048,0.022387677803635597,0.004252060316503048,0.013530023396015167,0.005303025245666504
four_class_provisional_roi,0011,original_head,42,101,0.0005008209263905883,0.01077326387166977,0.0005008209263905883,0.010462485253810883,0.005460500717163086
four_class_provisional_roi,0011,original_head,42,151,0.0006312803598120809,0.009428072720766068,0.0006312803598120809,0.018590476363897324,0.005594849586486816
four_class_provisional_roi,0011,original_head,42,200,0.0005211109528318048,0.009423863142728806,0.0005211109528318048,0.012633467093110085,0.005500674247741699
four_class_provisional_roi,0011,original_head,73,1,0.5213828086853027,1.4541921615600586,0.5213828086853027,3.3496851921081543,1.5011608600616455
four_class_provisional_roi,0011,original_head,73,51,0.004037677776068449,0.009162950329482555,0.004037677776068449,0.017430808395147324,0.00588536262512207
four_class_provisional_roi,0011,original_head,73,101,0.0007548999274149537,0.009989537298679352,0.0007548999274149537,0.01244042906910181,0.0055010318756103516
four_class_provisional_roi,0011,original_head,73,151,0.0005311612039804459,0.009573233313858509,0.0005311612039804459,0.015709325671195984,0.005452871322631836
four_class_provisional_roi,0011,original_head,73,200,0.0006248640711419284,0.009101593866944313,0.0006248640711419284,0.012568539008498192,0.005389094352722168
four_class_provisional_roi,0100,supervised,17,1,1.410723090171814,1.410723090171814,0.29622113704681396,2.979387044906616,1.474042296409607
four_class_provisional_roi,0100,supervised,17,51,0.0002399663790129125,0.0002399663790129125,1.6327484846115112,1.1795167922973633,1.6683474779129028
four_class_provisional_roi,0100,supervised,17,101,0.000200978756765835,0.000200978756765835,1.708698034286499,1.2825164794921875,1.6749322414398193
four_class_provisional_roi,0100,supervised,17,151,0.00010868689423659816,0.00010868689423659816,1.7532241344451904,1.4104201793670654,1.6728134155273438
four_class_provisional_roi,0100,supervised,17,200,0.00012434854579623789,0.00012434854579623789,1.8044593334197998,1.4499077796936035,1.6672463417053223
four_class_provisional_roi,0100,supervised,42,1,1.3773694038391113,1.3773694038391113,0.29219281673431396,2.9305238723754883,1.3689846992492676
four_class_provisional_roi,0100,supervised,42,51,0.00023197903647087514,0.00023197903647087514,1.618725299835205,1.0737663507461548,1.6212146282196045
four_class_provisional_roi,0100,supervised,42,101,0.00025328347692266107,0.00025328347692266107,1.7221879959106445,1.2272120714187622,1.6260924339294434
four_class_provisional_roi,0100,supervised,42,151,9.753125777933747e-05,9.753125777933747e-05,1.883713722229004,1.5052640438079834,1.6203668117523193
four_class_provisional_roi,0100,supervised,42,200,0.00012310699094086885,0.00012310699094086885,1.8465908765792847,1.3884015083312988,1.6152808666229248
four_class_provisional_roi,0100,supervised,73,1,1.3595731258392334,1.3595731258392334,0.30035144090652466,2.908254623413086,1.5798888206481934
four_class_provisional_roi,0100,supervised,73,51,0.0006030614604242146,0.0006030614604242146,1.7505991458892822,0.9957323670387268,1.7061352729797363
four_class_provisional_roi,0100,supervised,73,101,0.000159096613060683,0.000159096613060683,1.8957864046096802,1.2397103309631348,1.702355146408081
four_class_provisional_roi,0100,supervised,73,151,0.00012142508785473183,0.00012142508785473183,1.9233226776123047,1.2822530269622803,1.7099997997283936
four_class_provisional_roi,0100,supervised,73,200,8.610110671725124e-05,8.610110671725124e-05,2.0436296463012695,1.444270372390747,1.7121784687042236
four_class_provisional_roi,0100,head_only,17,1,1.458178997039795,1.458178997039795,0.29622113704681396,3.0047154426574707,1.474042296409607
four_class_provisional_roi,0100,head_only,17,51,0.0006126061780378222,0.0006126061780378222,0.5041890144348145,0.7174651026725769,0.05001950263977051
four_class_provisional_roi,0100,head_only,17,101,0.00037209861329756677,0.00037209861329756677,0.5407376289367676,0.8520231246948242,0.048248231410980225
four_class_provisional_roi,0100,head_only,17,151,0.0002592921955510974,0.0002592921955510974,0.5925881862640381,1.0015439987182617,0.046595871448516846
four_class_provisional_roi,0100,head_only,17,200,0.00024168496020138264,0.00024168496020138264,0.602888822555542,1.0215059518814087,0.04548364877700806
four_class_provisional_roi,0100,head_only,42,1,1.4896124601364136,1.4896124601364136,0.29219281673431396,3.0301947593688965,1.3689846992492676
four_class_provisional_roi,0100,head_only,42,51,0.0004507358535192907,0.0004507358535192907,0.5914528369903564,0.8137024641036987,0.06298500299453735
four_class_provisional_roi,0100,head_only,42,101,0.00048249834799207747,0.00048249834799207747,0.6124124526977539,0.8419733047485352,0.0593031644821167
four_class_provisional_roi,0100,head_only,42,151,0.00022758959676139057,0.00022758959676139057,0.7046067714691162,1.1178953647613525,0.056227922439575195
four_class_provisional_roi,0100,head_only,42,200,0.00022547623666469008,0.00022547623666469008,0.695479154586792,1.1047850847244263,0.05470871925354004
four_class_provisional_roi,0100,head_only,73,1,1.5671675205230713,1.5671675205230713,0.30035144090652466,3.1226396560668945,1.5798888206481934
four_class_provisional_roi,0100,head_only,73,51,0.0012537891743704677,0.0012537891743704677,0.5122919082641602,0.6281026601791382,0.054981768131256104
four_class_provisional_roi,0100,head_only,73,101,0.00034024700289592147,0.00034024700289592147,0.5990647077560425,0.894977331161499,0.05176663398742676
four_class_provisional_roi,0100,head_only,73,151,0.00023318927560467273,0.00023318927560467273,0.6223812103271484,0.9764819145202637,0.05012691020965576
four_class_provisional_roi,0100,head_only,73,200,0.00022794032702222466,0.00022794032702222466,0.6496590375900269,1.0423917770385742,0.04895305633544922
four_class_provisional_roi,0100,distill,17,1,3.4041619300842285,1.458178997039795,0.29622113704681396,3.0047154426574707,1.474042296409607
four_class_provisional_roi,0100,distill,17,51,0.06406591832637787,0.01988093927502632,0.041141360998153687,0.0035459334030747414,0.012706518173217773
four_class_provisional_roi,0100,distill,17,101,0.02410247176885605,0.01583276316523552,0.004313816782087088,0.0065410444512963295,0.006853699684143066
four_class_provisional_roi,0100,distill,17,151,0.021964505314826965,0.015595387667417526,0.0012957161525264382,0.008809514343738556,0.00668644905090332
four_class_provisional_roi,0100,distill,17,200,0.020540015771985054,0.016848009079694748,0.0010096437763422728,0.004007360897958279,0.006786823272705078
four_class_provisional_roi,0100,distill,42,1,3.4338011741638184,1.4896124601364136,0.29219281673431396,3.0301947593688965,1.3689846992492676
four_class_provisional_roi,0100,distill,42,51,0.07532045990228653,0.01338791660964489,0.05014617741107941,0.021095674484968185,0.012385249137878418
four_class_provisional_roi,0100,distill,42,101,0.028549818322062492,0.020834188908338547,0.00573234586045146,0.0025331228971481323,0.007167220115661621
four_class_provisional_roi,0100,distill,42,151,0.021151946857571602,0.014723286032676697,0.0013786547351628542,0.00880010612308979,0.006499528884887695
four_class_provisional_roi,0100,distill,42,200,0.0207021813839674,0.01737620308995247,0.0010944122914224863,0.003136333078145981,0.0066339969635009766
four_class_provisional_roi,0100,distill,73,1,3.586827516555786,1.5671675205230713,0.30035144090652466,3.1226396560668945,1.5798888206481934
four_class_provisional_roi,0100,distill,73,51,0.07902255654335022,0.025411102920770645,0.04949264973402023,0.00548666063696146,0.013754725456237793
four_class_provisional_roi,0100,distill,73,101,0.026996007189154625,0.01479564979672432,0.006924832705408335,0.009017683565616608,0.007666826248168945
four_class_provisional_roi,0100,distill,73,151,0.021566754207015038,0.014858406037092209,0.0013613372575491667,0.009327217936515808,0.0068340301513671875
four_class_provisional_roi,0100,distill,73,200,0.02071366086602211,0.015873007476329803,0.0009261970990337431,0.006450542714446783,0.006891846656799316
four_class_provisional_roi,0100,no_contrast,17,1,3.2567577362060547,1.458178997039795,0.29622113704681396,3.0047154426574707,1.474042296409607
four_class_provisional_roi,0100,no_contrast,17,51,0.06309300661087036,0.019404634833335876,0.04197423905134201,0.0034282756969332695,0.013449668884277344
four_class_provisional_roi,0100,no_contrast,17,101,0.0230230912566185,0.015964003279805183,0.004154129885137081,0.0058099147863686085,0.006919264793395996
four_class_provisional_roi,0100,no_contrast,17,151,0.02141621708869934,0.015513158403337002,0.0012882379814982414,0.009229639545083046,0.0067708492279052734
four_class_provisional_roi,0100,no_contrast,17,200,0.019605673849582672,0.016743198037147522,0.0009665478719398379,0.0037918556481599808,0.0068471431732177734
four_class_provisional_roi,0100,no_contrast,42,1,3.296902656555176,1.4896124601364136,0.29219281673431396,3.0301947593688965,1.3689846992492676
four_class_provisional_roi,0100,no_contrast,42,51,0.07857135683298111,0.012376989237964153,0.05317475646734238,0.026039229705929756,0.013307452201843262
four_class_provisional_roi,0100,no_contrast,42,101,0.027866292744874954,0.020894721150398254,0.005717136897146702,0.0025088691618293524,0.0072345733642578125
four_class_provisional_roi,0100,no_contrast,42,151,0.020359504967927933,0.014795288443565369,0.0013113978784531355,0.00850563682615757,0.006525993347167969
four_class_provisional_roi,0100,no_contrast,42,200,0.020103350281715393,0.017287978902459145,0.0011071290355175734,0.0034164851531386375,0.006675124168395996
four_class_provisional_roi,0100,no_contrast,73,1,3.4288387298583984,1.5671675205230713,0.30035144090652466,3.1226396560668945,1.5798888206481934
four_class_provisional_roi,0100,no_contrast,73,51,0.07797384262084961,0.023954972624778748,0.05089929699897766,0.006239143665879965,0.014911115169525146
four_class_provisional_roi,0100,no_contrast,73,101,0.02645065262913704,0.014958317391574383,0.00700351782143116,0.008977635763585567,0.007867097854614258
four_class_provisional_roi,0100,no_contrast,73,151,0.020741969347000122,0.014890186488628387,0.001331237144768238,0.009041090495884418,0.006907224655151367
four_class_provisional_roi,0100,no_contrast,73,200,0.019972044974565506,0.015998203307390213,0.0009370697080157697,0.006073543801903725,0.006961464881896973
four_class_provisional_roi,0100,no_radar_CE,17,1,1.9459830522537231,1.458178997039795,0.29622113704681396,3.0047154426574707,1.474042296409607
four_class_provisional_roi,0100,no_radar_CE,17,51,0.030292589217424393,0.025952190160751343,0.022816043347120285,0.012895086780190468,0.010290026664733887
four_class_provisional_roi,0100,no_radar_CE,17,101,0.0033785433042794466,0.019867803901433945,0.0013421345502138138,0.0027463757432997227,0.006632208824157715
four_class_provisional_roi,0100,no_radar_CE,17,151,0.004289512988179922,0.019346121698617935,0.0012027325574308634,0.004797433037310839,0.006880640983581543
four_class_provisional_roi,0100,no_radar_CE,17,200,0.0038514253683388233,0.025332171469926834,0.0015526063507422805,0.003193233162164688,0.0070220232009887695
four_class_provisional_roi,0100,no_radar_CE,42,1,1.9441887140274048,1.4896124601364136,0.29219281673431396,3.0301947593688965,1.3689846992492676
four_class_provisional_roi,0100,no_radar_CE,42,51,0.037303581833839417,0.013510175049304962,0.027276402339339256,0.01825837418437004,0.0089799165725708
four_class_provisional_roi,0100,no_radar_CE,42,101,0.006192485336214304,0.02907414361834526,0.0024365775752812624,0.006140122190117836,0.006858468055725098
four_class_provisional_roi,0100,no_radar_CE,42,151,0.0023291711695492268,0.0211525559425354,0.000821172259747982,0.0016938712215051055,0.0066106319427490234
four_class_provisional_roi,0100,no_radar_CE,42,200,0.0036940521094948053,0.021817317232489586,0.0013940134085714817,0.003230839502066374,0.006846189498901367
four_class_provisional_roi,0100,no_radar_CE,73,1,2.019659996032715,1.5671675205230713,0.30035144090652466,3.1226396560668945,1.5798888206481934
four_class_provisional_roi,0100,no_radar_CE,73,51,0.03193439170718193,0.024346351623535156,0.027061540633440018,0.007842523977160454,0.009515881538391113
four_class_provisional_roi,0100,no_radar_CE,73,101,0.0046012368984520435,0.019115637987852097,0.0023343092761933804,0.0030539431609213352,0.007399559020996094
four_class_provisional_roi,0100,no_radar_CE,73,151,0.0030238679610192776,0.021222000941634178,0.0009060883894562721,0.002804952207952738,0.007153034210205078
four_class_provisional_roi,0100,no_radar_CE,73,200,0.0020924927666783333,0.02092243731021881,0.0008226149948313832,0.0011076941154897213,0.007160305976867676
four_class_provisional_roi,0100,shuffled,17,1,3.4006214141845703,1.458178997039795,0.29477280378341675,3.0025832653045654,1.463781476020813
four_class_provisional_roi,0100,shuffled,17,51,1.7384713888168335,0.6534566879272461,0.19664780795574188,1.7425702810287476,0.1708170771598816
four_class_provisional_roi,0100,shuffled,17,101,1.710273027420044,0.6473388671875,0.17523767054080963,1.7504723072052002,0.1246035099029541
four_class_provisional_roi,0100,shuffled,17,151,1.7081882953643799,0.6391531229019165,0.1772807240486145,1.7598551511764526,0.11826819181442261
four_class_provisional_roi,0100,shuffled,17,200,1.7087701559066772,0.6453214287757874,0.1731131672859192,1.7570557594299316,0.11807811260223389
four_class_provisional_roi,0100,shuffled,42,1,3.515474796295166,1.4896124601364136,0.2981072664260864,3.15215802192688,1.5167618989944458
four_class_provisional_roi,0100,shuffled,42,51,1.7448590993881226,0.6152095198631287,0.20264872908592224,1.8142974376678467,0.19852012395858765
four_class_provisional_roi,0100,shuffled,42,101,1.711965560913086,0.6343621015548706,0.17759443819522858,1.7750537395477295,0.1248212456703186
four_class_provisional_roi,0100,shuffled,42,151,1.7089778184890747,0.6206475496292114,0.17912501096725464,1.7936065196990967,0.12402099370956421
four_class_provisional_roi,0100,shuffled,42,200,1.7073842287063599,0.6428835988044739,0.17450055480003357,1.7556577920913696,0.1217118501663208
four_class_provisional_roi,0100,shuffled,73,1,3.5615477561950684,1.5671675205230713,0.2951069176197052,3.1198599338531494,1.393432855606079
four_class_provisional_roi,0100,shuffled,73,51,1.748558521270752,0.6556745171546936,0.20004874467849731,1.7476844787597656,0.18993157148361206
four_class_provisional_roi,0100,shuffled,73,101,1.7116628885269165,0.6303337812423706,0.1794467717409134,1.7778300046920776,0.12967395782470703
four_class_provisional_roi,0100,shuffled,73,151,1.70986008644104,0.6478934288024902,0.17706909775733948,1.745822787284851,0.1198614239692688
four_class_provisional_roi,0100,shuffled,73,200,1.7071560621261597,0.6462020874023438,0.17622649669647217,1.7456409931182861,0.11906927824020386
four_class_provisional_roi,0100,distill_phase,17,1,3.448943614959717,1.5016884803771973,0.28944891691207886,3.0410983562469482,1.3725701570510864
four_class_provisional_roi,0100,distill_phase,17,51,0.056658487766981125,0.014422510750591755,0.035355519503355026,0.011678827926516533,0.010410428047180176
four_class_provisional_roi,0100,distill_phase,17,101,0.023327253758907318,0.019009457901120186,0.003225913504138589,0.0008593022357672453,0.006622314453125
four_class_provisional_roi,0100,distill_phase,17,151,0.021116431802511215,0.016546525061130524,0.0010661871638149023,0.005624850280582905,0.006912946701049805
four_class_provisional_roi,0100,distill_phase,17,200,0.019170818850398064,0.01654798910021782,0.0006295465864241123,0.0026370463892817497,0.006747603416442871
four_class_provisional_roi,0100,distill_phase,42,1,3.491278886795044,1.5107293128967285,0.29766958951950073,3.072218894958496,1.4677050113677979
four_class_provisional_roi,0100,distill_phase,42,51,0.07046911120414734,0.012883776798844337,0.04589776322245598,0.021016540005803108,0.011793017387390137
four_class_provisional_roi,0100,distill_phase,42,101,0.022920068353414536,0.015766017138957977,0.004489601589739323,0.0038921902887523174,0.007183551788330078
four_class_provisional_roi,0100,distill_phase,42,151,0.01987214758992195,0.016338542103767395,0.0010744199389591813,0.003605660516768694,0.006563544273376465
four_class_provisional_roi,0100,distill_phase,42,200,0.01988535374403,0.017447862774133682,0.0008464999264106154,0.0018402329878881574,0.006708741188049316
four_class_provisional_roi,0100,distill_phase,73,1,3.4810101985931396,1.5145440101623535,0.294308602809906,3.0604610443115234,1.4192705154418945
four_class_provisional_roi,0100,distill_phase,73,51,0.06777887046337128,0.018554922193288803,0.04502502828836441,0.006121767684817314,0.011380314826965332
four_class_provisional_roi,0100,distill_phase,73,101,0.023729726672172546,0.016240015625953674,0.004049078095704317,0.00548951979726553,0.006958723068237305
four_class_provisional_roi,0100,distill_phase,73,151,0.01953335665166378,0.015221171081066132,0.0008216617861762643,0.005611167289316654,0.006849408149719238
four_class_provisional_roi,0100,distill_phase,73,200,0.0204654261469841,0.017150945961475372,0.0008244438795372844,0.0036228273529559374,0.006786227226257324
four_class_provisional_roi,0100,original_head,17,1,0.29622113704681396,1.458178997039795,0.29622113704681396,3.0047154426574707,1.474042296409607
four_class_provisional_roi,0100,original_head,17,51,0.0025634337216615677,0.03216706961393356,0.0025634337216615677,0.010374445468187332,0.007417559623718262
four_class_provisional_roi,0100,original_head,17,101,0.000781730399467051,0.019266095012426376,0.000781730399467051,0.006130051799118519,0.006510615348815918
four_class_provisional_roi,0100,original_head,17,151,0.0009376631933264434,0.01568322256207466,0.0009376631933264434,0.009990373626351357,0.006783246994018555
four_class_provisional_roi,0100,original_head,17,200,0.0008958768448792398,0.0234740749001503,0.0008958768448792398,0.00427338108420372,0.006734251976013184
four_class_provisional_roi,0100,original_head,42,1,0.29219281673431396,1.4896124601364136,0.29219281673431396,3.0301947593688965,1.3689846992492676
four_class_provisional_roi,0100,original_head,42,51,0.0034305064473301172,0.014647116884589195,0.0034305064473301172,0.018046926707029343,0.006670475006103516
four_class_provisional_roi,0100,original_head,42,101,0.0012100861640647054,0.029643874615430832,0.0012100861640647054,0.008489007130265236,0.006509065628051758
four_class_provisional_roi,0100,original_head,42,151,0.0005137043190188706,0.023231331259012222,0.0005137043190188706,0.005134870298206806,0.006662726402282715
four_class_provisional_roi,0100,original_head,42,200,0.0008963372674770653,0.018518347293138504,0.0008963372674770653,0.006798919290304184,0.00670015811920166
four_class_provisional_roi,0100,original_head,73,1,0.30035144090652466,1.5671675205230713,0.30035144090652466,3.1226396560668945,1.5798888206481934
four_class_provisional_roi,0100,original_head,73,51,0.0021440645214170218,0.024921203032135963,0.0021440645214170218,0.007077974267303944,0.0066375732421875
four_class_provisional_roi,0100,original_head,73,101,0.0010312593076378107,0.017451317980885506,0.0010312593076378107,0.0047292765229940414,0.006856560707092285
four_class_provisional_roi,0100,original_head,73,151,0.0005908437306061387,0.02224276028573513,0.0005908437306061387,0.007541449274867773,0.006772279739379883
four_class_provisional_roi,0100,original_head,73,200,0.0004963979008607566,0.01845981366932392,0.0004963979008607566,0.00453610997647047,0.006871700286865234
four_class_provisional_roi,0101,supervised,17,1,1.4010082483291626,1.4010082483291626,0.45480120182037354,3.209437847137451,1.4204953908920288
four_class_provisional_roi,0101,supervised,17,51,0.00017573892546352,0.00017573892546352,1.8183555603027344,1.0068435668945312,1.6205949783325195
four_class_provisional_roi,0101,supervised,17,101,0.00011523691500769928,0.00011523691500769928,1.8833904266357422,1.1014580726623535,1.6204525232315063
four_class_provisional_roi,0101,supervised,17,151,9.092534310184419e-05,9.092534310184419e-05,1.9280109405517578,1.1842503547668457,1.6217362880706787
four_class_provisional_roi,0101,supervised,17,200,0.0001206618471769616,0.0001206618471769616,1.9511808156967163,1.1744319200515747,1.6176953315734863
four_class_provisional_roi,0101,supervised,42,1,1.3861653804779053,1.3861653804779053,0.44651395082473755,3.186223030090332,1.3156365156173706
four_class_provisional_roi,0101,supervised,42,51,0.0002843026304617524,0.0002843026304617524,1.763523817062378,0.889641284942627,1.408907175064087
four_class_provisional_roi,0101,supervised,42,101,0.0003336584195494652,0.0003336584195494652,1.8570270538330078,1.002341866493225,1.413808822631836
four_class_provisional_roi,0101,supervised,42,151,0.0001195132645079866,0.0001195132645079866,1.9727312326431274,1.170430064201355,1.4003105163574219
four_class_provisional_roi,0101,supervised,42,200,9.563233470544219e-05,9.563233470544219e-05,1.9686647653579712,1.1240909099578857,1.4020484685897827
four_class_provisional_roi,0101,supervised,73,1,1.3658639192581177,1.3658639192581177,0.4595457911491394,3.1599326133728027,1.6331839561462402
four_class_provisional_roi,0101,supervised,73,51,0.00024357929942198098,0.00024357929942198098,2.0031628608703613,0.920398473739624,1.676866054534912
four_class_provisional_roi,0101,supervised,73,101,0.00018544524209573865,0.00018544524209573865,2.0987603664398193,1.0219981670379639,1.6768109798431396
four_class_provisional_roi,0101,supervised,73,151,0.00011069825268350542,0.00011069825268350542,2.143080234527588,1.101125717163086,1.6827000379562378
four_class_provisional_roi,0101,supervised,73,200,9.132348350249231e-05,9.132348350249231e-05,2.2322232723236084,1.2020155191421509,1.6813652515411377
four_class_provisional_roi,0101,head_only,17,1,1.4708936214447021,1.4708936214447021,0.45480120182037354,3.2702836990356445,1.4204953908920288
four_class_provisional_roi,0101,head_only,17,51,0.0008326554670929909,0.0008326554670929909,0.6279948353767395,0.5114328861236572,0.04022270441055298
four_class_provisional_roi,0101,head_only,17,101,0.00045291995047591627,0.00045291995047591627,0.679042637348175,0.6288894414901733,0.033970415592193604
four_class_provisional_roi,0101,head_only,17,151,0.0002991020155604929,0.0002991020155604929,0.7386875152587891,0.7542123794555664,0.031655192375183105
four_class_provisional_roi,0101,head_only,17,200,0.0003252779133617878,0.0003252779133617878,0.7501763105392456,0.7385362982749939,0.03126084804534912
four_class_provisional_roi,0101,head_only,42,1,1.4479680061340332,1.4479680061340332,0.44651395082473755,3.222616195678711,1.3156365156173706
four_class_provisional_roi,0101,head_only,42,51,0.0007405761862173676,0.0007405761862173676,0.6563713550567627,0.4607537090778351,0.03817403316497803
four_class_provisional_roi,0101,head_only,42,101,0.00054136075777933,0.00054136075777933,0.7142823338508606,0.5782879590988159,0.035422444343566895
four_class_provisional_roi,0101,head_only,42,151,0.00031056973966769874,0.00031056973966769874,0.7788378000259399,0.6997345089912415,0.03312128782272339
four_class_provisional_roi,0101,head_only,42,200,0.0002855696075130254,0.0002855696075130254,0.7892268300056458,0.7230168581008911,0.03214561939239502
four_class_provisional_roi,0101,head_only,73,1,1.4877490997314453,1.4877490997314453,0.4595457911491394,3.2905468940734863,1.6331839561462402
four_class_provisional_roi,0101,head_only,73,51,0.0010535544715821743,0.0010535544715821743,0.6312013864517212,0.40756940841674805,0.04226940870285034
four_class_provisional_roi,0101,head_only,73,101,0.000471010192995891,0.000471010192995891,0.7172239422798157,0.5739319324493408,0.03729504346847534
four_class_provisional_roi,0101,head_only,73,151,0.0002997287083417177,0.0002997287083417177,0.7577333450317383,0.6724517345428467,0.03398162126541138
four_class_provisional_roi,0101,head_only,73,200,0.00018444671877659857,0.00018444671877659857,0.8143004775047302,0.778232753276825,0.033218443393707275
four_class_provisional_roi,0101,distill,17,1,3.7028861045837402,1.4708936214447021,0.45480120182037354,3.2702836990356445,1.4204953908920288
four_class_provisional_roi,0101,distill,17,51,0.06798594444990158,0.014048093929886818,0.050986066460609436,0.004237976390868425,0.008327960968017578
four_class_provisional_roi,0101,distill,17,101,0.019236143678426743,0.011428895406425,0.00399079779163003,0.0065657636150717735,0.005335688591003418
four_class_provisional_roi,0101,distill,17,151,0.019087035208940506,0.010382469743490219,0.0018083378672599792,0.012739600613713264,0.0052642822265625
four_class_provisional_roi,0101,distill,17,200,0.020860960707068443,0.01377127505838871,0.0035131373442709446,0.006111325696110725,0.005208849906921387
four_class_provisional_roi,0101,distill,42,1,3.6373536586761475,1.4479680061340332,0.44651395082473755,3.222616195678711,1.3156365156173706
four_class_provisional_roi,0101,distill,42,51,0.06640692055225372,0.01324504241347313,0.049695052206516266,0.005332048982381821,0.008008003234863281
four_class_provisional_roi,0101,distill,42,101,0.0199761763215065,0.013204505667090416,0.004220972768962383,0.004056028556078672,0.005226850509643555
four_class_provisional_roi,0101,distill,42,151,0.017698237672448158,0.011536231264472008,0.0018811938352882862,0.0075358073227107525,0.005129098892211914
four_class_provisional_roi,0101,distill,42,200,0.017598679289221764,0.012167083099484444,0.002741267904639244,0.004346801899373531,0.005169272422790527
four_class_provisional_roi,0101,distill,73,1,3.7558867931365967,1.4877490997314453,0.4595457911491394,3.2905468940734863,1.6331839561462402
four_class_provisional_roi,0101,distill,73,51,0.07661060988903046,0.017848994582891464,0.05414198338985443,0.007644081022590399,0.007975935935974121
four_class_provisional_roi,0101,distill,73,101,0.02129361405968666,0.0116489939391613,0.004109526984393597,0.01005585677921772,0.0050716400146484375
four_class_provisional_roi,0101,distill,73,151,0.01788690686225891,0.010491597466170788,0.0019670519977808,0.009830363094806671,0.005130767822265625
four_class_provisional_roi,0101,distill,73,200,0.017834659665822983,0.009996654465794563,0.0019148321589455009,0.010808725841343403,0.005188107490539551
four_class_provisional_roi,0101,no_contrast,17,1,3.5608365535736084,1.4708936214447021,0.45480120182037354,3.2702836990356445,1.4204953908920288
four_class_provisional_roi,0101,no_contrast,17,51,0.06785306334495544,0.01404993049800396,0.05173324793577194,0.004139772616326809,0.00850212574005127
four_class_provisional_roi,0101,no_contrast,17,101,0.018600234761834145,0.011420780792832375,0.0038996287621557713,0.0065596504136919975,0.005339264869689941
four_class_provisional_roi,0101,no_contrast,17,151,0.01846865564584732,0.010462634265422821,0.0017701152246445417,0.012471809983253479,0.005280733108520508
four_class_provisional_roi,0101,no_contrast,17,200,0.020495861768722534,0.013919367454946041,0.00359397754073143,0.0059650312177836895,0.005210995674133301
four_class_provisional_roi,0101,no_contrast,42,1,3.5057899951934814,1.4479680061340332,0.44651395082473755,3.222616195678711,1.3156365156173706
four_class_provisional_roi,0101,no_contrast,42,51,0.06643056124448776,0.012542094103991985,0.05125926434993744,0.005258400924503803,0.008266091346740723
four_class_provisional_roi,0101,no_contrast,42,101,0.019178912043571472,0.013094215653836727,0.0040835109539330006,0.004002370871603489,0.005232691764831543
four_class_provisional_roi,0101,no_contrast,42,151,0.017162926495075226,0.011511685326695442,0.0018377455417066813,0.007626993581652641,0.00513768196105957
four_class_provisional_roi,0101,no_contrast,42,200,0.01707938313484192,0.012183300219476223,0.0027014678344130516,0.004389231093227863,0.005193471908569336
four_class_provisional_roi,0101,no_contrast,73,1,3.5925683975219727,1.4877490997314453,0.4595457911491394,3.2905468940734863,1.6331839561462402
four_class_provisional_roi,0101,no_contrast,73,51,0.07682587206363678,0.01743181422352791,0.05586841329932213,0.007051277905702591,0.007999420166015625
four_class_provisional_roi,0101,no_contrast,73,101,0.02042539045214653,0.011727837845683098,0.003938857465982437,0.009517391212284565,0.005072355270385742
four_class_provisional_roi,0101,no_contrast,73,151,0.01729132980108261,0.010532942600548267,0.0019046260276809335,0.009707523509860039,0.00513768196105957
four_class_provisional_roi,0101,no_contrast,73,200,0.017073655501008034,0.010112091898918152,0.0019002403132617474,0.010122645646333694,0.005198836326599121
four_class_provisional_roi,0101,no_radar_CE,17,1,2.231992483139038,1.4708936214447021,0.45480120182037354,3.2702836990356445,1.4204953908920288
four_class_provisional_roi,0101,no_radar_CE,17,51,0.03344101458787918,0.01835637353360653,0.02802581712603569,0.009443492628633976,0.006934523582458496
four_class_provisional_roi,0101,no_radar_CE,17,101,0.005902496166527271,0.013025306165218353,0.0031139131169766188,0.004502637777477503,0.00537264347076416
four_class_provisional_roi,0101,no_radar_CE,17,151,0.0071064806543290615,0.011496787890791893,0.002092604525387287,0.008957061916589737,0.005353450775146484
four_class_provisional_roi,0101,no_radar_CE,17,200,0.009706626646220684,0.017052091658115387,0.004745509475469589,0.008860292844474316,0.005309700965881348
four_class_provisional_roi,0101,no_radar_CE,42,1,2.1893856525421143,1.4479680061340332,0.44651395082473755,3.222616195678711,1.3156365156173706
four_class_provisional_roi,0101,no_radar_CE,42,51,0.031075868755578995,0.00992860458791256,0.024869149550795555,0.01112397201359272,0.006447315216064453
four_class_provisional_roi,0101,no_radar_CE,42,101,0.005650117062032223,0.014562077820301056,0.003542042337357998,0.0031629600562155247,0.005265951156616211
four_class_provisional_roi,0101,no_radar_CE,42,151,0.005455256439745426,0.013740886002779007,0.0022999707143753767,0.005262031219899654,0.005242705345153809
four_class_provisional_roi,0101,no_radar_CE,42,200,0.0051081799902021885,0.01408457849174738,0.0034886901266872883,0.0021912490483373404,0.005238652229309082
four_class_provisional_roi,0101,no_radar_CE,73,1,2.2681376934051514,1.4877490997314453,0.4595457911491394,3.2905468940734863,1.6331839561462402
four_class_provisional_roi,0101,no_radar_CE,73,51,0.034218885004520416,0.015886876732110977,0.02885543927550316,0.009417066350579262,0.00654911994934082
four_class_provisional_roi,0101,no_radar_CE,73,101,0.007814880460500717,0.015283019281923771,0.003914973698556423,0.00678429426625371,0.0050776004791259766
four_class_provisional_roi,0101,no_radar_CE,73,151,0.0058501833118498325,0.012710396200418472,0.002581722568720579,0.0054924096912145615,0.0052225589752197266
four_class_provisional_roi,0101,no_radar_CE,73,200,0.005358786787837744,0.011993760243058205,0.002141427481546998,0.005370704457163811,0.005320072174072266
four_class_provisional_roi,0101,shuffled,17,1,3.6942059993743896,1.4708936214447021,0.4540708065032959,3.2538437843322754,1.4231966733932495
four_class_provisional_roi,0101,shuffled,17,51,1.9632455110549927,0.7217367887496948,0.30278709530830383,1.8074727058410645,0.3498533368110657
four_class_provisional_roi,0101,shuffled,17,101,1.9320032596588135,0.7369649410247803,0.2806009352207184,1.7735704183578491,0.27652114629745483
four_class_provisional_roi,0101,shuffled,17,151,1.9304473400115967,0.730223536491394,0.2827048599720001,1.7801690101623535,0.27434438467025757
four_class_provisional_roi,0101,shuffled,17,200,1.931545615196228,0.7133903503417969,0.278989315032959,1.8226772546768188,0.2782737612724304
four_class_provisional_roi,0101,shuffled,42,1,3.707315444946289,1.4479680061340332,0.4543313980102539,3.310835838317871,1.4959800243377686
four_class_provisional_roi,0101,shuffled,42,51,1.9565750360488892,0.7146509885787964,0.29942283034324646,1.8164243698120117,0.3428904414176941
four_class_provisional_roi,0101,shuffled,42,101,1.9311590194702148,0.7193653583526611,0.28240615129470825,1.8035001754760742,0.27637457847595215
four_class_provisional_roi,0101,shuffled,42,151,1.9304649829864502,0.6926330924034119,0.2873919904232025,1.840556025505066,0.3016185760498047
four_class_provisional_roi,0101,shuffled,42,200,1.929811954498291,0.7240806221961975,0.28082746267318726,1.7945952415466309,0.2760621905326843
four_class_provisional_roi,0101,shuffled,73,1,3.659698486328125,1.4877490997314453,0.44669491052627563,3.206333637237549,1.2208759784698486
four_class_provisional_roi,0101,shuffled,73,51,1.9614145755767822,0.7687366008758545,0.293889582157135,1.7390950918197632,0.29240840673446655
four_class_provisional_roi,0101,shuffled,73,101,1.9316245317459106,0.7019866704940796,0.2857218086719513,1.8288332223892212,0.29499417543411255
four_class_provisional_roi,0101,shuffled,73,151,1.9314054250717163,0.7275264859199524,0.28157877922058105,1.7886632680892944,0.2796856760978699
four_class_provisional_roi,0101,shuffled,73,200,1.928985834121704,0.7260545492172241,0.2806307077407837,1.7881743907928467,0.2821339964866638
four_class_provisional_roi,0101,distill_phase,17,1,3.66129732131958,1.4599888324737549,0.4459812343120575,3.2465710639953613,1.3204158544540405
four_class_provisional_roi,0101,distill_phase,17,51,0.05221844092011452,0.010981230065226555,0.03534510359168053,0.010396234691143036,0.006939888000488281
four_class_provisional_roi,0101,distill_phase,17,101,0.018002919852733612,0.01155545748770237,0.003092787694185972,0.005661879200488329,0.0052373409271240234
four_class_provisional_roi,0101,distill_phase,17,151,0.017725177109241486,0.011982733383774757,0.00241515482775867,0.005627851467579603,0.005133628845214844
four_class_provisional_roi,0101,distill_phase,17,200,0.019791409373283386,0.013643989339470863,0.0033586109057068825,0.004543717950582504,0.005169510841369629
four_class_provisional_roi,0101,distill_phase,42,1,3.6957263946533203,1.4718806743621826,0.45130231976509094,3.27122163772583,1.3693253993988037
four_class_provisional_roi,0101,distill_phase,42,51,0.058078981935977936,0.011563513427972794,0.04095424339175224,0.009705906733870506,0.007082700729370117
four_class_provisional_roi,0101,distill_phase,42,101,0.018102729693055153,0.010900810360908508,0.0032476987689733505,0.006864546798169613,0.005219459533691406
four_class_provisional_roi,0101,distill_phase,42,151,0.01717449724674225,0.011198724620044231,0.0023643015883862972,0.006163431331515312,0.005297541618347168
four_class_provisional_roi,0101,distill_phase,42,200,0.017463013529777527,0.011685393750667572,0.002732632216066122,0.005058766342699528,0.005156040191650391
four_class_provisional_roi,0101,distill_phase,73,1,3.6872446537017822,1.470236897468567,0.4487837553024292,3.258603811264038,1.389220118522644
four_class_provisional_roi,0101,distill_phase,73,51,0.06252454966306686,0.014506641775369644,0.04382701963186264,0.00695927906781435,0.0071125030517578125
four_class_provisional_roi,0101,distill_phase,73,101,0.019013019278645515,0.010870382189750671,0.004000320564955473,0.0072577642276883125,0.0051343441009521484
four_class_provisional_roi,0101,distill_phase,73,151,0.0168609656393528,0.010500476695597172,0.002153665293008089,0.007379245012998581,0.005172014236450195
four_class_provisional_roi,0101,distill_phase,73,200,0.018234852701425552,0.01260144542902708,0.002738137496635318,0.004763453267514706,0.0051354169845581055
four_class_provisional_roi,0101,original_head,17,1,0.45480120182037354,1.4708936214447021,0.45480120182037354,3.2702836990356445,1.4204953908920288
four_class_provisional_roi,0101,original_head,17,51,0.0037056654691696167,0.017922140657901764,0.0037056654691696167,0.02037617191672325,0.0053958892822265625
four_class_provisional_roi,0101,original_head,17,101,0.000755734508857131,0.010956012643873692,0.000755734508857131,0.019326671957969666,0.005542397499084473
four_class_provisional_roi,0101,original_head,17,151,0.0010797035647556186,0.009173820726573467,0.0010797035647556186,0.030106786638498306,0.005687117576599121
four_class_provisional_roi,0101,original_head,17,200,0.0016333962557837367,0.014450155198574066,0.0016333962557837367,0.019593777135014534,0.0056154727935791016
four_class_provisional_roi,0101,original_head,42,1,0.44651395082473755,1.4479680061340332,0.44651395082473755,3.222616195678711,1.3156365156173706
four_class_provisional_roi,0101,original_head,42,51,0.00325585063546896,0.00960499607026577,0.00325585063546896,0.026317495852708817,0.005704522132873535
four_class_provisional_roi,0101,original_head,42,101,0.0006888033240102232,0.013069708831608295,0.0006888033240102232,0.016661036759614944,0.005558490753173828
four_class_provisional_roi,0101,original_head,42,151,0.0006327769951894879,0.011614687740802765,0.0006327769951894879,0.020500533282756805,0.005612850189208984
four_class_provisional_roi,0101,original_head,42,200,0.0005882680998183787,0.010432031005620956,0.0005882680998183787,0.01897549070417881,0.00548553466796875
four_class_provisional_roi,0101,original_head,73,1,0.4595457911491394,1.4877490997314453,0.4595457911491394,3.2905468940734863,1.6331839561462402
four_class_provisional_roi,0101,original_head,73,51,0.00347478361800313,0.009956421330571175,0.00347478361800313,0.028034543618559837,0.005527615547180176
four_class_provisional_roi,0101,original_head,73,101,0.0007740220171399415,0.010875245556235313,0.0007740220171399415,0.01794937252998352,0.005506634712219238
four_class_provisional_roi,0101,original_head,73,151,0.0006203131633810699,0.010162916034460068,0.0006203131633810699,0.020618148148059845,0.005460500717163086
four_class_provisional_roi,0101,original_head,73,200,0.0009139848407357931,0.00898716039955616,0.0009139848407357931,0.026625707745552063,0.005512118339538574
four_class_provisional_roi,0110,supervised,17,1,1.4142940044403076,1.4142940044403076,0.32365888357162476,3.05556321144104,1.4389550685882568
four_class_provisional_roi,0110,supervised,17,51,0.00019451635307632387,0.00019451635307632387,1.690584659576416,1.1915305852890015,1.775683879852295
four_class_provisional_roi,0110,supervised,17,101,0.0001910642022266984,0.0001910642022266984,1.7495348453521729,1.2320225238800049,1.7733790874481201
four_class_provisional_roi,0110,supervised,17,151,9.697627683635801e-05,9.697627683635801e-05,1.8019932508468628,1.384966254234314,1.7811198234558105
four_class_provisional_roi,0110,supervised,17,200,0.00011582656588871032,0.00011582656588871032,1.844299077987671,1.4081255197525024,1.7761849164962769
four_class_provisional_roi,0110,supervised,42,1,1.371903657913208,1.371903657913208,0.32272806763648987,2.993072509765625,1.3684742450714111
four_class_provisional_roi,0110,supervised,42,51,0.0002984771563205868,0.0002984771563205868,1.615404725074768,0.9843027591705322,1.5788085460662842
four_class_provisional_roi,0110,supervised,42,101,0.00034917850280180573,0.00034917850280180573,1.7345373630523682,1.145604133605957,1.5854512453079224
four_class_provisional_roi,0110,supervised,42,151,8.697458542883396e-05,8.697458542883396e-05,1.9275999069213867,1.4599394798278809,1.5758825540542603
four_class_provisional_roi,0110,supervised,42,200,8.629088551970199e-05,8.629088551970199e-05,1.8992371559143066,1.3932406902313232,1.573852777481079
four_class_provisional_roi,0110,supervised,73,1,1.353121042251587,1.353121042251587,0.3286505341529846,2.968137264251709,1.528943657875061
four_class_provisional_roi,0110,supervised,73,51,0.0005432834732346237,0.0005432834732346237,1.7648346424102783,0.9431159496307373,1.6106349229812622
four_class_provisional_roi,0110,supervised,73,101,0.0001368902885587886,0.0001368902885587886,1.9455409049987793,1.2310309410095215,1.6036779880523682
four_class_provisional_roi,0110,supervised,73,151,0.00011349109263392165,0.00011349109263392165,1.9722402095794678,1.2711050510406494,1.6084715127944946
four_class_provisional_roi,0110,supervised,73,200,8.141159196384251e-05,8.141159196384251e-05,2.070652961730957,1.4133321046829224,1.6062946319580078
four_class_provisional_roi,0110,head_only,17,1,1.5066173076629639,1.5066173076629639,0.32365888357162476,3.1126275062561035,1.4389550685882568
four_class_provisional_roi,0110,head_only,17,51,0.0005002476973459125,0.0005002476973459125,0.5236497521400452,0.6901740431785583,0.06089216470718384
four_class_provisional_roi,0110,head_only,17,101,0.00033989775693044066,0.00033989775693044066,0.5590113401412964,0.8130105137825012,0.05830192565917969
four_class_provisional_roi,0110,head_only,17,151,0.0002344881067983806,0.0002344881067983806,0.6140572428703308,0.9569875597953796,0.057288527488708496
four_class_provisional_roi,0110,head_only,17,200,0.00020068460435140878,0.00020068460435140878,0.6179612278938293,0.9697762131690979,0.055828750133514404
four_class_provisional_roi,0110,head_only,42,1,1.5450739860534668,1.5450739860534668,0.32272806763648987,3.15108060836792,1.3684742450714111
four_class_provisional_roi,0110,head_only,42,51,0.0005233660340309143,0.0005233660340309143,0.6090779304504395,0.7631445527076721,0.06945115327835083
four_class_provisional_roi,0110,head_only,42,101,0.0004940855433233082,0.0004940855433233082,0.6267675161361694,0.7940787672996521,0.0650283694267273
four_class_provisional_roi,0110,head_only,42,151,0.0001937936758622527,0.0001937936758622527,0.7289389371871948,1.087515115737915,0.06254899501800537
four_class_provisional_roi,0110,head_only,42,200,0.00021264085080474615,0.00021264085080474615,0.712448000907898,1.0665383338928223,0.060890257358551025
four_class_provisional_roi,0110,head_only,73,1,1.6400947570800781,1.6400947570800781,0.3286505341529846,3.2566452026367188,1.528943657875061
four_class_provisional_roi,0110,head_only,73,51,0.0010427730157971382,0.0010427730157971382,0.5412072539329529,0.5947092175483704,0.06593072414398193
four_class_provisional_roi,0110,head_only,73,101,0.0003642115043476224,0.0003642115043476224,0.6269615888595581,0.84017014503479,0.062077462673187256
four_class_provisional_roi,0110,head_only,73,151,0.00023534451611340046,0.00023534451611340046,0.6675655841827393,0.9415826797485352,0.060333251953125
four_class_provisional_roi,0110,head_only,73,200,0.00020924152340739965,0.00020924152340739965,0.7008171081542969,1.030038833618164,0.05899626016616821
four_class_provisional_roi,0110,distill,17,1,3.5304856300354004,1.5066173076629639,0.32365888357162476,3.1126275062561035,1.4389550685882568
four_class_provisional_roi,0110,distill,17,51,0.06628667563199997,0.018711809068918228,0.04413627088069916,0.004634572193026543,0.011213064193725586
four_class_provisional_roi,0110,distill,17,101,0.023510504513978958,0.014581101015210152,0.004642360378056765,0.00743878586217761,0.0056765079498291016
four_class_provisional_roi,0110,distill,17,151,0.021207645535469055,0.014546562917530537,0.0012334806378930807,0.009771831333637238,0.0054168701171875
four_class_provisional_roi,0110,distill,17,200,0.019305068999528885,0.016235988587141037,0.0010459572076797485,0.002934501739218831,0.00555872917175293
four_class_provisional_roi,0110,distill,42,1,3.5801897048950195,1.5450739860534668,0.32272806763648987,3.15108060836792,1.3684742450714111
four_class_provisional_roi,0110,distill,42,51,0.08190695196390152,0.013418994843959808,0.059420958161354065,0.015782948583364487,0.011755228042602539
four_class_provisional_roi,0110,distill,42,101,0.028595782816410065,0.0206686332821846,0.006203937344253063,0.0022574530448764563,0.00594484806060791
four_class_provisional_roi,0110,distill,42,151,0.020320691168308258,0.013018243946135044,0.0012835946399718523,0.010976625606417656,0.0053054094314575195
four_class_provisional_roi,0110,distill,42,200,0.019253738224506378,0.0160922110080719,0.0009527326328679919,0.0033494250383228064,0.0053408145904541016
four_class_provisional_roi,0110,distill,73,1,3.749962091445923,1.6400947570800781,0.3286505341529846,3.2566452026367188,1.528943657875061
four_class_provisional_roi,0110,distill,73,51,0.0797911137342453,0.023801065981388092,0.052690859884023666,0.004138769116252661,0.012298107147216797
four_class_provisional_roi,0110,distill,73,101,0.0242936909198761,0.014547208324074745,0.005835442803800106,0.006571238860487938,0.0062541961669921875
four_class_provisional_roi,0110,distill,73,151,0.020132122561335564,0.01437655370682478,0.0013200277462601662,0.007765484973788261,0.005527973175048828
four_class_provisional_roi,0110,distill,73,200,0.020411144942045212,0.01399166788905859,0.0011087567545473576,0.009502781555056572,0.005593299865722656
four_class_provisional_roi,0110,no_contrast,17,1,3.386590003967285,1.5066173076629639,0.32365888357162476,3.1126275062561035,1.4389550685882568
four_class_provisional_roi,0110,no_contrast,17,51,0.06589792668819427,0.018163468688726425,0.04565654322504997,0.004155836068093777,0.012364864349365234
four_class_provisional_roi,0110,no_contrast,17,101,0.022905390709638596,0.014746876433491707,0.004699105396866798,0.006918815895915031,0.005755901336669922
four_class_provisional_roi,0110,no_contrast,17,151,0.020884785801172256,0.014658009633421898,0.0012482348829507828,0.0099570844322443,0.0054847002029418945
four_class_provisional_roi,0110,no_contrast,17,200,0.018568716943264008,0.0160699263215065,0.0010230097686871886,0.002951560076326132,0.005592465400695801
four_class_provisional_roi,0110,no_contrast,42,1,3.4433422088623047,1.5450739860534668,0.32272806763648987,3.15108060836792,1.3684742450714111
four_class_provisional_roi,0110,no_contrast,42,51,0.08581585437059402,0.012566903606057167,0.06327903270721436,0.019939836114645004,0.012890338897705078
four_class_provisional_roi,0110,no_contrast,42,101,0.028288863599300385,0.020760394632816315,0.006356827914714813,0.0023432844318449497,0.005999207496643066
four_class_provisional_roi,0110,no_contrast,42,151,0.019541677087545395,0.013197654858231544,0.0012145008658990264,0.01025904156267643,0.005328655242919922
four_class_provisional_roi,0110,no_contrast,42,200,0.018965905532240868,0.016021238639950752,0.0009926985949277878,0.0039039375260472298,0.005372166633605957
four_class_provisional_roi,0110,no_contrast,73,1,3.5970678329467773,1.6400947570800781,0.3286505341529846,3.2566452026367188,1.528943657875061
four_class_provisional_roi,0110,no_contrast,73,51,0.07980777323246002,0.022176016122102737,0.055750004947185516,0.0037634940817952156,0.014170348644256592
four_class_provisional_roi,0110,no_contrast,73,101,0.02439410611987114,0.014646130613982677,0.006442624144256115,0.006610703654587269,0.006426215171813965
four_class_provisional_roi,0110,no_contrast,73,151,0.019449714571237564,0.0143333300948143,0.0013484947849065065,0.007535779848694801,0.0055620670318603516
four_class_provisional_roi,0110,no_contrast,73,200,0.019685540348291397,0.014062045142054558,0.0011033288901671767,0.009040333330631256,0.0056209564208984375
four_class_provisional_roi,0110,no_radar_CE,17,1,2.0238680839538574,1.5066173076629639,0.32365888357162476,3.1126275062561035,1.4389550685882568
four_class_provisional_roi,0110,no_radar_CE,17,51,0.0308985598385334,0.018810249865055084,0.023742634803056717,0.01255744881927967,0.008772015571594238
four_class_provisional_roi,0110,no_radar_CE,17,101,0.0033419537357985973,0.01930961012840271,0.0016487670363858342,0.0023059318773448467,0.005402207374572754
four_class_provisional_roi,0110,no_radar_CE,17,151,0.004632166121155024,0.017975350841879845,0.001011439017020166,0.006149782799184322,0.005458354949951172
four_class_provisional_roi,0110,no_radar_CE,17,200,0.0040628984570503235,0.022685019299387932,0.0015700118383392692,0.003838860196992755,0.005734562873840332
four_class_provisional_roi,0110,no_radar_CE,42,1,2.0351157188415527,1.5450739860534668,0.32272806763648987,3.15108060836792,1.3684742450714111
four_class_provisional_roi,0110,no_radar_CE,42,51,0.03945063799619675,0.013965259306132793,0.03133349120616913,0.014605491422116756,0.008144021034240723
four_class_provisional_roi,0110,no_radar_CE,42,101,0.005985221825540066,0.028458796441555023,0.0026967604644596577,0.005453113000839949,0.005619049072265625
four_class_provisional_roi,0110,no_radar_CE,42,151,0.002611583098769188,0.01954967901110649,0.0006796250818297267,0.0027956096455454826,0.005341529846191406
four_class_provisional_roi,0110,no_radar_CE,42,200,0.003333853790536523,0.0198775976896286,0.0012354502687230706,0.003100581932812929,0.005481123924255371
four_class_provisional_roi,0110,no_radar_CE,73,1,2.1098673343658447,1.6400947570800781,0.3286505341529846,3.2566452026367188,1.528943657875061
four_class_provisional_roi,0110,no_radar_CE,73,51,0.03127480670809746,0.023851357400417328,0.0264369398355484,0.008009378798305988,0.008331775665283203
four_class_provisional_roi,0110,no_radar_CE,73,101,0.0036527703050523996,0.01745416596531868,0.001734460238367319,0.002661431208252907,0.005875945091247559
four_class_provisional_roi,0110,no_radar_CE,73,151,0.0026418776251375675,0.020755618810653687,0.0009644711972214282,0.002207852201536298,0.005734801292419434
four_class_provisional_roi,0110,no_radar_CE,73,200,0.0032693210523575544,0.01826811209321022,0.0008826053235679865,0.0036186273209750652,0.005774021148681641
four_class_provisional_roi,0110,shuffled,17,1,3.5523736476898193,1.5066173076629639,0.3249678611755371,3.142106056213379,1.4973554611206055
four_class_provisional_roi,0110,shuffled,17,51,1.7687898874282837,0.6606250405311584,0.20727869868278503,1.7460353374481201,0.27868372201919556
four_class_provisional_roi,0110,shuffled,17,101,1.7356206178665161,0.6667405366897583,0.17927753925323486,1.7353904247283936,0.21907293796539307
four_class_provisional_roi,0110,shuffled,17,151,1.732419490814209,0.6541666984558105,0.18495267629623413,1.7430148124694824,0.21792614459991455
four_class_provisional_roi,0110,shuffled,17,200,1.7326217889785767,0.6613255739212036,0.17820581793785095,1.744272232055664,0.20954227447509766
four_class_provisional_roi,0110,shuffled,42,1,3.638715982437134,1.5450739860534668,0.3268815875053406,3.2350869178771973,1.4921691417694092
four_class_provisional_roi,0110,shuffled,42,51,1.7800754308700562,0.6183331608772278,0.21439069509506226,1.8306200504302979,0.3204170763492584
four_class_provisional_roi,0110,shuffled,42,101,1.7373172044754028,0.645858883857727,0.18546849489212036,1.7659779787063599,0.2300078272819519
four_class_provisional_roi,0110,shuffled,42,151,1.7330995798110962,0.6379266381263733,0.1864381730556488,1.773636817932129,0.21916234493255615
four_class_provisional_roi,0110,shuffled,42,200,1.7313122749328613,0.6579205393791199,0.18043678998947144,1.7424036264419556,0.21753132343292236
four_class_provisional_roi,0110,shuffled,73,1,3.735635757446289,1.6400947570800781,0.3243342638015747,3.26758074760437,1.3741645812988281
four_class_provisional_roi,0110,shuffled,73,51,1.7776740789413452,0.6722419261932373,0.21019209921360016,1.7315952777862549,0.2944237291812897
four_class_provisional_roi,0110,shuffled,73,101,1.7357730865478516,0.6468241214752197,0.18413293361663818,1.7633169889450073,0.23157548904418945
four_class_provisional_roi,0110,shuffled,73,151,1.7343623638153076,0.6525646448135376,0.18580999970436096,1.7483165264129639,0.21829473972320557
four_class_provisional_roi,0110,shuffled,73,200,1.7319908142089844,0.656376838684082,0.1840621829032898,1.73895263671875,0.2207544445991516
four_class_provisional_roi,0110,distill_phase,17,1,3.6123287677764893,1.5751911401748657,0.3177458345890045,3.1786556243896484,1.3006393909454346
four_class_provisional_roi,0110,distill_phase,17,51,0.05821223184466362,0.014547391794621944,0.03736528381705284,0.010853574611246586,0.008727669715881348
four_class_provisional_roi,0110,distill_phase,17,101,0.021133100613951683,0.01715891994535923,0.0029153991490602493,0.0010426740627735853,0.005374431610107422
four_class_provisional_roi,0110,distill_phase,17,151,0.020126767456531525,0.015257428400218487,0.0011229265946894884,0.0063924044370651245,0.005502104759216309
four_class_provisional_roi,0110,distill_phase,17,200,0.018423233181238174,0.01564837619662285,0.0007042213110253215,0.0030503151938319206,0.0054547786712646484
four_class_provisional_roi,0110,distill_phase,42,1,3.587909698486328,1.5489795207977295,0.3244357109069824,3.154284715652466,1.373518705368042
four_class_provisional_roi,0110,distill_phase,42,51,0.07365734130144119,0.013122627511620522,0.05230266973376274,0.014300355687737465,0.010818719863891602
four_class_provisional_roi,0110,distill_phase,42,101,0.02302674949169159,0.015018880367279053,0.005421731621026993,0.003996849060058594,0.005877137184143066
four_class_provisional_roi,0110,distill_phase,42,151,0.019084857776761055,0.016254574060440063,0.001035128254443407,0.0025183092802762985,0.005360007286071777
four_class_provisional_roi,0110,distill_phase,42,200,0.018477912992239,0.015667643398046494,0.0006876751431263983,0.003176049329340458,0.005345702171325684
four_class_provisional_roi,0110,distill_phase,73,1,3.5864815711975098,1.55306077003479,0.3228822350502014,3.147777557373047,1.3664984703063965
four_class_provisional_roi,0110,distill_phase,73,51,0.0691094622015953,0.020634446293115616,0.04611044377088547,0.002697858028113842,0.010156393051147461
four_class_provisional_roi,0110,distill_phase,73,101,0.02141045406460762,0.015604489482939243,0.0034133854787796736,0.003638985101133585,0.005730867385864258
four_class_provisional_roi,0110,distill_phase,73,151,0.01877150684595108,0.014473095536231995,0.0007094191969372332,0.006084498018026352,0.005467414855957031
four_class_provisional_roi,0110,distill_phase,73,200,0.01928039826452732,0.016576338559389114,0.0007010457338765264,0.0029014134779572487,0.005523085594177246
four_class_provisional_roi,0110,original_head,17,1,0.32365888357162476,1.5066173076629639,0.32365888357162476,3.1126275062561035,1.4389550685882568
four_class_provisional_roi,0110,original_head,17,51,0.002862609690055251,0.02110127918422222,0.002862609690055251,0.010572465136647224,0.006056070327758789
four_class_provisional_roi,0110,original_head,17,101,0.0005993889644742012,0.018799297511577606,0.0005993889644742012,0.0036929859779775143,0.005341529846191406
four_class_provisional_roi,0110,original_head,17,151,0.0011663301847875118,0.01491880789399147,0.0011663301847875118,0.01230473630130291,0.005525350570678711
four_class_provisional_roi,0110,original_head,17,200,0.0010997471399605274,0.021793868392705917,0.0010997471399605274,0.004298979416489601,0.005612730979919434
four_class_provisional_roi,0110,original_head,42,1,0.32272806763648987,1.5450739860534668,0.32272806763648987,3.15108060836792,1.3684742450714111
four_class_provisional_roi,0110,original_head,42,51,0.003773045027628541,0.015076522715389729,0.003773045027628541,0.014034686610102654,0.005493640899658203
four_class_provisional_roi,0110,original_head,42,101,0.0012225012760609388,0.026649687439203262,0.0012225012760609388,0.006323562934994698,0.005443453788757324
four_class_provisional_roi,0110,original_head,42,151,0.0007320471340790391,0.022526368498802185,0.0007320471340790391,0.008520539849996567,0.0054073333740234375
four_class_provisional_roi,0110,original_head,42,200,0.000946240674238652,0.01677744835615158,0.000946240674238652,0.008252184838056564,0.0055582523345947266
four_class_provisional_roi,0110,original_head,73,1,0.3286505341529846,1.6400947570800781,0.3286505341529846,3.2566452026367188,1.528943657875061
four_class_provisional_roi,0110,original_head,73,51,0.0026834881864488125,0.021428914740681648,0.0026834881864488125,0.00496843084692955,0.005558133125305176
four_class_provisional_roi,0110,original_head,73,101,0.0011135681997984648,0.017599619925022125,0.0011135681997984648,0.004738852847367525,0.0057114362716674805
four_class_provisional_roi,0110,original_head,73,151,0.0005489104660227895,0.022499453276395798,0.0005489104660227895,0.00625765323638916,0.005586743354797363
four_class_provisional_roi,0110,original_head,73,200,0.0006286895368248224,0.016236960887908936,0.0006286895368248224,0.006282717455178499,0.005694270133972168
four_class_provisional_roi,0111,supervised,17,1,1.4028886556625366,1.4028886556625366,0.49974632263183594,3.3106648921966553,1.403268814086914
four_class_provisional_roi,0111,supervised,17,51,0.00020811510330531746,0.00020811510330531746,1.8784213066101074,0.9015585780143738,1.6533658504486084
four_class_provisional_roi,0111,supervised,17,101,0.00014393930905498564,0.00014393930905498564,1.9206883907318115,0.9591280221939087,1.6574089527130127
four_class_provisional_roi,0111,supervised,17,151,8.954777877079323e-05,8.954777877079323e-05,1.9822680950164795,1.0615941286087036,1.667270541191101
four_class_provisional_roi,0111,supervised,17,200,0.00010131818999070674,0.00010131818999070674,2.009016275405884,1.0609872341156006,1.6653010845184326
four_class_provisional_roi,0111,supervised,42,1,1.379071831703186,1.379071831703186,0.4959128201007843,3.2706174850463867,1.3432831764221191
four_class_provisional_roi,0111,supervised,42,51,0.0003341433475725353,0.0003341433475725353,1.7880290746688843,0.7514519691467285,1.3806302547454834
four_class_provisional_roi,0111,supervised,42,101,0.00033059532870538533,0.00033059532870538533,1.8956832885742188,0.8668555021286011,1.385420799255371
four_class_provisional_roi,0111,supervised,42,151,0.0001083600363926962,0.0001083600363926962,2.0402398109436035,1.053281545639038,1.371802568435669
four_class_provisional_roi,0111,supervised,42,200,8.329852425958961e-05,8.329852425958961e-05,2.0242276191711426,1.0190868377685547,1.3728567361831665
four_class_provisional_roi,0111,supervised,73,1,1.3604004383087158,1.3604004383087158,0.5036430358886719,3.2456746101379395,1.5577096939086914
four_class_provisional_roi,0111,supervised,73,51,0.0002459356910549104,0.0002459356910549104,2.0416336059570312,0.8464184999465942,1.6182217597961426
four_class_provisional_roi,0111,supervised,73,101,0.00016518592019565403,0.00016518592019565403,2.155137062072754,0.9668185710906982,1.620107650756836
four_class_provisional_roi,0111,supervised,73,151,0.00010250374907627702,0.00010250374907627702,2.195600986480713,1.0383851528167725,1.6220684051513672
four_class_provisional_roi,0111,supervised,73,200,0.00010786203347379342,0.00010786203347379342,2.2531042098999023,1.0954313278198242,1.6197736263275146
four_class_provisional_roi,0111,head_only,17,1,1.4420249462127686,1.4420249462127686,0.49974632263183594,3.3437609672546387,1.403268814086914
four_class_provisional_roi,0111,head_only,17,51,0.0008277061861008406,0.0008277061861008406,0.5650585889816284,0.43766579031944275,0.03462362289428711
four_class_provisional_roi,0111,head_only,17,101,0.00046801462303847075,0.00046801462303847075,0.6084941625595093,0.5432769656181335,0.029149115085601807
four_class_provisional_roi,0111,head_only,17,151,0.0002802573435474187,0.0002802573435474187,0.6740236282348633,0.6754946112632751,0.02692735195159912
four_class_provisional_roi,0111,head_only,17,200,0.0002966105821542442,0.0002966105821542442,0.6724891662597656,0.6457768678665161,0.026665925979614258
four_class_provisional_roi,0111,head_only,42,1,1.4363313913345337,1.4363313913345337,0.4959128201007843,3.322965621948242,1.3432831764221191
four_class_provisional_roi,0111,head_only,42,51,0.0008861762471497059,0.0008861762471497059,0.6023553609848022,0.3696914315223694,0.03690207004547119
four_class_provisional_roi,0111,head_only,42,101,0.0006287972209975123,0.0006287972209975123,0.6683317422866821,0.483730673789978,0.03406435251235962
four_class_provisional_roi,0111,head_only,42,151,0.00030833258642815053,0.00030833258642815053,0.7428203821182251,0.6142141819000244,0.03144407272338867
four_class_provisional_roi,0111,head_only,42,200,0.00027146379579789937,0.00027146379579789937,0.7494786977767944,0.6398154497146606,0.03012615442276001
four_class_provisional_roi,0111,head_only,73,1,1.4619553089141846,1.4619553089141846,0.5036430358886719,3.3654134273529053,1.5577096939086914
four_class_provisional_roi,0111,head_only,73,51,0.0011201589368283749,0.0011201589368283749,0.6451067924499512,0.35788172483444214,0.04978734254837036
four_class_provisional_roi,0111,head_only,73,101,0.0005220974562689662,0.0005220974562689662,0.7435073852539062,0.5123068690299988,0.043218255043029785
four_class_provisional_roi,0111,head_only,73,151,0.0003179070772603154,0.0003179070772603154,0.792922854423523,0.6093065142631531,0.03765588998794556
four_class_provisional_roi,0111,head_only,73,200,0.0001962742826435715,0.0001962742826435715,0.8550401926040649,0.7134508490562439,0.03666800260543823
four_class_provisional_roi,0111,distill,17,1,3.753978729248047,1.4420249462127686,0.49974632263183594,3.3437609672546387,1.403268814086914
four_class_provisional_roi,0111,distill,17,51,0.06847080588340759,0.01314097922295332,0.0517575666308403,0.005720209330320358,0.007121562957763672
four_class_provisional_roi,0111,distill,17,101,0.017722109332680702,0.010112587362527847,0.004211631137877703,0.005837983917444944,0.004788994789123535
four_class_provisional_roi,0111,distill,17,151,0.016092538833618164,0.00849226489663124,0.0014475551433861256,0.011382280848920345,0.00461578369140625
four_class_provisional_roi,0111,distill,17,200,0.018645811825990677,0.012378338724374771,0.0037304037250578403,0.0041547720320522785,0.004596829414367676
four_class_provisional_roi,0111,distill,42,1,3.728055477142334,1.4363313913345337,0.4959128201007843,3.322965621948242,1.3432831764221191
four_class_provisional_roi,0111,distill,42,51,0.06585777550935745,0.0117317084223032,0.05089067295193672,0.005081333685666323,0.00694727897644043
four_class_provisional_roi,0111,distill,42,101,0.02027697116136551,0.011694238521158695,0.005419411230832338,0.005418721586465836,0.004539608955383301
four_class_provisional_roi,0111,distill,42,151,0.01572299748659134,0.008745905011892319,0.0017204205505549908,0.009594598785042763,0.0045937299728393555
four_class_provisional_roi,0111,distill,42,200,0.015526626259088516,0.010306847281754017,0.0022047823294997215,0.005104523152112961,0.004627346992492676
four_class_provisional_roi,0111,distill,73,1,3.8040761947631836,1.4619553089141846,0.5036430358886719,3.3654134273529053,1.5577096939086914
four_class_provisional_roi,0111,distill,73,51,0.07235633581876755,0.014572395011782646,0.05406060814857483,0.006088537164032459,0.006790637969970703
four_class_provisional_roi,0111,distill,73,101,0.02079300582408905,0.010485627688467503,0.005078969988971949,0.00952080637216568,0.004680037498474121
four_class_provisional_roi,0111,distill,73,151,0.01595102623105049,0.00891027133911848,0.0017993426881730556,0.00956424418836832,0.0045928955078125
four_class_provisional_roi,0111,distill,73,200,0.016012968495488167,0.008199719712138176,0.0019819047302007675,0.010740438476204872,0.00461125373840332
four_class_provisional_roi,0111,no_contrast,17,1,3.613651752471924,1.4420249462127686,0.49974632263183594,3.3437609672546387,1.403268814086914
four_class_provisional_roi,0111,no_contrast,17,51,0.0669490396976471,0.013142352923750877,0.051105231046676636,0.005402904003858566,0.007144451141357422
four_class_provisional_roi,0111,no_contrast,17,101,0.01717880554497242,0.010198760777711868,0.004107926040887833,0.005744236521422863,0.004785418510437012
four_class_provisional_roi,0111,no_contrast,17,151,0.01559553574770689,0.00851490255445242,0.0014375073369592428,0.011286251246929169,0.004612088203430176
four_class_provisional_roi,0111,no_contrast,17,200,0.018219828605651855,0.012432288378477097,0.003728520357981324,0.004118039272725582,0.0045975446701049805
four_class_provisional_roi,0111,no_contrast,42,1,3.5937271118164062,1.4363313913345337,0.4959128201007843,3.322965621948242,1.3432831764221191
four_class_provisional_roi,0111,no_contrast,42,51,0.06545259803533554,0.011555196717381477,0.05075705051422119,0.006280702073127031,0.0069779157638549805
four_class_provisional_roi,0111,no_contrast,42,101,0.01960749737918377,0.011726899072527885,0.005234409123659134,0.0052923783659935,0.004538893699645996
four_class_provisional_roi,0111,no_contrast,42,151,0.015194689854979515,0.008816372603178024,0.001686915522441268,0.009382803924381733,0.004603028297424316
four_class_provisional_roi,0111,no_contrast,42,200,0.015017631463706493,0.010266978293657303,0.002146845916286111,0.005207614507526159,0.004631757736206055
four_class_provisional_roi,0111,no_contrast,73,1,3.6483051776885986,1.4619553089141846,0.5036430358886719,3.3654134273529053,1.5577096939086914
four_class_provisional_roi,0111,no_contrast,73,51,0.07037094980478287,0.014174272306263447,0.05281250923871994,0.006768327206373215,0.0067179203033447266
four_class_provisional_roi,0111,no_contrast,73,101,0.019370533525943756,0.010503959842026234,0.0045635756105184555,0.008605998940765858,0.004658102989196777
four_class_provisional_roi,0111,no_contrast,73,151,0.015495631843805313,0.0089741675183177,0.0018378442618995905,0.009367240592837334,0.004600048065185547
four_class_provisional_roi,0111,no_contrast,73,200,0.015382165089249611,0.008249733597040176,0.0019124115351587534,0.01044004037976265,0.004607558250427246
four_class_provisional_roi,0111,no_radar_CE,17,1,2.3119537830352783,1.4420249462127686,0.49974632263183594,3.3437609672546387,1.403268814086914
four_class_provisional_roi,0111,no_radar_CE,17,51,0.03288257122039795,0.01435779221355915,0.02857266552746296,0.007455399259924889,0.0058220624923706055
four_class_provisional_roi,0111,no_radar_CE,17,101,0.005892462097108364,0.011469605378806591,0.0032678188290446997,0.0042944676242768764,0.0047740936279296875
four_class_provisional_roi,0111,no_radar_CE,17,151,0.005774644203484058,0.00979502685368061,0.0016592105384916067,0.007296623662114143,0.004671216011047363
four_class_provisional_roi,0111,no_radar_CE,17,200,0.008499160408973694,0.014651648700237274,0.0048749097622931,0.006322125904262066,0.0046318769454956055
four_class_provisional_roi,0111,no_radar_CE,42,1,2.2917239665985107,1.4363313913345337,0.4959128201007843,3.322965621948242,1.3432831764221191
four_class_provisional_roi,0111,no_radar_CE,42,51,0.033183127641677856,0.010635003447532654,0.02692859247326851,0.011381728574633598,0.005636692047119141
four_class_provisional_roi,0111,no_radar_CE,42,101,0.007117354776710272,0.012911874800920486,0.004820041824132204,0.003690590150654316,0.0045201778411865234
four_class_provisional_roi,0111,no_radar_CE,42,151,0.005214882083237171,0.010129568167030811,0.0018418702529743314,0.005819409620016813,0.004633069038391113
four_class_provisional_roi,0111,no_radar_CE,42,200,0.004882898647338152,0.012192264199256897,0.003014052752405405,0.0028070725966244936,0.0046530961990356445
four_class_provisional_roi,0111,no_radar_CE,73,1,2.342120885848999,1.4619553089141846,0.5036430358886719,3.3654134273529053,1.5577096939086914
four_class_provisional_roi,0111,no_radar_CE,73,51,0.03478269279003143,0.012552818283438683,0.029996365308761597,0.008448909968137741,0.005618691444396973
four_class_provisional_roi,0111,no_radar_CE,73,101,0.007944968529045582,0.012233132496476173,0.003956622444093227,0.007047551684081554,0.004645705223083496
four_class_provisional_roi,0111,no_radar_CE,73,151,0.00519270496442914,0.010769770480692387,0.002500824863091111,0.004462463781237602,0.004606485366821289
four_class_provisional_roi,0111,no_radar_CE,73,200,0.00558949401602149,0.00972215086221695,0.0021944022737443447,0.005859683267772198,0.004652500152587891
four_class_provisional_roi,0111,shuffled,17,1,3.75631046295166,1.4420249462127686,0.5004580616950989,3.3419785499572754,1.4283831119537354
four_class_provisional_roi,0111,shuffled,17,51,2.0320448875427246,0.7729315757751465,0.33047884702682495,1.7894048690795898,0.3393186330795288
four_class_provisional_roi,0111,shuffled,17,101,1.9953012466430664,0.7646206021308899,0.3088344633579254,1.785330057144165,0.2918128967285156
four_class_provisional_roi,0111,shuffled,17,151,1.9933193922042847,0.7591469883918762,0.3119875490665436,1.7859336137771606,0.29218029975891113
four_class_provisional_roi,0111,shuffled,17,200,1.9947655200958252,0.7411353588104248,0.3077027201652527,1.8324028253555298,0.29726076126098633
four_class_provisional_roi,0111,shuffled,42,1,3.7628958225250244,1.4363313913345337,0.5007842183113098,3.3605098724365234,1.4552528858184814
four_class_provisional_roi,0111,shuffled,42,51,2.0219645500183105,0.7231447696685791,0.33125513792037964,1.8626768589019775,0.3622623682022095
four_class_provisional_roi,0111,shuffled,42,101,1.9944181442260742,0.7500506639480591,0.3110963702201843,1.8072788715362549,0.29631686210632324
four_class_provisional_roi,0111,shuffled,42,151,1.993241786956787,0.7249895334243774,0.3178747892379761,1.8385968208312988,0.31079089641571045
four_class_provisional_roi,0111,shuffled,42,200,1.9917659759521484,0.7477431297302246,0.30988022685050964,1.8091342449188232,0.295754611492157
four_class_provisional_roi,0111,shuffled,73,1,3.7323780059814453,1.4619553089141846,0.49297410249710083,3.3109538555145264,1.2197157144546509
four_class_provisional_roi,0111,shuffled,73,51,2.0270302295684814,0.7960959672927856,0.32365238666534424,1.7518799304962158,0.3134196400642395
four_class_provisional_roi,0111,shuffled,73,101,1.9943190813064575,0.7337554693222046,0.31375670433044434,1.831978440284729,0.30817705392837524
four_class_provisional_roi,0111,shuffled,73,151,1.9934743642807007,0.7479650974273682,0.3126177191734314,1.805582046508789,0.3010041117668152
four_class_provisional_roi,0111,shuffled,73,200,1.991737961769104,0.7451116442680359,0.31164121627807617,1.8099029064178467,0.3003372550010681
four_class_provisional_roi,0111,distill_phase,17,1,3.7193539142608643,1.436466932296753,0.4912804663181305,3.3317437171936035,1.25734543800354
four_class_provisional_roi,0111,distill_phase,17,51,0.05027436092495918,0.009820490144193172,0.03372674435377121,0.012280179187655449,0.005870342254638672
four_class_provisional_roi,0111,distill_phase,17,101,0.015840919688344002,0.009807266294956207,0.003086988814175129,0.004961968399584293,0.004656791687011719
four_class_provisional_roi,0111,distill_phase,17,151,0.015639765188097954,0.010358561761677265,0.002336750738322735,0.004970231559127569,0.004593372344970703
four_class_provisional_roi,0111,distill_phase,17,200,0.01756828837096691,0.01132144220173359,0.0031750493217259645,0.00522491754963994,0.004593372344970703
four_class_provisional_roi,0111,distill_phase,42,1,3.7411861419677734,1.4425140619277954,0.4963932931423187,3.3378357887268066,1.333607792854309
four_class_provisional_roi,0111,distill_phase,42,51,0.05565047264099121,0.00997532345354557,0.04033585637807846,0.009453276172280312,0.006126523017883301
four_class_provisional_roi,0111,distill_phase,42,101,0.016219912096858025,0.009367883205413818,0.003391893580555916,0.005999044049531221,0.004606127738952637
four_class_provisional_roi,0111,distill_phase,42,151,0.01527648139744997,0.00975501537322998,0.0022509354166686535,0.005602073855698109,0.004694938659667969
four_class_provisional_roi,0111,distill_phase,42,200,0.015614720061421394,0.010243453085422516,0.0025099501945078373,0.004807869903743267,0.004573822021484375
four_class_provisional_roi,0111,distill_phase,73,1,3.698328733444214,1.4208213090896606,0.4941709041595459,3.3010690212249756,1.3280231952667236
four_class_provisional_roi,0111,distill_phase,73,51,0.05492781102657318,0.011686461046338081,0.039790816605091095,0.005711998790502548,0.005945324897766113
four_class_provisional_roi,0111,distill_phase,73,101,0.016536720097064972,0.009524816647171974,0.0034714369103312492,0.0061677200719714165,0.004566073417663574
four_class_provisional_roi,0111,distill_phase,73,151,0.014956340193748474,0.00950529333204031,0.002290479838848114,0.005403104238212109,0.004590153694152832
four_class_provisional_roi,0111,distill_phase,73,200,0.01576128788292408,0.010626308619976044,0.002468210645020008,0.0044186534360051155,0.004574418067932129
four_class_provisional_roi,0111,original_head,17,1,0.49974632263183594,1.4420249462127686,0.49974632263183594,3.3437609672546387,1.403268814086914
four_class_provisional_roi,0111,original_head,17,51,0.004037182312458754,0.010280467569828033,0.004037182312458754,0.021461758762598038,0.004744172096252441
four_class_provisional_roi,0111,original_head,17,101,0.0008697091834619641,0.010195240378379822,0.0008697091834619641,0.018636763095855713,0.004756569862365723
four_class_provisional_roi,0111,original_head,17,151,0.0008299967157654464,0.007537320256233215,0.0008299967157654464,0.031382132321596146,0.00480043888092041
four_class_provisional_roi,0111,original_head,17,200,0.0014834991889074445,0.011320536956191063,0.0014834991889074445,0.01600920595228672,0.0047261714935302734
four_class_provisional_roi,0111,original_head,42,1,0.4959128201007843,1.4363313913345337,0.4959128201007843,3.322965621948242,1.3432831764221191
four_class_provisional_roi,0111,original_head,42,51,0.0030769219156354666,0.008640680462121964,0.0030769219156354666,0.026433972641825676,0.004788398742675781
four_class_provisional_roi,0111,original_head,42,101,0.0007624843856319785,0.010168967768549919,0.0007624843856319785,0.014701268635690212,0.00461888313293457
four_class_provisional_roi,0111,original_head,42,151,0.0005500322440639138,0.008048854768276215,0.0005500322440639138,0.02759702503681183,0.004781126976013184
four_class_provisional_roi,0111,original_head,42,200,0.0005678270244970918,0.008401738479733467,0.0005678270244970918,0.02148626372218132,0.004722118377685547
four_class_provisional_roi,0111,original_head,73,1,0.5036430358886719,1.4619553089141846,0.5036430358886719,3.3654134273529053,1.5577096939086914
four_class_provisional_roi,0111,original_head,73,51,0.003897108370438218,0.008114905096590519,0.003897108370438218,0.027463356032967567,0.004844069480895996
four_class_provisional_roi,0111,original_head,73,101,0.0007293407688848674,0.008613299578428268,0.0007293407688848674,0.01802583783864975,0.004673123359680176
four_class_provisional_roi,0111,original_head,73,151,0.0006341231055557728,0.007962913252413273,0.0006341231055557728,0.021847352385520935,0.004710674285888672
four_class_provisional_roi,0111,original_head,73,200,0.00082674395525828,0.007339587900787592,0.00082674395525828,0.027690540999174118,0.0047065019607543945
four_class_provisional_roi,1000,supervised,17,1,1.3967984914779663,1.3967984914779663,0.3068210780620575,2.9517321586608887,1.364253282546997
four_class_provisional_roi,1000,supervised,17,51,0.00046625902177765965,0.00046625902177765965,1.6064397096633911,1.287116527557373,1.2874865531921387
four_class_provisional_roi,1000,supervised,17,101,0.0001665488089201972,0.0001665488089201972,1.663693904876709,1.4491119384765625,1.2901246547698975
four_class_provisional_roi,1000,supervised,17,151,0.00014592797379009426,0.00014592797379009426,1.6544671058654785,1.3885338306427002,1.300856590270996
four_class_provisional_roi,1000,supervised,17,200,9.635572496335953e-05,9.635572496335953e-05,1.7247378826141357,1.5466234683990479,1.2864134311676025
four_class_provisional_roi,1000,supervised,42,1,1.386922836303711,1.386922836303711,0.3052102327346802,2.934683322906494,1.3113635778427124
four_class_provisional_roi,1000,supervised,42,51,0.00030897941906005144,0.00030897941906005144,1.5661547183990479,1.0499154329299927,1.506791114807129
four_class_provisional_roi,1000,supervised,42,101,0.00014270163956098258,0.00014270163956098258,1.7211132049560547,1.3065087795257568,1.5064775943756104
four_class_provisional_roi,1000,supervised,42,151,0.00010618474334478378,0.00010618474334478378,1.8240265846252441,1.4737920761108398,1.5031278133392334
four_class_provisional_roi,1000,supervised,42,200,9.374145156471059e-05,9.374145156471059e-05,1.8292750120162964,1.4511942863464355,1.5033259391784668
four_class_provisional_roi,1000,supervised,73,1,1.3683669567108154,1.3683669567108154,0.3117787837982178,2.9132795333862305,1.494994044303894
four_class_provisional_roi,1000,supervised,73,51,0.00039840576937422156,0.00039840576937422156,1.7835359573364258,1.1068270206451416,1.766587495803833
four_class_provisional_roi,1000,supervised,73,101,0.00011637558054644614,0.00011637558054644614,1.9644827842712402,1.3841264247894287,1.7683277130126953
four_class_provisional_roi,1000,supervised,73,151,0.00017520503024570644,0.00017520503024570644,1.9891260862350464,1.328484058380127,1.7831841707229614
four_class_provisional_roi,1000,supervised,73,200,7.689007179578766e-05,7.689007179578766e-05,2.0429415702819824,1.4581873416900635,1.7812879085540771
four_class_provisional_roi,1000,head_only,17,1,1.4486730098724365,1.4486730098724365,0.3068210780620575,2.9820520877838135,1.364253282546997
four_class_provisional_roi,1000,head_only,17,51,0.0005698387394659221,0.0005698387394659221,0.5332230925559998,0.7517037391662598,0.05872398614883423
four_class_provisional_roi,1000,head_only,17,101,0.00034687580773606896,0.00034687580773606896,0.5651065111160278,0.8765163421630859,0.05658966302871704
four_class_provisional_roi,1000,head_only,17,151,0.0003088859957642853,0.0003088859957642853,0.5995192527770996,0.9631236791610718,0.055811524391174316
four_class_provisional_roi,1000,head_only,17,200,0.00016947387484833598,0.00016947387484833598,0.6297076940536499,1.0789424180984497,0.05474376678466797
four_class_provisional_roi,1000,head_only,42,1,1.5042986869812012,1.5042986869812012,0.3052102327346802,3.0389533042907715,1.3113635778427124
four_class_provisional_roi,1000,head_only,42,51,0.0006903547327965498,0.0006903547327965498,0.5198996663093567,0.7018551230430603,0.05807662010192871
four_class_provisional_roi,1000,head_only,42,101,0.0004212521016597748,0.0004212521016597748,0.5817880630493164,0.8816229104995728,0.05549967288970947
four_class_provisional_roi,1000,head_only,42,151,0.00026260758750140667,0.00026260758750140667,0.6450027227401733,1.0719026327133179,0.053809940814971924
four_class_provisional_roi,1000,head_only,42,200,0.00029210728826001287,0.00029210728826001287,0.6477009057998657,1.0599043369293213,0.0525549054145813
four_class_provisional_roi,1000,head_only,73,1,1.5281258821487427,1.5281258821487427,0.3117787837982178,3.0733895301818848,1.494994044303894
four_class_provisional_roi,1000,head_only,73,51,0.0007033175206743181,0.0007033175206743181,0.5790971517562866,0.7255165576934814,0.06928718090057373
four_class_provisional_roi,1000,head_only,73,101,0.0002315620076842606,0.0002315620076842606,0.684723436832428,1.0459692478179932,0.06552022695541382
four_class_provisional_roi,1000,head_only,73,151,0.00022793974494561553,0.00022793974494561553,0.7063692808151245,1.0606194734573364,0.06473422050476074
four_class_provisional_roi,1000,head_only,73,200,0.00015350675676018,0.00015350675676018,0.7200558185577393,1.1415371894836426,0.06365370750427246
four_class_provisional_roi,1000,distill,17,1,3.3829452991485596,1.4486730098724365,0.3068210780620575,2.9820520877838135,1.364253282546997
four_class_provisional_roi,1000,distill,17,51,0.06801839917898178,0.021849671378731728,0.044202644377946854,0.0014409011928364635,0.012456297874450684
four_class_provisional_roi,1000,distill,17,101,0.02626505307853222,0.020142536610364914,0.004290586803108454,0.002270421013236046,0.00696718692779541
four_class_provisional_roi,1000,distill,17,151,0.020892292261123657,0.0176637452095747,0.0007189598982222378,0.0037131416611373425,0.006530165672302246
four_class_provisional_roi,1000,distill,17,200,0.019927632063627243,0.01635999046266079,0.0006668877904303372,0.004517576657235622,0.006419658660888672
four_class_provisional_roi,1000,distill,42,1,3.4601221084594727,1.5042986869812012,0.3052102327346802,3.0389533042907715,1.3113635778427124
four_class_provisional_roi,1000,distill,42,51,0.07316707074642181,0.021912001073360443,0.04709184914827347,0.0057971361093223095,0.01264655590057373
four_class_provisional_roi,1000,distill,42,101,0.02794000320136547,0.01977497898042202,0.0051511479541659355,0.004614932928234339,0.007064104080200195
four_class_provisional_roi,1000,distill,42,151,0.02127242274582386,0.01676424965262413,0.0009509537485428154,0.005768017843365669,0.0067321062088012695
four_class_provisional_roi,1000,distill,42,200,0.021590465679764748,0.01772526651620865,0.0008874186314642429,0.004625541623681784,0.006650090217590332
four_class_provisional_roi,1000,distill,73,1,3.5260987281799316,1.5281258821487427,0.3117787837982178,3.0733895301818848,1.494994044303894
four_class_provisional_roi,1000,distill,73,51,0.07173482328653336,0.02127799764275551,0.046507567167282104,0.005284939892590046,0.013067841529846191
four_class_provisional_roi,1000,distill,73,101,0.026637397706508636,0.014085395261645317,0.005810977891087532,0.012048058211803436,0.007169961929321289
four_class_provisional_roi,1000,distill,73,151,0.023504333570599556,0.014285558834671974,0.0017872753087431192,0.013522680848836899,0.0067015886306762695
four_class_provisional_roi,1000,distill,73,200,0.020738093182444572,0.016053039580583572,0.0007376447319984436,0.00657295435667038,0.006609320640563965
four_class_provisional_roi,1000,no_contrast,17,1,3.2465200424194336,1.4486730098724365,0.3068210780620575,2.9820520877838135,1.364253282546997
four_class_provisional_roi,1000,no_contrast,17,51,0.0674394816160202,0.020409736782312393,0.04577551782131195,0.0025084568187594414,0.013124346733093262
four_class_provisional_roi,1000,no_contrast,17,101,0.026093870401382446,0.020395247265696526,0.004420739598572254,0.0025557654444128275,0.006998658180236816
four_class_provisional_roi,1000,no_contrast,17,151,0.020247772336006165,0.01760942116379738,0.0007115473272278905,0.003853608388453722,0.00652623176574707
four_class_provisional_roi,1000,no_contrast,17,200,0.01922762393951416,0.016198627650737762,0.0006415556999854743,0.004774880595505238,0.0064400434494018555
four_class_provisional_roi,1000,no_contrast,42,1,3.3289856910705566,1.5042986869812012,0.3052102327346802,3.0389533042907715,1.3113635778427124
four_class_provisional_roi,1000,no_contrast,42,51,0.07318811118602753,0.02048632502555847,0.04950963705778122,0.006384304724633694,0.013365030288696289
four_class_provisional_roi,1000,no_contrast,42,101,0.027315499261021614,0.019752204418182373,0.00523257814347744,0.004661433398723602,0.007108330726623535
four_class_provisional_roi,1000,no_contrast,42,151,0.020555242896080017,0.016674567013978958,0.0009248664136976004,0.005911617539823055,0.0067598819732666016
four_class_provisional_roi,1000,no_contrast,42,200,0.02097111940383911,0.01737309992313385,0.0009202600922435522,0.005355519708245993,0.006667613983154297
four_class_provisional_roi,1000,no_contrast,73,1,3.3765993118286133,1.5281258821487427,0.3117787837982178,3.0733895301818848,1.494994044303894
four_class_provisional_roi,1000,no_contrast,73,51,0.07135611772537231,0.020314697176218033,0.04791188985109329,0.006259061396121979,0.013635754585266113
four_class_provisional_roi,1000,no_contrast,73,101,0.025907117873430252,0.013957325369119644,0.005774565972387791,0.012350451201200485,0.007201671600341797
four_class_provisional_roi,1000,no_contrast,73,151,0.022790007293224335,0.014218781143426895,0.00178536307066679,0.013571725226938725,0.006725311279296875
four_class_provisional_roi,1000,no_contrast,73,200,0.01981738582253456,0.01602255553007126,0.0006859852001070976,0.006217692047357559,0.006637454032897949
four_class_provisional_roi,1000,no_radar_CE,17,1,1.9342725276947021,1.4486730098724365,0.3068210780620575,2.9820520877838135,1.364253282546997
four_class_provisional_roi,1000,no_radar_CE,17,51,0.030611049383878708,0.03315754979848862,0.02524615079164505,0.008863339200615883,0.00933229923248291
four_class_provisional_roi,1000,no_radar_CE,17,101,0.005919168703258038,0.028757333755493164,0.0018639545887708664,0.0067598819732666016,0.006752729415893555
four_class_provisional_roi,1000,no_radar_CE,17,151,0.002334089018404484,0.022871406748890877,0.0006093230913393199,0.0021248781122267246,0.006623268127441406
four_class_provisional_roi,1000,no_radar_CE,17,200,0.001985349925234914,0.021952053532004356,0.0007373637636192143,0.0011893194168806076,0.006533265113830566
four_class_provisional_roi,1000,no_radar_CE,42,1,1.9558231830596924,1.5042986869812012,0.3052102327346802,3.0389533042907715,1.3113635778427124
four_class_provisional_roi,1000,no_radar_CE,42,51,0.02963951975107193,0.03850599378347397,0.025101548060774803,0.007166209630668163,0.009548664093017578
four_class_provisional_roi,1000,no_radar_CE,42,101,0.0063199447467923164,0.026456080377101898,0.0020497064106166363,0.007190575357526541,0.006749510765075684
four_class_provisional_roi,1000,no_radar_CE,42,151,0.0023573841899633408,0.020634153857827187,0.0006411102367565036,0.0020610210485756397,0.006857633590698242
four_class_provisional_roi,1000,no_radar_CE,42,200,0.002851258497685194,0.02171192318201065,0.0010040511842817068,0.0023399824276566505,0.006772160530090332
four_class_provisional_roi,1000,no_radar_CE,73,1,1.9979729652404785,1.5281258821487427,0.3117787837982178,3.0733895301818848,1.494994044303894
four_class_provisional_roi,1000,no_radar_CE,73,51,0.031238356605172157,0.028222298249602318,0.024663876742124557,0.011179382912814617,0.009847879409790039
four_class_provisional_roi,1000,no_radar_CE,73,101,0.005148366559296846,0.017905069515109062,0.0018468837952241302,0.0052491058595478535,0.006769299507141113
four_class_provisional_roi,1000,no_radar_CE,73,151,0.004402122925966978,0.01743028312921524,0.0010217365343123674,0.005416282452642918,0.006722450256347656
four_class_provisional_roi,1000,no_radar_CE,73,200,0.0017924788407981396,0.01956254616379738,0.0005133163649588823,0.0012163858627900481,0.006709694862365723
four_class_provisional_roi,1000,shuffled,17,1,3.435882091522217,1.4486730098724365,0.31040358543395996,3.0464229583740234,1.5359396934509277
four_class_provisional_roi,1000,shuffled,17,51,1.7474627494812012,0.659848690032959,0.20143947005271912,1.7414907217025757,0.15429198741912842
four_class_provisional_roi,1000,shuffled,17,101,1.7129775285720825,0.6388128995895386,0.17796199023723602,1.7702049016952515,0.11100208759307861
four_class_provisional_roi,1000,shuffled,17,151,1.710114598274231,0.6427528858184814,0.18012487888336182,1.7538142204284668,0.1032974123954773
four_class_provisional_roi,1000,shuffled,17,200,1.7106889486312866,0.6358989477157593,0.17842726409435272,1.7708728313446045,0.1092633605003357
four_class_provisional_roi,1000,shuffled,42,1,3.5565757751464844,1.5042986869812012,0.3125738501548767,3.175891399383545,1.5175747871398926
four_class_provisional_roi,1000,shuffled,42,51,1.7509328126907349,0.6171325445175171,0.20258374512195587,1.8266392946243286,0.17896878719329834
four_class_provisional_roi,1000,shuffled,42,101,1.7136733531951904,0.6454086899757385,0.18093660473823547,1.7538087368011475,0.10423624515533447
four_class_provisional_roi,1000,shuffled,42,151,1.7111958265304565,0.6290112137794495,0.18185198307037354,1.7793614864349365,0.10651922225952148
four_class_provisional_roi,1000,shuffled,42,200,1.7103791236877441,0.6497516632080078,0.17767497897148132,1.7460328340530396,0.09936082363128662
four_class_provisional_roi,1000,shuffled,73,1,3.505760669708252,1.5281258821487427,0.30861514806747437,3.0719997882843018,1.3301997184753418
four_class_provisional_roi,1000,shuffled,73,51,1.7482309341430664,0.6539435386657715,0.20382945239543915,1.7502498626708984,0.1533299684524536
four_class_provisional_roi,1000,shuffled,73,101,1.71393620967865,0.6141469478607178,0.18604999780654907,1.8053083419799805,0.11085134744644165
four_class_provisional_roi,1000,shuffled,73,151,1.7111504077911377,0.6231120824813843,0.18487820029258728,1.7849655151367188,0.1067730188369751
four_class_provisional_roi,1000,shuffled,73,200,1.7101162672042847,0.6366171836853027,0.1826973855495453,1.7607417106628418,0.10430842638015747
four_class_provisional_roi,1000,distill_phase,17,1,3.468215227127075,1.499546766281128,0.30480068922042847,3.0428998470306396,1.4241797924041748
four_class_provisional_roi,1000,distill_phase,17,51,0.06231899559497833,0.017678719013929367,0.03906373307108879,0.008963190019130707,0.010949492454528809
four_class_provisional_roi,1000,distill_phase,17,101,0.02392132207751274,0.019661685451865196,0.002766398014500737,0.0016060560010373592,0.006902098655700684
four_class_provisional_roi,1000,distill_phase,17,151,0.02015950158238411,0.017238294705748558,0.0005341627402231097,0.0034698895178735256,0.006520986557006836
four_class_provisional_roi,1000,distill_phase,17,200,0.0201107170432806,0.01779983937740326,0.0004472870205063373,0.0024185716174542904,0.0065430402755737305
four_class_provisional_roi,1000,distill_phase,42,1,3.4869887828826904,1.5017290115356445,0.3119094967842102,3.057389736175537,1.4465556144714355
four_class_provisional_roi,1000,distill_phase,42,51,0.06592584401369095,0.0171011034399271,0.04304173216223717,0.009182790294289589,0.011916160583496094
four_class_provisional_roi,1000,distill_phase,42,101,0.022731641307473183,0.01591014862060547,0.0036114901304244995,0.005031574983149767,0.006942152976989746
four_class_provisional_roi,1000,distill_phase,42,151,0.019919443875551224,0.016438916325569153,0.0006179381744004786,0.004378114826977253,0.006735324859619141
four_class_provisional_roi,1000,distill_phase,42,200,0.020657822489738464,0.018508709967136383,0.0005822642124257982,0.0018392526544630527,0.006472229957580566
four_class_provisional_roi,1000,distill_phase,73,1,3.487663984298706,1.5118458271026611,0.30691778659820557,3.0599141120910645,1.389435052871704
four_class_provisional_roi,1000,distill_phase,73,51,0.06422126293182373,0.017822645604610443,0.04328019544482231,0.0038986257277429104,0.011691093444824219
four_class_provisional_roi,1000,distill_phase,73,101,0.02314089983701706,0.015625568106770515,0.0036523842718452215,0.006336461286991835,0.006947159767150879
four_class_provisional_roi,1000,distill_phase,73,151,0.021272068843245506,0.014859582297503948,0.0008185133337974548,0.009857617318630219,0.006651639938354492
four_class_provisional_roi,1000,distill_phase,73,200,0.01995992287993431,0.016575876623392105,0.0005228769732639194,0.004393987823277712,0.006641745567321777
four_class_provisional_roi,1000,original_head,17,1,0.3068210780620575,1.4486730098724365,0.3068210780620575,2.9820520877838135,1.364253282546997
four_class_provisional_roi,1000,original_head,17,51,0.002753147855401039,0.032499343156814575,0.002753147855401039,0.007134781219065189,0.006822943687438965
four_class_provisional_roi,1000,original_head,17,101,0.0013898273464292288,0.02501748874783516,0.0013898273464292288,0.006124567240476608,0.0066449642181396484
four_class_provisional_roi,1000,original_head,17,151,0.0005694193532690406,0.020421244204044342,0.0005694193532690406,0.002643607323989272,0.00667881965637207
four_class_provisional_roi,1000,original_head,17,200,0.0007071106228977442,0.020643392577767372,0.0007071106228977442,0.0009683938114903867,0.006541848182678223
four_class_provisional_roi,1000,original_head,42,1,0.3052102327346802,1.5042986869812012,0.3052102327346802,3.0389533042907715,1.3113635778427124
four_class_provisional_roi,1000,original_head,42,51,0.002601234707981348,0.03645211458206177,0.002601234707981348,0.008405807428061962,0.006975531578063965
four_class_provisional_roi,1000,original_head,42,101,0.0009434923995286226,0.025548476725816727,0.0009434923995286226,0.0045244283974170685,0.006955862045288086
four_class_provisional_roi,1000,original_head,42,151,0.0006217306363396347,0.018979664891958237,0.0006217306363396347,0.004880429245531559,0.006926536560058594
four_class_provisional_roi,1000,original_head,42,200,0.0006892104283906519,0.021486707031726837,0.0006892104283906519,0.0024977182038128376,0.006856679916381836
four_class_provisional_roi,1000,original_head,73,1,0.3117787837982178,1.5281258821487427,0.3117787837982178,3.0733895301818848,1.494994044303894
four_class_provisional_roi,1000,original_head,73,51,0.002339893952012062,0.024556836113333702,0.002339893952012062,0.0038083610124886036,0.006740450859069824
four_class_provisional_roi,1000,original_head,73,101,0.0009852503426373005,0.0162348635494709,0.0009852503426373005,0.00660432456061244,0.00666046142578125
four_class_provisional_roi,1000,original_head,73,151,0.0005800757789984345,0.018084080889821053,0.0005800757789984345,0.0035016443580389023,0.006728649139404297
four_class_provisional_roi,1000,original_head,73,200,0.0005507654277607799,0.017986571416258812,0.0005507654277607799,0.00254822033457458,0.006742000579833984
four_class_provisional_roi,1001,supervised,17,1,1.385930061340332,1.385930061340332,0.5019140839576721,3.200439453125,1.3232274055480957
four_class_provisional_roi,1001,supervised,17,51,0.00025160849327221513,0.00025160849327221513,1.7666780948638916,1.0092413425445557,1.3006194829940796
four_class_provisional_roi,1001,supervised,17,101,0.00014914006169419736,0.00014914006169419736,1.8068346977233887,1.0969319343566895,1.297480821609497
four_class_provisional_roi,1001,supervised,17,151,0.0001254862581845373,0.0001254862581845373,1.8434971570968628,1.1607104539871216,1.3035062551498413
four_class_provisional_roi,1001,supervised,17,200,0.00010266663593938574,0.00010266663593938574,1.8713252544403076,1.182892084121704,1.2977650165557861
four_class_provisional_roi,1001,supervised,42,1,1.3931994438171387,1.3931994438171387,0.49667057394981384,3.2090344429016113,1.2773337364196777
four_class_provisional_roi,1001,supervised,42,51,0.00039605837082490325,0.00039605837082490325,1.7581751346588135,0.858801007270813,1.2980666160583496
four_class_provisional_roi,1001,supervised,42,101,0.00021176066366024315,0.00021176066366024315,1.8933693170547485,1.0468472242355347,1.2983787059783936
four_class_provisional_roi,1001,supervised,42,151,0.0001258385891560465,0.0001258385891560465,1.9732621908187866,1.156501054763794,1.292522668838501
four_class_provisional_roi,1001,supervised,42,200,8.863338734954596e-05,8.863338734954596e-05,1.9898979663848877,1.1584513187408447,1.29499351978302
four_class_provisional_roi,1001,supervised,73,1,1.3748958110809326,1.3748958110809326,0.5068962574005127,3.188951015472412,1.547115683555603
four_class_provisional_roi,1001,supervised,73,51,0.00027155326097272336,0.00027155326097272336,2.043059825897217,0.9833943247795105,1.6798388957977295
four_class_provisional_roi,1001,supervised,73,101,0.000137227529194206,0.000137227529194206,2.181407928466797,1.1356196403503418,1.6802175045013428
four_class_provisional_roi,1001,supervised,73,151,0.0001622357522137463,0.0001622357522137463,2.2169322967529297,1.1358788013458252,1.688442587852478
four_class_provisional_roi,1001,supervised,73,200,9.55506693571806e-05,9.55506693571806e-05,2.271815538406372,1.202767014503479,1.6864652633666992
four_class_provisional_roi,1001,head_only,17,1,1.4488115310668945,1.4488115310668945,0.5019140839576721,3.254540205001831,1.3232274055480957
four_class_provisional_roi,1001,head_only,17,51,0.001071164500899613,0.001071164500899613,0.6369429230690002,0.530339241027832,0.04628700017929077
four_class_provisional_roi,1001,head_only,17,101,0.0004857134190388024,0.0004857134190388024,0.6875078082084656,0.6649675965309143,0.038327813148498535
four_class_provisional_roi,1001,head_only,17,151,0.00037349871126934886,0.00037349871126934886,0.7244346141815186,0.7386457920074463,0.03693974018096924
four_class_provisional_roi,1001,head_only,17,200,0.00023903700639493763,0.00023903700639493763,0.7532637119293213,0.7846230864524841,0.03536731004714966
four_class_provisional_roi,1001,head_only,42,1,1.4443520307540894,1.4443520307540894,0.49667057394981384,3.240051031112671,1.2773337364196777
four_class_provisional_roi,1001,head_only,42,51,0.001088548800908029,0.001088548800908029,0.5951509475708008,0.4278317093849182,0.037834346294403076
four_class_provisional_roi,1001,head_only,42,101,0.0007303683087229729,0.0007303683087229729,0.674849271774292,0.5878912210464478,0.03489130735397339
four_class_provisional_roi,1001,head_only,42,151,0.00036129000363871455,0.00036129000363871455,0.7184813022613525,0.6836014986038208,0.032700300216674805
four_class_provisional_roi,1001,head_only,42,200,0.00028757849941030145,0.00028757849941030145,0.7408328056335449,0.7317591905593872,0.03249037265777588
four_class_provisional_roi,1001,head_only,73,1,1.4667325019836426,1.4667325019836426,0.5068962574005127,3.277693271636963,1.547115683555603
four_class_provisional_roi,1001,head_only,73,51,0.0009026682819239795,0.0009026682819239795,0.6907505989074707,0.5060008764266968,0.04769855737686157
four_class_provisional_roi,1001,head_only,73,101,0.00033403694396838546,0.00033403694396838546,0.801532506942749,0.7304326295852661,0.041938841342926025
four_class_provisional_roi,1001,head_only,73,151,0.00028360437136143446,0.00028360437136143446,0.8202239871025085,0.7466698884963989,0.040363311767578125
four_class_provisional_roi,1001,head_only,73,200,0.0001728934294078499,0.0001728934294078499,0.8577240705490112,0.8335297703742981,0.039046406745910645
four_class_provisional_roi,1001,distill,17,1,3.7103185653686523,1.4488115310668945,0.5019140839576721,3.254540205001831,1.3232274055480957
four_class_provisional_roi,1001,distill,17,51,0.06782428920269012,0.01624952256679535,0.04759592562913895,0.004809391684830189,0.015741467475891113
four_class_provisional_roi,1001,distill,17,101,0.02036186493933201,0.013717783614993095,0.003587723011150956,0.004179906100034714,0.009664058685302734
four_class_provisional_roi,1001,distill,17,151,0.018386365845799446,0.012753781862556934,0.002081670332700014,0.005207662936300039,0.009470820426940918
four_class_provisional_roi,1001,distill,17,200,0.019163258373737335,0.013704417273402214,0.001980127999559045,0.0050941635854542255,0.009316325187683105
four_class_provisional_roi,1001,distill,42,1,3.688781499862671,1.4443520307540894,0.49667057394981384,3.240051031112671,1.2773337364196777
four_class_provisional_roi,1001,distill,42,51,0.06573174893856049,0.017975211143493652,0.04400606453418732,0.004639601334929466,0.014306783676147461
four_class_provisional_roi,1001,distill,42,101,0.022171856835484505,0.015600655227899551,0.003162175416946411,0.004957530647516251,0.009302616119384766
four_class_provisional_roi,1001,distill,42,151,0.018512262031435966,0.013309847563505173,0.0008774112211540341,0.006661952938884497,0.009940266609191895
four_class_provisional_roi,1001,distill,42,200,0.01916663907468319,0.014259818941354752,0.002538404893130064,0.002904751570895314,0.009160399436950684
four_class_provisional_roi,1001,distill,73,1,3.7671868801116943,1.4667325019836426,0.5068962574005127,3.277693271636963,1.547115683555603
four_class_provisional_roi,1001,distill,73,51,0.06807483732700348,0.01763167977333069,0.045144472271203995,0.007403233088552952,0.015970706939697266
four_class_provisional_roi,1001,distill,73,101,0.01993066817522049,0.011118516325950623,0.0017729069804772735,0.012086169794201851,0.009961605072021484
four_class_provisional_roi,1001,distill,73,151,0.019777124747633934,0.011659672483801842,0.001485980348661542,0.011347917839884758,0.009575128555297852
four_class_provisional_roi,1001,distill,73,200,0.01756378263235092,0.011619387194514275,0.0015217894688248634,0.0069555556401610374,0.00944828987121582
four_class_provisional_roi,1001,no_contrast,17,1,3.577995777130127,1.4488115310668945,0.5019140839576721,3.254540205001831,1.3232274055480957
four_class_provisional_roi,1001,no_contrast,17,51,0.06731850653886795,0.01583232916891575,0.04884807765483856,0.005276206880807877,0.016286730766296387
four_class_provisional_roi,1001,no_contrast,17,101,0.019454246386885643,0.0138302743434906,0.0035549590829759836,0.004138026386499405,0.009846091270446777
four_class_provisional_roi,1001,no_contrast,17,151,0.01740313321352005,0.01275290921330452,0.0020232147071510553,0.005254020914435387,0.009579777717590332
four_class_provisional_roi,1001,no_contrast,17,200,0.018275365233421326,0.013687213882803917,0.0019540549255907536,0.005268190987408161,0.009426712989807129
four_class_provisional_roi,1001,no_contrast,42,1,3.5610480308532715,1.4443520307540894,0.49667057394981384,3.240051031112671,1.2773337364196777
four_class_provisional_roi,1001,no_contrast,42,51,0.06368984282016754,0.016766101121902466,0.044680409133434296,0.004486670717597008,0.014909982681274414
four_class_provisional_roi,1001,no_contrast,42,101,0.021689269691705704,0.015984944999217987,0.0032311519607901573,0.004946344532072544,0.009425878524780273
four_class_provisional_roi,1001,no_contrast,42,151,0.017624281346797943,0.013508891686797142,0.0009080159361474216,0.006414745934307575,0.010018348693847656
four_class_provisional_roi,1001,no_contrast,42,200,0.017994623631238937,0.014067652635276318,0.0024013128131628036,0.0030513175297528505,0.009263038635253906
four_class_provisional_roi,1001,no_contrast,73,1,3.6124753952026367,1.4667325019836426,0.5068962574005127,3.277693271636963,1.547115683555603
four_class_provisional_roi,1001,no_contrast,73,51,0.06612934172153473,0.016664396971464157,0.0456913486123085,0.007547194138169289,0.016263365745544434
four_class_provisional_roi,1001,no_contrast,73,101,0.01873140037059784,0.011158918961882591,0.0016752046067267656,0.011794555932283401,0.01004338264465332
four_class_provisional_roi,1001,no_contrast,73,151,0.01870333030819893,0.011577696539461613,0.0014311056584119797,0.011389058083295822,0.00969398021697998
four_class_provisional_roi,1001,no_contrast,73,200,0.01662290096282959,0.011590074747800827,0.0014269461389631033,0.007211762480437756,0.009563207626342773
four_class_provisional_roi,1001,no_radar_CE,17,1,2.261507034301758,1.4488115310668945,0.5019140839576721,3.254540205001831,1.3232274055480957
four_class_provisional_roi,1001,no_radar_CE,17,51,0.031273599714040756,0.022451691329479218,0.0264301560819149,0.007187070325016975,0.012499094009399414
four_class_provisional_roi,1001,no_radar_CE,17,101,0.006075977347791195,0.018354453146457672,0.0030414334032684565,0.004146027844399214,0.009615302085876465
four_class_provisional_roi,1001,no_radar_CE,17,151,0.005395103245973587,0.01430744118988514,0.0024062939919531345,0.0039948103949427605,0.009914040565490723
four_class_provisional_roi,1001,no_radar_CE,17,200,0.00678310776129365,0.017953939735889435,0.0028489851392805576,0.005963949020951986,0.009521484375
four_class_provisional_roi,1001,no_radar_CE,42,1,2.244429588317871,1.4443520307540894,0.49667057394981384,3.240051031112671,1.2773337364196777
four_class_provisional_roi,1001,no_radar_CE,42,51,0.028374260291457176,0.018825272098183632,0.024571405723690987,0.005353057757019997,0.011263251304626465
four_class_provisional_roi,1001,no_radar_CE,42,101,0.006630302406847477,0.018596375361084938,0.002597319893538952,0.006178834475576878,0.009435653686523438
four_class_provisional_roi,1001,no_radar_CE,42,151,0.005617742892354727,0.015820566564798355,0.00111206597648561,0.0069208284839987755,0.010452628135681152
four_class_provisional_roi,1001,no_radar_CE,42,200,0.00473211333155632,0.015866026282310486,0.002732903230935335,0.002132699592038989,0.009328603744506836
four_class_provisional_roi,1001,no_radar_CE,73,1,2.3004543781280518,1.4667325019836426,0.5068962574005127,3.277693271636963,1.547115683555603
four_class_provisional_roi,1001,no_radar_CE,73,51,0.027572602033615112,0.021948354318737984,0.021299932152032852,0.01010753121227026,0.012189030647277832
four_class_provisional_roi,1001,no_radar_CE,73,101,0.0061157685704529285,0.012956737540662289,0.0011207242496311665,0.00796446017920971,0.010128140449523926
four_class_provisional_roi,1001,no_radar_CE,73,151,0.0059569780714809895,0.013959655538201332,0.0012554435525089502,0.007426387630403042,0.009883403778076172
four_class_provisional_roi,1001,no_radar_CE,73,200,0.004281118977814913,0.01453514862805605,0.001786532811820507,0.0030015246011316776,0.009938240051269531
four_class_provisional_roi,1001,shuffled,17,1,3.7563908100128174,1.4488115310668945,0.505824089050293,3.308791160583496,1.4735952615737915
four_class_provisional_roi,1001,shuffled,17,51,1.9769343137741089,0.7560920715332031,0.3013771176338196,1.7539409399032593,0.4249464273452759
four_class_provisional_roi,1001,shuffled,17,101,1.9353185892105103,0.7271801233291626,0.27961158752441406,1.7924766540527344,0.3228858709335327
four_class_provisional_roi,1001,shuffled,17,151,1.9314652681350708,0.7242039442062378,0.28060483932495117,1.787917971611023,0.32697415351867676
four_class_provisional_roi,1001,shuffled,17,200,1.9324524402618408,0.7211332321166992,0.2785624861717224,1.8004491329193115,0.3253225088119507
four_class_provisional_roi,1001,shuffled,42,1,3.7583799362182617,1.4443520307540894,0.5058761835098267,3.3186190128326416,1.4884226322174072
four_class_provisional_roi,1001,shuffled,42,51,1.9683877229690552,0.7071861028671265,0.30094388127326965,1.832124948501587,0.44195282459259033
four_class_provisional_roi,1001,shuffled,42,101,1.9341013431549072,0.7233700752258301,0.28249722719192505,1.791662573814392,0.3240281343460083
four_class_provisional_roi,1001,shuffled,42,151,1.9312961101531982,0.7145437002182007,0.28392475843429565,1.799740195274353,0.32957541942596436
four_class_provisional_roi,1001,shuffled,42,200,1.9313701391220093,0.72425377368927,0.2798333168029785,1.7902146577835083,0.3217580318450928
four_class_provisional_roi,1001,shuffled,73,1,3.6956331729888916,1.4667325019836426,0.49764156341552734,3.2168281078338623,1.228449821472168
four_class_provisional_roi,1001,shuffled,73,51,1.9613807201385498,0.759635329246521,0.2945690453052521,1.7454898357391357,0.34431397914886475
four_class_provisional_roi,1001,shuffled,73,101,1.9329566955566406,0.6989787817001343,0.28769534826278687,1.8236596584320068,0.3445276618003845
four_class_provisional_roi,1001,shuffled,73,151,1.9324437379837036,0.7119063138961792,0.28421661257743835,1.8082308769226074,0.32205307483673096
four_class_provisional_roi,1001,shuffled,73,200,1.930710792541504,0.7283270359039307,0.28244683146476746,1.7763640880584717,0.31754881143569946
four_class_provisional_roi,1001,distill_phase,17,1,3.7269985675811768,1.45295250415802,0.5003319978713989,3.264516592025757,1.4145586490631104
four_class_provisional_roi,1001,distill_phase,17,51,0.05886028707027435,0.012727552093565464,0.04121842980384827,0.0070863631553947926,0.013711214065551758
four_class_provisional_roi,1001,distill_phase,17,101,0.019705137237906456,0.013700950890779495,0.0031540526542812586,0.0038115838542580605,0.009443402290344238
four_class_provisional_roi,1001,distill_phase,17,151,0.018813123926520348,0.012784445658326149,0.0021825293079018593,0.005820165853947401,0.009360671043395996
four_class_provisional_roi,1001,distill_phase,17,200,0.01960797794163227,0.013415824621915817,0.0025183120742440224,0.005516531877219677,0.009155750274658203
four_class_provisional_roi,1001,distill_phase,42,1,3.723278522491455,1.4527194499969482,0.5017397999763489,3.2612829208374023,1.3817787170410156
four_class_provisional_roi,1001,distill_phase,42,51,0.06005236506462097,0.013168375939130783,0.04133932292461395,0.008480889722704887,0.013042211532592773
four_class_provisional_roi,1001,distill_phase,42,101,0.01931346207857132,0.012677939608693123,0.002185204764828086,0.006979124620556831,0.009607553482055664
four_class_provisional_roi,1001,distill_phase,42,151,0.018218211829662323,0.01168217696249485,0.0009738202206790447,0.009163985028862953,0.00980222225189209
four_class_provisional_roi,1001,distill_phase,42,200,0.017775626853108406,0.012873991392552853,0.0019457696471363306,0.004053546115756035,0.009290933609008789
four_class_provisional_roi,1001,distill_phase,73,1,3.766644239425659,1.4795681238174438,0.4982824921607971,3.297628164291382,1.3997957706451416
four_class_provisional_roi,1001,distill_phase,73,51,0.06175747886300087,0.014610521495342255,0.04126839339733124,0.009047068655490875,0.013550281524658203
four_class_provisional_roi,1001,distill_phase,73,101,0.018846679478883743,0.011365351267158985,0.0021771611645817757,0.008651133626699448,0.009786009788513184
four_class_provisional_roi,1001,distill_phase,73,151,0.018312962725758553,0.01135170366615057,0.0013413589913398027,0.009302791208028793,0.009685039520263672
four_class_provisional_roi,1001,distill_phase,73,200,0.018271036446094513,0.012318018823862076,0.0019370438531041145,0.00614212267100811,0.009449124336242676
four_class_provisional_roi,1001,original_head,17,1,0.5019140839576721,1.4488115310668945,0.5019140839576721,3.254540205001831,1.3232274055480957
four_class_provisional_roi,1001,original_head,17,51,0.004070750437676907,0.02231593243777752,0.004070750437676907,0.010438538156449795,0.010333657264709473
four_class_provisional_roi,1001,original_head,17,101,0.0010238353861495852,0.014725607819855213,0.0010238353861495852,0.008205637335777283,0.010318517684936523
four_class_provisional_roi,1001,original_head,17,151,0.0011286686640232801,0.012645771726965904,0.0011286686640232801,0.014553970657289028,0.011037111282348633
four_class_provisional_roi,1001,original_head,17,200,0.0013617087388411164,0.01647167280316353,0.0013617087388411164,0.012532802298665047,0.010629773139953613
four_class_provisional_roi,1001,original_head,42,1,0.49667057394981384,1.4443520307540894,0.49667057394981384,3.240051031112671,1.2773337364196777
four_class_provisional_roi,1001,original_head,42,51,0.003650507889688015,0.020155098289251328,0.003650507889688015,0.006420283578336239,0.010677099227905273
four_class_provisional_roi,1001,original_head,42,101,0.0006862265872769058,0.015573317185044289,0.0006862265872769058,0.009606178849935532,0.010423064231872559
four_class_provisional_roi,1001,original_head,42,151,0.0007000976474955678,0.014083368703722954,0.0007000976474955678,0.01216985285282135,0.010751843452453613
four_class_provisional_roi,1001,original_head,42,200,0.0006432666559703648,0.013098638504743576,0.0006432666559703648,0.010448302142322063,0.010609149932861328
four_class_provisional_roi,1001,original_head,73,1,0.5068962574005127,1.4667325019836426,0.5068962574005127,3.277693271636963,1.547115683555603
four_class_provisional_roi,1001,original_head,73,51,0.0036932709626853466,0.014216460287570953,0.0036932709626853466,0.012780559249222279,0.010091781616210938
four_class_provisional_roi,1001,original_head,73,101,0.0007898132898844779,0.012292888015508652,0.0007898132898844779,0.012817725539207458,0.010921597480773926
four_class_provisional_roi,1001,original_head,73,151,0.0007665840676054358,0.01317159365862608,0.0007665840676054358,0.011712578125298023,0.010738134384155273
four_class_provisional_roi,1001,original_head,73,200,0.000914036005269736,0.013432405889034271,0.000914036005269736,0.011507995426654816,0.010547757148742676
four_class_provisional_roi,1010,supervised,17,1,1.4042625427246094,1.4042625427246094,0.3201725482940674,3.015732765197754,1.3309705257415771
four_class_provisional_roi,1010,supervised,17,51,0.00033197662560269237,0.00033197662560269237,1.6914105415344238,1.3174755573272705,1.4547755718231201
four_class_provisional_roi,1010,supervised,17,101,0.00015032260853331536,0.00015032260853331536,1.7309116125106812,1.3923544883728027,1.4502335786819458
four_class_provisional_roi,1010,supervised,17,151,0.0001185075961984694,0.0001185075961984694,1.7221438884735107,1.3724374771118164,1.4611117839813232
four_class_provisional_roi,1010,supervised,17,200,9.345498983748257e-05,9.345498983748257e-05,1.8050267696380615,1.520951271057129,1.4537220001220703
four_class_provisional_roi,1010,supervised,42,1,1.3851513862609863,1.3851513862609863,0.32060712575912476,2.9857566356658936,1.2922935485839844
four_class_provisional_roi,1010,supervised,42,51,0.0003676220658235252,0.0003676220658235252,1.5525379180908203,0.9656972289085388,1.433286190032959
four_class_provisional_roi,1010,supervised,42,101,0.0001584115088917315,0.0001584115088917315,1.71383798122406,1.2227003574371338,1.4356417655944824
four_class_provisional_roi,1010,supervised,42,151,8.887629519449547e-05,8.887629519449547e-05,1.8360282182693481,1.4195284843444824,1.4321584701538086
four_class_provisional_roi,1010,supervised,42,200,7.557348726550117e-05,7.557348726550117e-05,1.8588032722473145,1.4243836402893066,1.4352856874465942
four_class_provisional_roi,1010,supervised,73,1,1.3651751279830933,1.3651751279830933,0.3261412978172302,2.959662675857544,1.4683837890625
four_class_provisional_roi,1010,supervised,73,51,0.0004973692120984197,0.0004973692120984197,1.8013787269592285,1.0563874244689941,1.721017837524414
four_class_provisional_roi,1010,supervised,73,101,9.788899478735402e-05,9.788899478735402e-05,2.0281596183776855,1.3821611404418945,1.717500925064087
four_class_provisional_roi,1010,supervised,73,151,0.00016505998792126775,0.00016505998792126775,2.0416433811187744,1.3262429237365723,1.726775050163269
four_class_provisional_roi,1010,supervised,73,200,6.74757466185838e-05,6.74757466185838e-05,2.088921546936035,1.4563568830490112,1.725229263305664
four_class_provisional_roi,1010,head_only,17,1,1.4651498794555664,1.4651498794555664,0.3201725482940674,3.046095132827759,1.3309705257415771
four_class_provisional_roi,1010,head_only,17,51,0.00045927311293780804,0.00045927311293780804,0.5330802798271179,0.7553963661193848,0.06032675504684448
four_class_provisional_roi,1010,head_only,17,101,0.00034335273085162044,0.00034335273085162044,0.559198796749115,0.8455749750137329,0.0579218864440918
four_class_provisional_roi,1010,head_only,17,151,0.00023841217625886202,0.00023841217625886202,0.6004278659820557,0.9687392115592957,0.0567629337310791
four_class_provisional_roi,1010,head_only,17,200,0.00017798534827306867,0.00017798534827306867,0.6161350011825562,1.023552417755127,0.055342018604278564
four_class_provisional_roi,1010,head_only,42,1,1.5165337324142456,1.5165337324142456,0.32060712575912476,3.0985240936279297,1.2922935485839844
four_class_provisional_roi,1010,head_only,42,51,0.0007284510065801442,0.0007284510065801442,0.5278663039207458,0.6957715749740601,0.06314927339553833
four_class_provisional_roi,1010,head_only,42,101,0.0003788451722357422,0.0003788451722357422,0.5793140530586243,0.8766093254089355,0.05899012088775635
four_class_provisional_roi,1010,head_only,42,151,0.00019453291315585375,0.00019453291315585375,0.6525408029556274,1.091590404510498,0.05768817663192749
four_class_provisional_roi,1010,head_only,42,200,0.00031564515666104853,0.00031564515666104853,0.6430867314338684,1.0397675037384033,0.05587208271026611
four_class_provisional_roi,1010,head_only,73,1,1.5566105842590332,1.5566105842590332,0.3261412978172302,3.150789976119995,1.4683837890625
four_class_provisional_roi,1010,head_only,73,51,0.0007671803468838334,0.0007671803468838334,0.5852365493774414,0.6666419506072998,0.08072292804718018
four_class_provisional_roi,1010,head_only,73,101,0.00022468258976005018,0.00022468258976005018,0.6978486180305481,0.9988880753517151,0.07588493824005127
four_class_provisional_roi,1010,head_only,73,151,0.0002559662680141628,0.0002559662680141628,0.7266345024108887,1.0087884664535522,0.07543706893920898
four_class_provisional_roi,1010,head_only,73,200,0.00013431304250843823,0.00013431304250843823,0.7535707950592041,1.131037712097168,0.07417726516723633
four_class_provisional_roi,1010,distill,17,1,3.44146728515625,1.4651498794555664,0.3201725482940674,3.046095132827759,1.3309705257415771
four_class_provisional_roi,1010,distill,17,51,0.06973887979984283,0.018949909135699272,0.04751171916723251,0.004644610453397036,0.009549498558044434
four_class_provisional_roi,1010,distill,17,101,0.025787388905882835,0.018849395215511322,0.00485312519595027,0.003164969850331545,0.005023837089538574
four_class_provisional_roi,1010,distill,17,151,0.01943252421915531,0.016129281371831894,0.0008176303235813975,0.004045515321195126,0.004628539085388184
four_class_provisional_roi,1010,distill,17,200,0.019312413409352303,0.016645878553390503,0.0007123877294361591,0.0029949345625936985,0.004566788673400879
four_class_provisional_roi,1010,distill,42,1,3.515632390975952,1.5165337324142456,0.32060712575912476,3.0985240936279297,1.2922935485839844
four_class_provisional_roi,1010,distill,42,51,0.07591959089040756,0.019921088591217995,0.05166281759738922,0.0067534856498241425,0.009589433670043945
four_class_provisional_roi,1010,distill,42,101,0.02650851011276245,0.018325412645936012,0.004994976334273815,0.005394743289798498,0.004907488822937012
four_class_provisional_roi,1010,distill,42,151,0.01958473026752472,0.014277867041528225,0.0009931818349286914,0.0077012269757688046,0.004630684852600098
four_class_provisional_roi,1010,distill,42,200,0.019862402230501175,0.016953367739915848,0.0008580017602071166,0.0031677521765232086,0.004671573638916016
four_class_provisional_roi,1010,distill,73,1,3.604985237121582,1.5566105842590332,0.3261412978172302,3.150789976119995,1.4683837890625
four_class_provisional_roi,1010,distill,73,51,0.07293711602687836,0.019520580768585205,0.05042122304439545,0.004108573775738478,0.009410262107849121
four_class_provisional_roi,1010,distill,73,101,0.023921487852931023,0.01394289918243885,0.00459382263943553,0.00978285912424326,0.004933357238769531
four_class_provisional_roi,1010,distill,73,151,0.021190650761127472,0.014490801841020584,0.001254821429029107,0.009960006922483444,0.004650235176086426
four_class_provisional_roi,1010,distill,73,200,0.020108681172132492,0.013252120465040207,0.0010496125323697925,0.0106812734156847,0.00466310977935791
four_class_provisional_roi,1010,no_contrast,17,1,3.3083701133728027,1.4651498794555664,0.3201725482940674,3.046095132827759,1.3309705257415771
four_class_provisional_roi,1010,no_contrast,17,51,0.07093867659568787,0.01767222210764885,0.0496288537979126,0.007275208365172148,0.010008931159973145
four_class_provisional_roi,1010,no_contrast,17,101,0.025446176528930664,0.019132239744067192,0.004652796313166618,0.0033222830388695,0.005034446716308594
four_class_provisional_roi,1010,no_contrast,17,151,0.019030272960662842,0.01625007763504982,0.0007554323528893292,0.004049524199217558,0.004626870155334473
four_class_provisional_roi,1010,no_contrast,17,200,0.018823789432644844,0.016530396416783333,0.0006917568389326334,0.0032032709568738937,0.004569292068481445
four_class_provisional_roi,1010,no_contrast,42,1,3.3864030838012695,1.5165337324142456,0.32060712575912476,3.0985240936279297,1.2922935485839844
four_class_provisional_roi,1010,no_contrast,42,51,0.07764255255460739,0.018415240570902824,0.05507984012365341,0.008294936269521713,0.010369181632995605
four_class_provisional_roi,1010,no_contrast,42,101,0.02615952678024769,0.01820378005504608,0.005072220228612423,0.005767052993178368,0.004916548728942871
four_class_provisional_roi,1010,no_contrast,42,151,0.019142983481287956,0.014191857539117336,0.0009550247341394424,0.007992202416062355,0.004637360572814941
four_class_provisional_roi,1010,no_contrast,42,200,0.0193821731954813,0.016804464161396027,0.0008740324410609901,0.003407352836802602,0.004678249359130859
four_class_provisional_roi,1010,no_contrast,73,1,3.458146810531616,1.5566105842590332,0.3261412978172302,3.150789976119995,1.4683837890625
four_class_provisional_roi,1010,no_contrast,73,51,0.07399026304483414,0.018704362213611603,0.052983663976192474,0.00460447184741497,0.010119318962097168
four_class_provisional_roi,1010,no_contrast,73,101,0.023634636774659157,0.013945695012807846,0.00459817610681057,0.010181532241404057,0.004955291748046875
four_class_provisional_roi,1010,no_contrast,73,151,0.020677682012319565,0.014342794194817543,0.0012349665630608797,0.010199842974543571,0.004655122756958008
four_class_provisional_roi,1010,no_contrast,73,200,0.019556788727641106,0.013357367366552353,0.0010226537706330419,0.010353535413742065,0.004673123359680176
four_class_provisional_roi,1010,no_radar_CE,17,1,1.9763171672821045,1.4651498794555664,0.3201725482940674,3.046095132827759,1.3309705257415771
four_class_provisional_roi,1010,no_radar_CE,17,51,0.03426070138812065,0.033861346542835236,0.02635912597179413,0.014395786449313164,0.007036805152893066
four_class_provisional_roi,1010,no_radar_CE,17,101,0.005819214042276144,0.028192635625600815,0.0019753752276301384,0.006731571163982153,0.00478053092956543
four_class_provisional_roi,1010,no_radar_CE,17,151,0.0018552589463070035,0.020390963181853294,0.0006404403247870505,0.0015045253094285727,0.004625558853149414
four_class_provisional_roi,1010,no_radar_CE,17,200,0.0025031701661646366,0.021597031503915787,0.0009812694042921066,0.0021274869795888662,0.004581570625305176
four_class_provisional_roi,1010,no_radar_CE,42,1,1.999098539352417,1.5165337324142456,0.32060712575912476,3.0985240936279297,1.2922935485839844
four_class_provisional_roi,1010,no_radar_CE,42,51,0.030988449230790138,0.03382837399840355,0.02677023410797119,0.0070267305709421635,0.007048487663269043
four_class_provisional_roi,1010,no_radar_CE,42,101,0.005649514961987734,0.024116307497024536,0.0020915428176522255,0.006165893282741308,0.004750251770019531
four_class_provisional_roi,1010,no_radar_CE,42,151,0.0025264485739171505,0.017388273030519485,0.0006998862372711301,0.0027179275639355183,0.0046759843826293945
four_class_provisional_roi,1010,no_radar_CE,42,200,0.0024260361678898335,0.020624933764338493,0.0010179642122238874,0.0018732701428234577,0.004714369773864746
four_class_provisional_roi,1010,no_radar_CE,73,1,2.048374652862549,1.5566105842590332,0.3261412978172302,3.150789976119995,1.4683837890625
four_class_provisional_roi,1010,no_radar_CE,73,51,0.02941126562654972,0.023777484893798828,0.025557493790984154,0.006386847235262394,0.0066034793853759766
four_class_provisional_roi,1010,no_radar_CE,73,101,0.004819519817829132,0.016941171139478683,0.0015086366329342127,0.00567789189517498,0.004719376564025879
four_class_provisional_roi,1010,no_radar_CE,73,151,0.0028824375476688147,0.018342971801757812,0.0007079399074427783,0.003415944054722786,0.004665255546569824
four_class_provisional_roi,1010,no_radar_CE,73,200,0.002896203426644206,0.016071222722530365,0.0006299454835243523,0.0035938858054578304,0.004693150520324707
four_class_provisional_roi,1010,shuffled,17,1,3.498486042022705,1.4651498794555664,0.3249559998512268,3.1111018657684326,1.5282907485961914
four_class_provisional_roi,1010,shuffled,17,51,1.7557936906814575,0.6794790029525757,0.1984257847070694,1.7168409824371338,0.19468390941619873
four_class_provisional_roi,1010,shuffled,17,101,1.7172538042068481,0.6520598530769348,0.17291158437728882,1.754488229751587,0.15038365125656128
four_class_provisional_roi,1010,shuffled,17,151,1.7135072946548462,0.64957594871521,0.1769310086965561,1.7453968524932861,0.14301860332489014
four_class_provisional_roi,1010,shuffled,17,200,1.7136774063110352,0.6444385051727295,0.17309463024139404,1.7629058361053467,0.14691317081451416
four_class_provisional_roi,1010,shuffled,42,1,3.6057841777801514,1.5165337324142456,0.3279303312301636,3.217984437942505,1.5232787132263184
four_class_provisional_roi,1010,shuffled,42,51,1.766871452331543,0.592947244644165,0.2094840407371521,1.876733660697937,0.26073384284973145
four_class_provisional_roi,1010,shuffled,42,101,1.7188290357589722,0.6414358019828796,0.1802961528301239,1.7632173299789429,0.15488547086715698
four_class_provisional_roi,1010,shuffled,42,151,1.7145113945007324,0.6437956094741821,0.17854425311088562,1.7556936740875244,0.14324671030044556
four_class_provisional_roi,1010,shuffled,42,200,1.713517665863037,0.6525125503540039,0.17309075593948364,1.7475391626358032,0.1414475440979004
four_class_provisional_roi,1010,shuffled,73,1,3.587815999984741,1.5566105842590332,0.3227396011352539,3.1568124294281006,1.3005943298339844
four_class_provisional_roi,1010,shuffled,73,51,1.7582588195800781,0.6609684228897095,0.20287635922431946,1.7483751773834229,0.20226460695266724
four_class_provisional_roi,1010,shuffled,73,101,1.718314528465271,0.6363462209701538,0.18014484643936157,1.7733525037765503,0.15147215127944946
four_class_provisional_roi,1010,shuffled,73,151,1.714587688446045,0.6310867071151733,0.1806214451789856,1.7763794660568237,0.14689862728118896
four_class_provisional_roi,1010,shuffled,73,200,1.7139990329742432,0.6378706097602844,0.17955315113067627,1.7635693550109863,0.14790475368499756
four_class_provisional_roi,1010,distill_phase,17,1,3.533154010772705,1.5274908542633057,0.31692391633987427,3.117311477661133,1.3008354902267456
four_class_provisional_roi,1010,distill_phase,17,51,0.06038681045174599,0.016565104946494102,0.037985172122716904,0.009997551329433918,0.008377552032470703
four_class_provisional_roi,1010,distill_phase,17,101,0.0214835312217474,0.017430119216442108,0.002466388512402773,0.0022156997583806515,0.004791736602783203
four_class_provisional_roi,1010,distill_phase,17,151,0.020849622786045074,0.01708843745291233,0.000792346487287432,0.005010730586946011,0.004634737968444824
four_class_provisional_roi,1010,distill_phase,17,200,0.01899871602654457,0.01656505838036537,0.0005135290557518601,0.0029182203579694033,0.004610180854797363
four_class_provisional_roi,1010,distill_phase,42,1,3.48736834526062,1.4913718700408936,0.3242785334587097,3.074373722076416,1.345310926437378
four_class_provisional_roi,1010,distill_phase,42,51,0.06873899698257446,0.015610601752996445,0.04705352336168289,0.010314974933862686,0.009173870086669922
four_class_provisional_roi,1010,distill_phase,42,101,0.021711338311433792,0.015004509128630161,0.003784270491451025,0.004872465506196022,0.004863262176513672
four_class_provisional_roi,1010,distill_phase,42,151,0.018811266869306564,0.01615152508020401,0.000657414726447314,0.003068669931963086,0.00467991828918457
four_class_provisional_roi,1010,distill_phase,42,200,0.018946873024106026,0.016870493069291115,0.0005571289220824838,0.0021130084060132504,0.0046274662017822266
four_class_provisional_roi,1010,distill_phase,73,1,3.501643657684326,1.5048824548721313,0.32065531611442566,3.08713960647583,1.3253602981567383
four_class_provisional_roi,1010,distill_phase,73,51,0.0744294598698616,0.02187313884496689,0.04978284239768982,0.003666860517114401,0.009400486946105957
four_class_provisional_roi,1010,distill_phase,73,101,0.022871296852827072,0.01509939320385456,0.004296685103327036,0.005962382536381483,0.0049402713775634766
four_class_provisional_roi,1010,distill_phase,73,151,0.01973172277212143,0.01476429495960474,0.0007717435946688056,0.007469044998288155,0.004611611366271973
four_class_provisional_roi,1010,distill_phase,73,200,0.018575217574834824,0.016061995178461075,0.0005436272476799786,0.0030142925679683685,0.004624485969543457
four_class_provisional_roi,1010,original_head,17,1,0.3201725482940674,1.4651498794555664,0.3201725482940674,3.046095132827759,1.3309705257415771
four_class_provisional_roi,1010,original_head,17,51,0.0024799881502985954,0.027030743658542633,0.0024799881502985954,0.007286321837455034,0.004754066467285156
four_class_provisional_roi,1010,original_head,17,101,0.0013013824354857206,0.025498200207948685,0.0013013824354857206,0.004358773119747639,0.004743218421936035
four_class_provisional_roi,1010,original_head,17,151,0.0006830603815615177,0.018170926719903946,0.0006830603815615177,0.004092090297490358,0.004632830619812012
four_class_provisional_roi,1010,original_head,17,200,0.000767792051192373,0.020175477489829063,0.000767792051192373,0.0008377373451367021,0.0046656131744384766
four_class_provisional_roi,1010,original_head,42,1,0.32060712575912476,1.5165337324142456,0.32060712575912476,3.0985240936279297,1.2922935485839844
four_class_provisional_roi,1010,original_head,42,51,0.00307192699983716,0.03525850549340248,0.00307192699983716,0.007979434914886951,0.004911184310913086
four_class_provisional_roi,1010,original_head,42,101,0.0007706563919782639,0.020777523517608643,0.0007706563919782639,0.002277605002745986,0.004654884338378906
four_class_provisional_roi,1010,original_head,42,151,0.0006317693623714149,0.017276419326663017,0.0006317693623714149,0.003938951529562473,0.0046842098236083984
four_class_provisional_roi,1010,original_head,42,200,0.0006277130451053381,0.020021378993988037,0.0006277130451053381,0.0022786171175539494,0.004692435264587402
four_class_provisional_roi,1010,original_head,73,1,0.3261412978172302,1.5566105842590332,0.3261412978172302,3.150789976119995,1.4683837890625
four_class_provisional_roi,1010,original_head,73,51,0.002514141146093607,0.02264319732785225,0.002514141146093607,0.0018373960629105568,0.004743456840515137
four_class_provisional_roi,1010,original_head,73,101,0.0008763631340116262,0.015103055164217949,0.0008763631340116262,0.00671088183298707,0.0047065019607543945
four_class_provisional_roi,1010,original_head,73,151,0.0006793431239202619,0.016523897647857666,0.0006793431239202619,0.005238801706582308,0.004735350608825684
four_class_provisional_roi,1010,original_head,73,200,0.0005715205334126949,0.015678655356168747,0.0005715205334126949,0.0048845503479242325,0.004715442657470703
four_class_provisional_roi,1011,supervised,17,1,1.3911521434783936,1.3911521434783936,0.5370725989341736,3.290637969970703,1.2953813076019287
four_class_provisional_roi,1011,supervised,17,51,0.00019802719180006534,0.00019802719180006534,1.8648338317871094,0.9312725067138672,1.4140949249267578
four_class_provisional_roi,1011,supervised,17,101,0.0001230948546435684,0.0001230948546435684,1.884190559387207,0.986981987953186,1.4092769622802734
four_class_provisional_roi,1011,supervised,17,151,0.00010686967289075255,0.00010686967289075255,1.9192746877670288,1.0438939332962036,1.417262077331543
four_class_provisional_roi,1011,supervised,17,200,9.439366840524599e-05,9.439366840524599e-05,1.9610329866409302,1.069634199142456,1.4188008308410645
four_class_provisional_roi,1011,supervised,42,1,1.3905963897705078,1.3905963897705078,0.5355020761489868,3.2863783836364746,1.292839527130127
four_class_provisional_roi,1011,supervised,42,51,0.00039185083005577326,0.00039185083005577326,1.7809537649154663,0.7560805082321167,1.2630343437194824
four_class_provisional_roi,1011,supervised,42,101,0.00018411347991786897,0.00018411347991786897,1.9308682680130005,0.9448978304862976,1.2680916786193848
four_class_provisional_roi,1011,supervised,42,151,0.00010164148261537775,0.00010164148261537775,2.0103020668029785,1.0505802631378174,1.2636233568191528
four_class_provisional_roi,1011,supervised,42,200,7.411997648887336e-05,7.411997648887336e-05,2.0309560298919678,1.0598796606063843,1.2651102542877197
four_class_provisional_roi,1011,supervised,73,1,1.3726297616958618,1.3726297616958618,0.5420032739639282,3.2637391090393066,1.51185142993927
four_class_provisional_roi,1011,supervised,73,51,0.00024334322370123118,0.00024334322370123118,2.119879722595215,0.9348253011703491,1.6600879430770874
four_class_provisional_roi,1011,supervised,73,101,0.00010523760283831507,0.00010523760283831507,2.273226737976074,1.1007251739501953,1.658480167388916
four_class_provisional_roi,1011,supervised,73,151,0.00016225669241975993,0.00016225669241975993,2.299607276916504,1.0823314189910889,1.6618236303329468
four_class_provisional_roi,1011,supervised,73,200,8.886607247404754e-05,8.886607247404754e-05,2.3210346698760986,1.1257665157318115,1.6603673696517944
four_class_provisional_roi,1011,head_only,17,1,1.4402689933776855,1.4402689933776855,0.5370725989341736,3.32177996635437,1.2953813076019287
four_class_provisional_roi,1011,head_only,17,51,0.0009336165967397392,0.0009336165967397392,0.6030318737030029,0.4762977957725525,0.03863149881362915
four_class_provisional_roi,1011,head_only,17,101,0.0005355093162506819,0.0005355093162506819,0.6429342031478882,0.585760235786438,0.031216919422149658
four_class_provisional_roi,1011,head_only,17,151,0.00032126600854098797,0.00032126600854098797,0.6923317313194275,0.6850616931915283,0.029547691345214844
four_class_provisional_roi,1011,head_only,17,200,0.00026242114836350083,0.00026242114836350083,0.6995511054992676,0.6784132719039917,0.027928173542022705
four_class_provisional_roi,1011,head_only,42,1,1.4527925252914429,1.4527925252914429,0.5355020761489868,3.3378238677978516,1.292839527130127
four_class_provisional_roi,1011,head_only,42,51,0.0012081580935046077,0.0012081580935046077,0.6164294481277466,0.3929135799407959,0.04060399532318115
four_class_provisional_roi,1011,head_only,42,101,0.0005974449450150132,0.0005974449450150132,0.7102196216583252,0.5585818886756897,0.03518986701965332
four_class_provisional_roi,1011,head_only,42,151,0.0003081039758399129,0.0003081039758399129,0.7539678812026978,0.6536170244216919,0.03196018934249878
four_class_provisional_roi,1011,head_only,42,200,0.00029723625630140305,0.00029723625630140305,0.7666187882423401,0.6740509271621704,0.03172945976257324
four_class_provisional_roi,1011,head_only,73,1,1.474387526512146,1.474387526512146,0.5420032739639282,3.3672327995300293,1.51185142993927
four_class_provisional_roi,1011,head_only,73,51,0.001030109589919448,0.001030109589919448,0.723855197429657,0.44746166467666626,0.04958850145339966
four_class_provisional_roi,1011,head_only,73,101,0.0003347104066051543,0.0003347104066051543,0.8524351119995117,0.6767501831054688,0.04327380657196045
four_class_provisional_roi,1011,head_only,73,151,0.00037001294549554586,0.00037001294549554586,0.867111086845398,0.6751026511192322,0.04167807102203369
four_class_provisional_roi,1011,head_only,73,200,0.0001972899044631049,0.0001972899044631049,0.912899374961853,0.77325439453125,0.03980541229248047
four_class_provisional_roi,1011,distill,17,1,3.7677695751190186,1.4402689933776855,0.5370725989341736,3.32177996635437,1.2953813076019287
four_class_provisional_roi,1011,distill,17,51,0.06211506947875023,0.014315157197415829,0.04440516233444214,0.004691937938332558,0.010487794876098633
four_class_provisional_roi,1011,distill,17,101,0.01903746835887432,0.013210673816502094,0.0033589424565434456,0.0036411641631275415,0.0064727067947387695
four_class_provisional_roi,1011,distill,17,151,0.0154929393902421,0.010562703013420105,0.001989636104553938,0.004579935688525438,0.00650632381439209
four_class_provisional_roi,1011,distill,17,200,0.017012091353535652,0.012894745916128159,0.0020334746222943068,0.0029013308230787516,0.006332039833068848
four_class_provisional_roi,1011,distill,42,1,3.7864904403686523,1.4527925252914429,0.5355020761489868,3.3378238677978516,1.292839527130127
four_class_provisional_roi,1011,distill,42,51,0.0682111382484436,0.0182097926735878,0.04507748782634735,0.007922008633613586,0.009628534317016602
four_class_provisional_roi,1011,distill,42,101,0.018847504630684853,0.01284397765994072,0.0032689000945538282,0.00422232411801815,0.006234645843505859
four_class_provisional_roi,1011,distill,42,151,0.015705276280641556,0.010260125622153282,0.0007402603514492512,0.008052274584770203,0.006787538528442383
four_class_provisional_roi,1011,distill,42,200,0.01713847555220127,0.012535317800939083,0.002492819679901004,0.002966713858768344,0.00626981258392334
four_class_provisional_roi,1011,distill,73,1,3.8511924743652344,1.474387526512146,0.5420032739639282,3.3672327995300293,1.51185142993927
four_class_provisional_roi,1011,distill,73,51,0.061895951628685,0.014872612431645393,0.04344118759036064,0.005010903347283602,0.010766983032226562
four_class_provisional_roi,1011,distill,73,101,0.018628017976880074,0.009148217737674713,0.0019330796785652637,0.013755482621490955,0.006689786911010742
four_class_provisional_roi,1011,distill,73,151,0.016472680494189262,0.010977922938764095,0.0010865427320823073,0.007520101498812437,0.006481647491455078
four_class_provisional_roi,1011,distill,73,200,0.015523565001785755,0.009199080988764763,0.0013951337896287441,0.008565017953515053,0.006468415260314941
four_class_provisional_roi,1011,no_contrast,17,1,3.6382315158843994,1.4402689933776855,0.5370725989341736,3.32177996635437,1.2953813076019287
four_class_provisional_roi,1011,no_contrast,17,51,0.06002912297844887,0.013969071209430695,0.043919436633586884,0.004281230270862579,0.01062166690826416
four_class_provisional_roi,1011,no_contrast,17,101,0.01868472807109356,0.013527539558708668,0.0033937557600438595,0.0035268645733594894,0.006480097770690918
four_class_provisional_roi,1011,no_contrast,17,151,0.014783945865929127,0.010468109510838985,0.0019158220384269953,0.004800028167665005,0.006520628929138184
four_class_provisional_roi,1011,no_contrast,17,200,0.01660466194152832,0.012951159849762917,0.002041121944785118,0.003224759828299284,0.006346464157104492
four_class_provisional_roi,1011,no_contrast,42,1,3.6572065353393555,1.4527925252914429,0.5355020761489868,3.3378238677978516,1.292839527130127
four_class_provisional_roi,1011,no_contrast,42,51,0.06410422921180725,0.016525086015462875,0.04526772350072861,0.0046228342689573765,0.009836912155151367
four_class_provisional_roi,1011,no_contrast,42,101,0.018154270946979523,0.012641647830605507,0.003245582804083824,0.004534078761935234,0.006250262260437012
four_class_provisional_roi,1011,no_contrast,42,151,0.015060799196362495,0.010239001363515854,0.0007380582392215729,0.008167479187250137,0.006786942481994629
four_class_provisional_roi,1011,no_contrast,42,200,0.01649237424135208,0.012648751959204674,0.0024063000455498695,0.002874644473195076,0.006327271461486816
four_class_provisional_roi,1011,no_contrast,73,1,3.700007438659668,1.474387526512146,0.5420032739639282,3.3672327995300293,1.51185142993927
four_class_provisional_roi,1011,no_contrast,73,51,0.060353100299835205,0.013817347586154938,0.04397719353437424,0.00511712022125721,0.010845780372619629
four_class_provisional_roi,1011,no_contrast,73,101,0.018159499391913414,0.009075241163372993,0.001985756913200021,0.014197002165019512,0.006709456443786621
four_class_provisional_roi,1011,no_contrast,73,151,0.015831518918275833,0.011047130450606346,0.001060696435160935,0.00744738569483161,0.006503582000732422
four_class_provisional_roi,1011,no_contrast,73,200,0.015000385232269764,0.009108798578381538,0.0012718619545921683,0.00923944916576147,0.006492495536804199
four_class_provisional_roi,1011,no_radar_CE,17,1,2.327500581741333,1.4402689933776855,0.5370725989341736,3.32177996635437,1.2953813076019287
four_class_provisional_roi,1011,no_radar_CE,17,51,0.02804688923060894,0.021405605599284172,0.024964407086372375,0.004529629368335009,0.008176684379577637
four_class_provisional_roi,1011,no_radar_CE,17,101,0.007587412837892771,0.018383443355560303,0.0035851439461112022,0.006689731497317553,0.006574034690856934
four_class_provisional_roi,1011,no_radar_CE,17,151,0.00456980848684907,0.011861160397529602,0.0024432046338915825,0.002911650575697422,0.00670778751373291
four_class_provisional_roi,1011,no_radar_CE,17,200,0.006856357678771019,0.016766848042607307,0.0031912103295326233,0.006047197617590427,0.0064154863357543945
four_class_provisional_roi,1011,no_radar_CE,42,1,2.33369779586792,1.4527925252914429,0.5355020761489868,3.3378238677978516,1.292839527130127
four_class_provisional_roi,1011,no_radar_CE,42,51,0.027513984590768814,0.017158569768071175,0.02469162456691265,0.004187051672488451,0.007288336753845215
four_class_provisional_roi,1011,no_radar_CE,42,101,0.00562421465292573,0.013623252511024475,0.002336847595870495,0.005304678343236446,0.006350278854370117
four_class_provisional_roi,1011,no_radar_CE,42,151,0.004663215950131416,0.011585252359509468,0.0007735300459899008,0.006378709804266691,0.007003307342529297
four_class_provisional_roi,1011,no_radar_CE,42,200,0.00449744937941432,0.014154043979942799,0.0028939167968928814,0.0019432557746767998,0.0063190460205078125
four_class_provisional_roi,1011,no_radar_CE,73,1,2.376804828643799,1.474387526512146,0.5420032739639282,3.3672327995300293,1.51185142993927
four_class_provisional_roi,1011,no_radar_CE,73,51,0.025317998602986336,0.014662460424005985,0.021178491413593292,0.0066681173630058765,0.008054494857788086
four_class_provisional_roi,1011,no_radar_CE,73,101,0.006694631651043892,0.010488348081707954,0.0011916921939700842,0.009648561477661133,0.0067865848541259766
four_class_provisional_roi,1011,no_radar_CE,73,151,0.004882891196757555,0.013263091444969177,0.0010966946138069034,0.00625329464673996,0.006595492362976074
four_class_provisional_roi,1011,no_radar_CE,73,200,0.003960683476179838,0.011316443793475628,0.0016899114707484841,0.003192166332155466,0.006746888160705566
four_class_provisional_roi,1011,shuffled,17,1,3.8200461864471436,1.4402689933776855,0.5411138534545898,3.383004665374756,1.471610188484192
four_class_provisional_roi,1011,shuffled,17,51,2.027900218963623,0.7920148372650146,0.32581573724746704,1.7400484085083008,0.400455504655838
four_class_provisional_roi,1011,shuffled,17,101,1.9858405590057373,0.7668182849884033,0.3046049475669861,1.768713116645813,0.3006076216697693
four_class_provisional_roi,1011,shuffled,17,151,1.982645034790039,0.7599097490310669,0.30797821283340454,1.7686747312545776,0.3041969835758209
four_class_provisional_roi,1011,shuffled,17,200,1.983370065689087,0.7520809769630432,0.3059394061565399,1.7900607585906982,0.30319178104400635
four_class_provisional_roi,1011,shuffled,42,1,3.836137056350708,1.4527925252914429,0.5434062480926514,3.3842926025390625,1.4779216051101685
four_class_provisional_roi,1011,shuffled,42,51,2.0229365825653076,0.7436791658401489,0.3279803395271301,1.8173470497131348,0.4260352551937103
four_class_provisional_roi,1011,shuffled,42,101,1.984870195388794,0.7510475516319275,0.30962684750556946,1.786524772644043,0.3093340992927551
four_class_provisional_roi,1011,shuffled,42,151,1.9827505350112915,0.7368935346603394,0.31495431065559387,1.798750400543213,0.3152748942375183
four_class_provisional_roi,1011,shuffled,42,200,1.9820756912231445,0.7423807382583618,0.30809152126312256,1.8015371561050415,0.30834853649139404
four_class_provisional_roi,1011,shuffled,73,1,3.784860849380493,1.474387526512146,0.5330415964126587,3.3139543533325195,1.2045444250106812
four_class_provisional_roi,1011,shuffled,73,51,2.0107946395874023,0.7995855808258057,0.31682640314102173,1.7241735458374023,0.3229602575302124
four_class_provisional_roi,1011,shuffled,73,101,1.9838051795959473,0.7379474639892578,0.31437671184539795,1.7985057830810547,0.32228052616119385
four_class_provisional_roi,1011,shuffled,73,151,1.9837738275527954,0.729381263256073,0.3131563067436218,1.8198044300079346,0.31334027647972107
four_class_provisional_roi,1011,shuffled,73,200,1.9816628694534302,0.7478610277175903,0.31054139137268066,1.7865201234817505,0.3000048100948334
four_class_provisional_roi,1011,distill_phase,17,1,3.7803196907043457,1.4474248886108398,0.5338042974472046,3.33829402923584,1.299434781074524
four_class_provisional_roi,1011,distill_phase,17,51,0.054938532412052155,0.012231269851326942,0.03874807432293892,0.006066024303436279,0.009261727333068848
four_class_provisional_roi,1011,distill_phase,17,101,0.016872193664312363,0.012161275371909142,0.0026673180982470512,0.0027976420242339373,0.006447792053222656
four_class_provisional_roi,1011,distill_phase,17,151,0.015555686317384243,0.010935299098491669,0.001821738900616765,0.004321567714214325,0.006378650665283203
four_class_provisional_roi,1011,distill_phase,17,200,0.016802992671728134,0.011294499039649963,0.00211894977837801,0.005503646098077297,0.006377220153808594
four_class_provisional_roi,1011,distill_phase,42,1,3.7701728343963623,1.4394574165344238,0.5375188589096069,3.3207597732543945,1.3281656503677368
four_class_provisional_roi,1011,distill_phase,42,51,0.05577565357089043,0.011201982386410236,0.04110599309206009,0.005069707985967398,0.009328246116638184
four_class_provisional_roi,1011,distill_phase,42,101,0.016906213015317917,0.010906169191002846,0.002647507470101118,0.005435206927359104,0.006349325180053711
four_class_provisional_roi,1011,distill_phase,42,151,0.01595384255051613,0.010986706241965294,0.0010302469599992037,0.0065368469804525375,0.006684660911560059
four_class_provisional_roi,1011,distill_phase,42,200,0.015027632936835289,0.010737702250480652,0.0016812386456876993,0.003958628512918949,0.006293773651123047
four_class_provisional_roi,1011,distill_phase,73,1,3.7974026203155518,1.4587732553482056,0.5329406261444092,3.348588466644287,1.3139454126358032
four_class_provisional_roi,1011,distill_phase,73,51,0.059382881969213486,0.011840981431305408,0.04352959245443344,0.006232115905731916,0.008962512016296387
four_class_provisional_roi,1011,distill_phase,73,101,0.016520053148269653,0.010312777943909168,0.0020905169658362865,0.006929487455636263,0.0065201520919799805
four_class_provisional_roi,1011,distill_phase,73,151,0.01516498252749443,0.010142849758267403,0.0010926980758085847,0.006560252979397774,0.006493091583251953
four_class_provisional_roi,1011,distill_phase,73,200,0.015528710559010506,0.010900554247200489,0.0016700774431228638,0.004614322446286678,0.006509184837341309
four_class_provisional_roi,1011,original_head,17,1,0.5370725989341736,1.4402689933776855,0.5370725989341736,3.32177996635437,1.2953813076019287
four_class_provisional_roi,1011,original_head,17,51,0.004710155539214611,0.019286908209323883,0.004710155539214611,0.011069867759943008,0.006941437721252441
four_class_provisional_roi,1011,original_head,17,101,0.0010959407081827521,0.014691291376948357,0.0010959407081827521,0.0067828139290213585,0.006970405578613281
four_class_provisional_roi,1011,original_head,17,151,0.0009528672671876848,0.01036519929766655,0.0009528672671876848,0.012716056779026985,0.0073784589767456055
four_class_provisional_roi,1011,original_head,17,200,0.0014101823326200247,0.014554247260093689,0.0014101823326200247,0.011194566264748573,0.006963849067687988
four_class_provisional_roi,1011,original_head,42,1,0.5355020761489868,1.4527925252914429,0.5355020761489868,3.3378238677978516,1.292839527130127
four_class_provisional_roi,1011,original_head,42,51,0.003926552832126617,0.020527029410004616,0.003926552832126617,0.006169606000185013,0.007115483283996582
four_class_provisional_roi,1011,original_head,42,101,0.0005691573023796082,0.011597059667110443,0.0005691573023796082,0.009164344519376755,0.006883740425109863
four_class_provisional_roi,1011,original_head,42,151,0.0006609431002289057,0.009915709495544434,0.0006609431002289057,0.014294889755547047,0.007251739501953125
four_class_provisional_roi,1011,original_head,42,200,0.0005395644111558795,0.010916394181549549,0.0005395644111558795,0.009152432903647423,0.007171988487243652
four_class_provisional_roi,1011,original_head,73,1,0.5420032739639282,1.474387526512146,0.5420032739639282,3.3672327995300293,1.51185142993927
four_class_provisional_roi,1011,original_head,73,51,0.003917037509381771,0.011400209739804268,0.003917037509381771,0.012227645143866539,0.0068128108978271484
four_class_provisional_roi,1011,original_head,73,101,0.000905303459148854,0.009788495488464832,0.000905303459148854,0.013914336450397968,0.007298469543457031
four_class_provisional_roi,1011,original_head,73,151,0.0007810952374711633,0.010473141446709633,0.0007810952374711633,0.013909251429140568,0.0072040557861328125
four_class_provisional_roi,1011,original_head,73,200,0.0009036933770403266,0.009658980183303356,0.0009036933770403266,0.01164580974727869,0.006983399391174316
four_class_provisional_roi,1100,supervised,17,1,1.4076759815216064,1.4076759815216064,0.29053622484207153,2.9744043350219727,1.4476722478866577
four_class_provisional_roi,1100,supervised,17,51,0.0004793930856976658,0.0004793930856976658,1.6414886713027954,1.254702091217041,1.5040110349655151
four_class_provisional_roi,1100,supervised,17,101,0.00015822891145944595,0.00015822891145944595,1.7189595699310303,1.3818374872207642,1.516913652420044
four_class_provisional_roi,1100,supervised,17,151,0.00011257088044658303,0.00011257088044658303,1.732283592224121,1.411515474319458,1.515162467956543
four_class_provisional_roi,1100,supervised,17,200,0.00010043427755590528,0.00010043427755590528,1.7843563556671143,1.498948574066162,1.5080158710479736
four_class_provisional_roi,1100,supervised,42,1,1.3837672472000122,1.3837672472000122,0.28509682416915894,2.9381604194641113,1.3296561241149902
four_class_provisional_roi,1100,supervised,42,51,0.000232461272389628,0.000232461272389628,1.5780695676803589,1.0814228057861328,1.5499324798583984
four_class_provisional_roi,1100,supervised,42,101,0.0001998186926357448,0.0001998186926357448,1.6852524280548096,1.2437975406646729,1.553965449333191
four_class_provisional_roi,1100,supervised,42,151,9.260801016353071e-05,9.260801016353071e-05,1.8285410404205322,1.4806276559829712,1.5506713390350342
four_class_provisional_roi,1100,supervised,42,200,0.00010701686551328748,0.00010701686551328748,1.815129280090332,1.4113900661468506,1.5460251569747925
four_class_provisional_roi,1100,supervised,73,1,1.3574192523956299,1.3574192523956299,0.29506298899650574,2.9043030738830566,1.5815351009368896
four_class_provisional_roi,1100,supervised,73,51,0.0003152339195366949,0.0003152339195366949,1.7813245058059692,1.0947110652923584,1.7363907098770142
four_class_provisional_roi,1100,supervised,73,101,0.00010970664152409881,0.00010970664152409881,1.9468426704406738,1.3595011234283447,1.7375984191894531
four_class_provisional_roi,1100,supervised,73,151,0.0001693677477305755,0.0001693677477305755,1.9438481330871582,1.2930655479431152,1.748531699180603
four_class_provisional_roi,1100,supervised,73,200,5.950882041361183e-05,5.950882041361183e-05,2.0476233959198,1.482564091682434,1.7474032640457153
four_class_provisional_roi,1100,head_only,17,1,1.47053861618042,1.47053861618042,0.29053622484207153,3.011622667312622,1.4476722478866577
four_class_provisional_roi,1100,head_only,17,51,0.0005064075230620801,0.0005064075230620801,0.5205464363098145,0.7368612289428711,0.048213303089141846
four_class_provisional_roi,1100,head_only,17,101,0.00031719537219032645,0.00031719537219032645,0.5553991198539734,0.8664761781692505,0.046518921852111816
four_class_provisional_roi,1100,head_only,17,151,0.00025962499785237014,0.00025962499785237014,0.5909265279769897,0.9521854519844055,0.04578721523284912
four_class_provisional_roi,1100,head_only,17,200,0.00016953037993516773,0.00016953037993516773,0.6273541450500488,1.0521259307861328,0.045011162757873535
four_class_provisional_roi,1100,head_only,42,1,1.5164062976837158,1.5164062976837158,0.28509682416915894,3.0483994483947754,1.3296561241149902
four_class_provisional_roi,1100,head_only,42,51,0.0005802356172353029,0.0005802356172353029,0.527315080165863,0.741848349571228,0.04856729507446289
four_class_provisional_roi,1100,head_only,42,101,0.0004299329884815961,0.0004299329884815961,0.558005690574646,0.8139883279800415,0.04723536968231201
four_class_provisional_roi,1100,head_only,42,151,0.00022855938004795462,0.00022855938004795462,0.6457960605621338,1.0688822269439697,0.04574882984161377
four_class_provisional_roi,1100,head_only,42,200,0.00031349805067293346,0.00031349805067293346,0.632834792137146,0.9980067014694214,0.044275104999542236
four_class_provisional_roi,1100,head_only,73,1,1.5744274854660034,1.5744274854660034,0.29506298899650574,3.126218557357788,1.5815351009368896
four_class_provisional_roi,1100,head_only,73,51,0.0008156147669069469,0.0008156147669069469,0.5154586434364319,0.6230295300483704,0.053294599056243896
four_class_provisional_roi,1100,head_only,73,101,0.0002644813503138721,0.0002644813503138721,0.6284657120704651,0.9425078630447388,0.05033528804779053
four_class_provisional_roi,1100,head_only,73,151,0.0002723532961681485,0.0002723532961681485,0.6488204002380371,0.9559886455535889,0.04922640323638916
four_class_provisional_roi,1100,head_only,73,200,0.0001711612130748108,0.0001711612130748108,0.6820916533470154,1.0686206817626953,0.048261940479278564
four_class_provisional_roi,1100,distill,17,1,3.411653518676758,1.47053861618042,0.29053622484207153,3.011622667312622,1.4476722478866577
four_class_provisional_roi,1100,distill,17,51,0.062034379690885544,0.021602673456072807,0.03757510706782341,0.0033479915000498295,0.011826038360595703
four_class_provisional_roi,1100,distill,17,101,0.02389615960419178,0.016964182257652283,0.0038605411536991596,0.004767577163875103,0.006876468658447266
four_class_provisional_roi,1100,distill,17,151,0.02036069706082344,0.016958530992269516,0.00079017982352525,0.0039153145626187325,0.006543278694152832
four_class_provisional_roi,1100,distill,17,200,0.019409634172916412,0.015351874753832817,0.000616112956777215,0.0055943806655704975,0.006444573402404785
four_class_provisional_roi,1100,distill,42,1,3.4586684703826904,1.5164062976837158,0.28509682416915894,3.0483994483947754,1.3296561241149902
four_class_provisional_roi,1100,distill,42,51,0.06272903084754944,0.020220201462507248,0.0376448817551136,0.0074483053758740425,0.011397957801818848
four_class_provisional_roi,1100,distill,42,101,0.02700374461710453,0.02096198871731758,0.004232756327837706,0.002227281453087926,0.006953597068786621
four_class_provisional_roi,1100,distill,42,151,0.02093220315873623,0.014697073958814144,0.001085556112229824,0.008985532447695732,0.0065680742263793945
four_class_provisional_roi,1100,distill,42,200,0.02112015150487423,0.018439073115587234,0.0008109718910418451,0.0024343940895050764,0.006529092788696289
four_class_provisional_roi,1100,distill,73,1,3.5907533168792725,1.5744274854660034,0.29506298899650574,3.126218557357788,1.5815351009368896
four_class_provisional_roi,1100,distill,73,51,0.07184308767318726,0.024672817438840866,0.04266756772994995,0.006408287212252617,0.012985587120056152
four_class_provisional_roi,1100,distill,73,101,0.02673095092177391,0.013227436691522598,0.005880728363990784,0.013799584470689297,0.007229924201965332
four_class_provisional_roi,1100,distill,73,151,0.021910732612013817,0.014359363354742527,0.001441142288967967,0.0109000438824296,0.006602048873901367
four_class_provisional_roi,1100,distill,73,200,0.02030125819146633,0.014939332380890846,0.0008331870194524527,0.007741071283817291,0.006582021713256836
four_class_provisional_roi,1100,no_contrast,17,1,3.2668862342834473,1.47053861618042,0.29053622484207153,3.011622667312622,1.4476722478866577
four_class_provisional_roi,1100,no_contrast,17,51,0.06097407639026642,0.02094118297100067,0.038328371942043304,0.003409039694815874,0.012276053428649902
four_class_provisional_roi,1100,no_contrast,17,101,0.023162323981523514,0.017018381506204605,0.003731727134436369,0.00482442881911993,0.006901860237121582
four_class_provisional_roi,1100,no_contrast,17,151,0.019697897136211395,0.016969505697488785,0.0007876487798057497,0.0038814852014184,0.00657200813293457
four_class_provisional_roi,1100,no_contrast,17,200,0.018688516691327095,0.015297409147024155,0.0005854751216247678,0.0056112646125257015,0.006452322006225586
four_class_provisional_roi,1100,no_contrast,42,1,3.3257029056549072,1.5164062976837158,0.28509682416915894,3.0483994483947754,1.3296561241149902
four_class_provisional_roi,1100,no_contrast,42,51,0.06319959461688995,0.01889655739068985,0.03978351503610611,0.009039042517542839,0.012101411819458008
four_class_provisional_roi,1100,no_contrast,42,101,0.026325741782784462,0.020755082368850708,0.0043403818272054195,0.0024605547077953815,0.006989955902099609
four_class_provisional_roi,1100,no_contrast,42,151,0.020405840128660202,0.014547457918524742,0.0011001256061717868,0.009516511112451553,0.006585240364074707
four_class_provisional_roi,1100,no_contrast,42,200,0.020410459488630295,0.018229087814688683,0.0008433678885921836,0.0026760082691907883,0.006552219390869141
four_class_provisional_roi,1100,no_contrast,73,1,3.4325997829437256,1.5744274854660034,0.29506298899650574,3.126218557357788,1.5815351009368896
four_class_provisional_roi,1100,no_contrast,73,51,0.06905751675367355,0.023649219423532486,0.04317238926887512,0.00447181286290288,0.013889431953430176
four_class_provisional_roi,1100,no_contrast,73,101,0.025838425382971764,0.013337578624486923,0.005769890267401934,0.013461913913488388,0.007275223731994629
four_class_provisional_roi,1100,no_contrast,73,151,0.021226948127150536,0.01419290155172348,0.00142392807174474,0.011220238171517849,0.006618022918701172
four_class_provisional_roi,1100,no_contrast,73,200,0.019509892910718918,0.01508577074855566,0.0007982716779224575,0.00725170224905014,0.006603837013244629
four_class_provisional_roi,1100,no_radar_CE,17,1,1.941114902496338,1.47053861618042,0.29053622484207153,3.011622667312622,1.4476722478866577
four_class_provisional_roi,1100,no_radar_CE,17,51,0.025837941095232964,0.019510719925165176,0.021001065149903297,0.007823646999895573,0.009250521659851074
four_class_provisional_roi,1100,no_radar_CE,17,101,0.0033257133327424526,0.022299379110336304,0.001328582875430584,0.002672825939953327,0.006607174873352051
four_class_provisional_roi,1100,no_radar_CE,17,151,0.0024607041850686073,0.021123941987752914,0.0007700592395849526,0.002047528512775898,0.006668806076049805
four_class_provisional_roi,1100,no_radar_CE,17,200,0.0018697165651246905,0.02046455815434456,0.0006646411493420601,0.0010976088233292103,0.006562709808349609
four_class_provisional_roi,1100,no_radar_CE,42,1,1.9422621726989746,1.5164062976837158,0.28509682416915894,3.0483994483947754,1.3296561241149902
four_class_provisional_roi,1100,no_radar_CE,42,51,0.025298869237303734,0.017695175483822823,0.020074212923645973,0.00871033500880003,0.008694887161254883
four_class_provisional_roi,1100,no_radar_CE,42,101,0.004219548776745796,0.02665875479578972,0.0017632483504712582,0.0035638906992971897,0.0067435503005981445
four_class_provisional_roi,1100,no_radar_CE,42,151,0.0031256205402314663,0.018907129764556885,0.0007261460996232927,0.00346950301900506,0.006647229194641113
four_class_provisional_roi,1100,no_radar_CE,42,200,0.003098482498899102,0.023151066154241562,0.0010952329030260444,0.002673238981515169,0.006666302680969238
four_class_provisional_roi,1100,no_radar_CE,73,1,2.0163257122039795,1.5744274854660034,0.29506298899650574,3.126218557357788,1.5815351009368896
four_class_provisional_roi,1100,no_radar_CE,73,51,0.02597280591726303,0.023906521499156952,0.022860176861286163,0.00436191912740469,0.009316682815551758
four_class_provisional_roi,1100,no_radar_CE,73,101,0.006145387887954712,0.015763986855745316,0.001992476638406515,0.006920396350324154,0.006927132606506348
four_class_provisional_roi,1100,no_radar_CE,73,151,0.003147870535030961,0.017996057868003845,0.0007508205017074943,0.0034520658664405346,0.006710171699523926
four_class_provisional_roi,1100,no_radar_CE,73,200,0.0019335593096911907,0.01903652399778366,0.000561348395422101,0.001400336972437799,0.006720423698425293
four_class_provisional_roi,1100,shuffled,17,1,3.437836170196533,1.47053861618042,0.2900986075401306,3.0555765628814697,1.4941061735153198
four_class_provisional_roi,1100,shuffled,17,51,1.7734557390213013,0.6810054779052734,0.21077927947044373,1.713999629020691,0.24671173095703125
four_class_provisional_roi,1100,shuffled,17,101,1.738331913948059,0.6580418944358826,0.1877618432044983,1.7489598989486694,0.1804814338684082
four_class_provisional_roi,1100,shuffled,17,151,1.735564947128296,0.655128002166748,0.190312922000885,1.745326280593872,0.17460882663726807
four_class_provisional_roi,1100,shuffled,17,200,1.7358589172363281,0.6520392894744873,0.18885797262191772,1.7544660568237305,0.17728513479232788
four_class_provisional_roi,1100,shuffled,42,1,3.564415454864502,1.5164062976837158,0.2930053472518921,3.201110363006592,1.5444855690002441
four_class_provisional_roi,1100,shuffled,42,51,1.7719199657440186,0.6474206447601318,0.21005360782146454,1.7780640125274658,0.25413721799850464
four_class_provisional_roi,1100,shuffled,42,101,1.738236904144287,0.6592106819152832,0.18964700400829315,1.743174433708191,0.1779194474220276
four_class_provisional_roi,1100,shuffled,42,151,1.736502766609192,0.6396881937980652,0.19194120168685913,1.7735419273376465,0.18102270364761353
four_class_provisional_roi,1100,shuffled,42,200,1.7353522777557373,0.6554804444313049,0.18815648555755615,1.7485320568084717,0.17449331283569336
four_class_provisional_roi,1100,shuffled,73,1,3.5836665630340576,1.5744274854660034,0.2913135588169098,3.151810884475708,1.4202005863189697
four_class_provisional_roi,1100,shuffled,73,51,1.7702893018722534,0.6605343818664551,0.21230444312095642,1.7444175481796265,0.2524176239967346
four_class_provisional_roi,1100,shuffled,73,101,1.739174485206604,0.6401696801185608,0.19575291872024536,1.7693110704421997,0.18596327304840088
four_class_provisional_roi,1100,shuffled,73,151,1.7372955083847046,0.650424599647522,0.19370654225349426,1.7504069805145264,0.17960870265960693
four_class_provisional_roi,1100,shuffled,73,200,1.7353004217147827,0.6528510451316833,0.19197547435760498,1.745415449142456,0.17766088247299194
four_class_provisional_roi,1100,distill_phase,17,1,3.488168954849243,1.5280392169952393,0.2846190333366394,3.0703275203704834,1.4034709930419922
four_class_provisional_roi,1100,distill_phase,17,51,0.05383499339222908,0.017156150192022324,0.03307635337114334,0.005068729165941477,0.01068127155303955
four_class_provisional_roi,1100,distill_phase,17,101,0.024594677612185478,0.02019757777452469,0.0031146546825766563,0.0012025173055008054,0.006811857223510742
four_class_provisional_roi,1100,distill_phase,17,151,0.020752867683768272,0.017694154754281044,0.00077726726885885,0.003235116135329008,0.006638884544372559
four_class_provisional_roi,1100,distill_phase,17,200,0.019281871616840363,0.01635929010808468,0.0004525838594418019,0.0036284078378230333,0.006557941436767578
four_class_provisional_roi,1100,distill_phase,42,1,3.544154167175293,1.5485453605651855,0.29338714480400085,3.111752986907959,1.4634521007537842
four_class_provisional_roi,1100,distill_phase,42,51,0.060938965529203415,0.015620362013578415,0.039368223398923874,0.009636259637773037,0.011322498321533203
four_class_provisional_roi,1100,distill_phase,42,101,0.02231365628540516,0.015843603760004044,0.0036303168162703514,0.004295928869396448,0.006917715072631836
four_class_provisional_roi,1100,distill_phase,42,151,0.01982327364385128,0.016509177163243294,0.0008994477684609592,0.003500472055748105,0.006644129753112793
four_class_provisional_roi,1100,distill_phase,42,200,0.020472876727581024,0.01854812353849411,0.0006741227116435766,0.0011964947916567326,0.006523847579956055
four_class_provisional_roi,1100,distill_phase,73,1,3.5124058723449707,1.535193920135498,0.29011011123657227,3.0860424041748047,1.4408055543899536
four_class_provisional_roi,1100,distill_phase,73,51,0.06168750673532486,0.01891711726784706,0.03952967748045921,0.0042779590003192425,0.011017322540283203
four_class_provisional_roi,1100,distill_phase,73,101,0.023054709658026695,0.015713386237621307,0.0037225806154310703,0.00586762884631753,0.0068492889404296875
four_class_provisional_roi,1100,distill_phase,73,151,0.019917156547307968,0.015148048289120197,0.0006553104030899704,0.006910431198775768,0.006585836410522461
four_class_provisional_roi,1100,distill_phase,73,200,0.019864341244101524,0.01619846001267433,0.0006441607256419957,0.004726131446659565,0.006586551666259766
four_class_provisional_roi,1100,original_head,17,1,0.29053622484207153,1.47053861618042,0.29053622484207153,3.011622667312622,1.4476722478866577
four_class_provisional_roi,1100,original_head,17,51,0.0026295322459191084,0.021625805646181107,0.0026295322459191084,0.0059924498200416565,0.006959080696105957
four_class_provisional_roi,1100,original_head,17,101,0.0011526241432875395,0.021436860784888268,0.0011526241432875395,0.006320938002318144,0.006498456001281738
four_class_provisional_roi,1100,original_head,17,151,0.0004977523349225521,0.01782657578587532,0.0004977523349225521,0.0028704777359962463,0.006630063056945801
four_class_provisional_roi,1100,original_head,17,200,0.0006237168563529849,0.01924780011177063,0.0006237168563529849,0.00217337510548532,0.006464600563049316
four_class_provisional_roi,1100,original_head,42,1,0.28509682416915894,1.5164062976837158,0.28509682416915894,3.0483994483947754,1.3296561241149902
four_class_provisional_roi,1100,original_head,42,51,0.002303329762071371,0.01807514578104019,0.002303329762071371,0.00732851680368185,0.0067670345306396484
four_class_provisional_roi,1100,original_head,42,101,0.0009346202714368701,0.02590595744550228,0.0009346202714368701,0.004792605992406607,0.0065250396728515625
four_class_provisional_roi,1100,original_head,42,151,0.0004407149099279195,0.01797018013894558,0.0004407149099279195,0.004981478210538626,0.006533145904541016
four_class_provisional_roi,1100,original_head,42,200,0.0006003037560731173,0.021385155618190765,0.0006003037560731173,0.003619770286604762,0.006631374359130859
four_class_provisional_roi,1100,original_head,73,1,0.29506298899650574,1.5744274854660034,0.29506298899650574,3.126218557357788,1.5815351009368896
four_class_provisional_roi,1100,original_head,73,51,0.0021309973672032356,0.020858146250247955,0.0021309973672032356,0.004449465312063694,0.006535530090332031
four_class_provisional_roi,1100,original_head,73,101,0.0010539899813011289,0.015295899473130703,0.0010539899813011289,0.007917794398963451,0.00668179988861084
four_class_provisional_roi,1100,original_head,73,151,0.0007775460253469646,0.017119932919740677,0.0007775460253469646,0.007622488774359226,0.006559967994689941
four_class_provisional_roi,1100,original_head,73,200,0.00045544246677309275,0.01764954999089241,0.00045544246677309275,0.003000890836119652,0.006654620170593262
four_class_provisional_roi,1101,supervised,17,1,1.3980562686920166,1.3980562686920166,0.4822314381599426,3.2258801460266113,1.428152084350586
four_class_provisional_roi,1101,supervised,17,51,0.00018453273514751345,0.00018453273514751345,1.7971272468566895,1.0176451206207275,1.4733120203018188
four_class_provisional_roi,1101,supervised,17,101,0.00012440727732609957,0.00012440727732609957,1.8482820987701416,1.1061313152313232,1.4694557189941406
four_class_provisional_roi,1101,supervised,17,151,0.00010351311357226223,0.00010351311357226223,1.887528657913208,1.1674116849899292,1.4723725318908691
four_class_provisional_roi,1101,supervised,17,200,9.961095929611474e-05,9.961095929611474e-05,1.9106214046478271,1.1678194999694824,1.466994285583496
four_class_provisional_roi,1101,supervised,42,1,1.3923113346099854,1.3923113346099854,0.4710107147693634,3.215665102005005,1.2651352882385254
four_class_provisional_roi,1101,supervised,42,51,0.0003046593628823757,0.0003046593628823757,1.744100570678711,0.9002407193183899,1.3060158491134644
four_class_provisional_roi,1101,supervised,42,101,0.00020981577108614147,0.00020981577108614147,1.8374141454696655,1.0162675380706787,1.3094372749328613
four_class_provisional_roi,1101,supervised,42,151,0.0001022120559355244,0.0001022120559355244,1.951840877532959,1.1709107160568237,1.3019776344299316
four_class_provisional_roi,1101,supervised,42,200,8.209660882130265e-05,8.209660882130265e-05,1.9645626544952393,1.1700096130371094,1.3025810718536377
four_class_provisional_roi,1101,supervised,73,1,1.3641102313995361,1.3641102313995361,0.4864345192909241,3.1792094707489014,1.619330883026123
four_class_provisional_roi,1101,supervised,73,51,0.00023822618823032826,0.00023822618823032826,2.038480281829834,0.9919379949569702,1.6438080072402954
four_class_provisional_roi,1101,supervised,73,101,0.00012759739183820784,0.00012759739183820784,2.152366876602173,1.1349248886108398,1.6435184478759766
four_class_provisional_roi,1101,supervised,73,151,0.00017665176710579544,0.00017665176710579544,2.166395902633667,1.1211521625518799,1.6479371786117554
four_class_provisional_roi,1101,supervised,73,200,9.556654549669474e-05,9.556654549669474e-05,2.2510180473327637,1.226660132408142,1.645922303199768
four_class_provisional_roi,1101,head_only,17,1,1.4637372493743896,1.4637372493743896,0.4822314381599426,3.2885801792144775,1.428152084350586
four_class_provisional_roi,1101,head_only,17,51,0.0008522383868694305,0.0008522383868694305,0.6026768684387207,0.4621977210044861,0.040323495864868164
four_class_provisional_roi,1101,head_only,17,101,0.00047401722986251116,0.00047401722986251116,0.6583796739578247,0.6013079881668091,0.03407883644104004
four_class_provisional_roi,1101,head_only,17,151,0.0003312972257845104,0.0003312972257845104,0.7017949819564819,0.6950362920761108,0.03207802772521973
four_class_provisional_roi,1101,head_only,17,200,0.00026766600785776973,0.00026766600785776973,0.7320250272750854,0.7233003377914429,0.031694889068603516
four_class_provisional_roi,1101,head_only,42,1,1.4347705841064453,1.4347705841064453,0.4710107147693634,3.2298378944396973,1.2651352882385254
four_class_provisional_roi,1101,head_only,42,51,0.0008825580589473248,0.0008825580589473248,0.603212296962738,0.4388211965560913,0.03465753793716431
four_class_provisional_roi,1101,head_only,42,101,0.0006613542209379375,0.0006613542209379375,0.6589256525039673,0.5440418720245361,0.032238900661468506
four_class_provisional_roi,1101,head_only,42,151,0.00034896680153906345,0.00034896680153906345,0.7221105694770813,0.6754943132400513,0.03021705150604248
four_class_provisional_roi,1101,head_only,42,200,0.0002972681540995836,0.0002972681540995836,0.7305850386619568,0.6997060775756836,0.02963167428970337
four_class_provisional_roi,1101,head_only,73,1,1.4753220081329346,1.4753220081329346,0.4864345192909241,3.300764560699463,1.619330883026123
four_class_provisional_roi,1101,head_only,73,51,0.0009870205540210009,0.0009870205540210009,0.6580688953399658,0.4373359978199005,0.04728919267654419
four_class_provisional_roi,1101,head_only,73,101,0.00038720062002539635,0.00038720062002539635,0.7653669118881226,0.6497591733932495,0.040331363677978516
four_class_provisional_roi,1101,head_only,73,151,0.00034461444010958076,0.00034461444010958076,0.7821654081344604,0.6692776679992676,0.03710669279098511
four_class_provisional_roi,1101,head_only,73,200,0.00017477598157711327,0.00017477598157711327,0.8440436124801636,0.8020163178443909,0.035884857177734375
four_class_provisional_roi,1101,distill,17,1,3.7330739498138428,1.4637372493743896,0.4822314381599426,3.2885801792144775,1.428152084350586
four_class_provisional_roi,1101,distill,17,51,0.06585045158863068,0.015539267100393772,0.04549432918429375,0.007096769288182259,0.01268470287322998
four_class_provisional_roi,1101,distill,17,101,0.02101755142211914,0.012339022010564804,0.004025282338261604,0.007490555755794048,0.009079694747924805
four_class_provisional_roi,1101,distill,17,151,0.019848985597491264,0.011862654238939285,0.001998054562136531,0.01015462726354599,0.00910961627960205
four_class_provisional_roi,1101,distill,17,200,0.01970323547720909,0.013019159436225891,0.0031224898993968964,0.0053353202529251575,0.008939266204833984
four_class_provisional_roi,1101,distill,42,1,3.6472136974334717,1.4347705841064453,0.4710107147693634,3.2298378944396973,1.2651352882385254
four_class_provisional_roi,1101,distill,42,51,0.06194048002362251,0.017004990950226784,0.037812910974025726,0.011872315779328346,0.011864185333251953
four_class_provisional_roi,1101,distill,42,101,0.02285005711019039,0.015115124173462391,0.004647925496101379,0.004388926550745964,0.008925437927246094
four_class_provisional_roi,1101,distill,42,151,0.020253846421837807,0.012306613847613335,0.0018957965075969696,0.010269053280353546,0.00916910171508789
four_class_provisional_roi,1101,distill,42,200,0.020326973870396614,0.013618383556604385,0.003443121677264571,0.004787549376487732,0.008716940879821777
four_class_provisional_roi,1101,distill,73,1,3.7740719318389893,1.4753220081329346,0.4864345192909241,3.300764560699463,1.619330883026123
four_class_provisional_roi,1101,distill,73,51,0.06771884858608246,0.017413850873708725,0.04493790119886398,0.008107015863060951,0.013135910034179688
four_class_provisional_roi,1101,distill,73,101,0.020857566967606544,0.010201357305049896,0.0032097019720822573,0.01312173530459404,0.008856415748596191
four_class_provisional_roi,1101,distill,73,151,0.0199260413646698,0.01161499135196209,0.0023339330218732357,0.010183906182646751,0.00885164737701416
four_class_provisional_roi,1101,distill,73,200,0.020022418349981308,0.01002504676580429,0.0020812852308154106,0.014030899852514267,0.009006381034851074
four_class_provisional_roi,1101,no_contrast,17,1,3.590258836746216,1.4637372493743896,0.4822314381599426,3.2885801792144775,1.428152084350586
four_class_provisional_roi,1101,no_contrast,17,51,0.06409423053264618,0.015100759454071522,0.04544506222009659,0.007096822839230299,0.012820601463317871
four_class_provisional_roi,1101,no_contrast,17,101,0.019938938319683075,0.01238195225596428,0.003888511098921299,0.0073369513265788555,0.009135127067565918
four_class_provisional_roi,1101,no_contrast,17,151,0.01890195906162262,0.01189487986266613,0.0019332071533426642,0.010147743858397007,0.009174466133117676
four_class_provisional_roi,1101,no_contrast,17,200,0.018859729170799255,0.013103287667036057,0.003121203277260065,0.005270477384328842,0.00898754596710205
four_class_provisional_roi,1101,no_contrast,42,1,3.520700216293335,1.4347705841064453,0.4710107147693634,3.2298378944396973,1.2651352882385254
four_class_provisional_roi,1101,no_contrast,42,51,0.061252932995557785,0.016147833317518234,0.03967416286468506,0.010861875489354134,0.012272238731384277
four_class_provisional_roi,1101,no_contrast,42,101,0.02186065912246704,0.015015793964266777,0.004566393792629242,0.004556942265480757,0.009006261825561523
four_class_provisional_roi,1101,no_contrast,42,151,0.019459642469882965,0.012353036552667618,0.0018351062899455428,0.010543000884354115,0.009259343147277832
four_class_provisional_roi,1101,no_contrast,42,200,0.019424565136432648,0.013543346896767616,0.0033141146413981915,0.005134205333888531,0.008816838264465332
four_class_provisional_roi,1101,no_contrast,73,1,3.6121387481689453,1.4753220081329346,0.4864345192909241,3.300764560699463,1.619330883026123
four_class_provisional_roi,1101,no_contrast,73,51,0.06780478358268738,0.01703176647424698,0.04689345508813858,0.007759116590023041,0.013277053833007812
four_class_provisional_roi,1101,no_contrast,73,101,0.019608795642852783,0.010285375639796257,0.003069884842261672,0.01250707171857357,0.008892536163330078
four_class_provisional_roi,1101,no_contrast,73,151,0.019028186798095703,0.011602158658206463,0.0022071851417422295,0.010437684133648872,0.008924365043640137
four_class_provisional_roi,1101,no_contrast,73,200,0.01894516497850418,0.010140981525182724,0.0020039239898324013,0.013600517064332962,0.009105324745178223
four_class_provisional_roi,1101,no_radar_CE,17,1,2.269336700439453,1.4637372493743896,0.4822314381599426,3.2885801792144775,1.428152084350586
four_class_provisional_roi,1101,no_radar_CE,17,51,0.03129573538899422,0.01892787218093872,0.025739235803484917,0.00885824952274561,0.011273741722106934
four_class_provisional_roi,1101,no_radar_CE,17,101,0.007158066611737013,0.015287607908248901,0.0034814379177987576,0.005530475173145533,0.009113907814025879
four_class_provisional_roi,1101,no_radar_CE,17,151,0.007238445803523064,0.013188790529966354,0.0023095421493053436,0.007965312339365482,0.009462475776672363
four_class_provisional_roi,1101,no_radar_CE,17,200,0.007739725522696972,0.01663300395011902,0.003856696654111147,0.005929996259510517,0.009180307388305664
four_class_provisional_roi,1101,no_radar_CE,42,1,2.2124431133270264,1.4347705841064453,0.4710107147693634,3.2298378944396973,1.2651352882385254
four_class_provisional_roi,1101,no_radar_CE,42,51,0.026682060211896896,0.016084054484963417,0.021083518862724304,0.009108154103159904,0.01044464111328125
four_class_provisional_roi,1101,no_radar_CE,42,101,0.00750608230009675,0.017541173845529556,0.004225239623337984,0.004736662842333317,0.009125113487243652
four_class_provisional_roi,1101,no_radar_CE,42,151,0.007336034905165434,0.014435254968702793,0.0021461909636855125,0.008470837026834488,0.0095442533493042
four_class_provisional_roi,1101,no_radar_CE,42,200,0.00699666328728199,0.015618720091879368,0.003996321000158787,0.0042192209511995316,0.008907318115234375
four_class_provisional_roi,1101,no_radar_CE,73,1,2.2987499237060547,1.4753220081329346,0.4864345192909241,3.300764560699463,1.619330883026123
four_class_provisional_roi,1101,no_radar_CE,73,51,0.030990250408649445,0.01825694367289543,0.02538769319653511,0.008952154777944088,0.011264801025390625
four_class_provisional_roi,1101,no_radar_CE,73,101,0.006932814605534077,0.012220033444464207,0.0025957149919122458,0.006861264817416668,0.009064674377441406
four_class_provisional_roi,1101,no_radar_CE,73,151,0.0071888817474246025,0.014158054254949093,0.0026898866053670645,0.007169033866375685,0.009144783020019531
four_class_provisional_roi,1101,no_radar_CE,73,200,0.006730135064572096,0.012644699774682522,0.00206674262881279,0.007417004555463791,0.00954890251159668
four_class_provisional_roi,1101,shuffled,17,1,3.739020347595215,1.4637372493743896,0.4814555048942566,3.2993102073669434,1.4417238235473633
four_class_provisional_roi,1101,shuffled,17,51,1.9981662034988403,0.7717851400375366,0.3066402077674866,1.7547200918197632,0.42380833625793457
four_class_provisional_roi,1101,shuffled,17,101,1.9608505964279175,0.7429178953170776,0.29217690229415894,1.78194260597229,0.3478456735610962
four_class_provisional_roi,1101,shuffled,17,151,1.957126498222351,0.733913779258728,0.29343801736831665,1.7886261940002441,0.35461634397506714
four_class_provisional_roi,1101,shuffled,17,200,1.95865797996521,0.7352651953697205,0.2899185121059418,1.7970587015151978,0.3494507074356079
four_class_provisional_roi,1101,shuffled,42,1,3.734666347503662,1.4347705841064453,0.48106831312179565,3.339982271194458,1.48836350440979
four_class_provisional_roi,1101,shuffled,42,51,1.9892632961273193,0.7310940027236938,0.30964064598083496,1.809484839439392,0.43786126375198364
four_class_provisional_roi,1101,shuffled,42,101,1.9594120979309082,0.7341218590736389,0.2930043041706085,1.7957441806793213,0.34413814544677734
four_class_provisional_roi,1101,shuffled,42,151,1.9578099250793457,0.7069621086120605,0.2995809316635132,1.8291773796081543,0.366782009601593
four_class_provisional_roi,1101,shuffled,42,200,1.9573591947555542,0.7288541793823242,0.29369401931762695,1.7988929748535156,0.35364556312561035
four_class_provisional_roi,1101,shuffled,73,1,3.7035984992980957,1.4753220081329346,0.47550198435783386,3.250688076019287,1.2743033170700073
four_class_provisional_roi,1101,shuffled,73,51,1.98585844039917,0.7771738767623901,0.30129098892211914,1.7355536222457886,0.3961673378944397
four_class_provisional_roi,1101,shuffled,73,101,1.9586522579193115,0.7322403192520142,0.29583752155303955,1.789548397064209,0.3580018877983093
four_class_provisional_roi,1101,shuffled,73,151,1.9587637186050415,0.726939857006073,0.29639729857444763,1.8011722564697266,0.34840428829193115
four_class_provisional_roi,1101,shuffled,73,200,1.9567819833755493,0.7383425235748291,0.29488450288772583,1.777862787246704,0.3462350368499756
four_class_provisional_roi,1101,distill_phase,17,1,3.7112622261047363,1.4599392414093018,0.47471192479133606,3.278079032897949,1.3757147789001465
four_class_provisional_roi,1101,distill_phase,17,51,0.05750066041946411,0.013549871742725372,0.03874515742063522,0.008049746975302696,0.011807560920715332
four_class_provisional_roi,1101,distill_phase,17,101,0.02100401744246483,0.012655127793550491,0.0036740272771567106,0.007580637466162443,0.00884544849395752
four_class_provisional_roi,1101,distill_phase,17,151,0.021471010521054268,0.01429586112499237,0.002852363744750619,0.0068330662325024605,0.009062528610229492
four_class_provisional_roi,1101,distill_phase,17,200,0.02134251408278942,0.01383158192038536,0.003571147099137306,0.006112361326813698,0.008836030960083008
four_class_provisional_roi,1101,distill_phase,42,1,3.739466428756714,1.4720185995101929,0.47985583543777466,3.2975456714630127,1.388190746307373
four_class_provisional_roi,1101,distill_phase,42,51,0.05579628795385361,0.013126942329108715,0.037248000502586365,0.008587248623371124,0.011277198791503906
four_class_provisional_roi,1101,distill_phase,42,101,0.019913416355848312,0.012217458337545395,0.0034317404497414827,0.006761535070836544,0.008834481239318848
four_class_provisional_roi,1101,distill_phase,42,151,0.01924295164644718,0.01185052189975977,0.002329320413991809,0.0083028394728899,0.009116888046264648
four_class_provisional_roi,1101,distill_phase,42,200,0.019676120951771736,0.013114441186189651,0.0030320798978209496,0.005308037623763084,0.008755803108215332
four_class_provisional_roi,1101,distill_phase,73,1,3.756714344024658,1.48131263256073,0.4771152138710022,3.3055243492126465,1.4552459716796875
four_class_provisional_roi,1101,distill_phase,73,51,0.06136150658130646,0.015059104189276695,0.04166360944509506,0.007006211206316948,0.011356830596923828
four_class_provisional_roi,1101,distill_phase,73,101,0.020401284098625183,0.011372909881174564,0.004071603529155254,0.00809939019382,0.009070754051208496
four_class_provisional_roi,1101,distill_phase,73,151,0.019146990031003952,0.011572438292205334,0.0025639929808676243,0.008233911357820034,0.008936047554016113
four_class_provisional_roi,1101,distill_phase,73,200,0.019752822816371918,0.012022743001580238,0.0025983676314353943,0.008472399786114693,0.008955121040344238
four_class_provisional_roi,1101,original_head,17,1,0.4822314381599426,1.4637372493743896,0.4822314381599426,3.2885801792144775,1.428152084350586
four_class_provisional_roi,1101,original_head,17,51,0.0041717104613780975,0.017580043524503708,0.0041717104613780975,0.022782932966947556,0.009932279586791992
four_class_provisional_roi,1101,original_head,17,101,0.0008259873138740659,0.012796781957149506,0.0008259873138740659,0.01918393187224865,0.009984970092773438
four_class_provisional_roi,1101,original_head,17,151,0.0010686072055250406,0.01102467067539692,0.0010686072055250406,0.026949845254421234,0.01051187515258789
four_class_provisional_roi,1101,original_head,17,200,0.0012625607196241617,0.015376741997897625,0.0012625607196241617,0.02017882466316223,0.010282635688781738
four_class_provisional_roi,1101,original_head,42,1,0.4710107147693634,1.4347705841064453,0.4710107147693634,3.2298378944396973,1.2651352882385254
four_class_provisional_roi,1101,original_head,42,51,0.0033394359052181244,0.013198520988225937,0.0033394359052181244,0.027137042954564095,0.010115861892700195
four_class_provisional_roi,1101,original_head,42,101,0.0009469952783547342,0.015792837366461754,0.0009469952783547342,0.01668940857052803,0.01027381420135498
four_class_provisional_roi,1101,original_head,42,151,0.0006412504590116441,0.012461096048355103,0.0006412504590116441,0.021441496908664703,0.010233044624328613
four_class_provisional_roi,1101,original_head,42,200,0.0005911134649068117,0.012744061648845673,0.0005911134649068117,0.016664816066622734,0.01011359691619873
four_class_provisional_roi,1101,original_head,73,1,0.4864345192909241,1.4753220081329346,0.4864345192909241,3.300764560699463,1.619330883026123
four_class_provisional_roi,1101,original_head,73,51,0.0038186151068657637,0.012704111635684967,0.0038186151068657637,0.02538786642253399,0.009728789329528809
four_class_provisional_roi,1101,original_head,73,101,0.0007942407974041998,0.01119953952729702,0.0007942407974041998,0.019662071019411087,0.010157346725463867
four_class_provisional_roi,1101,original_head,73,151,0.000610135612078011,0.01181405782699585,0.000610135612078011,0.018822308629751205,0.009809255599975586
four_class_provisional_roi,1101,original_head,73,200,0.0011083853896707296,0.011093519628047943,0.0011083853896707296,0.024894678965210915,0.010125875473022461
four_class_provisional_roi,1110,supervised,17,1,1.4141254425048828,1.4141254425048828,0.30716609954833984,3.038346767425537,1.405017614364624
four_class_provisional_roi,1110,supervised,17,51,0.00043822225416079164,0.00043822225416079164,1.7075573205947876,1.2528880834579468,1.6398621797561646
four_class_provisional_roi,1110,supervised,17,101,0.000164446682902053,0.000164446682902053,1.768873691558838,1.3314865827560425,1.6443499326705933
four_class_provisional_roi,1110,supervised,17,151,0.00010553994798101485,0.00010553994798101485,1.7816474437713623,1.386078953742981,1.652189016342163
four_class_provisional_roi,1110,supervised,17,200,0.00010253460641251877,0.00010253460641251877,1.82802414894104,1.447953462600708,1.6427134275436401
four_class_provisional_roi,1110,supervised,42,1,1.3779475688934326,1.3779475688934326,0.30513304471969604,2.9847593307495117,1.3458613157272339
four_class_provisional_roi,1110,supervised,42,51,0.0002706175437197089,0.0002706175437197089,1.5795670747756958,1.0076639652252197,1.5141338109970093
four_class_provisional_roi,1110,supervised,42,101,0.0001944403484230861,0.0001944403484230861,1.698250651359558,1.1807861328125,1.5173215866088867
four_class_provisional_roi,1110,supervised,42,151,8.30344797577709e-05,8.30344797577709e-05,1.8617572784423828,1.4344120025634766,1.5101975202560425
four_class_provisional_roi,1110,supervised,42,200,8.949362381827086e-05,8.949362381827086e-05,1.8583323955535889,1.390939712524414,1.5117511749267578
four_class_provisional_roi,1110,supervised,73,1,1.3528525829315186,1.3528525829315186,0.312797486782074,2.9511795043945312,1.5285168886184692
four_class_provisional_roi,1110,supervised,73,51,0.0003343019634485245,0.0003343019634485245,1.7849149703979492,1.0381994247436523,1.6527044773101807
four_class_provisional_roi,1110,supervised,73,101,0.00011649022781057283,0.00011649022781057283,1.9734687805175781,1.3155521154403687,1.6528245210647583
four_class_provisional_roi,1110,supervised,73,151,0.00016905117081478238,0.00016905117081478238,1.9733080863952637,1.2604988813400269,1.6578190326690674
four_class_provisional_roi,1110,supervised,73,200,6.02704931225162e-05,6.02704931225162e-05,2.0530447959899902,1.4345836639404297,1.6547555923461914
four_class_provisional_roi,1110,head_only,17,1,1.5079901218414307,1.5079901218414307,0.30716609954833984,3.0947141647338867,1.405017614364624
four_class_provisional_roi,1110,head_only,17,51,0.0005003312835469842,0.0005003312835469842,0.5327544212341309,0.7081929445266724,0.06166195869445801
four_class_provisional_roi,1110,head_only,17,101,0.00034411612432450056,0.00034411612432450056,0.5653272271156311,0.8178893327713013,0.05958545207977295
four_class_provisional_roi,1110,head_only,17,151,0.0002345839311601594,0.0002345839311601594,0.6046128273010254,0.9239689111709595,0.05851668119430542
four_class_provisional_roi,1110,head_only,17,200,0.000187256999197416,0.000187256999197416,0.6276233196258545,0.9913530945777893,0.05712532997131348
four_class_provisional_roi,1110,head_only,42,1,1.559647798538208,1.559647798538208,0.30513304471969604,3.1453256607055664,1.3458613157272339
four_class_provisional_roi,1110,head_only,42,51,0.0005658410955220461,0.0005658410955220461,0.551978349685669,0.7357853651046753,0.05691170692443848
four_class_provisional_roi,1110,head_only,42,101,0.0004225943121127784,0.0004225943121127784,0.5797933340072632,0.8027751445770264,0.05460560321807861
four_class_provisional_roi,1110,head_only,42,151,0.0001758104917826131,0.0001758104917826131,0.6727416515350342,1.0750446319580078,0.05307704210281372
four_class_provisional_roi,1110,head_only,42,200,0.00035888919956050813,0.00035888919956050813,0.649789035320282,0.9700493216514587,0.051612913608551025
four_class_provisional_roi,1110,head_only,73,1,1.6301560401916504,1.6301560401916504,0.312797486782074,3.2297892570495605,1.5285168886184692
four_class_provisional_roi,1110,head_only,73,51,0.000873441225849092,0.000873441225849092,0.5426655411720276,0.5896868109703064,0.0662645697593689
four_class_provisional_roi,1110,head_only,73,101,0.00031127227703109384,0.00031127227703109384,0.6507987380027771,0.8740478754043579,0.06308484077453613
four_class_provisional_roi,1110,head_only,73,151,0.0002877970691770315,0.0002877970691770315,0.6866049766540527,0.9252245426177979,0.061577022075653076
four_class_provisional_roi,1110,head_only,73,200,0.00015964363410603255,0.00015964363410603255,0.7268452644348145,1.0546579360961914,0.06049180030822754
four_class_provisional_roi,1110,distill,17,1,3.5030150413513184,1.5079901218414307,0.30716609954833984,3.0947141647338867,1.405017614364624
four_class_provisional_roi,1110,distill,17,51,0.06636528670787811,0.02023441158235073,0.0418473519384861,0.00643045362085104,0.010682940483093262
four_class_provisional_roi,1110,distill,17,101,0.024625765159726143,0.016483794897794724,0.004306960850954056,0.006535432301461697,0.005672931671142578
four_class_provisional_roi,1110,distill,17,151,0.019283629953861237,0.015946121886372566,0.000722756958566606,0.004160911310464144,0.005342960357666016
four_class_provisional_roi,1110,distill,17,200,0.018704842776060104,0.015516924671828747,0.0005774928722530603,0.004170475993305445,0.005251884460449219
four_class_provisional_roi,1110,distill,42,1,3.5720298290252686,1.559647798538208,0.30513304471969604,3.1453256607055664,1.3458613157272339
four_class_provisional_roi,1110,distill,42,51,0.0674310177564621,0.01946617290377617,0.04395396262407303,0.006001386791467667,0.010101914405822754
four_class_provisional_roi,1110,distill,42,101,0.026628930121660233,0.020523620769381523,0.004657859914004803,0.001744888722896576,0.005750060081481934
four_class_provisional_roi,1110,distill,42,151,0.02046877332031727,0.012809053994715214,0.0011926247971132398,0.011870317161083221,0.005319356918334961
four_class_provisional_roi,1110,distill,42,200,0.019787417724728584,0.01742434874176979,0.0007461761706508696,0.0021842182613909245,0.005247831344604492
four_class_provisional_roi,1110,distill,73,1,3.7106997966766357,1.6301560401916504,0.312797486782074,3.2297892570495605,1.5285168886184692
four_class_provisional_roi,1110,distill,73,51,0.07481615990400314,0.023267045617103577,0.0475589856505394,0.005685956217348576,0.01147150993347168
four_class_provisional_roi,1110,distill,73,101,0.02439918741583824,0.013693450018763542,0.004998061805963516,0.010253438726067543,0.0058095455169677734
four_class_provisional_roi,1110,distill,73,151,0.020703470334410667,0.01374160498380661,0.0012831867206841707,0.010283878073096275,0.005367398262023926
four_class_provisional_roi,1110,distill,73,200,0.02010400965809822,0.01323404535651207,0.0010618276428431273,0.01053280383348465,0.005417346954345703
four_class_provisional_roi,1110,no_contrast,17,1,3.362513303756714,1.5079901218414307,0.30716609954833984,3.0947141647338867,1.405017614364624
four_class_provisional_roi,1110,no_contrast,17,51,0.06693662703037262,0.019523300230503082,0.04381120949983597,0.007204235997051001,0.011470317840576172
four_class_provisional_roi,1110,no_contrast,17,101,0.024111464619636536,0.016568994149565697,0.004213001579046249,0.006658937316387892,0.005697369575500488
four_class_provisional_roi,1110,no_contrast,17,151,0.018839620053768158,0.01612774282693863,0.0007127291755750775,0.003998297732323408,0.00537419319152832
four_class_provisional_roi,1110,no_contrast,17,200,0.018124200403690338,0.015435736626386642,0.0005581419682130218,0.004260644782334566,0.005265355110168457
four_class_provisional_roi,1110,no_contrast,42,1,3.437443733215332,1.559647798538208,0.30513304471969604,3.1453256607055664,1.3458613157272339
four_class_provisional_roi,1110,no_contrast,42,51,0.0672578364610672,0.01812533661723137,0.04623585566878319,0.005793284624814987,0.010798931121826172
four_class_provisional_roi,1110,no_contrast,42,101,0.025891106575727463,0.020208928734064102,0.004637912381440401,0.0020885327830910683,0.005756020545959473
four_class_provisional_roi,1110,no_contrast,42,151,0.020063187927007675,0.01264706440269947,0.0012012955266982317,0.012429657392203808,0.005335688591003418
four_class_provisional_roi,1110,no_contrast,42,200,0.019191265106201172,0.017251161858439445,0.0007339470321312547,0.002412314061075449,0.005259037017822266
four_class_provisional_roi,1110,no_contrast,73,1,3.5578482151031494,1.6301560401916504,0.312797486782074,3.2297892570495605,1.5285168886184692
four_class_provisional_roi,1110,no_contrast,73,51,0.07418099045753479,0.022213172167539597,0.049685318022966385,0.004564992152154446,0.012690901756286621
four_class_provisional_roi,1110,no_contrast,73,101,0.02440137043595314,0.01369188167154789,0.0052268910221755505,0.010965194553136826,0.005855679512023926
four_class_provisional_roi,1110,no_contrast,73,151,0.020015528425574303,0.013624520041048527,0.0012659872882068157,0.01025004219263792,0.005384683609008789
four_class_provisional_roi,1110,no_contrast,73,200,0.019489673897624016,0.013387218117713928,0.0010654397774487734,0.010074031539261341,0.005440235137939453
four_class_provisional_roi,1110,no_radar_CE,17,1,1.9950249195098877,1.5079901218414307,0.30716609954833984,3.0947141647338867,1.405017614364624
four_class_provisional_roi,1110,no_radar_CE,17,51,0.02786872908473015,0.017906896770000458,0.02222074195742607,0.009686697274446487,0.008046388626098633
four_class_provisional_roi,1110,no_radar_CE,17,101,0.004830766469240189,0.022533444687724113,0.0018428245093673468,0.004890793468803167,0.005425453186035156
four_class_provisional_roi,1110,no_radar_CE,17,151,0.00225763488560915,0.019563207402825356,0.0006463428144343197,0.0021478645503520966,0.005373597145080566
four_class_provisional_roi,1110,no_radar_CE,17,200,0.0022733104415237904,0.02038346603512764,0.0007753079989925027,0.0019338023848831654,0.005311012268066406
four_class_provisional_roi,1110,no_radar_CE,42,1,2.0123820304870605,1.559647798538208,0.30513304471969604,3.1453256607055664,1.3458613157272339
four_class_provisional_roi,1110,no_radar_CE,42,51,0.026754293590784073,0.01718176156282425,0.022533752024173737,0.0069768838584423065,0.007321000099182129
four_class_provisional_roi,1110,no_radar_CE,42,101,0.004455468151718378,0.025649383664131165,0.002092331647872925,0.003628975711762905,0.005486488342285156
four_class_provisional_roi,1110,no_radar_CE,42,151,0.0034500560723245144,0.01671651378273964,0.0007073270389810205,0.004414720460772514,0.005353689193725586
four_class_provisional_roi,1110,no_radar_CE,42,200,0.002694744383916259,0.02184697426855564,0.0009826840832829475,0.00236496957950294,0.005295753479003906
four_class_provisional_roi,1110,no_radar_CE,73,1,2.0805437564849854,1.6301560401916504,0.312797486782074,3.2297892570495605,1.5285168886184692
four_class_provisional_roi,1110,no_radar_CE,73,51,0.027940785512328148,0.02094527892768383,0.024280672892928123,0.0057777767069637775,0.007712244987487793
four_class_provisional_roi,1110,no_radar_CE,73,101,0.004747678991407156,0.016353514045476913,0.0015324022388085723,0.005309795029461384,0.005603790283203125
four_class_provisional_roi,1110,no_radar_CE,73,151,0.0026999691035598516,0.017541293054819107,0.0007310615619644523,0.002846835181117058,0.005454897880554199
four_class_provisional_roi,1110,no_radar_CE,73,200,0.003167209215462208,0.016411982476711273,0.0007567581487819552,0.0037198851350694895,0.005505084991455078
four_class_provisional_roi,1110,shuffled,17,1,3.5452873706817627,1.5079901218414307,0.30938076972961426,3.1539158821105957,1.5095851421356201
four_class_provisional_roi,1110,shuffled,17,51,1.7851102352142334,0.68727707862854,0.20960967242717743,1.7183711528778076,0.2903795838356018
four_class_provisional_roi,1110,shuffled,17,101,1.746208667755127,0.6741958856582642,0.18483825027942657,1.729660987854004,0.22344034910202026
four_class_provisional_roi,1110,shuffled,17,151,1.7421181201934814,0.6681321263313293,0.18995004892349243,1.7242271900177002,0.21922338008880615
four_class_provisional_roi,1110,shuffled,17,200,1.7415794134140015,0.6606738567352295,0.1870674192905426,1.7443962097167969,0.21640056371688843
four_class_provisional_roi,1110,shuffled,42,1,3.655512809753418,1.559647798538208,0.3112843632698059,3.2627804279327393,1.5319041013717651
four_class_provisional_roi,1110,shuffled,42,51,1.7876299619674683,0.6441049575805664,0.2164001762866974,1.7900211811065674,0.32114318013191223
four_class_provisional_roi,1110,shuffled,42,101,1.744782567024231,0.656854510307312,0.19007140398025513,1.7501895427703857,0.2276184856891632
four_class_provisional_roi,1110,shuffled,42,151,1.7427587509155273,0.6488358974456787,0.19327697157859802,1.7572498321533203,0.2202090322971344
four_class_provisional_roi,1110,shuffled,42,200,1.7412112951278687,0.6636402606964111,0.18677808344364166,1.737645149230957,0.21970364451408386
four_class_provisional_roi,1110,shuffled,73,1,3.7142693996429443,1.6301560401916504,0.31008338928222656,3.2669262886047363,1.4056686162948608
four_class_provisional_roi,1110,shuffled,73,51,1.7827988862991333,0.674178957939148,0.21516191959381104,1.727205753326416,0.29855093359947205
four_class_provisional_roi,1110,shuffled,73,101,1.7455071210861206,0.6505376100540161,0.1919906586408615,1.7590618133544922,0.23448023200035095
four_class_provisional_roi,1110,shuffled,73,151,1.7438844442367554,0.6561520099639893,0.19365306198596954,1.743699312210083,0.22229671478271484
four_class_provisional_roi,1110,shuffled,73,200,1.7421927452087402,0.6583430171012878,0.19245189428329468,1.7381975650787354,0.2229907214641571
four_class_provisional_roi,1110,distill_phase,17,1,3.5938098430633545,1.577439546585083,0.3020051419734955,3.1660215854644775,1.3135430812835693
four_class_provisional_roi,1110,distill_phase,17,51,0.05748270824551582,0.01636917144060135,0.036225028336048126,0.007908816449344158,0.009341001510620117
four_class_provisional_roi,1110,distill_phase,17,101,0.022876204922795296,0.018884558230638504,0.0027281770016998053,0.0014312142739072442,0.005478620529174805
four_class_provisional_roi,1110,distill_phase,17,151,0.020619625225663185,0.016753342002630234,0.0008153231465257704,0.005016927607357502,0.005424976348876953
four_class_provisional_roi,1110,distill_phase,17,200,0.018394537270069122,0.015284935012459755,0.0005369616555981338,0.0040753073990345,0.005349874496459961
four_class_provisional_roi,1110,distill_phase,42,1,3.5880789756774902,1.565918207168579,0.3085786700248718,3.1589436531066895,1.3411017656326294
four_class_provisional_roi,1110,distill_phase,42,51,0.06610020995140076,0.01537077035754919,0.046001724898815155,0.007419535890221596,0.010179519653320312
four_class_provisional_roi,1110,distill_phase,42,101,0.022435816004872322,0.015235868282616138,0.004271119832992554,0.004727024585008621,0.0056531429290771484
four_class_provisional_roi,1110,distill_phase,42,151,0.019122255966067314,0.01682603731751442,0.0009073936380445957,0.0016970399301499128,0.005403041839599609
four_class_provisional_roi,1110,distill_phase,42,200,0.0191761776804924,0.017169371247291565,0.000659056706354022,0.0016335838008672,0.005309581756591797
four_class_provisional_roi,1110,distill_phase,73,1,3.5810818672180176,1.5598578453063965,0.30805617570877075,3.1469693183898926,1.39683198928833
four_class_provisional_roi,1110,distill_phase,73,51,0.06844713538885117,0.02072749473154545,0.04560176283121109,0.0022240953985601664,0.010058283805847168
four_class_provisional_roi,1110,distill_phase,73,101,0.022538375109434128,0.015135059133172035,0.003932918421924114,0.005818916019052267,0.005609393119812012
four_class_provisional_roi,1110,distill_phase,73,151,0.019117839634418488,0.0147442277520895,0.0006910679512657225,0.006300211884081364,0.005324363708496094
four_class_provisional_roi,1110,distill_phase,73,200,0.019161943346261978,0.01624159887433052,0.0006857141852378845,0.0033842185512185097,0.005425214767456055
four_class_provisional_roi,1110,original_head,17,1,0.30716609954833984,1.5079901218414307,0.30716609954833984,3.0947141647338867,1.405017614364624
four_class_provisional_roi,1110,original_head,17,51,0.0028043785132467747,0.016790933907032013,0.0028043785132467747,0.010796941816806793,0.005624532699584961
four_class_provisional_roi,1110,original_head,17,101,0.0012572250561788678,0.021163705736398697,0.0012572250561788678,0.005427157506346703,0.005349993705749512
four_class_provisional_roi,1110,original_head,17,151,0.0005977510008960962,0.015890158712863922,0.0005977510008960962,0.006424435414373875,0.0053408145904541016
four_class_provisional_roi,1110,original_head,17,200,0.0006001763395033777,0.018894542008638382,0.0006001763395033777,0.002215162618085742,0.0053555965423583984
four_class_provisional_roi,1110,original_head,42,1,0.30513304471969604,1.559647798538208,0.30513304471969604,3.1453256607055664,1.3458613157272339
four_class_provisional_roi,1110,original_head,42,51,0.0025209442246705294,0.016819046810269356,0.0025209442246705294,0.00528368167579174,0.005385637283325195
four_class_provisional_roi,1110,original_head,42,101,0.0009020307334139943,0.023143954575061798,0.0009020307334139943,0.0026249270886182785,0.0053021907806396484
four_class_provisional_roi,1110,original_head,42,151,0.00040160887874662876,0.01613183692097664,0.00040160887874662876,0.004612513352185488,0.005293607711791992
four_class_provisional_roi,1110,original_head,42,200,0.0006502930773422122,0.02030644565820694,0.0006502930773422122,0.004088698420673609,0.005336880683898926
four_class_provisional_roi,1110,original_head,73,1,0.312797486782074,1.6301560401916504,0.312797486782074,3.2297892570495605,1.5285168886184692
four_class_provisional_roi,1110,original_head,73,51,0.00215317215770483,0.018973469734191895,0.00215317215770483,0.002620174316689372,0.005404829978942871
four_class_provisional_roi,1110,original_head,73,101,0.0009770856704562902,0.01536079216748476,0.0009770856704562902,0.0071408445946872234,0.005493283271789551
four_class_provisional_roi,1110,original_head,73,151,0.0006473030080087483,0.016377776861190796,0.0006473030080087483,0.005837667733430862,0.005388975143432617
four_class_provisional_roi,1110,original_head,73,200,0.0005601843586191535,0.015370415523648262,0.0005601843586191535,0.005938468500971794,0.0054378509521484375
four_class_provisional_roi,1111,supervised,17,1,1.4026939868927002,1.4026939868927002,0.5218096971511841,3.3202061653137207,1.395308017730713
four_class_provisional_roi,1111,supervised,17,51,0.00019869342213496566,0.00019869342213496566,1.8718246221542358,0.905362069606781,1.5563733577728271
four_class_provisional_roi,1111,supervised,17,101,0.00012728212459478527,0.00012728212459478527,1.9106779098510742,0.9821273684501648,1.552917242050171
four_class_provisional_roi,1111,supervised,17,151,0.00010079668572871014,0.00010079668572871014,1.9515773057937622,1.0453689098358154,1.5613306760787964
four_class_provisional_roi,1111,supervised,17,200,0.00010203724377788603,0.00010203724377788603,1.9816639423370361,1.0474259853363037,1.5574381351470947
four_class_provisional_roi,1111,supervised,42,1,1.385067343711853,1.385067343711853,0.5155760645866394,3.291287422180176,1.3070405721664429
four_class_provisional_roi,1111,supervised,42,51,0.00031919742468744516,0.00031919742468744516,1.7710630893707275,0.7869623899459839,1.277055263519287
four_class_provisional_roi,1111,supervised,42,101,0.0001968315918929875,0.0001968315918929875,1.8893558979034424,0.9169094562530518,1.2802032232284546
four_class_provisional_roi,1111,supervised,42,151,8.822008385322988e-05,8.822008385322988e-05,2.0136780738830566,1.0766197443008423,1.2707571983337402
four_class_provisional_roi,1111,supervised,42,200,7.812416879460216e-05,7.812416879460216e-05,2.011380672454834,1.0622674226760864,1.2707688808441162
four_class_provisional_roi,1111,supervised,73,1,1.3603851795196533,1.3603851795196533,0.5256333351135254,3.257375955581665,1.560868501663208
four_class_provisional_roi,1111,supervised,73,51,0.00021195178851485252,0.00021195178851485252,2.0777335166931152,0.932498037815094,1.5933929681777954
four_class_provisional_roi,1111,supervised,73,101,0.00012199176126159728,0.00012199176126159728,2.1989574432373047,1.073763132095337,1.5941672325134277
four_class_provisional_roi,1111,supervised,73,151,0.00018171235569752753,0.00018171235569752753,2.2163145542144775,1.0496776103973389,1.5965014696121216
four_class_provisional_roi,1111,supervised,73,200,9.560327453073114e-05,9.560327453073114e-05,2.2650017738342285,1.1304407119750977,1.5949928760528564
four_class_provisional_roi,1111,head_only,17,1,1.4564032554626465,1.4564032554626465,0.5218096971511841,3.3667044639587402,1.395308017730713
four_class_provisional_roi,1111,head_only,17,51,0.0008368331473320723,0.0008368331473320723,0.5831318497657776,0.4258677661418915,0.03650486469268799
four_class_provisional_roi,1111,head_only,17,101,0.00047741003800183535,0.00047741003800183535,0.6317775249481201,0.5488749146461487,0.03044027090072632
four_class_provisional_roi,1111,head_only,17,151,0.0003027386264875531,0.0003027386264875531,0.6799859404563904,0.6531825065612793,0.02829766273498535
four_class_provisional_roi,1111,head_only,17,200,0.000283860950730741,0.000283860950730741,0.6966067552566528,0.6464753150939941,0.02820974588394165
four_class_provisional_roi,1111,head_only,42,1,1.445415735244751,1.445415735244751,0.5155760645866394,3.3399863243103027,1.3070405721664429
four_class_provisional_roi,1111,head_only,42,51,0.0009224615059792995,0.0009224615059792995,0.5948073863983154,0.38492101430892944,0.03641319274902344
four_class_provisional_roi,1111,head_only,42,101,0.0006447305786423385,0.0006447305786423385,0.6564116477966309,0.48719799518585205,0.033172011375427246
four_class_provisional_roi,1111,head_only,42,151,0.0003047569771297276,0.0003047569771297276,0.7190216779708862,0.6234958171844482,0.029754221439361572
four_class_provisional_roi,1111,head_only,42,200,0.0002909077738877386,0.0002909077738877386,0.7256677150726318,0.6397051215171814,0.028689563274383545
four_class_provisional_roi,1111,head_only,73,1,1.4770879745483398,1.4770879745483398,0.5256333351135254,3.3918228149414062,1.560868501663208
four_class_provisional_roi,1111,head_only,73,51,0.0011673099361360073,0.0011673099361360073,0.6534584760665894,0.3832187056541443,0.054658472537994385
four_class_provisional_roi,1111,head_only,73,101,0.0004189764440525323,0.0004189764440525323,0.7654204964637756,0.5912052989006042,0.04467463493347168
four_class_provisional_roi,1111,head_only,73,151,0.0003701992682181299,0.0003701992682181299,0.7884255647659302,0.6178734302520752,0.037861526012420654
four_class_provisional_roi,1111,head_only,73,200,0.00018718119827099144,0.00018718119827099144,0.8440475463867188,0.7401273250579834,0.036340534687042236
four_class_provisional_roi,1111,distill,17,1,3.801096200942993,1.4564032554626465,0.5218096971511841,3.3667044639587402,1.395308017730713
four_class_provisional_roi,1111,distill,17,51,0.06597980111837387,0.01419077254831791,0.04680279642343521,0.007920519448816776,0.010259747505187988
four_class_provisional_roi,1111,distill,17,101,0.019553426653146744,0.011544509790837765,0.00418314803391695,0.006315937265753746,0.006677985191345215
four_class_provisional_roi,1111,distill,17,151,0.0177919939160347,0.009870798327028751,0.0018369851168245077,0.010822715237736702,0.006728529930114746
four_class_provisional_roi,1111,distill,17,200,0.018566401675343513,0.01209668442606926,0.0034569562412798405,0.004720588214695454,0.00652468204498291
four_class_provisional_roi,1111,distill,42,1,3.7616891860961914,1.445415735244751,0.5155760645866394,3.3399863243103027,1.3070405721664429
four_class_provisional_roi,1111,distill,42,51,0.06622328609228134,0.016929423436522484,0.04018248990178108,0.016281066462397575,0.009708404541015625
four_class_provisional_roi,1111,distill,42,101,0.02115689590573311,0.013071324676275253,0.005453888326883316,0.003970899153500795,0.0064623355865478516
four_class_provisional_roi,1111,distill,42,151,0.018400907516479492,0.009275153279304504,0.0017459281953051686,0.013416262343525887,0.00671696662902832
four_class_provisional_roi,1111,distill,42,200,0.018100831657648087,0.011531297117471695,0.0029480569064617157,0.005943909753113985,0.006495237350463867
four_class_provisional_roi,1111,distill,73,1,3.854719638824463,1.4770879745483398,0.5256333351135254,3.3918228149414062,1.560868501663208
four_class_provisional_roi,1111,distill,73,51,0.06880073249340057,0.015218326821923256,0.04915966838598251,0.006818921305239201,0.010132789611816406
four_class_provisional_roi,1111,distill,73,101,0.01962285488843918,0.00868941843509674,0.0037712324410676956,0.013021332211792469,0.006515383720397949
four_class_provisional_roi,1111,distill,73,151,0.01795443519949913,0.010175265371799469,0.0019125802209600806,0.010410195216536522,0.0066149234771728516
four_class_provisional_roi,1111,distill,73,200,0.01839471608400345,0.008549727499485016,0.0023048543371260166,0.013730482198297977,0.00674891471862793
four_class_provisional_roi,1111,no_contrast,17,1,3.6615653038024902,1.4564032554626465,0.5218096971511841,3.3667044639587402,1.395308017730713
four_class_provisional_roi,1111,no_contrast,17,51,0.06305994093418121,0.013905659317970276,0.04558340087532997,0.007141751702874899,0.010339498519897461
four_class_provisional_roi,1111,no_contrast,17,101,0.01886769011616707,0.011730480007827282,0.004046113230288029,0.00618219468742609,0.006674528121948242
four_class_provisional_roi,1111,no_contrast,17,151,0.017081905156373978,0.00978020392358303,0.0017584061715751886,0.01108658965677023,0.006754755973815918
four_class_provisional_roi,1111,no_contrast,17,200,0.018160579726099968,0.012279774993658066,0.00350994523614645,0.00474171806126833,0.006551504135131836
four_class_provisional_roi,1111,no_contrast,42,1,3.6309850215911865,1.445415735244751,0.5155760645866394,3.3399863243103027,1.3070405721664429
four_class_provisional_roi,1111,no_contrast,42,51,0.06258878856897354,0.016221214085817337,0.03914463520050049,0.014445880427956581,0.009804368019104004
four_class_provisional_roi,1111,no_contrast,42,101,0.020521588623523712,0.013148052617907524,0.005411726422607899,0.003923621494323015,0.006476998329162598
four_class_provisional_roi,1111,no_contrast,42,151,0.017770331352949142,0.00930059514939785,0.0016832445980980992,0.013572984375059605,0.006734371185302734
four_class_provisional_roi,1111,no_contrast,42,200,0.017575256526470184,0.011607946828007698,0.0028617470525205135,0.006211127620190382,0.006533622741699219
four_class_provisional_roi,1111,no_contrast,73,1,3.6986327171325684,1.4770879745483398,0.5256333351135254,3.3918228149414062,1.560868501663208
four_class_provisional_roi,1111,no_contrast,73,51,0.06874541193246841,0.014987447299063206,0.05050843209028244,0.006499065086245537,0.010406970977783203
four_class_provisional_roi,1111,no_contrast,73,101,0.01884325221180916,0.008720366284251213,0.0037686917930841446,0.012708389200270176,0.0065457820892333984
four_class_provisional_roi,1111,no_contrast,73,151,0.01740388013422489,0.01019606739282608,0.0018330872990190983,0.010749451816082,0.006661891937255859
four_class_provisional_roi,1111,no_contrast,73,200,0.017673345282673836,0.00855450052767992,0.0022726301103830338,0.013692429289221764,0.006788730621337891
four_class_provisional_roi,1111,no_radar_CE,17,1,2.3446929454803467,1.4564032554626465,0.5218096971511841,3.3667044639587402,1.395308017730713
four_class_provisional_roi,1111,no_radar_CE,17,51,0.03120006062090397,0.016381582245230675,0.026075415313243866,0.008525930345058441,0.008616805076599121
four_class_provisional_roi,1111,no_radar_CE,17,101,0.008982779458165169,0.015417702496051788,0.004267215728759766,0.008098962716758251,0.006660819053649902
four_class_provisional_roi,1111,no_radar_CE,17,151,0.00684335408732295,0.011129621416330338,0.0021157111041247845,0.00804518349468708,0.007050514221191406
four_class_provisional_roi,1111,no_radar_CE,17,200,0.008480611257255077,0.0154360830783844,0.004186531528830528,0.007261788006871939,0.0066318511962890625
four_class_provisional_roi,1111,no_radar_CE,42,1,2.3162734508514404,1.445415735244751,0.5155760645866394,3.3399863243103027,1.3070405721664429
four_class_provisional_roi,1111,no_radar_CE,42,51,0.027248138561844826,0.013364139944314957,0.021365035325288773,0.01024781633168459,0.007591962814331055
four_class_provisional_roi,1111,no_radar_CE,42,101,0.007665634620934725,0.014037154614925385,0.004760652780532837,0.004514968954026699,0.006474971771240234
four_class_provisional_roi,1111,no_radar_CE,42,151,0.0071950145065784454,0.010644497349858284,0.0017451751045882702,0.009512416087090969,0.006936311721801758
four_class_provisional_roi,1111,no_radar_CE,42,200,0.006770406849682331,0.013612039387226105,0.0035910094156861305,0.00502462824806571,0.006670832633972168
four_class_provisional_roi,1111,no_radar_CE,73,1,2.377631664276123,1.4770879745483398,0.5256333351135254,3.3918228149414062,1.560868501663208
four_class_provisional_roi,1111,no_radar_CE,73,51,0.03248663619160652,0.01417875662446022,0.027081575244665146,0.009176047518849373,0.008170366287231445
four_class_provisional_roi,1111,no_radar_CE,73,101,0.008087974041700363,0.009631935507059097,0.0029122254345566034,0.008995134383440018,0.006781816482543945
four_class_provisional_roi,1111,no_radar_CE,73,151,0.006696693133562803,0.012728950008749962,0.0025003626942634583,0.0070486473850905895,0.006720066070556641
four_class_provisional_roi,1111,no_radar_CE,73,200,0.007380153518170118,0.010331941768527031,0.0023786528035998344,0.008563263341784477,0.007198691368103027
four_class_provisional_roi,1111,shuffled,17,1,3.818157196044922,1.4564032554626465,0.5225170254707336,3.3895039558410645,1.4448498487472534
four_class_provisional_roi,1111,shuffled,17,51,2.0598998069763184,0.8084852695465088,0.3380322754383087,1.7428638935089111,0.4195019006729126
four_class_provisional_roi,1111,shuffled,17,101,2.0236685276031494,0.7845858931541443,0.32386767864227295,1.7625324726104736,0.3394877314567566
four_class_provisional_roi,1111,shuffled,17,151,2.020251750946045,0.7714297771453857,0.32691216468811035,1.7732986211776733,0.3526051640510559
four_class_provisional_roi,1111,shuffled,17,200,2.0214405059814453,0.7675319910049438,0.324480265378952,1.789423942565918,0.34716230630874634
four_class_provisional_roi,1111,shuffled,42,1,3.817607879638672,1.445415735244751,0.5228737592697144,3.4048736095428467,1.4688159227371216
four_class_provisional_roi,1111,shuffled,42,51,2.0519514083862305,0.7544098496437073,0.34660571813583374,1.8126757144927979,0.44597989320755005
four_class_provisional_roi,1111,shuffled,42,101,2.0221567153930664,0.763935923576355,0.3275131583213806,1.7911021709442139,0.3515663146972656
four_class_provisional_roi,1111,shuffled,42,151,2.0207109451293945,0.7414045333862305,0.33575499057769775,1.8138539791107178,0.3662444055080414
four_class_provisional_roi,1111,shuffled,42,200,2.01971173286438,0.7595031261444092,0.3274368643760681,1.7950165271759033,0.35263627767562866
four_class_provisional_roi,1111,shuffled,73,1,3.8000569343566895,1.4770879745483398,0.5168349742889404,3.3582630157470703,1.2700237035751343
four_class_provisional_roi,1111,shuffled,73,51,2.04887318611145,0.8254130482673645,0.3321112394332886,1.7087136507034302,0.3699195981025696
four_class_provisional_roi,1111,shuffled,73,101,2.0211172103881836,0.7704194784164429,0.32821324467658997,1.774465560913086,0.35251617431640625
four_class_provisional_roi,1111,shuffled,73,151,2.020899772644043,0.7534133195877075,0.33038565516471863,1.8028159141540527,0.3569287061691284
four_class_provisional_roi,1111,shuffled,73,200,2.019481897354126,0.7633112072944641,0.32898443937301636,1.7849462032318115,0.3471332788467407
four_class_provisional_roi,1111,distill_phase,17,1,3.78454327583313,1.456848382949829,0.5146418809890747,3.365699291229248,1.302031397819519
four_class_provisional_roi,1111,distill_phase,17,51,0.056585509330034256,0.01097816415131092,0.0397983156144619,0.009824465028941631,0.008967995643615723
four_class_provisional_roi,1111,distill_phase,17,101,0.018772009760141373,0.011224397458136082,0.0034798760898411274,0.006826814264059067,0.006543278694152832
four_class_provisional_roi,1111,distill_phase,17,151,0.01971062645316124,0.012592297047376633,0.0030952603556215763,0.006726612336933613,0.006597638130187988
four_class_provisional_roi,1111,distill_phase,17,200,0.019883709028363228,0.011819371022284031,0.003520627273246646,0.00775723485276103,0.0066509246826171875
four_class_provisional_roi,1111,distill_phase,42,1,3.778714895248413,1.4500319957733154,0.5189657807350159,3.35621976852417,1.3160738945007324
four_class_provisional_roi,1111,distill_phase,42,51,0.053782396018505096,0.011353225447237492,0.03784019500017166,0.007393412292003632,0.008922696113586426
four_class_provisional_roi,1111,distill_phase,42,101,0.018260899931192398,0.010612903162837029,0.003873185021802783,0.006280401721596718,0.00634610652923584
four_class_provisional_roi,1111,distill_phase,42,151,0.017527641728520393,0.01034613512456417,0.0021424703299999237,0.00873570702970028,0.006711840629577637
four_class_provisional_roi,1111,distill_phase,42,200,0.017250806093215942,0.01116282306611538,0.002748220693320036,0.005380571819841862,0.006494760513305664
four_class_provisional_roi,1111,distill_phase,73,1,3.7952709197998047,1.4575767517089844,0.5174927115440369,3.361354351043701,1.3952410221099854
four_class_provisional_roi,1111,distill_phase,73,51,0.059479955583810806,0.011805981397628784,0.043276019394397736,0.007107284851372242,0.008443117141723633
four_class_provisional_roi,1111,distill_phase,73,101,0.018039671704173088,0.009805263951420784,0.0038071637973189354,0.007556798402220011,0.006488442420959473
four_class_provisional_roi,1111,distill_phase,73,151,0.017023587599396706,0.010265165939927101,0.00240812124684453,0.007382525596767664,0.006590366363525391
four_class_provisional_roi,1111,distill_phase,73,200,0.017481934279203415,0.010662652552127838,0.002593780867755413,0.007113256957381964,0.006688714027404785
four_class_provisional_roi,1111,original_head,17,1,0.5218096971511841,1.4564032554626465,0.5218096971511841,3.3667044639587402,1.395308017730713
four_class_provisional_roi,1111,original_head,17,51,0.00461672805249691,0.01393877249211073,0.00461672805249691,0.025103755295276642,0.007379412651062012
four_class_provisional_roi,1111,original_head,17,101,0.0009192992001771927,0.012032043188810349,0.0009192992001771927,0.018912745639681816,0.007346630096435547
four_class_provisional_roi,1111,original_head,17,151,0.0009456942789256573,0.008981102146208286,0.0009456942789256573,0.027695609256625175,0.00762021541595459
four_class_provisional_roi,1111,original_head,17,200,0.001312420703470707,0.013869017362594604,0.001312420703470707,0.021200377494096756,0.007404685020446777
four_class_provisional_roi,1111,original_head,42,1,0.5155760645866394,1.445415735244751,0.5155760645866394,3.3399863243103027,1.3070405721664429
four_class_provisional_roi,1111,original_head,42,51,0.003230405505746603,0.011118989437818527,0.003230405505746603,0.026653751730918884,0.0073413848876953125
four_class_provisional_roi,1111,original_head,42,101,0.0008230467210523784,0.01167416200041771,0.0008230467210523784,0.014986724592745304,0.007165431976318359
four_class_provisional_roi,1111,original_head,42,151,0.000605628767516464,0.009172657504677773,0.000605628767516464,0.025767706334590912,0.00752413272857666
four_class_provisional_roi,1111,original_head,42,200,0.0006599252810701728,0.010336783714592457,0.0006599252810701728,0.01892988570034504,0.007508397102355957
four_class_provisional_roi,1111,original_head,73,1,0.5256333351135254,1.4770879745483398,0.5256333351135254,3.3918228149414062,1.560868501663208
four_class_provisional_roi,1111,original_head,73,51,0.00424229959025979,0.010254450142383575,0.00424229959025979,0.024661269038915634,0.007098078727722168
four_class_provisional_roi,1111,original_head,73,101,0.0008442641701549292,0.009030300192534924,0.0008442641701549292,0.02084723860025406,0.007428884506225586
four_class_provisional_roi,1111,original_head,73,151,0.0009324419079348445,0.00935215875506401,0.0009324419079348445,0.022243347018957138,0.007413744926452637
four_class_provisional_roi,1111,original_head,73,200,0.0009020231082104146,0.008772378787398338,0.0009020231082104146,0.02590087428689003,0.007335066795349121
four_class_provisional_roi,all_known,supervised,42,1,1.3844317197799683,1.3844317197799683,0.42318621277809143,3.3491134643554688,1.3339660167694092
four_class_provisional_roi,all_known,supervised,42,51,0.0004828937235288322,0.0004828937235288322,1.780739188194275,0.8240146040916443,1.4399936199188232
four_class_provisional_roi,all_known,supervised,42,101,0.0002582075248938054,0.0002582075248938054,1.8989074230194092,0.9584941267967224,1.4368896484375
four_class_provisional_roi,all_known,supervised,42,151,0.00012760507524944842,0.00012760507524944842,1.9332034587860107,1.0136606693267822,1.4410446882247925
four_class_provisional_roi,all_known,supervised,42,200,8.471087494399399e-05,8.471087494399399e-05,1.9759235382080078,1.0522332191467285,1.4396662712097168
four_class_provisional_roi,all_known,head_only,42,1,1.5599112510681152,1.5599112510681152,0.42318621277809143,3.5072717666625977,1.3339660167694092
four_class_provisional_roi,all_known,head_only,42,51,0.0007143714465200901,0.0007143714465200901,0.6196742057800293,0.5859691500663757,0.08734411001205444
four_class_provisional_roi,all_known,head_only,42,101,0.0004707080079242587,0.0004707080079242587,0.6734217405319214,0.7537845373153687,0.08216115832328796
four_class_provisional_roi,all_known,head_only,42,151,0.00017983143334276974,0.00017983143334276974,0.6945468187332153,0.8211363554000854,0.08140185475349426
four_class_provisional_roi,all_known,head_only,42,200,0.0001356490538455546,0.0001356490538455546,0.7128840684890747,0.8850815296173096,0.07980599999427795
four_class_provisional_roi,all_known,distill,42,1,3.8701300621032715,1.5599112510681152,0.42318621277809143,3.5072717666625977,1.3339660167694092
four_class_provisional_roi,all_known,distill,42,51,0.167063370347023,0.01633594185113907,0.14298011362552643,0.012230327352881432,0.016321420669555664
four_class_provisional_roi,all_known,distill,42,101,0.08340899646282196,0.012457247823476791,0.0654115229845047,0.009214315563440323,0.009330689907073975
four_class_provisional_roi,all_known,distill,42,151,0.05993624031543732,0.014020530506968498,0.040549032390117645,0.008797806687653065,0.009677708148956299
four_class_provisional_roi,all_known,distill,42,200,0.03585139662027359,0.011335819959640503,0.01998686045408249,0.006875703111290932,0.010908663272857666
four_class_provisional_roi,all_known,no_contrast,42,1,3.7367334365844727,1.5599112510681152,0.42318621277809143,3.5072717666625977,1.3339660167694092
four_class_provisional_roi,all_known,no_contrast,42,51,0.169357031583786,0.015328340232372284,0.14736399054527283,0.013329390436410904,0.017524421215057373
four_class_provisional_roi,all_known,no_contrast,42,101,0.08211354166269302,0.012259170413017273,0.06489179283380508,0.00992515031248331,0.00939321517944336
four_class_provisional_roi,all_known,no_contrast,42,151,0.058318234980106354,0.013742765411734581,0.04009395092725754,0.008963040076196194,0.009753167629241943
four_class_provisional_roi,all_known,no_contrast,42,200,0.03472951799631119,0.011491669341921806,0.019930241629481316,0.006615213584154844,0.010932743549346924
four_class_provisional_roi,all_known,no_radar_CE,42,1,2.3102188110351562,1.5599112510681152,0.42318621277809143,3.5072717666625977,1.3339660167694092
four_class_provisional_roi,all_known,no_radar_CE,42,51,0.11254000663757324,0.023226700723171234,0.10670161247253418,0.009246807545423508,0.0121498703956604
four_class_provisional_roi,all_known,no_radar_CE,42,101,0.05566490814089775,0.025146866217255592,0.04954710230231285,0.010355694219470024,0.009399592876434326
four_class_provisional_roi,all_known,no_radar_CE,42,151,0.025331471115350723,0.014925328083336353,0.02051842212677002,0.00731068616732955,0.011577069759368896
four_class_provisional_roi,all_known,no_radar_CE,42,200,0.013660375028848648,0.013059359975159168,0.010972987860441208,0.0028124188538640738,0.012811779975891113
four_class_provisional_roi,all_known,shuffled,42,1,3.9855093955993652,1.5599112510681152,0.43063879013061523,3.688105583190918,1.5090662240982056
four_class_provisional_roi,all_known,shuffled,42,51,1.9319902658462524,0.6593954563140869,0.27985191345214844,1.947479009628296,0.19003421068191528
four_class_provisional_roi,all_known,shuffled,42,101,1.8586316108703613,0.6479406356811523,0.22162365913391113,1.956972360610962,0.10581099987030029
four_class_provisional_roi,all_known,shuffled,42,151,1.8367916345596313,0.6507406234741211,0.1939733922481537,1.9623340368270874,0.10910642147064209
four_class_provisional_roi,all_known,shuffled,42,200,1.8167369365692139,0.6473256945610046,0.1820673942565918,1.9513145685195923,0.11686551570892334
four_class_provisional_roi,all_known,distill_phase,42,1,3.863616466522217,1.5482757091522217,0.42633140087127686,3.507640838623047,1.35188889503479
four_class_provisional_roi,all_known,distill_phase,42,51,0.1479724943637848,0.0095021091401577,0.12846437096595764,0.017098255455493927,0.014568805694580078
four_class_provisional_roi,all_known,distill_phase,42,101,0.07499420642852783,0.010425450280308723,0.05973619222640991,0.0077773090451955795,0.00943911075592041
four_class_provisional_roi,all_known,distill_phase,42,151,0.051921263337135315,0.012787624262273312,0.0340355783700943,0.008148044347763062,0.010240375995635986
four_class_provisional_roi,all_known,distill_phase,42,200,0.03353092074394226,0.011006275191903114,0.018818197771906853,0.005110116209834814,0.011513888835906982
four_class_provisional_roi,all_known,original_head,42,1,0.42318621277809143,1.5599112510681152,0.42318621277809143,3.5072717666625977,1.3339660167694092
four_class_provisional_roi,all_known,original_head,42,51,0.027944419533014297,0.06383328139781952,0.027944419533014297,0.04731494188308716,0.010800063610076904
four_class_provisional_roi,all_known,original_head,42,101,0.007629701402038336,0.026007965207099915,0.007629701402038336,0.012537878938019276,0.012275099754333496
four_class_provisional_roi,all_known,original_head,42,151,0.0042672655545175076,0.015885530039668083,0.0042672655545175076,0.011671126820147038,0.015445172786712646
four_class_provisional_roi,all_known,original_head,42,200,0.0025159840006381273,0.012265201658010483,0.0025159840006381273,0.006413668859750032,0.013149678707122803
three_class_geometry_compatible,000,supervised,17,1,1.100466251373291,1.100466251373291,0.25844916701316833,2.288297176361084,1.0382163524627686
three_class_geometry_compatible,000,supervised,17,51,0.00011034697672585025,0.00011034697672585025,1.5451405048370361,1.131615400314331,0.8697280883789062
three_class_geometry_compatible,000,supervised,17,101,0.00010337298590457067,0.00010337298590457067,1.6197726726531982,1.220055103302002,0.8736697435379028
three_class_geometry_compatible,000,supervised,17,151,7.412516424665228e-05,7.412516424665228e-05,1.776230812072754,1.4380220174789429,0.8724747896194458
three_class_geometry_compatible,000,supervised,17,200,4.6050558012211695e-05,4.6050558012211695e-05,1.6854372024536133,1.3604058027267456,0.8753147125244141
three_class_geometry_compatible,000,supervised,42,1,1.0863724946975708,1.0863724946975708,0.26512613892555237,2.265655040740967,1.1691224575042725
three_class_geometry_compatible,000,supervised,42,51,0.0003012782253790647,0.0003012782253790647,1.4322203397750854,0.9440691471099854,0.8895880579948425
three_class_geometry_compatible,000,supervised,42,101,0.00015725773118901998,0.00015725773118901998,1.5363225936889648,1.060948371887207,0.8870894908905029
three_class_geometry_compatible,000,supervised,42,151,5.9358066209824756e-05,5.9358066209824756e-05,1.6463708877563477,1.2451685667037964,0.8828792572021484
three_class_geometry_compatible,000,supervised,42,200,4.372231705929153e-05,4.372231705929153e-05,1.6691067218780518,1.3167235851287842,0.8833245635032654
three_class_geometry_compatible,000,supervised,73,1,1.0949028730392456,1.0949028730392456,0.26487892866134644,2.277796983718872,1.2161996364593506
three_class_geometry_compatible,000,supervised,73,51,0.0001727126509649679,0.0001727126509649679,1.6322463750839233,0.9801516532897949,1.6380765438079834
three_class_geometry_compatible,000,supervised,73,101,8.088815957307816e-05,8.088815957307816e-05,1.7369025945663452,1.1433196067810059,1.643294334411621
three_class_geometry_compatible,000,supervised,73,151,7.107192504918203e-05,7.107192504918203e-05,1.790437936782837,1.1796660423278809,1.6509296894073486
three_class_geometry_compatible,000,supervised,73,200,7.538114005001262e-05,7.538114005001262e-05,1.7960686683654785,1.174921989440918,1.6390283107757568
three_class_geometry_compatible,000,head_only,17,1,1.080248236656189,1.080248236656189,0.25844916701316833,2.253180742263794,1.0382163524627686
three_class_geometry_compatible,000,head_only,17,51,0.0006095051649026573,0.0006095051649026573,0.5040574669837952,0.6769059896469116,0.026035945862531662
three_class_geometry_compatible,000,head_only,17,101,0.00035064047551713884,0.00035064047551713884,0.5585838556289673,0.8193067312240601,0.022986173629760742
three_class_geometry_compatible,000,head_only,17,151,0.00016069915727712214,0.00016069915727712214,0.6502838730812073,1.0787076950073242,0.022146623581647873
three_class_geometry_compatible,000,head_only,17,200,0.0001262141886400059,0.0001262141886400059,0.6404606699943542,1.058759093284607,0.022426366806030273
three_class_geometry_compatible,000,head_only,42,1,1.1361503601074219,1.1361503601074219,0.26512613892555237,2.337103843688965,1.1691224575042725
three_class_geometry_compatible,000,head_only,42,51,0.0005424635601229966,0.0005424635601229966,0.578476071357727,0.7211540937423706,0.026790302246809006
three_class_geometry_compatible,000,head_only,42,101,0.00038670733920298517,0.00038670733920298517,0.6226686835289001,0.8007985949516296,0.02555537223815918
three_class_geometry_compatible,000,head_only,42,151,0.0001499188510933891,0.0001499188510933891,0.6817821860313416,0.982151985168457,0.024530809372663498
three_class_geometry_compatible,000,head_only,42,200,0.00027924380265176296,0.00027924380265176296,0.7068291902542114,0.9846357107162476,0.024666469544172287
three_class_geometry_compatible,000,head_only,73,1,1.1133793592453003,1.1133793592453003,0.26487892866134644,2.304266929626465,1.2161996364593506
three_class_geometry_compatible,000,head_only,73,51,0.0002861979592125863,0.0002861979592125863,0.5718352794647217,0.743020236492157,0.026586851105093956
three_class_geometry_compatible,000,head_only,73,101,0.00017631713126320392,0.00017631713126320392,0.6502267122268677,0.9166466593742371,0.02637934684753418
three_class_geometry_compatible,000,head_only,73,151,0.00015706864360254258,0.00015706864360254258,0.658086895942688,0.9196982383728027,0.026416778564453125
three_class_geometry_compatible,000,head_only,73,200,0.00012224014790263027,0.00012224014790263027,0.6765062808990479,0.9798557162284851,0.02550530433654785
three_class_geometry_compatible,000,distill,17,1,2.5691094398498535,1.080248236656189,0.25844916701316833,2.253180742263794,1.0382163524627686
three_class_geometry_compatible,000,distill,17,51,0.053389620035886765,0.0151831591501832,0.035133663564920425,0.005674228072166443,0.002356847282499075
three_class_geometry_compatible,000,distill,17,101,0.018734300509095192,0.014701391570270061,0.0024455254897475243,0.0029175635427236557,0.0012860298156738281
three_class_geometry_compatible,000,distill,17,151,0.016983212903141975,0.0125550152733922,0.0007201111875474453,0.007167487405240536,0.0012434324016794562
three_class_geometry_compatible,000,distill,17,200,0.016620095819234848,0.015512985177338123,0.0007632378838025033,0.00043883686885237694,0.0012445449829101562
three_class_geometry_compatible,000,distill,42,1,2.6867408752441406,1.1361503601074219,0.26512613892555237,2.337103843688965,1.1691224575042725
three_class_geometry_compatible,000,distill,42,51,0.058207917958498,0.016694897785782814,0.03781823441386223,0.006944557186216116,0.002225081203505397
three_class_geometry_compatible,000,distill,42,101,0.022428931668400764,0.01820857636630535,0.0024166936054825783,0.0033471286296844482,0.0013009707909077406
three_class_geometry_compatible,000,distill,42,151,0.01761973276734352,0.015558945946395397,0.0008828495629131794,0.002107442356646061,0.0012421607971191406
three_class_geometry_compatible,000,distill,42,200,0.0169749166816473,0.014183145947754383,0.0005691741826012731,0.004191804677248001,0.0012669563293457031
three_class_geometry_compatible,000,distill,73,1,2.6520116329193115,1.1133793592453003,0.26487892866134644,2.304266929626465,1.2161996364593506
three_class_geometry_compatible,000,distill,73,51,0.05117518827319145,0.013552461750805378,0.032789167016744614,0.009212885051965714,0.0022711753845214844
three_class_geometry_compatible,000,distill,73,101,0.018848702311515808,0.013544355519115925,0.002713034860789776,0.004919443279504776,0.0013159116497263312
three_class_geometry_compatible,000,distill,73,151,0.017117153853178024,0.01511544082313776,0.0009687069687061012,0.0018130354583263397,0.0012648900737985969
three_class_geometry_compatible,000,distill,73,200,0.016838034614920616,0.014761251397430897,0.000687258318066597,0.0025311592034995556,0.0012394587974995375
three_class_geometry_compatible,000,no_contrast,17,1,2.465287685394287,1.080248236656189,0.25844916701316833,2.253180742263794,1.0382163524627686
three_class_geometry_compatible,000,no_contrast,17,51,0.052506983280181885,0.014903083443641663,0.03502846136689186,0.005150878336280584,0.002438704250380397
three_class_geometry_compatible,000,no_contrast,17,101,0.018454689532518387,0.014677672646939754,0.0023400629870593548,0.002873909194022417,0.0012807846069335938
three_class_geometry_compatible,000,no_contrast,17,151,0.016960684210062027,0.012577791698276997,0.0007338071591220796,0.00729817058891058,0.0012420018902048469
three_class_geometry_compatible,000,no_contrast,17,200,0.016550252214074135,0.015548360534012318,0.0007545629050582647,0.0004946560366079211,0.0012447040062397718
three_class_geometry_compatible,000,no_contrast,42,1,2.569828510284424,1.1361503601074219,0.26512613892555237,2.337103843688965,1.1691224575042725
three_class_geometry_compatible,000,no_contrast,42,51,0.0579066127538681,0.01635591872036457,0.037996284663677216,0.00710881594568491,0.002262115478515625
three_class_geometry_compatible,000,no_contrast,42,101,0.021878834813833237,0.01779654435813427,0.0021732740569859743,0.0038180311676114798,0.0012947719078511
three_class_geometry_compatible,000,no_contrast,42,151,0.01733141951262951,0.01540207490324974,0.0008161010919138789,0.0022264854051172733,0.0012400945415720344
three_class_geometry_compatible,000,no_contrast,42,200,0.01667378842830658,0.014006168581545353,0.0005779464263468981,0.0041793473064899445,0.001268545864149928
three_class_geometry_compatible,000,no_contrast,73,1,2.5303916931152344,1.1133793592453003,0.26487892866134644,2.304266929626465,1.2161996364593506
three_class_geometry_compatible,000,no_contrast,73,51,0.052725646644830704,0.013236572034657001,0.033813655376434326,0.011350843124091625,0.002326329704374075
three_class_geometry_compatible,000,no_contrast,73,101,0.018833335489034653,0.013209640979766846,0.0026677134446799755,0.005911961197853088,0.0013119380455464125
three_class_geometry_compatible,000,no_contrast,73,151,0.01678524538874626,0.014899474568665028,0.0009329241001978517,0.0019056953024119139,0.0012633006554096937
three_class_geometry_compatible,000,no_contrast,73,200,0.016755789518356323,0.014599827118217945,0.0006978520541451871,0.0029162210412323475,0.0012408893089741468
three_class_geometry_compatible,000,no_radar_CE,17,1,1.4888612031936646,1.080248236656189,0.25844916701316833,2.253180742263794,1.0382163524627686
three_class_geometry_compatible,000,no_radar_CE,17,51,0.021044060587882996,0.017403490841388702,0.01909613236784935,0.0035312995314598083,0.0018227895488962531
three_class_geometry_compatible,000,no_radar_CE,17,101,0.003297744318842888,0.018225232139229774,0.0011565787717700005,0.004027223214507103,0.0012755393981933594
three_class_geometry_compatible,000,no_radar_CE,17,151,0.002715556649491191,0.015298652462661266,0.0007011996349319816,0.0037793598603457212,0.0012467702617868781
three_class_geometry_compatible,000,no_radar_CE,17,200,0.002332667587324977,0.021058330312371254,0.0012301075039431453,0.0019567832350730896,0.0012416839599609375
three_class_geometry_compatible,000,no_radar_CE,42,1,1.5505902767181396,1.1361503601074219,0.26512613892555237,2.337103843688965,1.1691224575042725
three_class_geometry_compatible,000,no_radar_CE,42,51,0.02172274887561798,0.047462981194257736,0.01872491091489792,0.005659883841872215,0.0016789436340332031
three_class_geometry_compatible,000,no_radar_CE,42,101,0.003324578981846571,0.02604476548731327,0.0010758363641798496,0.004240501672029495,0.0012849172344431281
three_class_geometry_compatible,000,no_radar_CE,42,151,0.002426351420581341,0.019936086609959602,0.0011426103301346302,0.0023167612962424755,0.0012536048889160156
three_class_geometry_compatible,000,no_radar_CE,42,200,0.0015743388794362545,0.01701817475259304,0.0005315090529620647,0.0018295025220140815,0.0012807846069335938
three_class_geometry_compatible,000,no_radar_CE,73,1,1.5386323928833008,1.1133793592453003,0.26487892866134644,2.304266929626465,1.2161996364593506
three_class_geometry_compatible,000,no_radar_CE,73,51,0.02191910892724991,0.0171772763133049,0.016507450491189957,0.01048161368817091,0.0017085075378417969
three_class_geometry_compatible,000,no_radar_CE,73,101,0.0016802763566374779,0.023586099967360497,0.001053711399435997,0.0009974179556593299,0.0012785594444721937
three_class_geometry_compatible,000,no_radar_CE,73,151,0.001519299577921629,0.019599786028265953,0.0010865028016269207,0.0006128062377683818,0.0012639363994821906
three_class_geometry_compatible,000,no_radar_CE,73,200,0.005519737955182791,0.02181336097419262,0.0018776531796902418,0.007033544592559338,0.0012531280517578125
three_class_geometry_compatible,000,shuffled,17,1,2.6892011165618896,1.080248236656189,0.27145129442214966,2.3581175804138184,1.5844266414642334
three_class_geometry_compatible,000,shuffled,17,51,1.6092931032180786,0.6319006085395813,0.1369522660970688,1.670776128768921,0.0505216121673584
three_class_geometry_compatible,000,shuffled,17,101,1.5975037813186646,0.6403455138206482,0.12619972229003906,1.6548385620117188,0.035391807556152344
three_class_geometry_compatible,000,shuffled,17,151,1.598394751548767,0.6261833310127258,0.12874731421470642,1.6792291402816772,0.03849570080637932
three_class_geometry_compatible,000,shuffled,17,200,1.5968353748321533,0.6313250064849854,0.12405207008123398,1.675782561302185,0.035670362412929535
three_class_geometry_compatible,000,shuffled,42,1,2.62412691116333,1.1361503601074219,0.25966760516166687,2.259589910507202,0.9851398468017578
three_class_geometry_compatible,000,shuffled,42,51,1.609231948852539,0.6269795894622803,0.13652852177619934,1.6820547580718994,0.04696448892354965
three_class_geometry_compatible,000,shuffled,42,101,1.597147822380066,0.6192201972007751,0.12861469388008118,1.6909221410751343,0.03851731866598129
three_class_geometry_compatible,000,shuffled,42,151,1.5957530736923218,0.6322333216667175,0.12539412081241608,1.6689515113830566,0.03649870678782463
three_class_geometry_compatible,000,shuffled,42,200,1.5949231386184692,0.617207407951355,0.12770116329193115,1.6925950050354004,0.0371706485748291
three_class_geometry_compatible,000,shuffled,73,1,2.618288040161133,1.1133793592453003,0.25995010137557983,2.287202835083008,1.01357102394104
three_class_geometry_compatible,000,shuffled,73,51,1.6136327981948853,0.647946298122406,0.13944320380687714,1.6425480842590332,0.049692314118146896
three_class_geometry_compatible,000,shuffled,73,101,1.5969970226287842,0.5994961857795715,0.1296486258506775,1.7276835441589355,0.04010407254099846
three_class_geometry_compatible,000,shuffled,73,151,1.5970274209976196,0.6458014845848083,0.12472842633724213,1.6461175680160522,0.03438735008239746
three_class_geometry_compatible,000,shuffled,73,200,1.5954593420028687,0.6276093125343323,0.12600217759609222,1.6762926578521729,0.037015996873378754
three_class_geometry_compatible,000,distill_phase,17,1,2.664531707763672,1.123186469078064,0.262218713760376,2.3174779415130615,1.2038750648498535
three_class_geometry_compatible,000,distill_phase,17,51,0.042868006974458694,0.010885422118008137,0.023872798308730125,0.015852665528655052,0.0018345515709370375
three_class_geometry_compatible,000,distill_phase,17,101,0.016765745356678963,0.012477708049118519,0.0011095651425421238,0.00610485952347517,0.001260439632460475
three_class_geometry_compatible,000,distill_phase,17,151,0.016758520156145096,0.014769330620765686,0.0006884054746478796,0.00235300837084651,0.0012427966576069593
three_class_geometry_compatible,000,distill_phase,17,200,0.016341954469680786,0.01509352307766676,0.0007601801189593971,0.0007286748732440174,0.0012391408672556281
three_class_geometry_compatible,000,distill_phase,42,1,2.547762632369995,1.0713151693344116,0.25774630904197693,2.2400472164154053,0.9867731928825378
three_class_geometry_compatible,000,distill_phase,42,51,0.046311523765325546,0.015382020734250546,0.027780573815107346,0.005904789082705975,0.0019653639756143093
three_class_geometry_compatible,000,distill_phase,42,101,0.017362451180815697,0.01445878203958273,0.001264563063159585,0.0030259322375059128,0.0012613933067768812
three_class_geometry_compatible,000,distill_phase,42,151,0.015542365610599518,0.013919559307396412,0.0005155295948497951,0.0019673933275043964,0.0012358030071482062
three_class_geometry_compatible,000,distill_phase,42,200,0.015732483938336372,0.014518416486680508,0.00045878704986535013,0.0012589504476636648,0.0012580554466694593
three_class_geometry_compatible,000,distill_phase,73,1,2.508655548095703,1.0532995462417603,0.2563903033733368,2.209357738494873,0.9428682327270508
three_class_geometry_compatible,000,distill_phase,73,51,0.04642466455698013,0.013850505463778973,0.028422683477401733,0.00790291465818882,0.0020001730881631374
three_class_geometry_compatible,000,distill_phase,73,101,0.017054520547389984,0.014165232889354229,0.0014728859532624483,0.0025774731766432524,0.0012766520958393812
three_class_geometry_compatible,000,distill_phase,73,151,0.017865868285298347,0.015149696730077267,0.0008845494012348354,0.0034126515965908766,0.0012529691448435187
three_class_geometry_compatible,000,distill_phase,73,200,0.015943698585033417,0.01312075275927782,0.0005179562140256166,0.004360468592494726,0.0012475650291889906
three_class_geometry_compatible,000,original_head,17,1,0.25844916701316833,1.080248236656189,0.25844916701316833,2.253180742263794,1.0382163524627686
three_class_geometry_compatible,000,original_head,17,51,0.0021271673031151295,0.01858089677989483,0.0021271673031151295,0.005949568934738636,0.0012764930725097656
three_class_geometry_compatible,000,original_head,17,101,0.0010477113537490368,0.01617240160703659,0.0010477113537490368,0.008612134493887424,0.0012534459820017219
three_class_geometry_compatible,000,original_head,17,151,0.0005525200976990163,0.014518002979457378,0.0005525200976990163,0.005863159894943237,0.0012515386333689094
three_class_geometry_compatible,000,original_head,17,200,0.000650104833766818,0.02170894853770733,0.000650104833766818,0.0017355906311422586,0.0012467702617868781
three_class_geometry_compatible,000,original_head,42,1,0.26512613892555237,1.1361503601074219,0.26512613892555237,2.337103843688965,1.1691224575042725
three_class_geometry_compatible,000,original_head,42,51,0.002456143731251359,0.04859913885593414,0.002456143731251359,0.009040321223437786,0.0012962024193257093
three_class_geometry_compatible,000,original_head,42,101,0.00071661890251562,0.02494663931429386,0.00071661890251562,0.00382578419521451,0.0012639363994821906
three_class_geometry_compatible,000,original_head,42,151,0.0006004272727295756,0.014391038566827774,0.0006004272727295756,0.004913096781820059,0.0012483596801757812
three_class_geometry_compatible,000,original_head,42,200,0.0004572686739265919,0.013545817695558071,0.0004572686739265919,0.0064164502546191216,0.0012410482158884406
three_class_geometry_compatible,000,original_head,73,1,0.26487892866134644,1.1133793592453003,0.26487892866134644,2.304266929626465,1.2161996364593506
three_class_geometry_compatible,000,original_head,73,51,0.002081451704725623,0.01711966097354889,0.002081451704725623,0.006717318203300238,0.0013019244652241468
three_class_geometry_compatible,000,original_head,73,101,0.000567524810321629,0.0339566208422184,0.000567524810321629,0.00556166423484683,0.0012634595623239875
three_class_geometry_compatible,000,original_head,73,151,0.0009143821662291884,0.017364906147122383,0.0009143821662291884,0.0036377522628754377,0.0012601217022165656
three_class_geometry_compatible,000,original_head,73,200,0.0014890206512063742,0.019977116957306862,0.0014890206512063742,0.0054567717015743256,0.0012661616783589125
three_class_geometry_compatible,001,supervised,17,1,1.107751488685608,1.107751488685608,0.45673567056655884,2.5531508922576904,1.0537967681884766
three_class_geometry_compatible,001,supervised,17,51,5.066686208010651e-05,5.066686208010651e-05,1.702794075012207,1.0210992097854614,0.6823275089263916
three_class_geometry_compatible,001,supervised,17,101,6.249038415262476e-05,6.249038415262476e-05,1.7572988271713257,1.0671749114990234,0.669447124004364
three_class_geometry_compatible,001,supervised,17,151,8.393479947699234e-05,8.393479947699234e-05,1.8449037075042725,1.1557393074035645,0.6714982986450195
three_class_geometry_compatible,001,supervised,17,200,3.311637192382477e-05,3.311637192382477e-05,1.8115549087524414,1.159666895866394,0.6742954254150391
three_class_geometry_compatible,001,supervised,42,1,1.0874204635620117,1.0874204635620117,0.45784991979599,2.515599250793457,1.0665030479431152
three_class_geometry_compatible,001,supervised,42,51,0.00022074328444432467,0.00022074328444432467,1.7149600982666016,0.8068116903305054,0.9150958061218262
three_class_geometry_compatible,001,supervised,42,101,0.00018153827113565058,0.00018153827113565058,1.7785804271697998,0.894976794719696,0.9174013137817383
three_class_geometry_compatible,001,supervised,42,151,9.84185971901752e-05,9.84185971901752e-05,1.8088395595550537,0.9228414297103882,0.9137086868286133
three_class_geometry_compatible,001,supervised,42,200,5.3535684855887666e-05,5.3535684855887666e-05,1.9007227420806885,1.0422141551971436,0.9155758619308472
three_class_geometry_compatible,001,supervised,73,1,1.0943646430969238,1.0943646430969238,0.463596910238266,2.5256145000457764,1.3346909284591675
three_class_geometry_compatible,001,supervised,73,51,0.00018883742450270802,0.00018883742450270802,1.941786289215088,0.7852425575256348,1.7350404262542725
three_class_geometry_compatible,001,supervised,73,101,0.00012378716201055795,0.00012378716201055795,2.016420364379883,0.8917551040649414,1.7372606992721558
three_class_geometry_compatible,001,supervised,73,151,4.683438965003006e-05,4.683438965003006e-05,2.127413511276245,1.009230613708496,1.745877742767334
three_class_geometry_compatible,001,supervised,73,200,6.367963214870542e-05,6.367963214870542e-05,2.1004858016967773,0.960288941860199,1.7360668182373047
three_class_geometry_compatible,001,head_only,17,1,1.1275666952133179,1.1275666952133179,0.45673567056655884,2.5533618927001953,1.0537967681884766
three_class_geometry_compatible,001,head_only,17,51,0.00038700387813150883,0.00038700387813150883,0.608143150806427,0.5852515697479248,0.014445146545767784
three_class_geometry_compatible,001,head_only,17,101,0.00021226056560408324,0.00021226056560408324,0.6510921716690063,0.6727129817008972,0.013378381729125977
three_class_geometry_compatible,001,head_only,17,151,0.00013557779311668128,0.00013557779311668128,0.7471880912780762,0.8260573744773865,0.013010025024414062
three_class_geometry_compatible,001,head_only,17,200,0.0001475478202337399,0.0001475478202337399,0.7304942607879639,0.7959108352661133,0.01273544691503048
three_class_geometry_compatible,001,head_only,42,1,1.1360377073287964,1.1360377073287964,0.45784991979599,2.5766687393188477,1.0665030479431152
three_class_geometry_compatible,001,head_only,42,51,0.0005571059882640839,0.0005571059882640839,0.6766359210014343,0.5055398344993591,0.01568913459777832
three_class_geometry_compatible,001,head_only,42,101,0.0003046899801120162,0.0003046899801120162,0.7327178716659546,0.616901159286499,0.014691909775137901
three_class_geometry_compatible,001,head_only,42,151,0.00019675913790706545,0.00019675913790706545,0.7546343803405762,0.6601883172988892,0.013963064178824425
three_class_geometry_compatible,001,head_only,42,200,0.000206793294637464,0.000206793294637464,0.8285689353942871,0.7505518794059753,0.014002720825374126
three_class_geometry_compatible,001,head_only,73,1,1.1732233762741089,1.1732233762741089,0.463596910238266,2.6241025924682617,1.3346909284591675
three_class_geometry_compatible,001,head_only,73,51,0.0005226277280598879,0.0005226277280598879,0.705289363861084,0.5380797982215881,0.023834705352783203
three_class_geometry_compatible,001,head_only,73,101,0.0002618868020363152,0.0002618868020363152,0.8150331974029541,0.7152562141418457,0.02247675321996212
three_class_geometry_compatible,001,head_only,73,151,0.00014658835425507277,0.00014658835425507277,0.8356690406799316,0.7565426826477051,0.021519582718610764
three_class_geometry_compatible,001,head_only,73,200,0.00017971417400985956,0.00017971417400985956,0.8324075937271118,0.7585587501525879,0.020484289154410362
three_class_geometry_compatible,001,distill,17,1,2.966362953186035,1.1275666952133179,0.45673567056655884,2.5533618927001953,1.0537967681884766
three_class_geometry_compatible,001,distill,17,51,0.05144772678613663,0.009968894533813,0.0372798815369606,0.007893911562860012,0.0025199255906045437
three_class_geometry_compatible,001,distill,17,101,0.0134196225553751,0.010355398990213871,0.001840394688770175,0.0021023633889853954,0.0017264684429392219
three_class_geometry_compatible,001,distill,17,151,0.013513514772057533,0.009553289040923119,0.0010884384391829371,0.00539805693551898,0.0017275810241699219
three_class_geometry_compatible,001,distill,17,200,0.013965893536806107,0.011043361388146877,0.0014530671760439873,0.0025947485119104385,0.0017209053039550781
three_class_geometry_compatible,001,distill,42,1,2.988872528076172,1.1360377073287964,0.45784991979599,2.5766687393188477,1.0665030479431152
three_class_geometry_compatible,001,distill,42,51,0.054000698029994965,0.013595945201814175,0.035246677696704865,0.009795919060707092,0.002601146697998047
three_class_geometry_compatible,001,distill,42,101,0.0161709263920784,0.013061446137726307,0.0020608154591172934,0.001762491650879383,0.0016741752624511719
three_class_geometry_compatible,001,distill,42,151,0.013635178096592426,0.011001459322869778,0.0012050216319039464,0.002516265958547592,0.0017056465148925781
three_class_geometry_compatible,001,distill,42,200,0.013737489469349384,0.01079177763313055,0.0011708642123267055,0.0032288148067891598,0.0016043981304392219
three_class_geometry_compatible,001,distill,73,1,3.082340717315674,1.1732233762741089,0.463596910238266,2.6241025924682617,1.3346909284591675
three_class_geometry_compatible,001,distill,73,51,0.055725131183862686,0.012117565609514713,0.03962879627943039,0.007485474459826946,0.0023603439331054688
three_class_geometry_compatible,001,distill,73,101,0.014508306048810482,0.009121667593717575,0.0015215127496048808,0.007402441464364529,0.0016390483360737562
three_class_geometry_compatible,001,distill,73,151,0.013077378273010254,0.010286151431500912,0.0011679839808493853,0.0029012239538133144,0.001726309536024928
three_class_geometry_compatible,001,distill,73,200,0.014030851423740387,0.011042202822864056,0.0013016609009355307,0.003021655138581991,0.0017615954857319593
three_class_geometry_compatible,001,no_contrast,17,1,2.860983371734619,1.1275666952133179,0.45673567056655884,2.5533618927001953,1.0537967681884766
three_class_geometry_compatible,001,no_contrast,17,51,0.05064616724848747,0.009712944738566875,0.03654540330171585,0.00877563375979662,0.002509593963623047
three_class_geometry_compatible,001,no_contrast,17,101,0.013234566897153854,0.010279064066708088,0.001815054565668106,0.0022808965295553207,0.0017278989544138312
three_class_geometry_compatible,001,no_contrast,17,151,0.013193968683481216,0.009609478525817394,0.001080092042684555,0.005008795764297247,0.0017240842571482062
three_class_geometry_compatible,001,no_contrast,17,200,0.013933563604950905,0.011048813350498676,0.0014968859031796455,0.0027757282368838787,0.0017304420471191406
three_class_geometry_compatible,001,no_contrast,42,1,2.8822221755981445,1.1360377073287964,0.45784991979599,2.5766687393188477,1.0665030479431152
three_class_geometry_compatible,001,no_contrast,42,51,0.05153347924351692,0.012652195058763027,0.033877693116664886,0.010007180273532867,0.002535025356337428
three_class_geometry_compatible,001,no_contrast,42,101,0.016113607212901115,0.013183890841901302,0.0020135047379881144,0.0018324226839467883,0.0016749700298532844
three_class_geometry_compatible,001,no_contrast,42,151,0.013454606756567955,0.010826277546584606,0.0012053817044943571,0.002845894545316696,0.0017070770263671875
three_class_geometry_compatible,001,no_contrast,42,200,0.013657044619321823,0.010864253155887127,0.001139484578743577,0.0033066130708903074,0.0016096433391794562
three_class_geometry_compatible,001,no_contrast,73,1,2.948871612548828,1.1732233762741089,0.463596910238266,2.6241025924682617,1.3346909284591675
three_class_geometry_compatible,001,no_contrast,73,51,0.0531129352748394,0.011483161710202694,0.038046762347221375,0.0071660238318145275,0.002338409423828125
three_class_geometry_compatible,001,no_contrast,73,101,0.014316346496343613,0.009091182611882687,0.0013862426858395338,0.007677841931581497,0.0016322135925292969
three_class_geometry_compatible,001,no_contrast,73,151,0.012922734022140503,0.01023105252534151,0.0012631083372980356,0.0028571474831551313,0.0017323493957519531
three_class_geometry_compatible,001,no_contrast,73,200,0.013693721033632755,0.01080221775919199,0.0012084265472367406,0.003366153221577406,0.0017679532757028937
three_class_geometry_compatible,001,no_radar_CE,17,1,1.8387962579727173,1.1275666952133179,0.45673567056655884,2.5533618927001953,1.0537967681884766
three_class_geometry_compatible,001,no_radar_CE,17,51,0.02106560580432415,0.011240755207836628,0.018101146444678307,0.005500304512679577,0.0021430652122944593
three_class_geometry_compatible,001,no_radar_CE,17,101,0.0022534672170877457,0.012069336138665676,0.0018289193976670504,0.000500496185850352,0.0017429988365620375
three_class_geometry_compatible,001,no_radar_CE,17,151,0.002547431970015168,0.01169632375240326,0.0012207524850964546,0.002301929984241724,0.0017571449279785156
three_class_geometry_compatible,001,no_radar_CE,17,200,0.0026191945653408766,0.01292511448264122,0.0016321209259331226,0.0016224955907091498,0.0017582576256245375
three_class_geometry_compatible,001,no_radar_CE,42,1,1.852834701538086,1.1360377073287964,0.45784991979599,2.5766687393188477,1.0665030479431152
three_class_geometry_compatible,001,no_radar_CE,42,51,0.02066342532634735,0.018266886472702026,0.017255758866667747,0.0064077964052557945,0.0020376842003315687
three_class_geometry_compatible,001,no_radar_CE,42,101,0.002999434946104884,0.014844506978988647,0.0017769992118701339,0.002108860295265913,0.001680056331679225
three_class_geometry_compatible,001,no_radar_CE,42,151,0.0027012971695512533,0.013300391845405102,0.0015602773055434227,0.0019335986580699682,0.001742204069159925
three_class_geometry_compatible,001,no_radar_CE,42,200,0.0028143462259322405,0.013133225031197071,0.0015065325424075127,0.002292013494297862,0.0016180675011128187
three_class_geometry_compatible,001,no_radar_CE,73,1,1.909117341041565,1.1732233762741089,0.463596910238266,2.6241025924682617,1.3346909284591675
three_class_geometry_compatible,001,no_radar_CE,73,51,0.021334966644644737,0.013764682225883007,0.019295137375593185,0.0037067080847918987,0.0018647512188181281
three_class_geometry_compatible,001,no_radar_CE,73,101,0.0027015823870897293,0.012066683731973171,0.0012784911086782813,0.0025071194395422935,0.001695315120741725
three_class_geometry_compatible,001,no_radar_CE,73,151,0.0019788669887930155,0.012373298406600952,0.0014767482643947005,0.0006536351284012198,0.001753012416884303
three_class_geometry_compatible,001,no_radar_CE,73,200,0.003737029619514942,0.014176540076732635,0.002245663432404399,0.002619414357468486,0.0018165906658396125
three_class_geometry_compatible,001,shuffled,17,1,3.0963501930236816,1.1275666952133179,0.4704417884349823,2.686558485031128,1.5506234169006348
three_class_geometry_compatible,001,shuffled,17,51,1.8340773582458496,0.6797325611114502,0.26439782977104187,1.7647676467895508,0.07563098520040512
three_class_geometry_compatible,001,shuffled,17,101,1.8174651861190796,0.7009989619255066,0.24714252352714539,1.7260812520980835,0.0628310889005661
three_class_geometry_compatible,001,shuffled,17,151,1.8172403573989868,0.696533203125,0.24665719270706177,1.7342135906219482,0.06943058967590332
three_class_geometry_compatible,001,shuffled,17,200,1.8177852630615234,0.6988275647163391,0.24540582299232483,1.7342413663864136,0.06431134790182114
three_class_geometry_compatible,001,shuffled,42,1,2.9555511474609375,1.1360377073287964,0.4574793577194214,2.5172505378723145,1.0340873003005981
three_class_geometry_compatible,001,shuffled,42,51,1.825348973274231,0.7139150500297546,0.25250858068466187,1.7047412395477295,0.06554707139730453
three_class_geometry_compatible,001,shuffled,42,101,1.816644310951233,0.6931357383728027,0.24664847552776337,1.7404766082763672,0.06621821969747543
three_class_geometry_compatible,001,shuffled,42,151,1.8167673349380493,0.6896981596946716,0.24819767475128174,1.744560956954956,0.06590922921895981
three_class_geometry_compatible,001,shuffled,42,200,1.8164781332015991,0.6980312466621399,0.2456778883934021,1.73228120803833,0.06628426164388657
three_class_geometry_compatible,001,shuffled,73,1,2.9486582279205322,1.1732233762741089,0.45033809542655945,2.4790098667144775,0.8559180498123169
three_class_geometry_compatible,001,shuffled,73,51,1.8279688358306885,0.7041502594947815,0.25729894638061523,1.7185008525848389,0.07269128412008286
three_class_geometry_compatible,001,shuffled,73,101,1.8167988061904907,0.6951839327812195,0.24779438972473145,1.734232783317566,0.06703941524028778
three_class_geometry_compatible,001,shuffled,73,151,1.8167356252670288,0.703090488910675,0.24669265747070312,1.7211971282958984,0.06353950500488281
three_class_geometry_compatible,001,shuffled,73,200,1.8165571689605713,0.6904320120811462,0.2457403838634491,1.747389554977417,0.0669005736708641
three_class_geometry_compatible,001,distill_phase,17,1,2.9884791374206543,1.1300485134124756,0.4591151475906372,2.566544532775879,1.1604304313659668
three_class_geometry_compatible,001,distill_phase,17,51,0.040621567517519,0.007584951352328062,0.02465694770216942,0.016301501542329788,0.002289136406034231
three_class_geometry_compatible,001,distill_phase,17,101,0.01360273640602827,0.009867340326309204,0.0013452591374516487,0.004443023353815079,0.0016862552147358656
three_class_geometry_compatible,001,distill_phase,17,151,0.014283711090683937,0.011938554234802723,0.0017752356361597776,0.0007937854970805347,0.0017302831402048469
three_class_geometry_compatible,001,distill_phase,17,200,0.013167418539524078,0.011082344688475132,0.0011975986417382956,0.0014338841428980231,0.0017053287010639906
three_class_geometry_compatible,001,distill_phase,42,1,2.903750419616699,1.1060293912887573,0.45075124502182007,2.521182060241699,0.8637868762016296
three_class_geometry_compatible,001,distill_phase,42,51,0.03485240787267685,0.010620128363370895,0.021524593234062195,0.004989334847778082,0.002130190609022975
three_class_geometry_compatible,001,distill_phase,42,101,0.01530058216303587,0.011107693426311016,0.0015572065021842718,0.004935353063046932,0.001680056331679225
three_class_geometry_compatible,001,distill_phase,42,151,0.012930115684866905,0.009229820221662521,0.0009258780628442764,0.005206942558288574,0.0017094612121582031
three_class_geometry_compatible,001,distill_phase,42,200,0.013197081163525581,0.010507575236260891,0.0013566950801759958,0.0023368261754512787,0.0016439756145700812
three_class_geometry_compatible,001,distill_phase,73,1,2.8993823528289795,1.1061443090438843,0.4482216238975525,2.5191571712493896,0.8543809652328491
three_class_geometry_compatible,001,distill_phase,73,51,0.044725753366947174,0.010065844282507896,0.03150328993797302,0.005883804522454739,0.002147197723388672
three_class_geometry_compatible,001,distill_phase,73,101,0.013044964522123337,0.01002728845924139,0.001436947612091899,0.0028216615319252014,0.0016989707946777344
three_class_geometry_compatible,001,distill_phase,73,151,0.013208527117967606,0.00948934443295002,0.0007684052689000964,0.005553399678319693,0.0017407735576853156
three_class_geometry_compatible,001,distill_phase,73,200,0.013104360550642014,0.009475192055106163,0.0010335699189454317,0.004851530306041241,0.0016983350506052375
three_class_geometry_compatible,001,original_head,17,1,0.45673567056655884,1.1275666952133179,0.45673567056655884,2.5533618927001953,1.0537967681884766
three_class_geometry_compatible,001,original_head,17,51,0.002535430481657386,0.009909316897392273,0.002535430481657386,0.006786655634641647,0.0017838478088378906
three_class_geometry_compatible,001,original_head,17,101,0.0005684989737346768,0.0093827610835433,0.0005684989737346768,0.007511510513722897,0.0017135938396677375
three_class_geometry_compatible,001,original_head,17,151,0.0006057823193259537,0.010087473317980766,0.0006057823193259537,0.008248704485595226,0.0017603238811716437
three_class_geometry_compatible,001,original_head,17,200,0.0008778429473750293,0.011474640108644962,0.0008778429473750293,0.004263135604560375,0.001733462093397975
three_class_geometry_compatible,001,original_head,42,1,0.45784991979599,1.1360377073287964,0.45784991979599,2.5766687393188477,1.0665030479431152
three_class_geometry_compatible,001,original_head,42,51,0.004061456769704819,0.013556193560361862,0.004061456769704819,0.011090816929936409,0.0018041928997263312
three_class_geometry_compatible,001,original_head,42,101,0.0010046520037576556,0.013441602699458599,0.0010046520037576556,0.005599139258265495,0.0017272632103413343
three_class_geometry_compatible,001,original_head,42,151,0.0007559644873254001,0.010114474222064018,0.0007559644873254001,0.008234797976911068,0.0017991065979003906
three_class_geometry_compatible,001,original_head,42,200,0.00048183597391471267,0.010891689918935299,0.00048183597391471267,0.007897870615124702,0.0017112096538767219
three_class_geometry_compatible,001,original_head,73,1,0.463596910238266,1.1732233762741089,0.463596910238266,2.6241025924682617,1.3346909284591675
three_class_geometry_compatible,001,original_head,73,51,0.004778997972607613,0.011163829825818539,0.004778997972607613,0.012094689533114433,0.0016676585655659437
three_class_geometry_compatible,001,original_head,73,101,0.0005468646413646638,0.012427103705704212,0.0005468646413646638,0.008240500465035439,0.001680056331679225
three_class_geometry_compatible,001,original_head,73,151,0.0006630358984693885,0.010073638521134853,0.0006630358984693885,0.007708550896495581,0.0017175674438476562
three_class_geometry_compatible,001,original_head,73,200,0.000734558911062777,0.011048574931919575,0.000734558911062777,0.006302356254309416,0.0017536481609568
three_class_geometry_compatible,010,supervised,17,1,1.1012095212936401,1.1012095212936401,0.24227958917617798,2.3259592056274414,1.0691474676132202
three_class_geometry_compatible,010,supervised,17,51,0.00016943596710916609,0.00016943596710916609,1.5336053371429443,0.9837594032287598,1.0711692571640015
three_class_geometry_compatible,010,supervised,17,101,0.00010924055095529184,0.00010924055095529184,1.609384298324585,1.0961270332336426,1.0697267055511475
three_class_geometry_compatible,010,supervised,17,151,4.622791675501503e-05,4.622791675501503e-05,1.7550138235092163,1.3052003383636475,1.0691132545471191
three_class_geometry_compatible,010,supervised,17,200,6.171773566165939e-05,6.171773566165939e-05,1.6937882900238037,1.2304978370666504,1.0668110847473145
three_class_geometry_compatible,010,supervised,42,1,1.0760650634765625,1.0760650634765625,0.24639403820037842,2.2878146171569824,1.2866597175598145
three_class_geometry_compatible,010,supervised,42,51,0.00013162175309844315,0.00013162175309844315,1.456309199333191,0.9655640125274658,0.8985978960990906
three_class_geometry_compatible,010,supervised,42,101,7.742270827293396e-05,7.742270827293396e-05,1.586883544921875,1.1436166763305664,0.900688648223877
three_class_geometry_compatible,010,supervised,42,151,4.323054236010648e-05,4.323054236010648e-05,1.6737449169158936,1.2802075147628784,0.8959994316101074
three_class_geometry_compatible,010,supervised,42,200,4.0414499380858615e-05,4.0414499380858615e-05,1.6844701766967773,1.3028299808502197,0.8941325545310974
three_class_geometry_compatible,010,supervised,73,1,1.0882781744003296,1.0882781744003296,0.24746763706207275,2.3039066791534424,1.2913246154785156
three_class_geometry_compatible,010,supervised,73,51,0.00010762080637505278,0.00010762080637505278,1.6734890937805176,1.0564630031585693,1.5274465084075928
three_class_geometry_compatible,010,supervised,73,101,7.626736623933539e-05,7.626736623933539e-05,1.7098338603973389,1.1025233268737793,1.5342252254486084
three_class_geometry_compatible,010,supervised,73,151,6.688671419396996e-05,6.688671419396996e-05,1.7826898097991943,1.1515483856201172,1.5416319370269775
three_class_geometry_compatible,010,supervised,73,200,5.8925466873915866e-05,5.8925466873915866e-05,1.7754948139190674,1.175376534461975,1.5331428050994873
three_class_geometry_compatible,010,head_only,17,1,1.083115577697754,1.083115577697754,0.24227958917617798,2.2921736240386963,1.0691474676132202
three_class_geometry_compatible,010,head_only,17,51,0.0005158869898878038,0.0005158869898878038,0.5140728950500488,0.5982651710510254,0.020089229568839073
three_class_geometry_compatible,010,head_only,17,101,0.0002882182889152318,0.0002882182889152318,0.5759619474411011,0.7522717714309692,0.017550310119986534
three_class_geometry_compatible,010,head_only,17,151,0.00014218328578863293,0.00014218328578863293,0.6716198325157166,0.9938167333602905,0.017217081040143967
three_class_geometry_compatible,010,head_only,17,200,0.0001253336522495374,0.0001253336522495374,0.6835080981254578,0.9793272018432617,0.016969045624136925
three_class_geometry_compatible,010,head_only,42,1,1.1600803136825562,1.1600803136825562,0.24639403820037842,2.4046854972839355,1.2866597175598145
three_class_geometry_compatible,010,head_only,42,51,0.0007484618690796196,0.0007484618690796196,0.5413590669631958,0.6320899724960327,0.019062042236328125
three_class_geometry_compatible,010,head_only,42,101,0.00032981191179715097,0.00032981191179715097,0.5890575647354126,0.7511334419250488,0.017881393432617188
three_class_geometry_compatible,010,head_only,42,151,0.0001466950197936967,0.0001466950197936967,0.6478802561759949,0.9076113700866699,0.01728765293955803
three_class_geometry_compatible,010,head_only,42,200,0.00010655471123754978,0.00010655471123754978,0.6797614097595215,0.9706701636314392,0.017184656113386154
three_class_geometry_compatible,010,head_only,73,1,1.1412948369979858,1.1412948369979858,0.24746763706207275,2.370738983154297,1.2913246154785156
three_class_geometry_compatible,010,head_only,73,51,0.00020206905901432037,0.00020206905901432037,0.5718664526939392,0.7597483396530151,0.01894203945994377
three_class_geometry_compatible,010,head_only,73,101,0.0002241049805888906,0.0002241049805888906,0.6416731476783752,0.8565988540649414,0.01830943487584591
three_class_geometry_compatible,010,head_only,73,151,0.00014128648035693914,0.00014128648035693914,0.6543870568275452,0.89897221326828,0.018224239349365234
three_class_geometry_compatible,010,head_only,73,200,0.00013055051385890692,0.00013055051385890692,0.6653319597244263,0.9334225654602051,0.017780065536499023
three_class_geometry_compatible,010,distill,17,1,2.578396797180176,1.083115577697754,0.24227958917617798,2.2921736240386963,1.0691474676132202
three_class_geometry_compatible,010,distill,17,51,0.05002504959702492,0.018610980361700058,0.029735101386904716,0.002871338976547122,0.0024329822044819593
three_class_geometry_compatible,010,distill,17,101,0.017651058733463287,0.01373919565230608,0.002513112500309944,0.002506314544007182,0.0014559428673237562
three_class_geometry_compatible,010,distill,17,151,0.015184016898274422,0.012485957704484463,0.0005912046181038022,0.003924872260540724,0.0014441808452829719
three_class_geometry_compatible,010,distill,17,200,0.015198394656181335,0.013667401857674122,0.0004930065479129553,0.0017893936019390821,0.0014328956604003906
three_class_geometry_compatible,010,distill,42,1,2.737483024597168,1.1600803136825562,0.24639403820037842,2.4046854972839355,1.2866597175598145
three_class_geometry_compatible,010,distill,42,51,0.05555765703320503,0.020910760387778282,0.03186061233282089,0.005106119904667139,0.0023322105407714844
three_class_geometry_compatible,010,distill,42,101,0.019344191998243332,0.014994547702372074,0.0025689583271741867,0.003257660660892725,0.0015185674419626594
three_class_geometry_compatible,010,distill,42,151,0.015961410477757454,0.012987654656171799,0.0009316232753917575,0.003792407689616084,0.001459280727431178
three_class_geometry_compatible,010,distill,42,200,0.015690887346863747,0.013115942478179932,0.0005169559735804796,0.0038348990492522717,0.001405398128554225
three_class_geometry_compatible,010,distill,73,1,2.7032644748687744,1.1412948369979858,0.24746763706207275,2.370738983154297,1.2913246154785156
three_class_geometry_compatible,010,distill,73,51,0.04413115233182907,0.013324764557182789,0.028497297316789627,0.004139631055295467,0.0023927688598632812
three_class_geometry_compatible,010,distill,73,101,0.018792614340782166,0.013385079801082611,0.002373699564486742,0.005767135880887508,0.0015026729088276625
three_class_geometry_compatible,010,distill,73,151,0.0165177620947361,0.013432071544229984,0.0009518518927507102,0.003985704854130745,0.0014098485698923469
three_class_geometry_compatible,010,distill,73,200,0.016054848209023476,0.014168091118335724,0.0007902256911620498,0.0019021301995962858,0.0014546712627634406
three_class_geometry_compatible,010,no_contrast,17,1,2.471482038497925,1.083115577697754,0.24227958917617798,2.2921736240386963,1.0691474676132202
three_class_geometry_compatible,010,no_contrast,17,51,0.04923070967197418,0.018287191167473793,0.029510658234357834,0.0028657258953899145,0.002497514244168997
three_class_geometry_compatible,010,no_contrast,17,101,0.01745857670903206,0.013952069915831089,0.0024183064233511686,0.0021763998083770275,0.0014581680297851562
three_class_geometry_compatible,010,no_contrast,17,151,0.015006939880549908,0.012516297399997711,0.0005699761677533388,0.0038413330912590027,0.0014473597984761
three_class_geometry_compatible,010,no_contrast,17,200,0.015044823288917542,0.0136963976547122,0.000497552624437958,0.0017017449717968702,0.0014316241722553968
three_class_geometry_compatible,010,no_contrast,42,1,2.6088171005249023,1.1600803136825562,0.24639403820037842,2.4046854972839355,1.2866597175598145
three_class_geometry_compatible,010,no_contrast,42,51,0.052030377089977264,0.018609067425131798,0.03116396628320217,0.004514692816883326,0.0023215613327920437
three_class_geometry_compatible,010,no_contrast,42,101,0.018223274499177933,0.014657224528491497,0.0022023902274668217,0.0027273211162537336,0.0015118917217478156
three_class_geometry_compatible,010,no_contrast,42,151,0.01584344170987606,0.012906499207019806,0.0009520823950879276,0.00396971870213747,0.0014529228210449219
three_class_geometry_compatible,010,no_contrast,42,200,0.015598522499203682,0.012941178865730762,0.0005330726271495223,0.004248542245477438,0.0014074643841013312
three_class_geometry_compatible,010,no_contrast,73,1,2.574131965637207,1.1412948369979858,0.24746763706207275,2.370738983154297,1.2913246154785156
three_class_geometry_compatible,010,no_contrast,73,51,0.04450063034892082,0.012546692974865437,0.029178515076637268,0.005550847854465246,0.0024871826171875
three_class_geometry_compatible,010,no_contrast,73,101,0.018592486158013344,0.013281564228236675,0.0024338250514119864,0.00575419282540679,0.0015096664428710938
three_class_geometry_compatible,010,no_contrast,73,151,0.01633254624903202,0.013483062386512756,0.0009255212498828769,0.0038479238282889128,0.0014160474529489875
three_class_geometry_compatible,010,no_contrast,73,200,0.0160161592066288,0.014318802393972874,0.0007816748693585396,0.0018313629552721977,0.0014532407512888312
three_class_geometry_compatible,010,no_radar_CE,17,1,1.4952812194824219,1.083115577697754,0.24227958917617798,2.2921736240386963,1.0691474676132202
three_class_geometry_compatible,010,no_radar_CE,17,51,0.018060924485325813,0.02041417732834816,0.016330603510141373,0.0030709062702953815,0.0019486745586618781
three_class_geometry_compatible,010,no_radar_CE,17,101,0.0033695288002490997,0.016718605533242226,0.001609548693522811,0.003223939798772335,0.0014801025390625
three_class_geometry_compatible,010,no_radar_CE,17,151,0.0010667534079402685,0.014795769937336445,0.000574721721932292,0.0006909991498105228,0.0014653205871582031
three_class_geometry_compatible,010,no_radar_CE,17,200,0.001329857506789267,0.017912089824676514,0.0008743209182284772,0.0006204567616805434,0.0014530818443745375
three_class_geometry_compatible,010,no_radar_CE,42,1,1.5774027109146118,1.1600803136825562,0.24639403820037842,2.4046854972839355,1.2866597175598145
three_class_geometry_compatible,010,no_radar_CE,42,51,0.01968509517610073,0.06292171776294708,0.015591928735375404,0.007817164063453674,0.0018458366394042969
three_class_geometry_compatible,010,no_radar_CE,42,101,0.0016105490503832698,0.01872231997549534,0.0009584843064658344,0.0009987311204895377,0.0015269916038960218
three_class_geometry_compatible,010,no_radar_CE,42,151,0.0010609407909214497,0.015245876275002956,0.0006949821836315095,0.0004380900354590267,0.0014691352844238281
three_class_geometry_compatible,010,no_radar_CE,42,200,0.0014099209802225232,0.015147782862186432,0.00046761598787270486,0.0015968864317983389,0.0014386177062988281
three_class_geometry_compatible,010,no_radar_CE,73,1,1.5619696378707886,1.1412948369979858,0.24746763706207275,2.370738983154297,1.2913246154785156
three_class_geometry_compatible,010,no_radar_CE,73,51,0.018976517021656036,0.012025916017591953,0.014268912374973297,0.009046616032719612,0.0018429756164550781
three_class_geometry_compatible,010,no_radar_CE,73,101,0.0024449117481708527,0.021789148449897766,0.0010393436532467604,0.002517945133149624,0.0014659564476460218
three_class_geometry_compatible,010,no_radar_CE,73,151,0.00155278027523309,0.017763687297701836,0.0009853834053501487,0.0008483100682497025,0.0014324188232421875
three_class_geometry_compatible,010,no_radar_CE,73,200,0.0036059063859283924,0.018691033124923706,0.0016349460929632187,0.0036477751564234495,0.001470724819228053
three_class_geometry_compatible,010,shuffled,17,1,2.6458189487457275,1.083115577697754,0.24869422614574432,2.3555667400360107,1.3622592687606812
three_class_geometry_compatible,010,shuffled,17,51,1.6194806098937988,0.6403844356536865,0.14264366030693054,1.6580976247787476,0.07403707504272461
three_class_geometry_compatible,010,shuffled,17,101,1.6098846197128296,0.6524031758308411,0.13392223417758942,1.6351350545883179,0.05991673469543457
three_class_geometry_compatible,010,shuffled,17,151,1.6089651584625244,0.6333860754966736,0.13631850481033325,1.665924072265625,0.06298597902059555
three_class_geometry_compatible,010,shuffled,17,200,1.6087285280227661,0.6390142440795898,0.13300685584545135,1.6608550548553467,0.06279842555522919
three_class_geometry_compatible,010,shuffled,42,1,2.6474125385284424,1.1600803136825562,0.23856791853904724,2.3039913177490234,0.9676867723464966
three_class_geometry_compatible,010,shuffled,42,51,1.6214585304260254,0.6160323023796082,0.14440520107746124,1.7072944641113281,0.07373794168233871
three_class_geometry_compatible,010,shuffled,42,101,1.609419822692871,0.6265567541122437,0.13747651875019073,1.6775968074798584,0.0658818930387497
three_class_geometry_compatible,010,shuffled,42,151,1.608891248703003,0.6381164789199829,0.13541463017463684,1.6582276821136475,0.06246352195739746
three_class_geometry_compatible,010,shuffled,42,200,1.6078145503997803,0.6314837336540222,0.13588912785053253,1.6684083938598633,0.06237530708312988
three_class_geometry_compatible,010,shuffled,73,1,2.6908366680145264,1.1412948369979858,0.24213187396526337,2.398423671722412,1.0819807052612305
three_class_geometry_compatible,010,shuffled,73,51,1.6221816539764404,0.6254363059997559,0.14801785349845886,1.6821235418319702,0.07665785402059555
three_class_geometry_compatible,010,shuffled,73,101,1.609992504119873,0.6184841990470886,0.136886328458786,1.696073055267334,0.06585391610860825
three_class_geometry_compatible,010,shuffled,73,151,1.609702706336975,0.6611929535865784,0.13208068907260895,1.6211888790130615,0.05834730714559555
three_class_geometry_compatible,010,shuffled,73,200,1.608465313911438,0.6340878009796143,0.13397786021232605,1.6681312322616577,0.06334058940410614
three_class_geometry_compatible,010,distill_phase,17,1,2.6207900047302246,1.1110652685165405,0.23964396119117737,2.323505163192749,1.083282709121704
three_class_geometry_compatible,010,distill_phase,17,51,0.03495556116104126,0.011626512743532658,0.0191139355301857,0.008064016699790955,0.0018310546875
three_class_geometry_compatible,010,distill_phase,17,101,0.015500364825129509,0.013346773572266102,0.0009548229863867164,0.0021116561256349087,0.001429398893378675
three_class_geometry_compatible,010,distill_phase,17,151,0.015284760855138302,0.013975697569549084,0.00047827413072809577,0.0013720118440687656,0.001447836635634303
three_class_geometry_compatible,010,distill_phase,17,200,0.015295214019715786,0.01394005585461855,0.0004985891282558441,0.001429769559763372,0.0014168422203511
three_class_geometry_compatible,010,distill_phase,42,1,2.5711448192596436,1.0846545696258545,0.24009820818901062,2.290756940841675,1.010134220123291
three_class_geometry_compatible,010,distill_phase,42,51,0.03998846188187599,0.015267725102603436,0.02322777360677719,0.0025719362311065197,0.0020699501037597656
three_class_geometry_compatible,010,distill_phase,42,101,0.01595151424407959,0.012476499192416668,0.001310128252953291,0.00404077535495162,0.0014449756126850843
three_class_geometry_compatible,010,distill_phase,42,151,0.014847592450678349,0.01335479598492384,0.0005128327757120132,0.001670297933742404,0.0014481544494628906
three_class_geometry_compatible,010,distill_phase,42,200,0.015028703026473522,0.013604529201984406,0.00045808611321263015,0.001642448827624321,0.0014486312866210938
three_class_geometry_compatible,010,distill_phase,73,1,2.524496078491211,1.0699518918991089,0.2375333309173584,2.254476547241211,0.8977281451225281
three_class_geometry_compatible,010,distill_phase,73,51,0.04069732874631882,0.013302427716553211,0.024497240781784058,0.005370612256228924,0.0021235148888081312
three_class_geometry_compatible,010,distill_phase,73,101,0.01743185520172119,0.014147307723760605,0.001631107646971941,0.003013749374076724,0.0014656385174021125
three_class_geometry_compatible,010,distill_phase,73,151,0.016742048785090446,0.015029446221888065,0.0008165265899151564,0.0015124704223126173,0.0013984044780954719
three_class_geometry_compatible,010,distill_phase,73,200,0.016202451661229134,0.014354400336742401,0.0006318637169897556,0.002145700855180621,0.0014333724975585938
three_class_geometry_compatible,010,original_head,17,1,0.24227958917617798,1.083115577697754,0.24227958917617798,2.2921736240386963,1.0691474676132202
three_class_geometry_compatible,010,original_head,17,51,0.0025827456265687943,0.021822748705744743,0.0025827456265687943,0.01031800638884306,0.0014917056541889906
three_class_geometry_compatible,010,original_head,17,101,0.0011808315757662058,0.01437393669039011,0.0011808315757662058,0.007874896749854088,0.0014503797283396125
three_class_geometry_compatible,010,original_head,17,151,0.0004930285504087806,0.012915109284222126,0.0004930285504087806,0.005249479319900274,0.0014332135906443
three_class_geometry_compatible,010,original_head,17,200,0.00036886599264107645,0.016810987144708633,0.00036886599264107645,0.0018866503378376365,0.0014392535667866468
three_class_geometry_compatible,010,original_head,42,1,0.24639403820037842,1.1600803136825562,0.24639403820037842,2.4046854972839355,1.2866597175598145
three_class_geometry_compatible,010,original_head,42,51,0.0021729073487222195,0.05810946598649025,0.0021729073487222195,0.009982181712985039,0.0014781951904296875
three_class_geometry_compatible,010,original_head,42,101,0.0006739641539752483,0.01781710423529148,0.0006739641539752483,0.00398283964022994,0.0015134811401367188
three_class_geometry_compatible,010,original_head,42,151,0.0006317354273051023,0.011942396871745586,0.0006317354273051023,0.007606859318912029,0.0014414787292480469
three_class_geometry_compatible,010,original_head,42,200,0.0005031529581174254,0.013204988092184067,0.0005031529581174254,0.005663726478815079,0.0013945897808298469
three_class_geometry_compatible,010,original_head,73,1,0.24746763706207275,1.1412948369979858,0.24746763706207275,2.370738983154297,1.2913246154785156
three_class_geometry_compatible,010,original_head,73,51,0.0018666968680918217,0.01239794585853815,0.0018666968680918217,0.00817103497684002,0.0014673869591206312
three_class_geometry_compatible,010,original_head,73,101,0.0006874612299725413,0.024995839223265648,0.0006874612299725413,0.00376114621758461,0.0014688174705952406
three_class_geometry_compatible,010,original_head,73,151,0.001031034393236041,0.016373420134186745,0.001031034393236041,0.0040303426794707775,0.0014540355186909437
three_class_geometry_compatible,010,original_head,73,200,0.001508923014625907,0.01676441915333271,0.001508923014625907,0.005313766188919544,0.0014400482177734375
three_class_geometry_compatible,011,supervised,17,1,1.105904459953308,1.105904459953308,0.42488354444503784,2.544640064239502,1.059624195098877
three_class_geometry_compatible,011,supervised,17,51,0.00010434808064019307,0.00010434808064019307,1.6770894527435303,0.9056736826896667,0.8189762830734253
three_class_geometry_compatible,011,supervised,17,101,6.678281351923943e-05,6.678281351923943e-05,1.7397159337997437,0.9878148436546326,0.8026752471923828
three_class_geometry_compatible,011,supervised,17,151,3.891244705300778e-05,3.891244705300778e-05,1.8488540649414062,1.1169230937957764,0.8015727400779724
three_class_geometry_compatible,011,supervised,17,200,3.776059747906402e-05,3.776059747906402e-05,1.8213142156600952,1.0942848920822144,0.7997301816940308
three_class_geometry_compatible,011,supervised,42,1,1.073207974433899,1.073207974433899,0.4220959544181824,2.4896039962768555,1.0955365896224976
three_class_geometry_compatible,011,supervised,42,51,0.00012920283188577741,0.00012920283188577741,1.6788122653961182,0.8002374172210693,0.86798495054245
three_class_geometry_compatible,011,supervised,42,101,5.9984031395288184e-05,5.9984031395288184e-05,1.7868794202804565,0.954647421836853,0.8703979253768921
three_class_geometry_compatible,011,supervised,42,151,5.0854443543357775e-05,5.0854443543357775e-05,1.8259695768356323,0.9922877550125122,0.8665181994438171
three_class_geometry_compatible,011,supervised,42,200,3.17508056468796e-05,3.17508056468796e-05,1.878193736076355,1.0604606866836548,0.8680543303489685
three_class_geometry_compatible,011,supervised,73,1,1.081601619720459,1.081601619720459,0.43349894881248474,2.5008046627044678,1.4568904638290405
three_class_geometry_compatible,011,supervised,73,51,6.647656846325845e-05,6.647656846325845e-05,1.9827313423156738,0.890412449836731,1.6857852935791016
three_class_geometry_compatible,011,supervised,73,101,9.310778114013374e-05,9.310778114013374e-05,2.004298210144043,0.9214410781860352,1.6857736110687256
three_class_geometry_compatible,011,supervised,73,151,3.9699509216006845e-05,3.9699509216006845e-05,2.108138084411621,1.021779179573059,1.6913957595825195
three_class_geometry_compatible,011,supervised,73,200,5.594666799879633e-05,5.594666799879633e-05,2.079745292663574,0.9858598113059998,1.6824935674667358
three_class_geometry_compatible,011,head_only,17,1,1.1021778583526611,1.1021778583526611,0.42488354444503784,2.5249409675598145,1.059624195098877
three_class_geometry_compatible,011,head_only,17,51,0.0005600545555353165,0.0005600545555353165,0.6025492548942566,0.49909037351608276,0.012783925049006939
three_class_geometry_compatible,011,head_only,17,101,0.00022742438886780292,0.00022742438886780292,0.6504513025283813,0.6012256741523743,0.01174076460301876
three_class_geometry_compatible,011,head_only,17,151,0.00012937701831106097,0.00012937701831106097,0.7319415807723999,0.7275626063346863,0.011304458603262901
three_class_geometry_compatible,011,head_only,17,200,0.00013869603571947664,0.00013869603571947664,0.7426961660385132,0.725662112236023,0.011106332764029503
three_class_geometry_compatible,011,head_only,42,1,1.1278817653656006,1.1278817653656006,0.4220959544181824,2.562516689300537,1.0955365896224976
three_class_geometry_compatible,011,head_only,42,51,0.0005512142670340836,0.0005512142670340836,0.6217895746231079,0.45216843485832214,0.01073455810546875
three_class_geometry_compatible,011,head_only,42,101,0.00026230551884509623,0.00026230551884509623,0.7064889669418335,0.5945773124694824,0.010274648666381836
three_class_geometry_compatible,011,head_only,42,151,0.00017914758063852787,0.00017914758063852787,0.7414778470993042,0.6496815085411072,0.009876251220703125
three_class_geometry_compatible,011,head_only,42,200,0.00012070834782207385,0.00012070834782207385,0.808611273765564,0.7382871508598328,0.009665886871516705
three_class_geometry_compatible,011,head_only,73,1,1.1610397100448608,1.1610397100448608,0.43349894881248474,2.61714243888855,1.4568904638290405
three_class_geometry_compatible,011,head_only,73,51,0.00041584353311918676,0.00041584353311918676,0.6491395235061646,0.48418545722961426,0.015204191207885742
three_class_geometry_compatible,011,head_only,73,101,0.00026169640477746725,0.00026169640477746725,0.7491841316223145,0.641815185546875,0.013944387435913086
three_class_geometry_compatible,011,head_only,73,151,0.00016219873214140534,0.00016219873214140534,0.7782389521598816,0.6876313090324402,0.01328420639038086
three_class_geometry_compatible,011,head_only,73,200,0.00015719179646112025,0.00015719179646112025,0.7804850339889526,0.7093616724014282,0.012890657410025597
three_class_geometry_compatible,011,distill,17,1,2.8954944610595703,1.1021778583526611,0.42488354444503784,2.5249409675598145,1.059624195098877
three_class_geometry_compatible,011,distill,17,51,0.04793167486786842,0.011578085832297802,0.03338412195444107,0.005551996640861034,0.0019346873741596937
three_class_geometry_compatible,011,distill,17,101,0.013456654734909534,0.009816082194447517,0.002239504363387823,0.0024940359871834517,0.0015405019512400031
three_class_geometry_compatible,011,distill,17,151,0.012948913499712944,0.008674007840454578,0.0014416759368032217,0.00535215949639678,0.0015714963665232062
three_class_geometry_compatible,011,distill,17,200,0.01324649341404438,0.009642706252634525,0.0016488679684698582,0.003606921061873436,0.0015145938377827406
three_class_geometry_compatible,011,distill,42,1,2.9407896995544434,1.1278817653656006,0.4220959544181824,2.562516689300537,1.0955365896224976
three_class_geometry_compatible,011,distill,42,51,0.06153099238872528,0.013905922882258892,0.03875700756907463,0.017284490168094635,0.002258141990751028
three_class_geometry_compatible,011,distill,42,101,0.0143893389031291,0.009996294043958187,0.002493929583579302,0.003504499327391386,0.001468658447265625
three_class_geometry_compatible,011,distill,42,151,0.013369771651923656,0.008993850089609623,0.0015877647092565894,0.00527682900428772,0.001497427700087428
three_class_geometry_compatible,011,distill,42,200,0.013334132730960846,0.00920691154897213,0.0014086886076256633,0.0051419674418866634,0.0014754931908100843
three_class_geometry_compatible,011,distill,73,1,3.0487990379333496,1.1610397100448608,0.43349894881248474,2.61714243888855,1.4568904638290405
three_class_geometry_compatible,011,distill,73,51,0.04773635044693947,0.010948809795081615,0.03302376717329025,0.007115275599062443,0.0020613670349121094
three_class_geometry_compatible,011,distill,73,101,0.015257964842021465,0.008526772260665894,0.001938592060469091,0.00929445680230856,0.0014537175884470344
three_class_geometry_compatible,011,distill,73,151,0.013876025564968586,0.00981399230659008,0.0014985072193667293,0.004827534779906273,0.0014975866070017219
three_class_geometry_compatible,011,distill,73,200,0.01391857210546732,0.010490432381629944,0.0020637884736061096,0.002422478049993515,0.0015311241149902344
three_class_geometry_compatible,011,no_contrast,17,1,2.789531946182251,1.1021778583526611,0.42488354444503784,2.5249409675598145,1.059624195098877
three_class_geometry_compatible,011,no_contrast,17,51,0.04843837395310402,0.011079681105911732,0.03437827527523041,0.005960837006568909,0.0019389789085835218
three_class_geometry_compatible,011,no_contrast,17,101,0.01330385822802782,0.009817739017307758,0.002269477117806673,0.0024332839529961348,0.0015468597412109375
three_class_geometry_compatible,011,no_contrast,17,151,0.012802566401660442,0.008667712099850178,0.001461834879592061,0.005346038844436407,0.0015707015991210938
three_class_geometry_compatible,011,no_contrast,17,200,0.013206185773015022,0.009594080038368702,0.0016864895587787032,0.003851231187582016,0.001524130580946803
three_class_geometry_compatible,011,no_contrast,42,1,2.8312361240386963,1.1278817653656006,0.4220959544181824,2.562516689300537,1.0955365896224976
three_class_geometry_compatible,011,no_contrast,42,51,0.05799666792154312,0.013245292007923126,0.03678317368030548,0.015936408191919327,0.0021963119506835938
three_class_geometry_compatible,011,no_contrast,42,101,0.014352601021528244,0.01026878971606493,0.0025917585007846355,0.0029841065406799316,0.0014759700279682875
three_class_geometry_compatible,011,no_contrast,42,151,0.013447461649775505,0.008900243788957596,0.0016664380673319101,0.0057615600526332855,0.001506805419921875
three_class_geometry_compatible,011,no_contrast,42,200,0.013312109746038914,0.00922864954918623,0.0014313592109829187,0.005304202437400818,0.0014742215862497687
three_class_geometry_compatible,011,no_contrast,73,1,2.9031100273132324,1.1610397100448608,0.43349894881248474,2.61714243888855,1.4568904638290405
three_class_geometry_compatible,011,no_contrast,73,51,0.045586712658405304,0.010361816734075546,0.03143611550331116,0.00757756270468235,0.0019741058349609375
three_class_geometry_compatible,011,no_contrast,73,101,0.01467606145888567,0.008635353296995163,0.0017749473918229342,0.008531522005796432,0.0014503797283396125
three_class_geometry_compatible,011,no_contrast,73,151,0.014322830364108086,0.00981564074754715,0.0016554752364754677,0.005703428760170937,0.0015061696758493781
three_class_geometry_compatible,011,no_contrast,73,200,0.013693714514374733,0.010500523261725903,0.002108572982251644,0.0021692365407943726,0.001537322998046875
three_class_geometry_compatible,011,no_radar_CE,17,1,1.7933164834976196,1.1021778583526611,0.42488354444503784,2.5249409675598145,1.059624195098877
three_class_geometry_compatible,011,no_radar_CE,17,51,0.018012164160609245,0.010510552674531937,0.015328021720051765,0.005026266910135746,0.0017100970726460218
three_class_geometry_compatible,011,no_radar_CE,17,101,0.003378425957635045,0.011354107409715652,0.0026883906684815884,0.0010693317744880915,0.0015536944847553968
three_class_geometry_compatible,011,no_radar_CE,17,151,0.0031444423366338015,0.009858832694590092,0.0017696497961878777,0.002434173133224249,0.00157705950550735
three_class_geometry_compatible,011,no_radar_CE,17,200,0.0033176052384078503,0.011631638742983341,0.0023549352772533894,0.0016189247835427523,0.0015320777893066406
three_class_geometry_compatible,011,no_radar_CE,42,1,1.8129080533981323,1.1278817653656006,0.4220959544181824,2.562516689300537,1.0955365896224976
three_class_geometry_compatible,011,no_radar_CE,42,51,0.027820371091365814,0.026971152052283287,0.01930551789700985,0.016672907397150993,0.0017840068321675062
three_class_geometry_compatible,011,no_radar_CE,42,101,0.0033307287376374006,0.011759612709283829,0.0022836816497147083,0.0018020154675468802,0.0014603933086618781
three_class_geometry_compatible,011,no_radar_CE,42,151,0.003588883439078927,0.010245014913380146,0.0017695000860840082,0.0033372784964740276,0.0015074412804096937
three_class_geometry_compatible,011,no_radar_CE,42,200,0.0030358373187482357,0.010812211781740189,0.0015117034781724215,0.002752755768597126,0.0014775594463571906
three_class_geometry_compatible,011,no_radar_CE,73,1,1.8877592086791992,1.1610397100448608,0.43349894881248474,2.61714243888855,1.4568904638290405
three_class_geometry_compatible,011,no_radar_CE,73,51,0.017917359247803688,0.010101289488375187,0.01592343859374523,0.00365971471183002,0.0016406377544626594
three_class_geometry_compatible,011,no_radar_CE,73,101,0.0037440459709614515,0.011210219003260136,0.0019163265824317932,0.0033611345570534468,0.0014715194702148438
three_class_geometry_compatible,011,no_radar_CE,73,151,0.0037187968846410513,0.011853761039674282,0.0021694812458008528,0.002793868537992239,0.0015238126507028937
three_class_geometry_compatible,011,no_radar_CE,73,200,0.004409384448081255,0.012637913227081299,0.0033777719363570213,0.001748385257087648,0.0015741984825581312
three_class_geometry_compatible,011,shuffled,17,1,2.980807304382324,1.1021778583526611,0.43325695395469666,2.619661331176758,1.3554185628890991
three_class_geometry_compatible,011,shuffled,17,51,1.8231648206710815,0.7019748687744141,0.26100146770477295,1.6966122388839722,0.11882432550191879
three_class_geometry_compatible,011,shuffled,17,101,1.8108608722686768,0.7219886779785156,0.24691163003444672,1.6630939245224,0.10413599014282227
three_class_geometry_compatible,011,shuffled,17,151,1.81023108959198,0.7045828700065613,0.25042450428009033,1.6863744258880615,0.12036498636007309
three_class_geometry_compatible,011,shuffled,17,200,1.8107227087020874,0.7156736254692078,0.246552973985672,1.6748366355895996,0.1107778549194336
three_class_geometry_compatible,011,shuffled,42,1,2.909923791885376,1.1278817653656006,0.4220706820487976,2.5109810829162598,1.0448071956634521
three_class_geometry_compatible,011,shuffled,42,51,1.8213610649108887,0.6806724667549133,0.2624373435974121,1.72982919216156,0.13336603343486786
three_class_geometry_compatible,011,shuffled,42,101,1.8099688291549683,0.7076169848442078,0.24992051720619202,1.6828097105026245,0.1102653369307518
three_class_geometry_compatible,011,shuffled,42,151,1.8097167015075684,0.7029650807380676,0.24858203530311584,1.6924299001693726,0.11954522132873535
three_class_geometry_compatible,011,shuffled,42,200,1.8093730211257935,0.7050358653068542,0.24867574870586395,1.6886320114135742,0.11345481872558594
three_class_geometry_compatible,011,shuffled,73,1,2.90624737739563,1.1610397100448608,0.4176170527935028,2.4806299209594727,0.8727571368217468
three_class_geometry_compatible,011,shuffled,73,51,1.8220713138580322,0.7308393120765686,0.2568857669830322,1.6445306539535522,0.1208086833357811
three_class_geometry_compatible,011,shuffled,73,101,1.8107006549835205,0.7127182483673096,0.2500152587890625,1.6729106903076172,0.11511802673339844
three_class_geometry_compatible,011,shuffled,73,151,1.809836983680725,0.7084894776344299,0.2497197687625885,1.6809799671173096,0.11137803643941879
three_class_geometry_compatible,011,shuffled,73,200,1.8095163106918335,0.7069485783576965,0.24739214777946472,1.6878007650375366,0.112751804292202
three_class_geometry_compatible,011,distill_phase,17,1,2.89644718170166,1.1054612398147583,0.42102116346359253,2.5314900875091553,1.0421984195709229
three_class_geometry_compatible,011,distill_phase,17,51,0.03356585651636124,0.009044271893799305,0.021114297211170197,0.006442645099014044,0.0018596649169921875
three_class_geometry_compatible,011,distill_phase,17,101,0.01297791488468647,0.009362568147480488,0.0016964818350970745,0.003540660021826625,0.0014853477478027344
three_class_geometry_compatible,011,distill_phase,17,151,0.013275498524308205,0.009974852204322815,0.0016792707610875368,0.002936050295829773,0.00153350830078125
three_class_geometry_compatible,011,distill_phase,17,200,0.012937146238982677,0.009983430616557598,0.001555146067403257,0.0024934890680015087,0.00151824951171875
three_class_geometry_compatible,011,distill_phase,42,1,2.874325752258301,1.106255054473877,0.41837334632873535,2.524411916732788,0.8749159574508667
three_class_geometry_compatible,011,distill_phase,42,51,0.033034730702638626,0.009967698715627193,0.0193589236587286,0.007057667709887028,0.0017927488079294562
three_class_geometry_compatible,011,distill_phase,42,101,0.014022376388311386,0.009701794944703579,0.002153790555894375,0.004025830887258053,0.0015387535095214844
three_class_geometry_compatible,011,distill_phase,42,151,0.012609150260686874,0.008696249686181545,0.0014289766550064087,0.004662069492042065,0.0015288989525288343
three_class_geometry_compatible,011,distill_phase,42,200,0.013162069022655487,0.010018139146268368,0.0016487003304064274,0.002687508938834071,0.0015147527446970344
three_class_geometry_compatible,011,distill_phase,73,1,2.8103933334350586,1.0764578580856323,0.4138678312301636,2.477552652359009,0.8129128217697144
three_class_geometry_compatible,011,distill_phase,73,51,0.038847051560878754,0.010046963579952717,0.024932071566581726,0.007379518821835518,0.0017825763206928968
three_class_geometry_compatible,011,distill_phase,73,101,0.013472386635839939,0.009434972889721394,0.0019787491764873266,0.003819116158410907,0.0014910697937011719
three_class_geometry_compatible,011,distill_phase,73,151,0.012751197442412376,0.00949848722666502,0.0011144758900627494,0.003969130571931601,0.0015366872539743781
three_class_geometry_compatible,011,distill_phase,73,200,0.013322621583938599,0.009673871099948883,0.001700694439932704,0.0035953554324805737,0.0015037854900583625
three_class_geometry_compatible,011,original_head,17,1,0.42488354444503784,1.1021778583526611,0.42488354444503784,2.5249409675598145,1.059624195098877
three_class_geometry_compatible,011,original_head,17,51,0.0028247530572116375,0.009306943975389004,0.0028247530572116375,0.008805661462247372,0.0015403430443257093
three_class_geometry_compatible,011,original_head,17,101,0.0009340830147266388,0.008469142951071262,0.0009340830147266388,0.013155864551663399,0.0015188853722065687
three_class_geometry_compatible,011,original_head,17,151,0.0005171329248696566,0.00796101987361908,0.0005171329248696566,0.013593482784926891,0.0015185674419626594
three_class_geometry_compatible,011,original_head,17,200,0.0006055592675693333,0.009284141473472118,0.0006055592675693333,0.00823320634663105,0.001496950862929225
three_class_geometry_compatible,011,original_head,42,1,0.4220959544181824,1.1278817653656006,0.4220959544181824,2.562516689300537,1.0955365896224976
three_class_geometry_compatible,011,original_head,42,51,0.0043893298134207726,0.02071370743215084,0.0043893298134207726,0.017765607684850693,0.0015174548607319593
three_class_geometry_compatible,011,original_head,42,101,0.0007075985777191818,0.009241804480552673,0.0007075985777191818,0.011079560965299606,0.00147024798206985
three_class_geometry_compatible,011,original_head,42,151,0.0006472347304224968,0.00767954858019948,0.0006472347304224968,0.016043027862906456,0.0015405019512400031
three_class_geometry_compatible,011,original_head,42,200,0.00033387838630005717,0.008938753046095371,0.00033387838630005717,0.013113508932292461,0.0015298526268452406
three_class_geometry_compatible,011,original_head,73,1,0.43349894881248474,1.1610397100448608,0.43349894881248474,2.61714243888855,1.4568904638290405
three_class_geometry_compatible,011,original_head,73,51,0.003934378735721111,0.008298526518046856,0.003934378735721111,0.020620616152882576,0.0015478134155273438
three_class_geometry_compatible,011,original_head,73,101,0.00058166024973616,0.009995868429541588,0.00058166024973616,0.01182070653885603,0.0014662742614746094
three_class_geometry_compatible,011,original_head,73,151,0.0008005335694178939,0.00921851396560669,0.0008005335694178939,0.013618278317153454,0.0014661153545603156
three_class_geometry_compatible,011,original_head,73,200,0.0009219910716637969,0.008684872649610043,0.0009219910716637969,0.011077641509473324,0.00145721435546875
three_class_geometry_compatible,100,supervised,17,1,1.0968233346939087,1.0968233346939087,0.24295863509178162,2.273850917816162,1.0109241008758545
three_class_geometry_compatible,100,supervised,17,51,7.460603228537366e-05,7.460603228537366e-05,1.5953820943832397,1.2649340629577637,0.6732562780380249
three_class_geometry_compatible,100,supervised,17,101,6.41543956589885e-05,6.41543956589885e-05,1.583103060722351,1.272047519683838,0.6691319346427917
three_class_geometry_compatible,100,supervised,17,151,6.700753147015348e-05,6.700753147015348e-05,1.720628261566162,1.431820273399353,0.6665809750556946
three_class_geometry_compatible,100,supervised,17,200,3.5393746657064185e-05,3.5393746657064185e-05,1.6255197525024414,1.36527419090271,0.6719765067100525
three_class_geometry_compatible,100,supervised,42,1,1.0887819528579712,1.0887819528579712,0.24684616923332214,2.260474443435669,1.102283000946045
three_class_geometry_compatible,100,supervised,42,51,7.327793719014153e-05,7.327793719014153e-05,1.526550054550171,1.1503777503967285,0.7725515365600586
three_class_geometry_compatible,100,supervised,42,101,6.676249904558063e-05,6.676249904558063e-05,1.5941963195800781,1.2234983444213867,0.7736570239067078
three_class_geometry_compatible,100,supervised,42,151,4.509535574470647e-05,4.509535574470647e-05,1.639032244682312,1.295571208000183,0.7693805694580078
three_class_geometry_compatible,100,supervised,42,200,4.275103492545895e-05,4.275103492545895e-05,1.6890113353729248,1.3429670333862305,0.7693996429443359
three_class_geometry_compatible,100,supervised,73,1,1.0871468782424927,1.0871468782424927,0.25118720531463623,2.257401466369629,1.2668919563293457
three_class_geometry_compatible,100,supervised,73,51,0.00011297214223304763,0.00011297214223304763,1.6518667936325073,1.058508276939392,1.6423935890197754
three_class_geometry_compatible,100,supervised,73,101,5.699765097233467e-05,5.699765097233467e-05,1.7940515279769897,1.2410229444503784,1.6429288387298584
three_class_geometry_compatible,100,supervised,73,151,5.154957761988044e-05,5.154957761988044e-05,1.7929704189300537,1.225633144378662,1.655029296875
three_class_geometry_compatible,100,supervised,73,200,5.328893894329667e-05,5.328893894329667e-05,1.8208858966827393,1.2413520812988281,1.6364669799804688
three_class_geometry_compatible,100,head_only,17,1,1.0745246410369873,1.0745246410369873,0.24295863509178162,2.235476016998291,1.0109241008758545
three_class_geometry_compatible,100,head_only,17,51,0.000248171912971884,0.000248171912971884,0.5036405920982361,0.8252093195915222,0.015612205490469933
three_class_geometry_compatible,100,head_only,17,101,0.00024172337725758553,0.00024172337725758553,0.533491849899292,0.8814983367919922,0.014669100753962994
three_class_geometry_compatible,100,head_only,17,151,0.00013120596122462302,0.00013120596122462302,0.6011881232261658,1.0740158557891846,0.014539162628352642
three_class_geometry_compatible,100,head_only,17,200,0.0001089881916414015,0.0001089881916414015,0.579376757144928,1.070130705833435,0.014373064041137695
three_class_geometry_compatible,100,head_only,42,1,1.1237670183181763,1.1237670183181763,0.24684616923332214,2.3070154190063477,1.102283000946045
three_class_geometry_compatible,100,head_only,42,51,0.00017078132077585906,0.00017078132077585906,0.6060227155685425,0.8691792488098145,0.01844644546508789
three_class_geometry_compatible,100,head_only,42,101,0.0001266650651814416,0.0001266650651814416,0.6561307907104492,0.9635320901870728,0.017810821533203125
three_class_geometry_compatible,100,head_only,42,151,0.00013516189937945455,0.00013516189937945455,0.6788329482078552,1.0178927183151245,0.01713140867650509
three_class_geometry_compatible,100,head_only,42,200,9.386687452206388e-05,9.386687452206388e-05,0.7235816717147827,1.0989290475845337,0.01721104048192501
three_class_geometry_compatible,100,head_only,73,1,1.115221619606018,1.115221619606018,0.25118720531463623,2.3005051612854004,1.2668919563293457
three_class_geometry_compatible,100,head_only,73,51,0.0002434116177028045,0.0002434116177028045,0.5447397232055664,0.7660166025161743,0.021629732102155685
three_class_geometry_compatible,100,head_only,73,101,0.00015124752826523036,0.00015124752826523036,0.6557439565658569,0.9991728067398071,0.02150360867381096
three_class_geometry_compatible,100,head_only,73,151,0.00011964173609158024,0.00011964173609158024,0.6337700486183167,0.9683031439781189,0.020933708176016808
three_class_geometry_compatible,100,head_only,73,200,8.887983130989596e-05,8.887983130989596e-05,0.6749290227890015,1.0511069297790527,0.02108136937022209
three_class_geometry_compatible,100,distill,17,1,2.536313533782959,1.0745246410369873,0.24295863509178162,2.235476016998291,1.0109241008758545
three_class_geometry_compatible,100,distill,17,51,0.05148828774690628,0.013927288353443146,0.03245854005217552,0.009783044457435608,0.002109368797391653
three_class_geometry_compatible,100,distill,17,101,0.02009812742471695,0.01678684540092945,0.0022532620932906866,0.001875649206340313,0.0012019475689157844
three_class_geometry_compatible,100,distill,17,151,0.018092097714543343,0.012682288885116577,0.0010414858115836978,0.008500450290739536,0.0011809667339548469
three_class_geometry_compatible,100,distill,17,200,0.018828000873327255,0.017265165224671364,0.0010742956073954701,0.0007367213256657124,0.0012017886620014906
three_class_geometry_compatible,100,distill,42,1,2.6343491077423096,1.1237670183181763,0.24684616923332214,2.3070154190063477,1.102283000946045
three_class_geometry_compatible,100,distill,42,51,0.04609111323952675,0.012911948375403881,0.028830580413341522,0.008292234502732754,0.0020246505737304688
three_class_geometry_compatible,100,distill,42,101,0.017516400665044785,0.014572438783943653,0.0015134693821892142,0.0026210411451756954,0.0011997222900390625
three_class_geometry_compatible,100,distill,42,151,0.01691199652850628,0.01542151439934969,0.0006614335579797626,0.001419423846527934,0.0011933645000681281
three_class_geometry_compatible,100,distill,42,200,0.016840923577547073,0.012465770356357098,0.000763697549700737,0.00698426878079772,0.0011932055931538343
three_class_geometry_compatible,100,distill,73,1,2.643350601196289,1.115221619606018,0.25118720531463623,2.3005051612854004,1.2668919563293457
three_class_geometry_compatible,100,distill,73,51,0.04665532335639,0.0127696692943573,0.03026082180440426,0.006836531218141317,0.0020656585693359375
three_class_geometry_compatible,100,distill,73,101,0.018472930416464806,0.01260546687990427,0.002443313365802169,0.00660120090469718,0.0012354850769042969
three_class_geometry_compatible,100,distill,73,151,0.016412008553743362,0.01474184263497591,0.0005856030038557947,0.001925495220348239,0.0012181600322946906
three_class_geometry_compatible,100,distill,73,200,0.01621253788471222,0.013837735168635845,0.000629077956546098,0.00325207831338048,0.0011968612670898438
three_class_geometry_compatible,100,no_contrast,17,1,2.4352211952209473,1.0745246410369873,0.24295863509178162,2.235476016998291,1.0109241008758545
three_class_geometry_compatible,100,no_contrast,17,51,0.050723690539598465,0.013781781308352947,0.0323699489235878,0.009143921546638012,0.002122084377333522
three_class_geometry_compatible,100,no_contrast,17,101,0.02007019706070423,0.01691090501844883,0.00213878252543509,0.002041018335148692,0.0012021064758300781
three_class_geometry_compatible,100,no_contrast,17,151,0.01792456954717636,0.012507181614637375,0.0010207716841250658,0.008793234825134277,0.0011831920128315687
three_class_geometry_compatible,100,no_contrast,17,200,0.01889442466199398,0.017341013997793198,0.001080291229300201,0.0009462392772547901,0.0012032191734761
three_class_geometry_compatible,100,no_contrast,42,1,2.524120807647705,1.1237670183181763,0.24684616923332214,2.3070154190063477,1.102283000946045
three_class_geometry_compatible,100,no_contrast,42,51,0.04576972499489784,0.012847517617046833,0.02889123372733593,0.008061951957643032,0.002069155452772975
three_class_geometry_compatible,100,no_contrast,42,101,0.01722218096256256,0.014526349492371082,0.0013378134462982416,0.0027160346508026123,0.00119558977894485
three_class_geometry_compatible,100,no_contrast,42,151,0.01687353104352951,0.015524725429713726,0.0006539173773489892,0.0013897749595344067,0.0011949539184570312
three_class_geometry_compatible,100,no_contrast,42,200,0.01665995642542839,0.012524545192718506,0.0007388784433715045,0.0067930668592453,0.0011916160583496094
three_class_geometry_compatible,100,no_contrast,73,1,2.5166614055633545,1.115221619606018,0.25118720531463623,2.3005051612854004,1.2668919563293457
three_class_geometry_compatible,100,no_contrast,73,51,0.046978678554296494,0.012273840606212616,0.0303298681974411,0.008749939501285553,0.0020890235900878906
three_class_geometry_compatible,100,no_contrast,73,101,0.018560197204351425,0.01245024148374796,0.0024114400148391724,0.007397032342851162,0.0012359619140625
three_class_geometry_compatible,100,no_contrast,73,151,0.016099734231829643,0.014523312449455261,0.0005270512774586678,0.0020987424068152905,0.0012124379863962531
three_class_geometry_compatible,100,no_contrast,73,200,0.016110733151435852,0.013701316900551319,0.0006301383837126195,0.0035585537552833557,0.0011963844299316406
three_class_geometry_compatible,100,no_radar_CE,17,1,1.4617891311645508,1.0745246410369873,0.24295863509178162,2.235476016998291,1.0109241008758545
three_class_geometry_compatible,100,no_radar_CE,17,51,0.021378278732299805,0.01609264872968197,0.0179175715893507,0.006577806081622839,0.0017180442810058594
three_class_geometry_compatible,100,no_radar_CE,17,101,0.001729872776195407,0.01936706155538559,0.0008988607442006469,0.0014279289171099663,0.0011704763164743781
three_class_geometry_compatible,100,no_radar_CE,17,151,0.0020117873791605234,0.016262928023934364,0.0006508373189717531,0.0024845306761562824,0.0011868476867675781
three_class_geometry_compatible,100,no_radar_CE,17,200,0.00490248017013073,0.022624796256422997,0.0019724806770682335,0.005619132425636053,0.0012043317547068
three_class_geometry_compatible,100,no_radar_CE,42,1,1.5105822086334229,1.1237670183181763,0.24684616923332214,2.3070154190063477,1.102283000946045
three_class_geometry_compatible,100,no_radar_CE,42,51,0.014454714953899384,0.016170112416148186,0.012370232492685318,0.0038710362277925014,0.0014896392822265625
three_class_geometry_compatible,100,no_radar_CE,42,101,0.0007818422163836658,0.018191130831837654,0.0005371688166633248,0.0002540117420721799,0.0011766751995310187
three_class_geometry_compatible,100,no_radar_CE,42,151,0.0031591474544256926,0.021018266677856445,0.0011989511549472809,0.0036790173035115004,0.0012068748474121094
three_class_geometry_compatible,100,no_radar_CE,42,200,0.0022154359612613916,0.014142119325697422,0.0006091760005801916,0.0029733385890722275,0.0011959075927734375
three_class_geometry_compatible,100,no_radar_CE,73,1,1.528128981590271,1.115221619606018,0.25118720531463623,2.3005051612854004,1.2668919563293457
three_class_geometry_compatible,100,no_radar_CE,73,51,0.021922394633293152,0.015476659871637821,0.016028769314289093,0.011471008881926537,0.0015811920166015625
three_class_geometry_compatible,100,no_radar_CE,73,101,0.0027422280982136726,0.01651271991431713,0.0010068899719044566,0.0032285701017826796,0.0012105306377634406
three_class_geometry_compatible,100,no_radar_CE,73,151,0.0009437689441256225,0.018738947808742523,0.0006482490571215749,0.00034756664535962045,0.0012173652648925781
three_class_geometry_compatible,100,no_radar_CE,73,200,0.0012272195890545845,0.018003780394792557,0.0007698924746364355,0.0006743598496541381,0.0012014707317575812
three_class_geometry_compatible,100,shuffled,17,1,2.6623196601867676,1.0745246410369873,0.25454235076904297,2.3580939769744873,1.5420575141906738
three_class_geometry_compatible,100,shuffled,17,51,1.6065834760665894,0.6195923686027527,0.13687542080879211,1.6899571418762207,0.05137062072753906
three_class_geometry_compatible,100,shuffled,17,101,1.5945786237716675,0.6302942633628845,0.1250072568655014,1.6704394817352295,0.04057256504893303
three_class_geometry_compatible,100,shuffled,17,151,1.594568133354187,0.615929126739502,0.12759780883789062,1.6937615871429443,0.041604042053222656
three_class_geometry_compatible,100,shuffled,17,200,1.5949259996414185,0.6217892169952393,0.1236007809638977,1.6906414031982422,0.04215399548411369
three_class_geometry_compatible,100,shuffled,42,1,2.6030611991882324,1.1237670183181763,0.24434241652488708,2.2645492553710938,1.0267722606658936
three_class_geometry_compatible,100,shuffled,42,51,1.6024538278579712,0.6393643021583557,0.13229629397392273,1.6521748304367065,0.04705778881907463
three_class_geometry_compatible,100,shuffled,42,101,1.5935797691345215,0.6250631213188171,0.12659627199172974,1.6756420135498047,0.04099361225962639
three_class_geometry_compatible,100,shuffled,42,151,1.5930813550949097,0.6347155570983887,0.12422530353069305,1.6602516174316406,0.040146272629499435
three_class_geometry_compatible,100,shuffled,42,200,1.592848539352417,0.6168541312217712,0.12602362036705017,1.6914691925048828,0.042361658066511154
three_class_geometry_compatible,100,shuffled,73,1,2.603496551513672,1.115221619606018,0.24550968408584595,2.283724784851074,1.0090298652648926
three_class_geometry_compatible,100,shuffled,73,51,1.607486367225647,0.6438990235328674,0.13522426784038544,1.6469053030014038,0.049103736877441406
three_class_geometry_compatible,100,shuffled,73,101,1.594246745109558,0.6036692261695862,0.12772594392299652,1.716832160949707,0.04435388371348381
three_class_geometry_compatible,100,shuffled,73,151,1.593226432800293,0.6316130757331848,0.12434868514537811,1.6662582159042358,0.041355930268764496
three_class_geometry_compatible,100,shuffled,73,200,1.5927727222442627,0.6221907138824463,0.1255793571472168,1.6818933486938477,0.04055921360850334
three_class_geometry_compatible,100,distill_phase,17,1,2.627779722213745,1.1170378923416138,0.2455950677394867,2.3003430366516113,1.1497511863708496
three_class_geometry_compatible,100,distill_phase,17,51,0.04399968683719635,0.012988093309104443,0.024994172155857086,0.011653023771941662,0.0019090970745310187
three_class_geometry_compatible,100,distill_phase,17,101,0.017487745732069016,0.01293667871505022,0.0014334585284814239,0.005994763225317001,0.0012022654991596937
three_class_geometry_compatible,100,distill_phase,17,151,0.018811793997883797,0.016171561554074287,0.0009210556163452566,0.0031997463665902615,0.0011930465698242188
three_class_geometry_compatible,100,distill_phase,17,200,0.016056787222623825,0.01486205030232668,0.00044491150765679777,0.0012583717470988631,0.0012063980102539062
three_class_geometry_compatible,100,distill_phase,42,1,2.5030572414398193,1.063575029373169,0.24136030673980713,2.218782901763916,0.8873054385185242
three_class_geometry_compatible,100,distill_phase,42,51,0.04182236269116402,0.015646664425730705,0.023561596870422363,0.004863522946834564,0.00182342529296875
three_class_geometry_compatible,100,distill_phase,42,101,0.016508309170603752,0.01335393637418747,0.0009721330716274679,0.004121707286685705,0.0012138684978708625
three_class_geometry_compatible,100,distill_phase,42,151,0.015624853782355785,0.01390562579035759,0.0004830090329051018,0.0022333208471536636,0.00119558977894485
three_class_geometry_compatible,100,distill_phase,42,200,0.015578465536236763,0.013707205653190613,0.00045485940063372254,0.0025939694605767727,0.0011941592674702406
three_class_geometry_compatible,100,distill_phase,73,1,2.5003998279571533,1.0580744743347168,0.24087655544281006,2.2095184326171875,0.966895580291748
three_class_geometry_compatible,100,distill_phase,73,51,0.04871808737516403,0.01690242998301983,0.029416007921099663,0.004386134445667267,0.002065817592665553
three_class_geometry_compatible,100,distill_phase,73,101,0.017616482451558113,0.013927712105214596,0.0018676610197871923,0.003395405597984791,0.0012340545654296875
three_class_geometry_compatible,100,distill_phase,73,151,0.016905266791582108,0.014435682445764542,0.0006202813237905502,0.003458344377577305,0.0012013118248432875
three_class_geometry_compatible,100,distill_phase,73,200,0.015633750706911087,0.013499242253601551,0.0002907656307797879,0.0034481449984014034,0.00119670236017555
three_class_geometry_compatible,100,original_head,17,1,0.24295863509178162,1.0745246410369873,0.24295863509178162,2.235476016998291,1.0109241008758545
three_class_geometry_compatible,100,original_head,17,51,0.0019850097596645355,0.01750238798558712,0.0019850097596645355,0.005658143665641546,0.0012264251708984375
three_class_geometry_compatible,100,original_head,17,101,0.0006697896751575172,0.017685871571302414,0.0006697896751575172,0.004889798350632191,0.0012084643822163343
three_class_geometry_compatible,100,original_head,17,151,0.0010248881299048662,0.013317381031811237,0.0010248881299048662,0.009059211239218712,0.0012095769634470344
three_class_geometry_compatible,100,original_head,17,200,0.0014994636876508594,0.02053910493850708,0.0014994636876508594,0.003663418348878622,0.0011938413372263312
three_class_geometry_compatible,100,original_head,42,1,0.24684616923332214,1.1237670183181763,0.24684616923332214,2.3070154190063477,1.102283000946045
three_class_geometry_compatible,100,original_head,42,51,0.0019236346706748009,0.01481908094137907,0.0019236346706748009,0.004102914594113827,0.0012068748474121094
three_class_geometry_compatible,100,original_head,42,101,0.0004929983406327665,0.015355323441326618,0.0004929983406327665,0.003377454122528434,0.0011844635009765625
three_class_geometry_compatible,100,original_head,42,151,0.0012043805327266455,0.017441974952816963,0.0012043805327266455,0.005842264275997877,0.00121196114923805
three_class_geometry_compatible,100,original_head,42,200,0.0007315281545743346,0.012689844705164433,0.0007315281545743346,0.007008719258010387,0.0011974971275776625
three_class_geometry_compatible,100,original_head,73,1,0.25118720531463623,1.115221619606018,0.25118720531463623,2.3005051612854004,1.2668919563293457
three_class_geometry_compatible,100,original_head,73,51,0.0017370146233588457,0.015691285952925682,0.0017370146233588457,0.004660383798182011,0.0012257894268259406
three_class_geometry_compatible,100,original_head,73,101,0.0009777749655768275,0.01569392904639244,0.0009777749655768275,0.006162798032164574,0.0011855761986225843
three_class_geometry_compatible,100,original_head,73,151,0.0005956170498393476,0.017128998413681984,0.0005956170498393476,0.000807075179181993,0.0012202262878417969
three_class_geometry_compatible,100,original_head,73,200,0.0006254969630390406,0.015110730193555355,0.0006254969630390406,0.0021395578514784575,0.0012095769634470344
three_class_geometry_compatible,101,supervised,17,1,1.1049563884735107,1.1049563884735107,0.49159711599349976,2.561171293258667,1.065955400466919
three_class_geometry_compatible,101,supervised,17,51,5.044344288762659e-05,5.044344288762659e-05,1.7356370687484741,1.0382359027862549,0.5781174898147583
three_class_geometry_compatible,101,supervised,17,101,4.981214806321077e-05,4.981214806321077e-05,1.736506700515747,1.0387539863586426,0.572119414806366
three_class_geometry_compatible,101,supervised,17,151,6.596266757696867e-05,6.596266757696867e-05,1.8521435260772705,1.1538751125335693,0.5681048631668091
three_class_geometry_compatible,101,supervised,17,200,3.8816084270365536e-05,3.8816084270365536e-05,1.7697076797485352,1.0939867496490479,0.5709936618804932
three_class_geometry_compatible,101,supervised,42,1,1.0927047729492188,1.0927047729492188,0.48947831988334656,2.5376739501953125,1.047499179840088
three_class_geometry_compatible,101,supervised,42,51,0.00015654666640330106,0.00015654666640330106,1.7201173305511475,0.8307725787162781,0.7747158408164978
three_class_geometry_compatible,101,supervised,42,101,5.6508888519601896e-05,5.6508888519601896e-05,1.7602739334106445,0.9179727435112,0.7798044085502625
three_class_geometry_compatible,101,supervised,42,151,7.277295662788674e-05,7.277295662788674e-05,1.765870451927185,0.8931851387023926,0.775474488735199
three_class_geometry_compatible,101,supervised,42,200,5.861968747922219e-05,5.861968747922219e-05,1.8649864196777344,0.977061927318573,0.7768048048019409
three_class_geometry_compatible,101,supervised,73,1,1.0893478393554688,1.0893478393554688,0.49959391355514526,2.5316672325134277,1.3607219457626343
three_class_geometry_compatible,101,supervised,73,51,0.00010687801841413602,0.00010687801841413602,1.9598312377929688,0.7808879613876343,1.707927942276001
three_class_geometry_compatible,101,supervised,73,101,6.457928247982636e-05,6.457928247982636e-05,2.074340581893921,0.9098531007766724,1.7057888507843018
three_class_geometry_compatible,101,supervised,73,151,3.912145984941162e-05,3.912145984941162e-05,2.1451687812805176,0.9838371276855469,1.718895673751831
three_class_geometry_compatible,101,supervised,73,200,5.26243238709867e-05,5.26243238709867e-05,2.119513988494873,0.9417752027511597,1.7038158178329468
three_class_geometry_compatible,101,head_only,17,1,1.1515579223632812,1.1515579223632812,0.49159711599349976,2.5814216136932373,1.065955400466919
three_class_geometry_compatible,101,head_only,17,51,0.0003687530988827348,0.0003687530988827348,0.6404030323028564,0.5492907166481018,0.012490829452872276
three_class_geometry_compatible,101,head_only,17,101,0.00022486515808850527,0.00022486515808850527,0.6806931495666504,0.6254101991653442,0.011823734268546104
three_class_geometry_compatible,101,head_only,17,151,0.00013354480324778706,0.00013354480324778706,0.7602211833000183,0.7455608248710632,0.011530558578670025
three_class_geometry_compatible,101,head_only,17,200,0.00015158556925598532,0.00015158556925598532,0.7276065349578857,0.7057992219924927,0.011361679062247276
three_class_geometry_compatible,101,head_only,42,1,1.164634108543396,1.164634108543396,0.48947831988334656,2.6159117221832275,1.047499179840088
three_class_geometry_compatible,101,head_only,42,51,0.000470174039946869,0.000470174039946869,0.7021341323852539,0.47339677810668945,0.014507055282592773
three_class_geometry_compatible,101,head_only,42,101,0.0002288945106556639,0.0002288945106556639,0.7803372144699097,0.601417064666748,0.013726472854614258
three_class_geometry_compatible,101,head_only,42,151,0.00029015951440669596,0.00029015951440669596,0.783348560333252,0.5940389037132263,0.013060331344604492
three_class_geometry_compatible,101,head_only,42,200,0.00015333498595282435,0.00015333498595282435,0.8666127920150757,0.7086150050163269,0.01311691664159298
three_class_geometry_compatible,101,head_only,73,1,1.2015208005905151,1.2015208005905151,0.49959391355514526,2.658644199371338,1.3607219457626343
three_class_geometry_compatible,101,head_only,73,51,0.0004282634181436151,0.0004282634181436151,0.7089024782180786,0.4581320285797119,0.017991384491324425
three_class_geometry_compatible,101,head_only,73,101,0.00016428502567578107,0.00016428502567578107,0.8416954874992371,0.6514599919319153,0.01706075668334961
three_class_geometry_compatible,101,head_only,73,151,0.0001548893633298576,0.0001548893633298576,0.8497847318649292,0.6646227836608887,0.016933441162109375
three_class_geometry_compatible,101,head_only,73,200,0.00016062236682046205,0.00016062236682046205,0.8456704020500183,0.675940215587616,0.016499757766723633
three_class_geometry_compatible,101,distill,17,1,3.040461301803589,1.1515579223632812,0.49159711599349976,2.5814216136932373,1.065955400466919
three_class_geometry_compatible,101,distill,17,51,0.04462268576025963,0.00976401474326849,0.031175430864095688,0.006636794190853834,0.003648440120741725
three_class_geometry_compatible,101,distill,17,101,0.013713386841118336,0.01070516835898161,0.0016933938022702932,0.001963602378964424,0.003330230712890625
three_class_geometry_compatible,101,distill,17,151,0.013413999229669571,0.009274318814277649,0.0012323821429163218,0.0051871417090296745,0.003137270687147975
three_class_geometry_compatible,101,distill,17,200,0.01660681888461113,0.012359376065433025,0.0020958923269063234,0.003703618422150612,0.0029973983764648438
three_class_geometry_compatible,101,distill,42,1,3.0668182373046875,1.164634108543396,0.48947831988334656,2.6159117221832275,1.047499179840088
three_class_geometry_compatible,101,distill,42,51,0.04301901534199715,0.011097696609795094,0.02878635749220848,0.005483207758516073,0.003933588974177837
three_class_geometry_compatible,101,distill,42,101,0.013424552045762539,0.01053660735487938,0.0016503480728715658,0.001887315884232521,0.002939383266493678
three_class_geometry_compatible,101,distill,42,151,0.014129948802292347,0.010906726121902466,0.001150963595137,0.003522817511111498,0.003108501434326172
three_class_geometry_compatible,101,distill,42,200,0.012785005383193493,0.010025662370026112,0.0012722811661660671,0.0023958473466336727,0.002891381736844778
three_class_geometry_compatible,101,distill,73,1,3.1665091514587402,1.2015208005905151,0.49959391355514526,2.658644199371338,1.3607219457626343
three_class_geometry_compatible,101,distill,73,51,0.047343797981739044,0.011668752878904343,0.032212287187576294,0.0061124409548938274,0.004065354820340872
three_class_geometry_compatible,101,distill,73,101,0.013568909838795662,0.008753239177167416,0.001537918346002698,0.005973286926746368,0.002911090850830078
three_class_geometry_compatible,101,distill,73,151,0.012799457646906376,0.010038827545940876,0.0009499110747128725,0.0030047304462641478,0.0030835471116006374
three_class_geometry_compatible,101,distill,73,200,0.013707850128412247,0.01066211611032486,0.0010127417044714093,0.003438785672187805,0.003135999199002981
three_class_geometry_compatible,101,no_contrast,17,1,2.933865785598755,1.1515579223632812,0.49159711599349976,2.5814216136932373,1.065955400466919
three_class_geometry_compatible,101,no_contrast,17,51,0.04485328122973442,0.009374330751597881,0.03160000964999199,0.007757876068353653,0.0036710104905068874
three_class_geometry_compatible,101,no_contrast,17,101,0.01350383274257183,0.010662972927093506,0.0017921887338161469,0.0020973419304937124,0.0033446948509663343
three_class_geometry_compatible,101,no_contrast,17,151,0.012967312708497047,0.009240779094398022,0.0011407163692638278,0.005171635188162327,0.0031501452904194593
three_class_geometry_compatible,101,no_contrast,17,200,0.016519924625754356,0.012427262961864471,0.002123471349477768,0.003938380628824234,0.0030056636314839125
three_class_geometry_compatible,101,no_contrast,42,1,2.9620683193206787,1.164634108543396,0.48947831988334656,2.6159117221832275,1.047499179840088
three_class_geometry_compatible,101,no_contrast,42,51,0.042624928057193756,0.010418293066322803,0.02816561982035637,0.008082031272351742,0.003982385154813528
three_class_geometry_compatible,101,no_contrast,42,101,0.013223066926002502,0.010794485919177532,0.001613843021914363,0.0016294755041599274,0.0029691061936318874
three_class_geometry_compatible,101,no_contrast,42,151,0.013743161223828793,0.010592784732580185,0.0011706361547112465,0.003959480207413435,0.0030852954369038343
three_class_geometry_compatible,101,no_contrast,42,200,0.012516403570771217,0.009997690096497536,0.0012315406929701567,0.0025743460282683372,0.0029042563401162624
three_class_geometry_compatible,101,no_contrast,73,1,3.0304369926452637,1.2015208005905151,0.49959391355514526,2.658644199371338,1.3607219457626343
three_class_geometry_compatible,101,no_contrast,73,51,0.04729409143328667,0.011318462900817394,0.03277934342622757,0.006392571143805981,0.0040338835678994656
three_class_geometry_compatible,101,no_contrast,73,101,0.013335831463336945,0.008693213574588299,0.0014313498977571726,0.006422535981982946,0.0029358863830566406
three_class_geometry_compatible,101,no_contrast,73,151,0.01249102596193552,0.009918239898979664,0.0009420959977433085,0.003261380596086383,0.0031147003173828125
three_class_geometry_compatible,101,no_contrast,73,200,0.013470483012497425,0.010572974570095539,0.0010060104541480541,0.00378299574367702,0.0031785964965820312
three_class_geometry_compatible,101,no_radar_CE,17,1,1.8889033794403076,1.1515579223632812,0.49159711599349976,2.5814216136932373,1.065955400466919
three_class_geometry_compatible,101,no_radar_CE,17,51,0.017922833561897278,0.010156507603824139,0.015118345618247986,0.004936284385621548,0.003363450523465872
three_class_geometry_compatible,101,no_radar_CE,17,101,0.0021235409658402205,0.012298181653022766,0.001300172763876617,0.0009741417597979307,0.0033629736863076687
three_class_geometry_compatible,101,no_radar_CE,17,151,0.0027818456292152405,0.010917715728282928,0.0011181806912645698,0.0026830914430320263,0.003221194026991725
three_class_geometry_compatible,101,no_radar_CE,17,200,0.0077044968493282795,0.015502898953855038,0.003243873594328761,0.008287879638373852,0.0031668345909565687
three_class_geometry_compatible,101,no_radar_CE,42,1,1.9021841287612915,1.164634108543396,0.48947831988334656,2.6159117221832275,1.047499179840088
three_class_geometry_compatible,101,no_radar_CE,42,51,0.015332899987697601,0.011633958667516708,0.01266392320394516,0.004684147424995899,0.003269036766141653
three_class_geometry_compatible,101,no_radar_CE,42,101,0.002352871699258685,0.012118433602154255,0.0015561021864414215,0.0009724745759740472,0.0031053225975483656
three_class_geometry_compatible,101,no_radar_CE,42,151,0.004218249581754208,0.013714033178985119,0.0016355656553059816,0.0045202067121863365,0.0032258033752441406
three_class_geometry_compatible,101,no_radar_CE,42,200,0.0023042941465973854,0.011931709945201874,0.0012979678576812148,0.001412377692759037,0.0030013720970600843
three_class_geometry_compatible,101,no_radar_CE,73,1,1.9649882316589355,1.2015208005905151,0.49959391355514526,2.658644199371338,1.3607219457626343
three_class_geometry_compatible,101,no_radar_CE,73,51,0.01564757712185383,0.011356757022440434,0.013881112448871136,0.002849111333489418,0.003419081447646022
three_class_geometry_compatible,101,no_radar_CE,73,101,0.002358037978410721,0.01028341706842184,0.0009197329054586589,0.0022727753967046738,0.0030191740952432156
three_class_geometry_compatible,101,no_radar_CE,73,151,0.0019252642523497343,0.011684243567287922,0.000950113870203495,0.001301865791901946,0.0032421748619526625
three_class_geometry_compatible,101,no_radar_CE,73,200,0.0029948593582957983,0.01314583420753479,0.0013199567329138517,0.002682360587641597,0.0033372244797647
three_class_geometry_compatible,101,shuffled,17,1,3.179509401321411,1.1515579223632812,0.5040239691734314,2.7383828163146973,1.547361135482788
three_class_geometry_compatible,101,shuffled,17,51,1.8603595495224,0.6915745139122009,0.28734561800956726,1.743986964225769,0.09446056932210922
three_class_geometry_compatible,101,shuffled,17,101,1.8429679870605469,0.7037237286567688,0.2712109684944153,1.7201403379440308,0.07963220775127411
three_class_geometry_compatible,101,shuffled,17,151,1.8427488803863525,0.7143587470054626,0.26942938566207886,1.7021058797836304,0.07907907664775848
three_class_geometry_compatible,101,shuffled,17,200,1.8459644317626953,0.7022081017494202,0.27203166484832764,1.7272905111312866,0.08079560846090317
three_class_geometry_compatible,101,shuffled,42,1,3.032059669494629,1.164634108543396,0.4913405179977417,2.544400215148926,1.0388482809066772
three_class_geometry_compatible,101,shuffled,42,51,1.8521980047225952,0.7211270332336426,0.2778050899505615,1.6904122829437256,0.0805974006652832
three_class_geometry_compatible,101,shuffled,42,101,1.8424512147903442,0.703965961933136,0.2710827589035034,1.7189916372299194,0.07906755059957504
three_class_geometry_compatible,101,shuffled,42,151,1.842812418937683,0.7121334075927734,0.2701992988586426,1.7053521871566772,0.07803583145141602
three_class_geometry_compatible,101,shuffled,42,200,1.8423458337783813,0.7140254378318787,0.26816654205322266,1.7043342590332031,0.07986633479595184
three_class_geometry_compatible,101,shuffled,73,1,3.055706262588501,1.2015208005905151,0.4861299693584442,2.5584161281585693,0.8884732723236084
three_class_geometry_compatible,101,shuffled,73,51,1.852174162864685,0.7060627937316895,0.2803395390510559,1.7136297225952148,0.08957036584615707
three_class_geometry_compatible,101,shuffled,73,101,1.8424673080444336,0.7152466773986816,0.2694476842880249,1.699154257774353,0.08195845782756805
three_class_geometry_compatible,101,shuffled,73,151,1.8423147201538086,0.702721893787384,0.2719942033290863,1.7190868854522705,0.08055250346660614
three_class_geometry_compatible,101,shuffled,73,200,1.8424551486968994,0.7059887051582336,0.2685430943965912,1.7196838855743408,0.08081404864788055
three_class_geometry_compatible,101,distill_phase,17,1,3.0833740234375,1.1633872985839844,0.49477648735046387,2.613576889038086,1.1842186450958252
three_class_geometry_compatible,101,distill_phase,17,51,0.036769457161426544,0.008169117383658886,0.02296246588230133,0.010586339049041271,0.0034470558166503906
three_class_geometry_compatible,101,distill_phase,17,101,0.0134139908477664,0.010163086466491222,0.001538262702524662,0.002828601747751236,0.002983411308377981
three_class_geometry_compatible,101,distill_phase,17,151,0.01452623400837183,0.012009833939373493,0.0018618048634380102,0.0006867278134450316,0.003112316131591797
three_class_geometry_compatible,101,distill_phase,17,200,0.013109509833157063,0.011116315610706806,0.0009704147814773023,0.0014292297419160604,0.003081639762967825
three_class_geometry_compatible,101,distill_phase,42,1,2.9446568489074707,1.1170027256011963,0.48333340883255005,2.5309436321258545,0.7884888648986816
three_class_geometry_compatible,101,distill_phase,42,51,0.03423858433961868,0.011091348715126514,0.02130427584052086,0.002933692652732134,0.003761132713407278
three_class_geometry_compatible,101,distill_phase,42,101,0.014657444320619106,0.010853772051632404,0.0014355462044477463,0.004131050314754248,0.0030260086059570312
three_class_geometry_compatible,101,distill_phase,42,151,0.01249758992344141,0.00933320727199316,0.000573492085095495,0.004540911875665188,0.003204345703125
three_class_geometry_compatible,101,distill_phase,42,200,0.012749671004712582,0.009578886441886425,0.001313621993176639,0.0031507033854722977,0.0028181076049804688
three_class_geometry_compatible,101,distill_phase,73,1,3.002803087234497,1.1444737911224365,0.4827107787132263,2.571977138519287,0.8962984085083008
three_class_geometry_compatible,101,distill_phase,73,51,0.039501115679740906,0.009959298186004162,0.02698792889714241,0.004407336004078388,0.003502210136502981
three_class_geometry_compatible,101,distill_phase,73,101,0.013436781242489815,0.010248301550745964,0.001764998072758317,0.0022316542454063892,0.0030765533447265625
three_class_geometry_compatible,101,distill_phase,73,151,0.013176153413951397,0.00897296704351902,0.0008322898647747934,0.006131728645414114,0.0030503273010253906
three_class_geometry_compatible,101,distill_phase,73,200,0.012639682739973068,0.009626959450542927,0.0008008896838873625,0.0038117270451039076,0.003059705253690481
three_class_geometry_compatible,101,original_head,17,1,0.49159711599349976,1.1515579223632812,0.49159711599349976,2.5814216136932373,1.065955400466919
three_class_geometry_compatible,101,original_head,17,51,0.002824146067723632,0.010939455591142178,0.002824146067723632,0.00449027307331562,0.0033577284775674343
three_class_geometry_compatible,101,original_head,17,101,0.00047907326370477676,0.011269531212747097,0.00047907326370477676,0.005691581405699253,0.003390789031982422
three_class_geometry_compatible,101,original_head,17,151,0.0010112846503034234,0.009466676041483879,0.0010112846503034234,0.008762933313846588,0.0037177405320107937
three_class_geometry_compatible,101,original_head,17,200,0.0023054047487676144,0.014867809601128101,0.0023054047487676144,0.01005353219807148,0.0034693083725869656
three_class_geometry_compatible,101,original_head,42,1,0.48947831988334656,1.164634108543396,0.48947831988334656,2.6159117221832275,1.047499179840088
three_class_geometry_compatible,101,original_head,42,51,0.003922324627637863,0.011018066667020321,0.003922324627637863,0.009782202541828156,0.0035702388267964125
three_class_geometry_compatible,101,original_head,42,101,0.0008390996372327209,0.011237353086471558,0.0008390996372327209,0.004107961896806955,0.003416220424696803
three_class_geometry_compatible,101,original_head,42,151,0.0012442348524928093,0.013848445378243923,0.0012442348524928093,0.0077261305414140224,0.0034812293015420437
three_class_geometry_compatible,101,original_head,42,200,0.000567699724342674,0.01098574697971344,0.000567699724342674,0.006305682472884655,0.0035155615769326687
three_class_geometry_compatible,101,original_head,73,1,0.49959391355514526,1.2015208005905151,0.49959391355514526,2.658644199371338,1.3607219457626343
three_class_geometry_compatible,101,original_head,73,51,0.0035757641308009624,0.010440818965435028,0.0035757641308009624,0.006690419279038906,0.0031871795654296875
three_class_geometry_compatible,101,original_head,73,101,0.0007039796328172088,0.010724400170147419,0.0007039796328172088,0.006315368693321943,0.0037140846252441406
three_class_geometry_compatible,101,original_head,73,151,0.0005934374639764428,0.009755303151905537,0.0005934374639764428,0.006440853234380484,0.0035036406479775906
three_class_geometry_compatible,101,original_head,73,200,0.000573309778701514,0.010892167687416077,0.000573309778701514,0.0054076118394732475,0.003381411312147975
three_class_geometry_compatible,110,supervised,17,1,1.0956156253814697,1.0956156253814697,0.22671672701835632,2.291450023651123,1.060785174369812
three_class_geometry_compatible,110,supervised,17,51,9.2544243671e-05,9.2544243671e-05,1.6508808135986328,1.2177249193191528,0.9112738370895386
three_class_geometry_compatible,110,supervised,17,101,7.733194797765464e-05,7.733194797765464e-05,1.6352474689483643,1.2219655513763428,0.9070884585380554
three_class_geometry_compatible,110,supervised,17,151,4.1609284380683675e-05,4.1609284380683675e-05,1.7686465978622437,1.387579321861267,0.905451774597168
three_class_geometry_compatible,110,supervised,17,200,3.330313120386563e-05,3.330313120386563e-05,1.6910842657089233,1.3493765592575073,0.907540500164032
three_class_geometry_compatible,110,supervised,42,1,1.074600100517273,1.074600100517273,0.22827836871147156,2.2592015266418457,1.1784749031066895
three_class_geometry_compatible,110,supervised,42,51,8.654896373627707e-05,8.654896373627707e-05,1.5039472579956055,1.1063745021820068,0.7763800621032715
three_class_geometry_compatible,110,supervised,42,101,5.184578549233265e-05,5.184578549233265e-05,1.6140413284301758,1.2533875703811646,0.7778851389884949
three_class_geometry_compatible,110,supervised,42,151,3.6108634958509356e-05,3.6108634958509356e-05,1.6639560461044312,1.3426990509033203,0.7780669927597046
three_class_geometry_compatible,110,supervised,42,200,3.389049379620701e-05,3.389049379620701e-05,1.692979335784912,1.3721861839294434,0.7737433314323425
three_class_geometry_compatible,110,supervised,73,1,1.0774117708206177,1.0774117708206177,0.2332421839237213,2.261852502822876,1.3437397480010986
three_class_geometry_compatible,110,supervised,73,51,7.004282815614715e-05,7.004282815614715e-05,1.6763181686401367,1.1044161319732666,1.5501492023468018
three_class_geometry_compatible,110,supervised,73,101,3.850017674267292e-05,3.850017674267292e-05,1.8217886686325073,1.3016016483306885,1.551584243774414
three_class_geometry_compatible,110,supervised,73,151,4.480224379221909e-05,4.480224379221909e-05,1.825601577758789,1.2725714445114136,1.5615699291229248
three_class_geometry_compatible,110,supervised,73,200,3.9488182665081695e-05,3.9488182665081695e-05,1.8424409627914429,1.3040741682052612,1.5507965087890625
three_class_geometry_compatible,110,head_only,17,1,1.0749551057815552,1.0749551057815552,0.22671672701835632,2.2545738220214844,1.060785174369812
three_class_geometry_compatible,110,head_only,17,51,0.0002700273471418768,0.0002700273471418768,0.5418579578399658,0.7666977643966675,0.01349552534520626
three_class_geometry_compatible,110,head_only,17,101,0.00024346493592020124,0.00024346493592020124,0.5710582733154297,0.8151960372924805,0.01282993983477354
three_class_geometry_compatible,110,head_only,17,151,0.00013957321061752737,0.00013957321061752737,0.6444010734558105,0.9914643168449402,0.012770494446158409
three_class_geometry_compatible,110,head_only,17,200,0.0001127197829191573,0.0001127197829191573,0.6471432447433472,1.0272592306137085,0.012548446655273438
three_class_geometry_compatible,110,head_only,42,1,1.1462903022766113,1.1462903022766113,0.22827836871147156,2.3520872592926025,1.1784749031066895
three_class_geometry_compatible,110,head_only,42,51,0.00021991849644109607,0.00021991849644109607,0.5724919438362122,0.775375485420227,0.01432840060442686
three_class_geometry_compatible,110,head_only,42,101,0.0001503219682490453,0.0001503219682490453,0.6367873549461365,0.893924355506897,0.013912281021475792
three_class_geometry_compatible,110,head_only,42,151,0.00011365944374119863,0.00011365944374119863,0.6812252998352051,1.0016298294067383,0.013558785431087017
three_class_geometry_compatible,110,head_only,42,200,0.00010490175918675959,0.00010490175918675959,0.7094499468803406,1.038812518119812,0.013359546661376953
three_class_geometry_compatible,110,head_only,73,1,1.1384367942810059,1.1384367942810059,0.2332421839237213,2.3412489891052246,1.3437397480010986
three_class_geometry_compatible,110,head_only,73,51,0.00024410453625023365,0.00024410453625023365,0.5646288394927979,0.7500766515731812,0.01644730567932129
three_class_geometry_compatible,110,head_only,73,101,0.00011944922880502418,0.00011944922880502418,0.6921717524528503,0.9976027011871338,0.016089122742414474
three_class_geometry_compatible,110,head_only,73,151,0.00011515140067785978,0.00011515140067785978,0.6597937345504761,0.9517366290092468,0.01566259190440178
three_class_geometry_compatible,110,head_only,73,200,9.733371553011239e-05,9.733371553011239e-05,0.6940450072288513,1.0109522342681885,0.015823286026716232
three_class_geometry_compatible,110,distill,17,1,2.5350375175476074,1.0749551057815552,0.22671672701835632,2.2545738220214844,1.060785174369812
three_class_geometry_compatible,110,distill,17,51,0.044502079486846924,0.013753307051956654,0.02702782303094864,0.007062880322337151,0.0018951098900288343
three_class_geometry_compatible,110,distill,17,101,0.019566597416996956,0.015778055414557457,0.002027911599725485,0.0032889433205127716,0.0011615753173828125
three_class_geometry_compatible,110,distill,17,151,0.016917770728468895,0.012290154583752155,0.0008236958528868854,0.00737956166267395,0.0011413892498239875
three_class_geometry_compatible,110,distill,17,200,0.01661151833832264,0.015043127350509167,0.0009180141496472061,0.001071169856004417,0.0011479060631245375
three_class_geometry_compatible,110,distill,42,1,2.668459892272949,1.1462903022766113,0.22827836871147156,2.3520872592926025,1.1784749031066895
three_class_geometry_compatible,110,distill,42,51,0.04297279939055443,0.015984436497092247,0.025065382942557335,0.003481111256405711,0.0018242200603708625
three_class_geometry_compatible,110,distill,42,101,0.017279252409934998,0.013560188002884388,0.0018377320375293493,0.0035299360752105713,0.0011636416893452406
three_class_geometry_compatible,110,distill,42,151,0.015622766688466072,0.013259741477668285,0.0007968888967297971,0.0029044717084616423,0.0011390050640329719
three_class_geometry_compatible,110,distill,42,200,0.01577472873032093,0.012736917473375797,0.0006277068750932813,0.004593295510858297,0.00113455462269485
three_class_geometry_compatible,110,distill,73,1,2.6766774654388428,1.1384367942810059,0.2332421839237213,2.3412489891052246,1.3437397480010986
three_class_geometry_compatible,110,distill,73,51,0.04315462335944176,0.014712450094521046,0.02701059728860855,0.002473128493875265,0.0019501050701364875
three_class_geometry_compatible,110,distill,73,101,0.01821824535727501,0.011567346751689911,0.002417157404124737,0.008231702260673046,0.0011789004784077406
three_class_geometry_compatible,110,distill,73,151,0.01625162363052368,0.013524137437343597,0.0008468154701404274,0.003530425950884819,0.0011545817833393812
three_class_geometry_compatible,110,distill,73,200,0.01542058028280735,0.013198199681937695,0.0007006823434494436,0.002815182087942958,0.0011410713195800781
three_class_geometry_compatible,110,no_contrast,17,1,2.4289588928222656,1.0749551057815552,0.22671672701835632,2.2545738220214844,1.060785174369812
three_class_geometry_compatible,110,no_contrast,17,51,0.04368998855352402,0.013704191893339157,0.026437802240252495,0.007095984183251858,0.001901785610243678
three_class_geometry_compatible,110,no_contrast,17,101,0.019551239907741547,0.01617760770022869,0.0019488557009026408,0.0028495527803897858,0.0011598269920796156
three_class_geometry_compatible,110,no_contrast,17,151,0.016844194382429123,0.012255408801138401,0.0008107858011499047,0.007555998861789703,0.0011410713195800781
three_class_geometry_compatible,110,no_contrast,17,200,0.016636036336421967,0.015048668719828129,0.0009632253786548972,0.001248286454938352,0.0011479060631245375
three_class_geometry_compatible,110,no_contrast,42,1,2.550612449645996,1.1462903022766113,0.22827836871147156,2.3520872592926025,1.1784749031066895
three_class_geometry_compatible,110,no_contrast,42,51,0.04106196016073227,0.015339947305619717,0.024080893024802208,0.003282235935330391,0.0018105506896972656
three_class_geometry_compatible,110,no_contrast,42,101,0.016884522512555122,0.013723011128604412,0.0015531482640653849,0.003216727403923869,0.001157919643446803
three_class_geometry_compatible,110,no_contrast,42,151,0.015589067712426186,0.013020984828472137,0.0008244345663115382,0.003487297799438238,0.0011399587383493781
three_class_geometry_compatible,110,no_contrast,42,200,0.015732303261756897,0.012621958740055561,0.0006442622980102897,0.004932164214551449,0.0011353492736816406
three_class_geometry_compatible,110,no_contrast,73,1,2.5423035621643066,1.1384367942810059,0.2332421839237213,2.3412489891052246,1.3437397480010986
three_class_geometry_compatible,110,no_contrast,73,51,0.04241160303354263,0.013574466109275818,0.02661765180528164,0.004438966512680054,0.0019364356994628906
three_class_geometry_compatible,110,no_contrast,73,101,0.018017563968896866,0.011623494327068329,0.0023273814003914595,0.008133376017212868,0.0011779468040913343
three_class_geometry_compatible,110,no_contrast,73,151,0.016038840636610985,0.013415488414466381,0.0008068160386756063,0.0036330721341073513,0.001153628109022975
three_class_geometry_compatible,110,no_contrast,73,200,0.015354161150753498,0.013405646197497845,0.0006966807413846254,0.002503667725250125,0.0011404355755075812
three_class_geometry_compatible,110,no_radar_CE,17,1,1.4600821733474731,1.0749551057815552,0.22671672701835632,2.2545738220214844,1.060785174369812
three_class_geometry_compatible,110,no_radar_CE,17,51,0.01708717830479145,0.015118240378797054,0.014087660238146782,0.005692395381629467,0.0015331904869526625
three_class_geometry_compatible,110,no_radar_CE,17,101,0.0033796404022723436,0.0189052764326334,0.0011714198626577854,0.004188640043139458,0.0011390050640329719
three_class_geometry_compatible,110,no_radar_CE,17,151,0.0019747340120375156,0.015234691090881824,0.0006026198389008641,0.0025161411613225937,0.0011404355755075812
three_class_geometry_compatible,110,no_radar_CE,17,200,0.002473844913765788,0.019148141145706177,0.0014889173908159137,0.001740146428346634,0.0011485418071970344
three_class_geometry_compatible,110,no_radar_CE,42,1,1.5221694707870483,1.1462903022766113,0.22827836871147156,2.3520872592926025,1.1784749031066895
three_class_geometry_compatible,110,no_radar_CE,42,51,0.013206579722464085,0.017004545778036118,0.011953108012676239,0.002222461625933647,0.0014224052429199219
three_class_geometry_compatible,110,no_radar_CE,42,101,0.0011606913758441806,0.016804078593850136,0.0008044863934628665,0.00048378235078416765,0.0011431376915425062
three_class_geometry_compatible,110,no_radar_CE,42,151,0.0027110218070447445,0.01815597526729107,0.001411218661814928,0.002371487207710743,0.001140594482421875
three_class_geometry_compatible,110,no_radar_CE,42,200,0.001403534784913063,0.01477478165179491,0.0005512022762559354,0.0014775315066799521,0.00113566720392555
three_class_geometry_compatible,110,no_radar_CE,73,1,1.538240671157837,1.1384367942810059,0.2332421839237213,2.3412489891052246,1.3437397480010986
three_class_geometry_compatible,110,no_radar_CE,73,51,0.018258120864629745,0.014202416874468327,0.014345332980155945,0.00752450292930007,0.0015053749084472656
three_class_geometry_compatible,110,no_radar_CE,73,101,0.002899151062592864,0.014996417798101902,0.0009054748225025833,0.003756372258067131,0.0011548995971679688
three_class_geometry_compatible,110,no_radar_CE,73,151,0.0011475636856630445,0.016540944576263428,0.0007611619075760245,0.0005427772994153202,0.0011501312255859375
three_class_geometry_compatible,110,no_radar_CE,73,200,0.0011962185380980372,0.017338136211037636,0.00098913605324924,0.0001849653199315071,0.001145998714491725
three_class_geometry_compatible,110,shuffled,17,1,2.6196963787078857,1.0749551057815552,0.23293766379356384,2.3506927490234375,1.364572286605835
three_class_geometry_compatible,110,shuffled,17,51,1.623626470565796,0.6405982971191406,0.14460863173007965,1.6582536697387695,0.09292682260274887
three_class_geometry_compatible,110,shuffled,17,101,1.6135714054107666,0.6509879231452942,0.1343843787908554,1.6408345699310303,0.07781744003295898
three_class_geometry_compatible,110,shuffled,17,151,1.6129231452941895,0.6279930472373962,0.13763976097106934,1.6776617765426636,0.0845947265625
three_class_geometry_compatible,110,shuffled,17,200,1.61329984664917,0.6405575275421143,0.13285240530967712,1.6634337902069092,0.0817304477095604
three_class_geometry_compatible,110,shuffled,42,1,2.6257646083831787,1.1462903022766113,0.22451214492321014,2.3011765480041504,1.0437383651733398
three_class_geometry_compatible,110,shuffled,42,51,1.6229454278945923,0.629094660282135,0.14467452466487885,1.6795457601547241,0.09403371810913086
three_class_geometry_compatible,110,shuffled,42,101,1.6132936477661133,0.6483743786811829,0.13636162877082825,1.6412451267242432,0.07935015857219696
three_class_geometry_compatible,110,shuffled,42,151,1.6122984886169434,0.6542574763298035,0.1340084969997406,1.6325849294662476,0.07739996910095215
three_class_geometry_compatible,110,shuffled,42,200,1.6118993759155273,0.6274808049201965,0.13643133640289307,1.6792597770690918,0.08357231318950653
three_class_geometry_compatible,110,shuffled,73,1,2.652662515640259,1.1384367942810059,0.2273748368024826,2.358456611633301,1.0762258768081665
three_class_geometry_compatible,110,shuffled,73,51,1.6242562532424927,0.6296202540397644,0.1452590525150299,1.6791309118270874,0.09811576455831528
three_class_geometry_compatible,110,shuffled,73,101,1.6132097244262695,0.6316800713539124,0.13648834824562073,1.6733626127243042,0.08359956741333008
three_class_geometry_compatible,110,shuffled,73,151,1.612464427947998,0.6491777300834656,0.1338636577129364,1.6424716711044312,0.08187317848205566
three_class_geometry_compatible,110,shuffled,73,200,1.6119130849838257,0.6326675415039062,0.13493436574935913,1.6722326278686523,0.08194851875305176
three_class_geometry_compatible,110,distill_phase,17,1,2.6003494262695312,1.1132732629776,0.2246587574481964,2.3036837577819824,1.1057555675506592
three_class_geometry_compatible,110,distill_phase,17,51,0.037371426820755005,0.011309412308037281,0.02031562849879265,0.011162549257278442,0.0016511281719431281
three_class_geometry_compatible,110,distill_phase,17,101,0.016896042972803116,0.014042682014405727,0.001105165807530284,0.003267033491283655,0.0011467933654785156
three_class_geometry_compatible,110,distill_phase,17,151,0.01628325879573822,0.014428493566811085,0.0004760089796036482,0.002529837191104889,0.001138369319960475
three_class_geometry_compatible,110,distill_phase,17,200,0.015509192831814289,0.013471565209329128,0.0005241312319412827,0.002799922600388527,0.0011353492736816406
three_class_geometry_compatible,110,distill_phase,42,1,2.5428342819213867,1.0910758972167969,0.22427615523338318,2.269617795944214,0.9267324209213257
three_class_geometry_compatible,110,distill_phase,42,51,0.03564780578017235,0.0130470534786582,0.018801435828208923,0.007278356235474348,0.0016013782005757093
three_class_geometry_compatible,110,distill_phase,42,101,0.015929704532027245,0.012517395429313183,0.0009196791215799749,0.0047548203729093075,0.0011521975975483656
three_class_geometry_compatible,110,distill_phase,42,151,0.015339275822043419,0.01280281413346529,0.0005872339243069291,0.003671130631119013,0.0011366208782419562
three_class_geometry_compatible,110,distill_phase,42,200,0.015335067175328732,0.013560943305492401,0.00040663249092176557,0.002505846321582794,0.0011456807842478156
three_class_geometry_compatible,110,distill_phase,73,1,2.5270702838897705,1.081906795501709,0.22317048907279968,2.248089075088501,0.9794823527336121
three_class_geometry_compatible,110,distill_phase,73,51,0.04256577789783478,0.01517050713300705,0.025210745632648468,0.0039980728179216385,0.0018548965454101562
three_class_geometry_compatible,110,distill_phase,73,101,0.016861509531736374,0.012622755952179432,0.0016415466088801622,0.004960984922945499,0.0011671384563669562
three_class_geometry_compatible,110,distill_phase,73,151,0.015864524990320206,0.013806975446641445,0.0005367742269299924,0.0028135888278484344,0.0011397998314350843
three_class_geometry_compatible,110,distill_phase,73,200,0.015281729400157928,0.013889019377529621,0.0003440391446929425,0.0018704937538132071,0.0011342366924509406
three_class_geometry_compatible,110,original_head,17,1,0.22671672701835632,1.0749551057815552,0.22671672701835632,2.2545738220214844,1.060785174369812
three_class_geometry_compatible,110,original_head,17,51,0.001637091627344489,0.016607532277703285,0.001637091627344489,0.00561189278960228,0.0011793773155659437
three_class_geometry_compatible,110,original_head,17,101,0.0009590591071173549,0.017371604219079018,0.0009590591071173549,0.007854591123759747,0.0011452039470896125
three_class_geometry_compatible,110,original_head,17,151,0.0008144661551341414,0.012736332602798939,0.0008144661551341414,0.009576435200870037,0.0011417071800678968
three_class_geometry_compatible,110,original_head,17,200,0.0011045914143323898,0.018001588061451912,0.0011045914143323898,0.002093203365802765,0.00114981341175735
three_class_geometry_compatible,110,original_head,42,1,0.22827836871147156,1.1462903022766113,0.22827836871147156,2.3520872592926025,1.1784749031066895
three_class_geometry_compatible,110,original_head,42,51,0.001794431358575821,0.014876228757202625,0.001794431358575821,0.004770183470100164,0.0011739730834960938
three_class_geometry_compatible,110,original_head,42,101,0.0003447129565756768,0.014866235665977001,0.0003447129565756768,0.0034795147366821766,0.0011375745525583625
three_class_geometry_compatible,110,original_head,42,151,0.0013230856275185943,0.016054710373282433,0.0013230856275185943,0.005097507499158382,0.0011525154113769531
three_class_geometry_compatible,110,original_head,42,200,0.000692912086378783,0.012462630867958069,0.000692912086378783,0.007928537204861641,0.0011399587383493781
three_class_geometry_compatible,110,original_head,73,1,0.2332421839237213,1.1384367942810059,0.2332421839237213,2.3412489891052246,1.3437397480010986
three_class_geometry_compatible,110,original_head,73,51,0.0018461326835677028,0.01690315082669258,0.0018461326835677028,0.005293209105730057,0.0011817615013569593
three_class_geometry_compatible,110,original_head,73,101,0.0008864155970513821,0.014008033089339733,0.0008864155970513821,0.007573764771223068,0.0011442502727732062
three_class_geometry_compatible,110,original_head,73,151,0.0008024097187444568,0.015125746838748455,0.0008024097187444568,0.0024609349202364683,0.0011645953636616468
three_class_geometry_compatible,110,original_head,73,200,0.000624197069555521,0.01397631037980318,0.000624197069555521,0.002706419676542282,0.001161257503554225
three_class_geometry_compatible,111,supervised,17,1,1.1020785570144653,1.1020785570144653,0.463944673538208,2.557701587677002,1.090975046157837
three_class_geometry_compatible,111,supervised,17,51,7.224287401186302e-05,7.224287401186302e-05,1.7325423955917358,0.9770210981369019,0.7092592120170593
three_class_geometry_compatible,111,supervised,17,101,6.374956137733534e-05,6.374956137733534e-05,1.7332782745361328,0.9870917201042175,0.7016376256942749
three_class_geometry_compatible,111,supervised,17,151,3.913107138941996e-05,3.913107138941996e-05,1.8381824493408203,1.104068398475647,0.6982685923576355
three_class_geometry_compatible,111,supervised,17,200,3.9005059079499915e-05,3.9005059079499915e-05,1.7801003456115723,1.0602607727050781,0.6999466419219971
three_class_geometry_compatible,111,supervised,42,1,1.0741997957229614,1.0741997957229614,0.45723259449005127,2.510237216949463,1.0111327171325684
three_class_geometry_compatible,111,supervised,42,51,9.41792968660593e-05,9.41792968660593e-05,1.7352255582809448,0.863558292388916,0.7480006217956543
three_class_geometry_compatible,111,supervised,42,101,4.186802470940165e-05,4.186802470940165e-05,1.794995665550232,0.9664124250411987,0.7491452097892761
three_class_geometry_compatible,111,supervised,42,151,5.368345955503173e-05,5.368345955503173e-05,1.8168716430664062,0.9538969993591309,0.7483524680137634
three_class_geometry_compatible,111,supervised,42,200,4.071518560522236e-05,4.071518560522236e-05,1.8810877799987793,1.0184922218322754,0.7481017112731934
three_class_geometry_compatible,111,supervised,73,1,1.0735833644866943,1.0735833644866943,0.47288569808006287,2.50797176361084,1.4788274765014648
three_class_geometry_compatible,111,supervised,73,51,6.375865632435307e-05,6.375865632435307e-05,1.968559980392456,0.856524646282196,1.6480354070663452
three_class_geometry_compatible,111,supervised,73,101,5.229038652032614e-05,5.229038652032614e-05,2.0630383491516113,0.9638845324516296,1.6463937759399414
three_class_geometry_compatible,111,supervised,73,151,3.424922761041671e-05,3.424922761041671e-05,2.125521659851074,1.0234925746917725,1.6566455364227295
three_class_geometry_compatible,111,supervised,73,200,3.917832873412408e-05,3.917832873412408e-05,2.107057571411133,1.0029942989349365,1.6444025039672852
three_class_geometry_compatible,111,head_only,17,1,1.116747260093689,1.116747260093689,0.463944673538208,2.5575196743011475,1.090975046157837
three_class_geometry_compatible,111,head_only,17,51,0.00038516821223311126,0.00038516821223311126,0.6510167121887207,0.5074276924133301,0.013015985488891602
three_class_geometry_compatible,111,head_only,17,101,0.00023429222346749157,0.00023429222346749157,0.6883699297904968,0.5682520270347595,0.012350241653621197
three_class_geometry_compatible,111,head_only,17,151,0.0001311934320256114,0.0001311934320256114,0.7603521347045898,0.684538722038269,0.011947552673518658
three_class_geometry_compatible,111,head_only,17,200,0.00014517510135192424,0.00014517510135192424,0.7543866634368896,0.6671974062919617,0.01184121798723936
three_class_geometry_compatible,111,head_only,42,1,1.1219253540039062,1.1219253540039062,0.45723259449005127,2.5705013275146484,1.0111327171325684
three_class_geometry_compatible,111,head_only,42,51,0.00040329465991817415,0.00040329465991817415,0.6651241183280945,0.4616938531398773,0.010614077560603619
three_class_geometry_compatible,111,head_only,42,101,0.00023089151363819838,0.00023089151363819838,0.7250678539276123,0.5681136846542358,0.010120471939444542
three_class_geometry_compatible,111,head_only,42,151,0.00021941697923466563,0.00021941697923466563,0.7491767406463623,0.5992504358291626,0.009648959152400494
three_class_geometry_compatible,111,head_only,42,200,0.00013594370102509856,0.00013594370102509856,0.8314680457115173,0.699413537979126,0.009414593689143658
three_class_geometry_compatible,111,head_only,73,1,1.1689529418945312,1.1689529418945312,0.47288569808006287,2.6431875228881836,1.4788274765014648
three_class_geometry_compatible,111,head_only,73,51,0.0003912205283995718,0.0003912205283995718,0.7035760879516602,0.4653695821762085,0.016081731766462326
three_class_geometry_compatible,111,head_only,73,101,0.0001495114847784862,0.0001495114847784862,0.8333547115325928,0.6538969874382019,0.014849504455924034
three_class_geometry_compatible,111,head_only,73,151,0.00014532070781569928,0.00014532070781569928,0.8416098356246948,0.667722225189209,0.014154911041259766
three_class_geometry_compatible,111,head_only,73,200,0.00012345719733275473,0.00012345719733275473,0.8627756834030151,0.7059531211853027,0.013873100280761719
three_class_geometry_compatible,111,distill,17,1,2.9685492515563965,1.116747260093689,0.463944673538208,2.5575196743011475,1.090975046157837
three_class_geometry_compatible,111,distill,17,51,0.04444659501314163,0.009853942319750786,0.03228086233139038,0.004053063690662384,0.0028525989037007093
three_class_geometry_compatible,111,distill,17,101,0.013954123482108116,0.010194861330091953,0.001987788360565901,0.003007427556440234,0.0026775996666401625
three_class_geometry_compatible,111,distill,17,151,0.013252105563879013,0.008261064067482948,0.0014011587481945753,0.006670630536973476,0.0025456747971475124
three_class_geometry_compatible,111,distill,17,200,0.014829042367637157,0.010654293932020664,0.0019677267409861088,0.0039042416028678417,0.0025490126572549343
three_class_geometry_compatible,111,distill,42,1,2.965521812438965,1.1219253540039062,0.45723259449005127,2.5705013275146484,1.0111327171325684
three_class_geometry_compatible,111,distill,42,51,0.041549138724803925,0.011047509498894215,0.026372965425252914,0.007678641006350517,0.0028934478759765625
three_class_geometry_compatible,111,distill,42,101,0.013813807629048824,0.009481361135840416,0.002013916615396738,0.004157582297921181,0.0023973784409463406
three_class_geometry_compatible,111,distill,42,151,0.014048343524336815,0.009604621678590775,0.0016252603381872177,0.005136433988809586,0.00250244140625
three_class_geometry_compatible,111,distill,42,200,0.012768908403813839,0.009083768352866173,0.0013163801049813628,0.004243006929755211,0.0024725596886128187
three_class_geometry_compatible,111,distill,73,1,3.1113150119781494,1.1689529418945312,0.47288569808006287,2.6431875228881836,1.4788274765014648
three_class_geometry_compatible,111,distill,73,51,0.047977153211832047,0.011345411650836468,0.03192061185836792,0.00877230241894722,0.0032498042564839125
three_class_geometry_compatible,111,distill,73,101,0.014547289349138737,0.007818576879799366,0.0016455936711281538,0.009663492441177368,0.002513726707547903
three_class_geometry_compatible,111,distill,73,151,0.013118640519678593,0.009181265719234943,0.0012305702548474073,0.004904189612716436,0.002547105308622122
three_class_geometry_compatible,111,distill,73,200,0.013412321917712688,0.009625442326068878,0.001594942412339151,0.003876360133290291,0.0025375685654580593
three_class_geometry_compatible,111,no_contrast,17,1,2.8594517707824707,1.116747260093689,0.463944673538208,2.5575196743011475,1.090975046157837
three_class_geometry_compatible,111,no_contrast,17,51,0.043918535113334656,0.009210838004946709,0.03159989416599274,0.006215601693838835,0.002819538116455078
three_class_geometry_compatible,111,no_contrast,17,101,0.013586454093456268,0.01012532040476799,0.0019300465937703848,0.003062174655497074,0.002692063804715872
three_class_geometry_compatible,111,no_contrast,17,151,0.012983765453100204,0.00828233826905489,0.0013544089160859585,0.006694037467241287,0.0025642714463174343
three_class_geometry_compatible,111,no_contrast,17,200,0.014741478487849236,0.01075418945401907,0.0020328620448708534,0.003908853512257338,0.0025504431687295437
three_class_geometry_compatible,111,no_contrast,42,1,2.864408493041992,1.1219253540039062,0.45723259449005127,2.5705013275146484,1.0111327171325684
three_class_geometry_compatible,111,no_contrast,42,51,0.03985900804400444,0.010812219232320786,0.02524983510375023,0.007593907415866852,0.0028840701561421156
three_class_geometry_compatible,111,no_contrast,42,101,0.013707291334867477,0.009671379812061787,0.0021285791881382465,0.0038146651349961758,0.002403100486844778
three_class_geometry_compatible,111,no_contrast,42,151,0.013877950608730316,0.009415431879460812,0.00161364849191159,0.00569774117320776,0.002505779266357422
three_class_geometry_compatible,111,no_contrast,42,200,0.012562871910631657,0.00894666463136673,0.0013191308826208115,0.004594152793288231,0.0024673144798725843
three_class_geometry_compatible,111,no_contrast,73,1,2.9634323120117188,1.1689529418945312,0.47288569808006287,2.6431875228881836,1.4788274765014648
three_class_geometry_compatible,111,no_contrast,73,51,0.045049842447042465,0.010708294808864594,0.02955312281847,0.00957685150206089,0.0031069121323525906
three_class_geometry_compatible,111,no_contrast,73,101,0.014150701463222504,0.007909860461950302,0.0014940028777346015,0.009493676014244556,0.0025000572204589844
three_class_geometry_compatible,111,no_contrast,73,151,0.013080048374831676,0.008971116505563259,0.0012281136587262154,0.005761635955423117,0.0025529861450195312
three_class_geometry_compatible,111,no_contrast,73,200,0.012937771156430244,0.009609377942979336,0.0014336314052343369,0.0037895224522799253,0.0025423369370400906
three_class_geometry_compatible,111,no_radar_CE,17,1,1.8518019914627075,1.116747260093689,0.463944673538208,2.5575196743011475,1.090975046157837
three_class_geometry_compatible,111,no_radar_CE,17,51,0.02104867622256279,0.008801410906016827,0.01623580977320671,0.009087798185646534,0.002689679618924856
three_class_geometry_compatible,111,no_radar_CE,17,101,0.0032955920323729515,0.01158106792718172,0.0018790483009070158,0.0022847880609333515,0.0027414958458393812
three_class_geometry_compatible,111,no_radar_CE,17,151,0.004211171064525843,0.00895071029663086,0.0012799485120922327,0.005329532083123922,0.0026645660400390625
three_class_geometry_compatible,111,no_radar_CE,17,200,0.006317190360277891,0.013075393624603748,0.0032087042927742004,0.0056749675422906876,0.002710024593397975
three_class_geometry_compatible,111,no_radar_CE,42,1,1.8435965776443481,1.1219253540039062,0.45723259449005127,2.5705013275146484,1.0111327171325684
three_class_geometry_compatible,111,no_radar_CE,42,51,0.01446767058223486,0.011034798808395863,0.012319283559918404,0.003777180565521121,0.0025979678612202406
three_class_geometry_compatible,111,no_radar_CE,42,101,0.003315982175990939,0.010856923647224903,0.002043742686510086,0.002039349637925625,0.002525647636502981
three_class_geometry_compatible,111,no_radar_CE,42,151,0.005728946533054113,0.012041237205266953,0.002478538081049919,0.005980301182717085,0.0026025772094726562
three_class_geometry_compatible,111,no_radar_CE,42,200,0.002890249714255333,0.010986845009028912,0.0015385047299787402,0.0021908902563154697,0.002562999725341797
three_class_geometry_compatible,111,no_radar_CE,73,1,1.9423621892929077,1.1689529418945312,0.47288569808006287,2.6431875228881836,1.4788274765014648
three_class_geometry_compatible,111,no_radar_CE,73,51,0.018022287636995316,0.010302355512976646,0.014982054941356182,0.005526983644813299,0.0027674040757119656
three_class_geometry_compatible,111,no_radar_CE,73,101,0.003657320514321327,0.0092373788356781,0.001302878139540553,0.004199209623038769,0.0025483767967671156
three_class_geometry_compatible,111,no_radar_CE,73,151,0.003293578280135989,0.010936097241938114,0.0018013728549703956,0.002458809409290552,0.0026280086021870375
three_class_geometry_compatible,111,no_radar_CE,73,200,0.003615301102399826,0.011576700024306774,0.0022898500319570303,0.0021164948120713234,0.0026720366440713406
three_class_geometry_compatible,111,shuffled,17,1,3.0652737617492676,1.116747260093689,0.4715818762779236,2.6779496669769287,1.3796995878219604
three_class_geometry_compatible,111,shuffled,17,51,1.8726682662963867,0.722417414188385,0.28828930854797363,1.6939443349838257,0.14989368617534637
three_class_geometry_compatible,111,shuffled,17,101,1.8595805168151855,0.7271676063537598,0.2774812579154968,1.68303382396698,0.13414685428142548
three_class_geometry_compatible,111,shuffled,17,151,1.859196662902832,0.7185975909233093,0.27989834547042847,1.6927207708358765,0.14340457320213318
three_class_geometry_compatible,111,shuffled,17,200,1.860959529876709,0.7193232178688049,0.27802056074142456,1.698679804801941,0.14275813102722168
three_class_geometry_compatible,111,shuffled,42,1,2.964836835861206,1.1219253540039062,0.46158283948898315,2.5434188842773438,1.0961912870407104
three_class_geometry_compatible,111,shuffled,42,51,1.8678271770477295,0.7079369425773621,0.29020220041275024,1.708221435546875,0.1557728499174118
three_class_geometry_compatible,111,shuffled,42,101,1.8589483499526978,0.7315418124198914,0.2777200937271118,1.673168659210205,0.131021186709404
three_class_geometry_compatible,111,shuffled,42,151,1.8589297533035278,0.7315437197685242,0.2755580544471741,1.6753333806991577,0.14161238074302673
three_class_geometry_compatible,111,shuffled,42,200,1.8587032556533813,0.7317245602607727,0.27569517493247986,1.6755555868148804,0.13505785167217255
three_class_geometry_compatible,111,shuffled,73,1,2.9761416912078857,1.1689529418945312,0.456519216299057,2.523514986038208,0.8891193270683289
three_class_geometry_compatible,111,shuffled,73,51,1.869520902633667,0.7229175567626953,0.28946396708488464,1.684946060180664,0.14666318893432617
three_class_geometry_compatible,111,shuffled,73,101,1.8593683242797852,0.7332661747932434,0.2774006724357605,1.6690425872802734,0.1418013572692871
three_class_geometry_compatible,111,shuffled,73,151,1.8587266206741333,0.7204388976097107,0.27937087416648865,1.6898066997528076,0.14013433456420898
three_class_geometry_compatible,111,shuffled,73,200,1.8584322929382324,0.7187177538871765,0.2769894003868103,1.6972219944000244,0.14114157855510712
three_class_geometry_compatible,111,distill_phase,17,1,2.9920899868011475,1.1281672716140747,0.4615406394004822,2.5815939903259277,1.1158487796783447
three_class_geometry_compatible,111,distill_phase,17,51,0.03212105482816696,0.007963239215314388,0.018776627257466316,0.010229397565126419,0.0026648840866982937
three_class_geometry_compatible,111,distill_phase,17,101,0.013326844200491905,0.00950342882424593,0.0016014126595109701,0.003944598138332367,0.0024970374070107937
three_class_geometry_compatible,111,distill_phase,17,151,0.014157446101307869,0.010819082148373127,0.002094550058245659,0.0019862817134708166,0.002506732940673828
three_class_geometry_compatible,111,distill_phase,17,200,0.012954171746969223,0.00975093524903059,0.0013377086725085974,0.003214290365576744,0.0025838217698037624
three_class_geometry_compatible,111,distill_phase,42,1,2.8985791206359863,1.0984015464782715,0.4552067220211029,2.529026985168457,0.8045732975006104
three_class_geometry_compatible,111,distill_phase,42,51,0.03206303343176842,0.009235704317688942,0.01970576122403145,0.005708224140107632,0.002674579620361328
three_class_geometry_compatible,111,distill_phase,42,101,0.014353107661008835,0.00957502517849207,0.0020141499117016792,0.0050371368415653706,0.0024536452256143093
three_class_geometry_compatible,111,distill_phase,42,151,0.012768692336976528,0.008375883102416992,0.0011144732125103474,0.006039812229573727,0.0025842986069619656
three_class_geometry_compatible,111,distill_phase,42,200,0.013053186237812042,0.009517730213701725,0.0017009086441248655,0.003186409827321768,0.0024134318809956312
three_class_geometry_compatible,111,distill_phase,73,1,2.9010586738586426,1.0958303213119507,0.45340341329574585,2.5224242210388184,0.9061300754547119
three_class_geometry_compatible,111,distill_phase,73,51,0.03746822848916054,0.010396498255431652,0.023973077535629272,0.005646590143442154,0.002753575798124075
three_class_geometry_compatible,111,distill_phase,73,101,0.012997839599847794,0.009172379039227962,0.001630450482480228,0.0038905497640371323,0.0024973552208393812
three_class_geometry_compatible,111,distill_phase,73,151,0.013419628143310547,0.009120834060013294,0.00123261334374547,0.005628916434943676,0.002517223358154297
three_class_geometry_compatible,111,distill_phase,73,200,0.012660074979066849,0.008858682587742805,0.0009803237626329064,0.005136213731020689,0.002529621124267578
three_class_geometry_compatible,111,original_head,17,1,0.463944673538208,1.116747260093689,0.463944673538208,2.5575196743011475,1.090975046157837
three_class_geometry_compatible,111,original_head,17,51,0.0025379701983183622,0.00862980168312788,0.0025379701983183622,0.011304665356874466,0.0029141108971089125
three_class_geometry_compatible,111,original_head,17,101,0.0009484521578997374,0.010587663389742374,0.0009484521578997374,0.011550329625606537,0.0029675166588276625
three_class_geometry_compatible,111,original_head,17,151,0.0009353472851216793,0.007498987019062042,0.0009353472851216793,0.017338410019874573,0.00293731689453125
three_class_geometry_compatible,111,original_head,17,200,0.0019157591741532087,0.011774484999477863,0.0019157591741532087,0.010085782036185265,0.0029136340599507093
three_class_geometry_compatible,111,original_head,42,1,0.45723259449005127,1.1219253540039062,0.45723259449005127,2.5705013275146484,1.0111327171325684
three_class_geometry_compatible,111,original_head,42,51,0.003570705186575651,0.009843631647527218,0.003570705186575651,0.01234220340847969,0.00281524658203125
three_class_geometry_compatible,111,original_head,42,101,0.0007393956184387207,0.00962598156183958,0.0007393956184387207,0.008173413574695587,0.002816836116835475
three_class_geometry_compatible,111,original_head,42,151,0.0013789588119834661,0.010182327590882778,0.0013789588119834661,0.013137090019881725,0.0028586387634277344
three_class_geometry_compatible,111,original_head,42,200,0.000499838381074369,0.009315213188529015,0.000499838381074369,0.010704083368182182,0.0029592514038085938
three_class_geometry_compatible,111,original_head,73,1,0.47288569808006287,1.1689529418945312,0.47288569808006287,2.6431875228881836,1.4788274765014648
three_class_geometry_compatible,111,original_head,73,51,0.003852088702842593,0.008825961500406265,0.003852088702842593,0.015645498409867287,0.002867539878934622
three_class_geometry_compatible,111,original_head,73,101,0.0005466644652187824,0.008828754536807537,0.0005466644652187824,0.01081041619181633,0.002857526298612356
three_class_geometry_compatible,111,original_head,73,151,0.0007552762981504202,0.0094567546620965,0.0007552762981504202,0.009367836639285088,0.0028127036057412624
three_class_geometry_compatible,111,original_head,73,200,0.0005960605340078473,0.009033909067511559,0.0005960605340078473,0.009922951459884644,0.002679983852431178
three_class_geometry_compatible,all_known,supervised,42,1,1.0785859823226929,1.0785859823226929,0.3791007697582245,2.5719830989837646,1.1258773803710938
three_class_geometry_compatible,all_known,supervised,42,51,0.0006187613471411169,0.0006187613471411169,1.6154170036315918,0.7308481931686401,0.8273239135742188
three_class_geometry_compatible,all_known,supervised,42,101,5.727523239329457e-05,5.727523239329457e-05,1.8156864643096924,0.9864884614944458,0.8242906928062439
three_class_geometry_compatible,all_known,supervised,42,151,7.042402285151184e-05,7.042402285151184e-05,1.8011815547943115,0.9597164988517761,0.8255525827407837
three_class_geometry_compatible,all_known,supervised,42,200,5.6227989261969924e-05,5.6227989261969924e-05,1.778593897819519,0.9492136240005493,0.8284928202629089
three_class_geometry_compatible,all_known,head_only,42,1,1.1418277025222778,1.1418277025222778,0.3791007697582245,2.6478629112243652,1.1258773803710938
three_class_geometry_compatible,all_known,head_only,42,51,0.0018664695089682937,0.0018664695089682937,0.5887369513511658,0.5652550458908081,0.03245842456817627
three_class_geometry_compatible,all_known,head_only,42,101,9.896347910398617e-05,9.896347910398617e-05,0.685928463935852,0.7943417429924011,0.03139714524149895
three_class_geometry_compatible,all_known,head_only,42,151,0.0001325733173871413,0.0001325733173871413,0.6830074787139893,0.792696475982666,0.03088557720184326
three_class_geometry_compatible,all_known,head_only,42,200,0.00010998060315614566,0.00010998060315614566,0.6710779666900635,0.7836653590202332,0.030491670593619347
three_class_geometry_compatible,all_known,distill,42,1,2.9574477672576904,1.1418277025222778,0.3791007697582245,2.6478629112243652,1.1258773803710938
three_class_geometry_compatible,all_known,distill,42,51,0.13521574437618256,0.0150770777836442,0.11117468774318695,0.017107822000980377,0.004100720398128033
three_class_geometry_compatible,all_known,distill,42,101,0.07020324468612671,0.009817182086408138,0.057318609207868576,0.005567611660808325,0.0028365454636514187
three_class_geometry_compatible,all_known,distill,42,151,0.046677153557538986,0.010773323476314545,0.03402724489569664,0.0031404204200953245,0.0030637583695352077
three_class_geometry_compatible,all_known,distill,42,200,0.029773931950330734,0.010522820055484772,0.017566438764333725,0.0027167468797415495,0.0032629966735839844
three_class_geometry_compatible,all_known,no_contrast,42,1,2.844860076904297,1.1418277025222778,0.3791007697582245,2.6478629112243652,1.1258773803710938
three_class_geometry_compatible,all_known,no_contrast,42,51,0.13445903360843658,0.014439704827964306,0.11126528680324554,0.01750807836651802,0.00414911936968565
three_class_geometry_compatible,all_known,no_contrast,42,101,0.06912369281053543,0.009913367219269276,0.05650056526064873,0.005419512279331684,0.002844572067260742
three_class_geometry_compatible,all_known,no_contrast,42,151,0.04506126791238785,0.010646847076714039,0.03263241797685623,0.003564010141417384,0.0030933222733438015
three_class_geometry_compatible,all_known,no_contrast,42,200,0.027827583253383636,0.010539350099861622,0.01597440242767334,0.0026276642456650734,0.0033523242454975843
three_class_geometry_compatible,all_known,no_radar_CE,42,1,1.815619945526123,1.1418277025222778,0.3791007697582245,2.6478629112243652,1.1258773803710938
three_class_geometry_compatible,all_known,no_radar_CE,42,51,0.10346690565347672,0.026011912152171135,0.08867689967155457,0.02891559712588787,0.003322045085951686
three_class_geometry_compatible,all_known,no_radar_CE,42,101,0.04910982400178909,0.013755954802036285,0.046883225440979004,0.0038742683827877045,0.0028946399688720703
three_class_geometry_compatible,all_known,no_radar_CE,42,151,0.021611599251627922,0.0124047314748168,0.020252032205462456,0.002044169930741191,0.003374814987182617
three_class_geometry_compatible,all_known,no_radar_CE,42,200,0.012663484551012516,0.013810588978230953,0.010791469365358353,0.0030347832944244146,0.0035462379455566406
three_class_geometry_compatible,all_known,shuffled,42,1,2.936701536178589,1.1418277025222778,0.37902551889419556,2.62252140045166,1.04587721824646
three_class_geometry_compatible,all_known,shuffled,42,51,1.7788801193237305,0.6457493305206299,0.20210020244121552,1.851930022239685,0.05065608024597168
three_class_geometry_compatible,all_known,shuffled,42,101,1.7250162363052368,0.6451016068458557,0.15296055376529694,1.8434423208236694,0.05232946202158928
three_class_geometry_compatible,all_known,shuffled,42,151,1.711969256401062,0.6399067640304565,0.1412857621908188,1.850583791732788,0.05484875291585922
three_class_geometry_compatible,all_known,shuffled,42,200,1.7044706344604492,0.6343914866447449,0.13234534859657288,1.8613030910491943,0.07082164287567139
three_class_geometry_compatible,all_known,distill_phase,42,1,2.817070484161377,1.0766018629074097,0.37295717000961304,2.5578112602233887,0.8860580325126648
three_class_geometry_compatible,all_known,distill_phase,42,51,0.11806236952543259,0.008226032368838787,0.10154521465301514,0.015790533274412155,0.003958543296903372
three_class_geometry_compatible,all_known,distill_phase,42,101,0.06165354326367378,0.009180678986012936,0.04877631366252899,0.0068079507909715176,0.002925714012235403
three_class_geometry_compatible,all_known,distill_phase,42,151,0.03470373526215553,0.009671195410192013,0.02297995053231716,0.003400807036086917,0.0035218398552387953
three_class_geometry_compatible,all_known,distill_phase,42,200,0.022429056465625763,0.009459457360208035,0.011155488900840282,0.0028940027114003897,0.0036710898857563734
three_class_geometry_compatible,all_known,original_head,42,1,0.3791007697582245,1.1418277025222778,0.3791007697582245,2.6478629112243652,1.1258773803710938
three_class_geometry_compatible,all_known,original_head,42,51,0.030485305935144424,0.059491753578186035,0.030485305935144424,0.05437882989645004,0.003486951347440481
three_class_geometry_compatible,all_known,original_head,42,101,0.005096491426229477,0.012898769229650497,0.005096491426229477,0.00823652371764183,0.0042987666092813015
three_class_geometry_compatible,all_known,original_head,42,151,0.0017510463949292898,0.01228778064250946,0.0017510463949292898,0.005176329053938389,0.003937482833862305
three_class_geometry_compatible,all_known,original_head,42,200,0.0015934710390865803,0.01351520512253046,0.0015934710390865803,0.010790837928652763,0.0038612685166299343
