{"event": "ram_preload", "shape": [135516, 24000], "bytes": 13009536000, "seconds": 48.90302648860961}
/home/huangyating/miniconda3/envs/m2vllm/lib/python3.12/site-packages/torch/nn/modules/conv.py:186: UserWarning: Initializing zero-element tensors is a no-op
  init.kaiming_uniform_(self.weight, a=math.sqrt(5))
{"stage": "pretrain", "epoch": 1, "batch": 10, "batches": 252, "loss": 1.4084608554840088, "lr": 0.0001}
{"stage": "pretrain", "epoch": 1, "batch": 20, "batches": 252, "loss": 1.1686325073242188, "lr": 0.0001}
{"stage": "pretrain", "epoch": 1, "batch": 30, "batches": 252, "loss": 1.0945326089859009, "lr": 0.0001}
{"stage": "pretrain", "epoch": 1, "batch": 40, "batches": 252, "loss": 1.0111221075057983, "lr": 0.0001}
{"stage": "pretrain", "epoch": 1, "batch": 50, "batches": 252, "loss": 0.9396766424179077, "lr": 0.0001}
{"stage": "pretrain", "epoch": 1, "batch": 60, "batches": 252, "loss": 0.8441901206970215, "lr": 0.0001}
{"stage": "pretrain", "epoch": 1, "batch": 70, "batches": 252, "loss": 0.9036563634872437, "lr": 0.0001}
{"stage": "pretrain", "epoch": 1, "batch": 80, "batches": 252, "loss": 0.8204669952392578, "lr": 0.0001}
{"stage": "pretrain", "epoch": 1, "batch": 90, "batches": 252, "loss": 0.8126940727233887, "lr": 0.0001}
{"stage": "pretrain", "epoch": 1, "batch": 100, "batches": 252, "loss": 0.7694349884986877, "lr": 0.0001}
{"stage": "pretrain", "epoch": 1, "batch": 110, "batches": 252, "loss": 0.7823527455329895, "lr": 0.0001}
{"stage": "pretrain", "epoch": 1, "batch": 120, "batches": 252, "loss": 0.7217227220535278, "lr": 0.0001}
{"stage": "pretrain", "epoch": 1, "batch": 130, "batches": 252, "loss": 0.7306267023086548, "lr": 0.0001}
{"stage": "pretrain", "epoch": 1, "batch": 140, "batches": 252, "loss": 0.7108083367347717, "lr": 0.0001}
{"stage": "pretrain", "epoch": 1, "batch": 150, "batches": 252, "loss": 0.6401389837265015, "lr": 0.0001}
{"stage": "pretrain", "epoch": 1, "batch": 160, "batches": 252, "loss": 0.6224849224090576, "lr": 0.0001}
{"stage": "pretrain", "epoch": 1, "batch": 170, "batches": 252, "loss": 0.5992459058761597, "lr": 0.0001}
{"stage": "pretrain", "epoch": 1, "batch": 180, "batches": 252, "loss": 0.592816174030304, "lr": 0.0001}
{"stage": "pretrain", "epoch": 1, "batch": 190, "batches": 252, "loss": 0.5623733997344971, "lr": 0.0001}
{"stage": "pretrain", "epoch": 1, "batch": 200, "batches": 252, "loss": 0.4956587553024292, "lr": 0.0001}
{"stage": "pretrain", "epoch": 1, "batch": 210, "batches": 252, "loss": 0.47411441802978516, "lr": 0.0001}
{"stage": "pretrain", "epoch": 1, "batch": 220, "batches": 252, "loss": 0.4366532564163208, "lr": 0.0001}
{"stage": "pretrain", "epoch": 1, "batch": 230, "batches": 252, "loss": 0.4559658169746399, "lr": 0.0001}
{"stage": "pretrain", "epoch": 1, "batch": 240, "batches": 252, "loss": 0.39749056100845337, "lr": 0.0001}
{"stage": "pretrain", "epoch": 1, "batch": 250, "batches": 252, "loss": 0.4134938716888428, "lr": 0.0001}
{"stage": "pretrain", "epoch": 1, "train_loss": 0.7603794494282315, "train_pairs": 257865, "val": {"loss": 0.3824915258375128, "counting_unit": "query-reference pair (three per eligible query)", "by_dataset": {"CWRU": {"n": 42, "correct": 42, "accuracy": 1.0, "macro_f1_all_10_classes": 0.1, "balanced_accuracy_present_classes": 1.0, "false_alarm_rate": 0.0, "missed_alarm_rate": null, "confusion_matrix": [[42, 0, 0, 0, 0, 0, 0, 0, 0, 0], [0, 0, 0, 0, 0, 0, 0, 0, 0, 0], [0, 0, 0, 0, 0, 0, 0, 0, 0, 0], [0, 0, 0, 0, 0, 0, 0, 0, 0, 0], [0, 0, 0, 0, 0, 0, 0, 0, 0, 0], [0, 0, 0, 0, 0, 0, 0, 0, 0, 0], [0, 0, 0, 0, 0, 0, 0, 0, 0, 0], [0, 0, 0, 0, 0, 0, 0, 0, 0, 0], [0, 0, 0, 0, 0, 0, 0, 0, 0, 0], [0, 0, 0, 0, 0, 0, 0, 0, 0, 0]]}, "DIRG": {"n": 612, "correct": 608, "accuracy": 0.9934640522875817, "macro_f1_all_10_classes": 0.09967213114754099, "balanced_accuracy_present_classes": 0.9934640522875817, "false_alarm_rate": 0.006535947712418301, "missed_alarm_rate": null, "confusion_matrix": [[608, 0, 0, 0, 0, 0, 0, 0, 4, 0], [0, 0, 0, 0, 0, 0, 0, 0, 0, 0], [0, 0, 0, 0, 0, 0, 0, 0, 0, 0], [0, 0, 0, 0, 0, 0, 0, 0, 0, 0], [0, 0, 0, 0, 0, 0, 0, 0, 0, 0], [0, 0, 0, 0, 0, 0, 0, 0, 0, 0], [0, 0, 0, 0, 0, 0, 0, 0, 0, 0], [0, 0, 0, 0, 0, 0, 0, 0, 0, 0], [0, 0, 0, 0, 0, 0, 0, 0, 0, 0], [0, 0, 0, 0, 0, 0, 0, 0, 0, 0]]}, "HIT": {"n": 5787, "correct": 5203, "accuracy": 0.8990841541385864, "macro_f1_all_10_classes": 0.270206650107834, "balanced_accuracy_present_classes": 0.900667209740802, "false_alarm_rate": 0.11433597185576078, "missed_alarm_rate": 0.05750071164247082, "confusion_matrix": [[2014, 0, 173, 0, 0, 7, 0, 0, 80, 0], [0, 0, 0, 0, 0, 0, 0, 0, 0, 0], [177, 0, 2177, 0, 0, 9, 0, 0, 37, 0], [0, 0, 0, 0, 0, 0, 0, 0, 0, 0], [0, 0, 0, 0, 0, 0, 0, 0, 0, 0], [0, 0, 0, 0, 0, 0, 0, 0, 0, 0], [0, 0, 0, 0, 0, 0, 0, 0, 0, 0], [0, 0, 0, 0, 0, 0, 0, 0, 0, 0], [25, 0, 76, 0, 0, 0, 0, 0, 1012, 0], [0, 0, 0, 0, 0, 0, 0, 0, 0, 0]]}, "IMS": {"n": 27888, "correct": 26950, "accuracy": 0.9663654618473896, "macro_f1_all_10_classes": 0.37730222936834407, "balanced_accuracy_present_classes": 0.5076142493741387, "false_alarm_rate": 0.0013896931094383323, "missed_alarm_rate": 0.2657589510842158, "confusion_matrix": [[25869, 0, 3, 0, 0, 17, 0, 7, 9, 0], [300, 183, 2, 0, 0, 0, 0, 0, 1, 0], [0, 0, 0, 0, 0, 0, 0, 0, 0, 0], [0, 0, 0, 0, 0, 0, 0, 0, 0, 0], [0, 0, 0, 0, 0, 0, 0, 0, 0, 0], [59, 0, 0, 0, 0, 541, 0, 0, 0, 0], [0, 0, 0, 0, 0, 186, 0, 0, 0, 0], [138, 0, 0, 0, 0, 0, 0, 169, 41, 0], [27, 0, 3, 0, 0, 0, 0, 61, 175, 1], [3, 0, 3, 0, 0, 0, 0, 21, 56, 13]]}, "JUST": {"n": 26391, "correct": 20065, "accuracy": 0.7602970709711644, "macro_f1_all_10_classes": 0.30421225878338404, "balanced_accuracy_present_classes": 0.7601768437809971, "false_alarm_rate": 0.3463124141090243, "missed_alarm_rate": 0.07726035681886907, "confusion_matrix": [[4281, 0, 675, 0, 0, 1377, 0, 0, 216, 0], [0, 0, 0, 0, 0, 0, 0, 0, 0, 0], [444, 0, 5033, 0, 0, 849, 0, 0, 352, 0], [0, 0, 0, 0, 0, 0, 0, 0, 0, 0], [0, 0, 0, 0, 0, 0, 0, 0, 0, 0], [817, 0, 605, 0, 0, 5062, 0, 0, 95, 0], [0, 0, 0, 0, 0, 0, 0, 0, 0, 0], [0, 0, 0, 0, 0, 0, 0, 0, 0, 0], [272, 0, 452, 0, 0, 169, 0, 0, 5689, 3], [0, 0, 0, 0, 0, 0, 0, 0, 0, 0]]}, "MBHM": {"n": 73674, "correct": 64191, "accuracy": 0.8712843065396205, "macro_f1_all_10_classes": 0.5750859577663048, "balanced_accuracy_present_classes": 0.5459682012007431, "false_alarm_rate": 0.06113856855207761, "missed_alarm_rate": 0.10487153820487154, "confusion_matrix": [[41032, 1, 854, 0, 0, 1401, 4, 69, 332, 11], [443, 534, 2, 0, 0, 0, 0, 81, 34, 1], [775, 1, 7357, 0, 0, 858, 0, 88, 389, 12], [85, 0, 0, 0, 0, 0, 0, 6, 22, 22], [13, 0, 0, 0, 0, 0, 2, 0, 0, 0], [900, 0, 605, 0, 0, 5603, 5, 0, 102, 0], [84, 0, 0, 0, 0, 186, 88, 4, 36, 4], [274, 3, 0, 0, 0, 3, 0, 1379, 131, 58], [430, 2, 531, 0, 0, 169, 0, 127, 7736, 89], [139, 0, 3, 0, 0, 0, 0, 22, 70, 462]]}, "MFPT": {"n": 24, "correct": 12, "accuracy": 0.5, "macro_f1_all_10_classes": 0.06666666666666667, "balanced_accuracy_present_classes": 0.5, "false_alarm_rate": 0.0, "missed_alarm_rate": 1.0, "confusion_matrix": [[12, 0, 0, 0, 0, 0, 0, 0, 0, 0], [0, 0, 0, 0, 0, 0, 0, 0, 0, 0], [0, 0, 0, 0, 0, 0, 0, 0, 0, 0], [0, 0, 0, 0, 0, 0, 0, 0, 0, 0], [0, 0, 0, 0, 0, 0, 0, 0, 0, 0], [0, 0, 0, 0, 0, 0, 0, 0, 0, 0], [0, 0, 0, 0, 0, 0, 0, 0, 0, 0], [0, 0, 0, 0, 0, 0, 0, 0, 0, 0], [12, 0, 0, 0, 0, 0, 0, 0, 0, 0], [0, 0, 0, 0, 0, 0, 0, 0, 0, 0]]}, "NCEPU": {"n": 540, "correct": 540, "accuracy": 1.0, "macro_f1_all_10_classes": 0.1, "balanced_accuracy_present_classes": 1.0, "false_alarm_rate": 0.0, "missed_alarm_rate": null, "confusion_matrix": [[540, 0, 0, 0, 0, 0, 0, 0, 0, 0], [0, 0, 0, 0, 0, 0, 0, 0, 0, 0], [0, 0, 0, 0, 0, 0, 0, 0, 0, 0], [0, 0, 0, 0, 0, 0, 0, 0, 0, 0], [0, 0, 0, 0, 0, 0, 0, 0, 0, 0], [0, 0, 0, 0, 0, 0, 0, 0, 0, 0], [0, 0, 0, 0, 0, 0, 0, 0, 0, 0], [0, 0, 0, 0, 0, 0, 0, 0, 0, 0], [0, 0, 0, 0, 0, 0, 0, 0, 0, 0], [0, 0, 0, 0, 0, 0, 0, 0, 0, 0]]}, "PU": {"n": 4386, "correct": 3626, "accuracy": 0.8267213862289101, "macro_f1_all_10_classes": 0.3885796269439459, "balanced_accuracy_present_classes": 0.7460349624384554, "false_alarm_rate": 0.0703125, "missed_alarm_rate": 0.10606060606060606, "confusion_matrix": [[1071, 1, 3, 0, 0, 0, 0, 57, 20, 0], [105, 351, 0, 0, 0, 0, 0, 81, 33, 0], [142, 1, 147, 0, 0, 0, 0, 88, 0, 0], [0, 0, 0, 0, 0, 0, 0, 0, 0, 0], [0, 0, 0, 0, 0, 0, 0, 0, 0, 0], [0, 0, 0, 0, 0, 0, 0, 0, 0, 0], [0, 0, 0, 0, 0, 0, 0, 0, 0, 0], [55, 3, 0, 0, 0, 0, 0, 1209, 62, 0], [41, 2, 0, 0, 0, 0, 0, 66, 848, 0], [0, 0, 0, 0, 0, 0, 0, 0, 0, 0]]}, "XJTU": {"n": 8004, "correct": 7145, "accuracy": 0.8926786606696652, "macro_f1_all_10_classes": 0.2340671885802066, "balanced_accuracy_present_classes": 0.22381133237546366, "false_alarm_rate": 0.00347537020247809, "missed_alarm_rate": 0.3795093795093795, "confusion_matrix": [[6595, 0, 0, 0, 0, 0, 4, 5, 3, 11], [38, 0, 0, 0, 0, 0, 0, 0, 0, 1], [12, 0, 0, 0, 0, 0, 0, 0, 0, 12], [85, 0, 0, 0, 0, 0, 0, 6, 22, 22], [13, 0, 0, 0, 0, 0, 2, 0, 0, 0], [24, 0, 0, 0, 0, 0, 5, 0, 7, 0], [84, 0, 0, 0, 0, 0, 88, 4, 36, 4], [81, 0, 0, 0, 0, 3, 0, 1, 28, 58], [53, 0, 0, 0, 0, 0, 0, 0, 12, 85], [136, 0, 0, 0, 0, 0, 0, 1, 14, 449]]}}}, "best_val_accuracy": 0.8712843065396205, "lr": 0.0001, "seconds": 43.84084986988455}
{"stage": "pretrain", "epoch": 2, "batch": 10, "batches": 252, "loss": 0.35311347246170044, "lr": 0.0001}
{"stage": "pretrain", "epoch": 2, "batch": 20, "batches": 252, "loss": 0.3379843235015869, "lr": 0.0001}
{"stage": "pretrain", "epoch": 2, "batch": 30, "batches": 252, "loss": 0.31936150789260864, "lr": 0.0001}
{"stage": "pretrain", "epoch": 2, "batch": 40, "batches": 252, "loss": 0.3024290204048157, "lr": 0.0001}
{"stage": "pretrain", "epoch": 2, "batch": 50, "batches": 252, "loss": 0.2922208309173584, "lr": 0.0001}
{"stage": "pretrain", "epoch": 2, "batch": 60, "batches": 252, "loss": 0.2766403555870056, "lr": 0.0001}
{"stage": "pretrain", "epoch": 2, "batch": 70, "batches": 252, "loss": 0.2857308089733124, "lr": 0.0001}
{"stage": "pretrain", "epoch": 2, "batch": 80, "batches": 252, "loss": 0.22838634252548218, "lr": 0.0001}
{"stage": "pretrain", "epoch": 2, "batch": 90, "batches": 252, "loss": 0.2663813829421997, "lr": 0.0001}
{"stage": "pretrain", "epoch": 2, "batch": 100, "batches": 252, "loss": 0.25665152072906494, "lr": 0.0001}
{"stage": "pretrain", "epoch": 2, "batch": 110, "batches": 252, "loss": 0.22597886621952057, "lr": 0.0001}
{"stage": "pretrain", "epoch": 2, "batch": 120, "batches": 252, "loss": 0.23208709061145782, "lr": 0.0001}
{"stage": "pretrain", "epoch": 2, "batch": 130, "batches": 252, "loss": 0.19572904706001282, "lr": 0.0001}
{"stage": "pretrain", "epoch": 2, "batch": 140, "batches": 252, "loss": 0.16926513612270355, "lr": 0.0001}
{"stage": "pretrain", "epoch": 2, "batch": 150, "batches": 252, "loss": 0.19623786211013794, "lr": 0.0001}
{"stage": "pretrain", "epoch": 2, "batch": 160, "batches": 252, "loss": 0.18340635299682617, "lr": 0.0001}
{"stage": "pretrain", "epoch": 2, "batch": 170, "batches": 252, "loss": 0.17826345562934875, "lr": 0.0001}
{"stage": "pretrain", "epoch": 2, "batch": 180, "batches": 252, "loss": 0.18238580226898193, "lr": 0.0001}
{"stage": "pretrain", "epoch": 2, "batch": 190, "batches": 252, "loss": 0.18515197932720184, "lr": 0.0001}
{"stage": "pretrain", "epoch": 2, "batch": 200, "batches": 252, "loss": 0.13383795320987701, "lr": 0.0001}
{"stage": "pretrain", "epoch": 2, "batch": 210, "batches": 252, "loss": 0.20300208032131195, "lr": 0.0001}
{"stage": "pretrain", "epoch": 2, "batch": 220, "batches": 252, "loss": 0.13943389058113098, "lr": 0.0001}
{"stage": "pretrain", "epoch": 2, "batch": 230, "batches": 252, "loss": 0.1486109495162964, "lr": 0.0001}
{"stage": "pretrain", "epoch": 2, "batch": 240, "batches": 252, "loss": 0.13639435172080994, "lr": 0.0001}
{"stage": "pretrain", "epoch": 2, "batch": 250, "batches": 252, "loss": 0.12529972195625305, "lr": 0.0001}
{"stage": "pretrain", "epoch": 2, "train_loss": 0.22469446505271562, "train_pairs": 257865, "val": {"loss": 0.14201688519805547, "counting_unit": "query-reference pair (three per eligible query)", "by_dataset": {"CWRU": {"n": 42, "correct": 42, "accuracy": 1.0, "macro_f1_all_10_classes": 0.1, "balanced_accuracy_present_classes": 1.0, "false_alarm_rate": 0.0, "missed_alarm_rate": null, "confusion_matrix": [[42, 0, 0, 0, 0, 0, 0, 0, 0, 0], [0, 0, 0, 0, 0, 0, 0, 0, 0, 0], [0, 0, 0, 0, 0, 0, 0, 0, 0, 0], [0, 0, 0, 0, 0, 0, 0, 0, 0, 0], [0, 0, 0, 0, 0, 0, 0, 0, 0, 0], [0, 0, 0, 0, 0, 0, 0, 0, 0, 0], [0, 0, 0, 0, 0, 0, 0, 0, 0, 0], [0, 0, 0, 0, 0, 0, 0, 0, 0, 0], [0, 0, 0, 0, 0, 0, 0, 0, 0, 0], [0, 0, 0, 0, 0, 0, 0, 0, 0, 0]]}, "DIRG": {"n": 612, "correct": 610, "accuracy": 0.9967320261437909, "macro_f1_all_10_classes": 0.09983633387888707, "balanced_accuracy_present_classes": 0.9967320261437909, "false_alarm_rate": 0.0032679738562091504, "missed_alarm_rate": null, "confusion_matrix": [[610, 0, 0, 0, 0, 2, 0, 0, 0, 0], [0, 0, 0, 0, 0, 0, 0, 0, 0, 0], [0, 0, 0, 0, 0, 0, 0, 0, 0, 0], [0, 0, 0, 0, 0, 0, 0, 0, 0, 0], [0, 0, 0, 0, 0, 0, 0, 0, 0, 0], [0, 0, 0, 0, 0, 0, 0, 0, 0, 0], [0, 0, 0, 0, 0, 0, 0, 0, 0, 0], [0, 0, 0, 0, 0, 0, 0, 0, 0, 0], [0, 0, 0, 0, 0, 0, 0, 0, 0, 0], [0, 0, 0, 0, 0, 0, 0, 0, 0, 0]]}, "HIT": {"n": 5787, "correct": 5657, "accuracy": 0.9775358562294799, "macro_f1_all_10_classes": 0.29384984571986117, "balanced_accuracy_present_classes": 0.9783168376293284, "false_alarm_rate": 0.023746701846965697, "missed_alarm_rate": 0.015086820381440364, "confusion_matrix": [[2220, 0, 48, 0, 0, 0, 0, 0, 6, 0], [0, 0, 0, 0, 0, 0, 0, 0, 0, 0], [53, 0, 2344, 0, 0, 2, 0, 0, 1, 0], [0, 0, 0, 0, 0, 0, 0, 0, 0, 0], [0, 0, 0, 0, 0, 0, 0, 0, 0, 0], [0, 0, 0, 0, 0, 0, 0, 0, 0, 0], [0, 0, 0, 0, 0, 0, 0, 0, 0, 0], [0, 0, 0, 0, 0, 0, 0, 0, 0, 0], [0, 0, 20, 0, 0, 0, 0, 0, 1093, 0], [0, 0, 0, 0, 0, 0, 0, 0, 0, 0]]}, "IMS": {"n": 27888, "correct": 27413, "accuracy": 0.9829675846242111, "macro_f1_all_10_classes": 0.5652554732742747, "balanced_accuracy_present_classes": 0.7611882220895047, "false_alarm_rate": 0.0010808724184520363, "missed_alarm_rate": 0.15179021684316693, "confusion_matrix": [[25877, 5, 4, 0, 0, 6, 0, 7, 6, 0], [180, 306, 0, 0, 0, 0, 0, 0, 0, 0], [0, 0, 0, 0, 0, 0, 0, 0, 0, 0], [0, 0, 0, 0, 0, 0, 0, 0, 0, 0], [0, 0, 0, 0, 0, 0, 0, 0, 0, 0], [35, 0, 0, 0, 0, 557, 7, 0, 1, 0], [0, 0, 0, 0, 0, 14, 172, 0, 0, 0], [71, 0, 0, 0, 0, 0, 0, 256, 21, 0], [15, 0, 3, 0, 0, 0, 0, 29, 216, 4], [0, 0, 3, 0, 0, 0, 0, 11, 53, 29]]}, "JUST": {"n": 26391, "correct": 24375, "accuracy": 0.9236103217005798, "macro_f1_all_10_classes": 0.3694990766671408, "balanced_accuracy_present_classes": 0.9235634394100509, "false_alarm_rate": 0.07451519315926096, "missed_alarm_rate": 0.03679064610422336, "confusion_matrix": [[6061, 0, 192, 0, 0, 214, 0, 0, 82, 0], [0, 0, 0, 0, 0, 0, 0, 0, 0, 0], [159, 0, 6248, 0, 0, 185, 0, 0, 86, 0], [0, 0, 0, 0, 0, 0, 0, 0, 0, 0], [0, 0, 0, 0, 0, 0, 0, 0, 0, 0], [430, 0, 244, 0, 0, 5872, 0, 0, 33, 0], [0, 0, 0, 0, 0, 0, 0, 0, 0, 0], [0, 0, 0, 0, 0, 0, 0, 0, 0, 0], [141, 0, 191, 0, 0, 57, 2, 0, 6194, 0], [0, 0, 0, 0, 0, 0, 0, 0, 0, 0]]}, "MBHM": {"n": 73674, "correct": 70489, "accuracy": 0.9567690094198767, "macro_f1_all_10_classes": 0.7988966400625996, "balanced_accuracy_present_classes": 0.7840798343293777, "false_alarm_rate": 0.014209225700164745, "missed_alarm_rate": 0.04481147814481148, "confusion_matrix": [[43083, 25, 249, 0, 0, 222, 3, 16, 101, 5], [276, 794, 0, 19, 0, 0, 0, 1, 5, 0], [229, 0, 8946, 24, 0, 187, 0, 7, 87, 0], [25, 0, 0, 93, 0, 0, 7, 4, 6, 0], [6, 0, 0, 0, 0, 2, 6, 0, 0, 1], [470, 0, 244, 0, 0, 6454, 13, 0, 34, 0], [21, 0, 0, 1, 0, 14, 363, 3, 0, 0], [120, 1, 6, 0, 0, 0, 0, 1639, 72, 10], [181, 0, 214, 0, 0, 57, 2, 53, 8507, 70], [15, 0, 3, 0, 0, 0, 0, 11, 57, 610]]}, "MFPT": {"n": 24, "correct": 12, "accuracy": 0.5, "macro_f1_all_10_classes": 0.06666666666666667, "balanced_accuracy_present_classes": 0.5, "false_alarm_rate": 0.0, "missed_alarm_rate": 1.0, "confusion_matrix": [[12, 0, 0, 0, 0, 0, 0, 0, 0, 0], [0, 0, 0, 0, 0, 0, 0, 0, 0, 0], [0, 0, 0, 0, 0, 0, 0, 0, 0, 0], [0, 0, 0, 0, 0, 0, 0, 0, 0, 0], [0, 0, 0, 0, 0, 0, 0, 0, 0, 0], [0, 0, 0, 0, 0, 0, 0, 0, 0, 0], [0, 0, 0, 0, 0, 0, 0, 0, 0, 0], [0, 0, 0, 0, 0, 0, 0, 0, 0, 0], [12, 0, 0, 0, 0, 0, 0, 0, 0, 0], [0, 0, 0, 0, 0, 0, 0, 0, 0, 0]]}, "NCEPU": {"n": 540, "correct": 540, "accuracy": 1.0, "macro_f1_all_10_classes": 0.1, "balanced_accuracy_present_classes": 1.0, "false_alarm_rate": 0.0, "missed_alarm_rate": null, "confusion_matrix": [[540, 0, 0, 0, 0, 0, 0, 0, 0, 0], [0, 0, 0, 0, 0, 0, 0, 0, 0, 0], [0, 0, 0, 0, 0, 0, 0, 0, 0, 0], [0, 0, 0, 0, 0, 0, 0, 0, 0, 0], [0, 0, 0, 0, 0, 0, 0, 0, 0, 0], [0, 0, 0, 0, 0, 0, 0, 0, 0, 0], [0, 0, 0, 0, 0, 0, 0, 0, 0, 0], [0, 0, 0, 0, 0, 0, 0, 0, 0, 0], [0, 0, 0, 0, 0, 0, 0, 0, 0, 0], [0, 0, 0, 0, 0, 0, 0, 0, 0, 0]]}, "PU": {"n": 4386, "correct": 4206, "accuracy": 0.9589603283173734, "macro_f1_all_10_classes": 0.4758814668117485, "balanced_accuracy_present_classes": 0.9443589665974693, "false_alarm_rate": 0.028645833333333332, "missed_alarm_rate": 0.03772418058132344, "confusion_matrix": [[1119, 20, 5, 0, 0, 0, 0, 4, 4, 0], [86, 479, 0, 0, 0, 0, 0, 1, 4, 0], [17, 0, 354, 0, 0, 0, 0, 7, 0, 0], [0, 0, 0, 0, 0, 0, 0, 0, 0, 0], [0, 0, 0, 0, 0, 0, 0, 0, 0, 0], [0, 0, 0, 0, 0, 0, 0, 0, 0, 0], [0, 0, 0, 0, 0, 0, 0, 0, 0, 0], [14, 1, 6, 0, 0, 0, 0, 1305, 3, 0], [5, 0, 0, 0, 0, 0, 0, 3, 949, 0], [0, 0, 0, 0, 0, 0, 0, 0, 0, 0]]}, "XJTU": {"n": 8004, "correct": 7634, "accuracy": 0.9537731134432783, "macro_f1_all_10_classes": 0.561755963725483, "balanced_accuracy_present_classes": 0.528708452540251, "false_alarm_rate": 0.0024176488365064974, "missed_alarm_rate": 0.09018759018759019, "confusion_matrix": [[6602, 0, 0, 0, 0, 0, 3, 5, 3, 5], [10, 9, 0, 19, 0, 0, 0, 0, 1, 0], [0, 0, 0, 24, 0, 0, 0, 0, 0, 0], [25, 0, 0, 93, 0, 0, 7, 4, 6, 0], [6, 0, 0, 0, 0, 2, 6, 0, 0, 1], [5, 0, 0, 0, 0, 25, 6, 0, 0, 0], [21, 0, 0, 1, 0, 0, 191, 3, 0, 0], [35, 0, 0, 0, 0, 0, 0, 78, 48, 10], [8, 0, 0, 0, 0, 0, 0, 21, 55, 66], [15, 0, 0, 0, 0, 0, 0, 0, 4, 581]]}}}, "best_val_accuracy": 0.9567690094198767, "lr": 0.0001, "seconds": 43.200529877096415}
{"stage": "pretrain", "epoch": 3, "batch": 10, "batches": 252, "loss": 0.10967585444450378, "lr": 0.0001}
{"stage": "pretrain", "epoch": 3, "batch": 20, "batches": 252, "loss": 0.13442875444889069, "lr": 0.0001}
{"stage": "pretrain", "epoch": 3, "batch": 30, "batches": 252, "loss": 0.12356064468622208, "lr": 0.0001}
{"stage": "pretrain", "epoch": 3, "batch": 40, "batches": 252, "loss": 0.1177767664194107, "lr": 0.0001}
{"stage": "pretrain", "epoch": 3, "batch": 50, "batches": 252, "loss": 0.0954541265964508, "lr": 0.0001}
{"stage": "pretrain", "epoch": 3, "batch": 60, "batches": 252, "loss": 0.10614146292209625, "lr": 0.0001}
{"stage": "pretrain", "epoch": 3, "batch": 70, "batches": 252, "loss": 0.0902930349111557, "lr": 0.0001}
{"stage": "pretrain", "epoch": 3, "batch": 80, "batches": 252, "loss": 0.1137695461511612, "lr": 0.0001}
{"stage": "pretrain", "epoch": 3, "batch": 90, "batches": 252, "loss": 0.08983740955591202, "lr": 0.0001}
{"stage": "pretrain", "epoch": 3, "batch": 100, "batches": 252, "loss": 0.0914219543337822, "lr": 0.0001}
{"stage": "pretrain", "epoch": 3, "batch": 110, "batches": 252, "loss": 0.09616804867982864, "lr": 0.0001}
{"stage": "pretrain", "epoch": 3, "batch": 120, "batches": 252, "loss": 0.0838814526796341, "lr": 0.0001}
{"stage": "pretrain", "epoch": 3, "batch": 130, "batches": 252, "loss": 0.09303071349859238, "lr": 0.0001}
{"stage": "pretrain", "epoch": 3, "batch": 140, "batches": 252, "loss": 0.09465311467647552, "lr": 0.0001}
{"stage": "pretrain", "epoch": 3, "batch": 150, "batches": 252, "loss": 0.07263608276844025, "lr": 0.0001}
{"stage": "pretrain", "epoch": 3, "batch": 160, "batches": 252, "loss": 0.08004201948642731, "lr": 0.0001}
{"stage": "pretrain", "epoch": 3, "batch": 170, "batches": 252, "loss": 0.0670243352651596, "lr": 0.0001}
{"stage": "pretrain", "epoch": 3, "batch": 180, "batches": 252, "loss": 0.07586158812046051, "lr": 0.0001}
{"stage": "pretrain", "epoch": 3, "batch": 190, "batches": 252, "loss": 0.0837743729352951, "lr": 0.0001}
{"stage": "pretrain", "epoch": 3, "batch": 200, "batches": 252, "loss": 0.0825541689991951, "lr": 0.0001}
{"stage": "pretrain", "epoch": 3, "batch": 210, "batches": 252, "loss": 0.0697474479675293, "lr": 0.0001}
{"stage": "pretrain", "epoch": 3, "batch": 220, "batches": 252, "loss": 0.06908690184354782, "lr": 0.0001}
{"stage": "pretrain", "epoch": 3, "batch": 230, "batches": 252, "loss": 0.08119258284568787, "lr": 0.0001}
{"stage": "pretrain", "epoch": 3, "batch": 240, "batches": 252, "loss": 0.06950899213552475, "lr": 0.0001}
{"stage": "pretrain", "epoch": 3, "batch": 250, "batches": 252, "loss": 0.06691613793373108, "lr": 0.0001}
{"stage": "pretrain", "epoch": 3, "train_loss": 0.09011007452871321, "train_pairs": 257865, "val": {"loss": 0.08331965673493909, "counting_unit": "query-reference pair (three per eligible query)", "by_dataset": {"CWRU": {"n": 42, "correct": 42, "accuracy": 1.0, "macro_f1_all_10_classes": 0.1, "balanced_accuracy_present_classes": 1.0, "false_alarm_rate": 0.0, "missed_alarm_rate": null, "confusion_matrix": [[42, 0, 0, 0, 0, 0, 0, 0, 0, 0], [0, 0, 0, 0, 0, 0, 0, 0, 0, 0], [0, 0, 0, 0, 0, 0, 0, 0, 0, 0], [0, 0, 0, 0, 0, 0, 0, 0, 0, 0], [0, 0, 0, 0, 0, 0, 0, 0, 0, 0], [0, 0, 0, 0, 0, 0, 0, 0, 0, 0], [0, 0, 0, 0, 0, 0, 0, 0, 0, 0], [0, 0, 0, 0, 0, 0, 0, 0, 0, 0], [0, 0, 0, 0, 0, 0, 0, 0, 0, 0], [0, 0, 0, 0, 0, 0, 0, 0, 0, 0]]}, "DIRG": {"n": 612, "correct": 612, "accuracy": 1.0, "macro_f1_all_10_classes": 0.1, "balanced_accuracy_present_classes": 1.0, "false_alarm_rate": 0.0, "missed_alarm_rate": null, "confusion_matrix": [[612, 0, 0, 0, 0, 0, 0, 0, 0, 0], [0, 0, 0, 0, 0, 0, 0, 0, 0, 0], [0, 0, 0, 0, 0, 0, 0, 0, 0, 0], [0, 0, 0, 0, 0, 0, 0, 0, 0, 0], [0, 0, 0, 0, 0, 0, 0, 0, 0, 0], [0, 0, 0, 0, 0, 0, 0, 0, 0, 0], [0, 0, 0, 0, 0, 0, 0, 0, 0, 0], [0, 0, 0, 0, 0, 0, 0, 0, 0, 0], [0, 0, 0, 0, 0, 0, 0, 0, 0, 0], [0, 0, 0, 0, 0, 0, 0, 0, 0, 0]]}, "HIT": {"n": 5787, "correct": 5718, "accuracy": 0.9880767236910316, "macro_f1_all_10_classes": 0.29676542609361245, "balanced_accuracy_present_classes": 0.9886644287824154, "false_alarm_rate": 0.008355321020228672, "missed_alarm_rate": 0.011101622544833475, "confusion_matrix": [[2255, 0, 18, 0, 0, 0, 0, 0, 1, 0], [0, 0, 0, 0, 0, 0, 0, 0, 0, 0], [37, 0, 2360, 0, 0, 1, 0, 0, 2, 0], [0, 0, 0, 0, 0, 0, 0, 0, 0, 0], [0, 0, 0, 0, 0, 0, 0, 0, 0, 0], [0, 0, 0, 0, 0, 0, 0, 0, 0, 0], [0, 0, 0, 0, 0, 0, 0, 0, 0, 0], [0, 0, 0, 0, 0, 0, 0, 0, 0, 0], [2, 0, 8, 0, 0, 0, 0, 0, 1103, 0], [0, 0, 0, 0, 0, 0, 0, 0, 0, 0]]}, "IMS": {"n": 27888, "correct": 27602, "accuracy": 0.9897446930579461, "macro_f1_all_10_classes": 0.6204985303619555, "balanced_accuracy_present_classes": 0.8570645917131775, "false_alarm_rate": 0.0009650646593321753, "missed_alarm_rate": 0.07766011094301563, "confusion_matrix": [[25880, 15, 3, 0, 0, 4, 0, 3, 0, 0], [64, 419, 0, 0, 0, 0, 0, 1, 2, 0], [0, 0, 0, 0, 0, 0, 0, 0, 0, 0], [0, 0, 0, 0, 0, 0, 0, 0, 0, 0], [0, 0, 0, 0, 0, 0, 0, 0, 0, 0], [10, 0, 0, 0, 0, 585, 4, 0, 1, 0], [0, 0, 0, 0, 0, 11, 172, 3, 0, 0], [64, 0, 0, 0, 0, 0, 0, 283, 1, 0], [16, 0, 3, 0, 0, 0, 0, 32, 197, 19], [0, 0, 3, 0, 0, 0, 0, 6, 21, 66]]}, "JUST": {"n": 26391, "correct": 25219, "accuracy": 0.9555909211473609, "macro_f1_all_10_classes": 0.38227819761091897, "balanced_accuracy_present_classes": 0.9555462601289978, "false_alarm_rate": 0.05283249351045961, "missed_alarm_rate": 0.016933776837012398, "confusion_matrix": [[6203, 0, 133, 0, 0, 172, 0, 0, 41, 0], [0, 0, 0, 0, 0, 0, 0, 0, 0, 0], [84, 0, 6441, 0, 0, 108, 0, 0, 45, 0], [0, 0, 0, 0, 0, 0, 0, 0, 0, 0], [0, 0, 0, 0, 0, 0, 0, 0, 0, 0], [179, 0, 142, 0, 0, 6239, 0, 0, 19, 0], [0, 0, 0, 0, 0, 0, 0, 0, 0, 0], [0, 0, 0, 0, 0, 0, 0, 0, 0, 0], [73, 0, 125, 0, 0, 48, 3, 0, 6336, 0], [0, 0, 0, 0, 0, 0, 0, 0, 0, 0]]}, "MBHM": {"n": 73674, "correct": 71783, "accuracy": 0.9743328718408122, "macro_f1_all_10_classes": 0.8457940520633409, "balanced_accuracy_present_classes": 0.8412198400994558, "false_alarm_rate": 0.009404173531026908, "missed_alarm_rate": 0.024190857524190857, "confusion_matrix": [[43293, 26, 157, 0, 0, 176, 1, 8, 43, 0], [129, 957, 0, 6, 0, 0, 0, 1, 2, 0], [136, 3, 9166, 16, 0, 109, 0, 3, 47, 0], [11, 0, 0, 120, 0, 0, 2, 0, 2, 0], [9, 0, 0, 0, 0, 3, 3, 0, 0, 0], [192, 0, 142, 0, 0, 6857, 4, 0, 20, 0], [12, 0, 0, 0, 0, 11, 376, 3, 0, 0], [110, 1, 1, 0, 0, 0, 0, 1709, 23, 4], [111, 0, 136, 0, 0, 48, 3, 65, 8659, 62], [15, 0, 3, 0, 0, 0, 0, 7, 25, 646]]}, "MFPT": {"n": 24, "correct": 14, "accuracy": 0.5833333333333334, "macro_f1_all_10_classes": 0.09915966386554623, "balanced_accuracy_present_classes": 0.5833333333333334, "false_alarm_rate": 0.0, "missed_alarm_rate": 0.8333333333333334, "confusion_matrix": [[12, 0, 0, 0, 0, 0, 0, 0, 0, 0], [0, 0, 0, 0, 0, 0, 0, 0, 0, 0], [0, 0, 0, 0, 0, 0, 0, 0, 0, 0], [0, 0, 0, 0, 0, 0, 0, 0, 0, 0], [0, 0, 0, 0, 0, 0, 0, 0, 0, 0], [0, 0, 0, 0, 0, 0, 0, 0, 0, 0], [0, 0, 0, 0, 0, 0, 0, 0, 0, 0], [0, 0, 0, 0, 0, 0, 0, 0, 0, 0], [10, 0, 0, 0, 0, 0, 0, 0, 2, 0], [0, 0, 0, 0, 0, 0, 0, 0, 0, 0]]}, "NCEPU": {"n": 540, "correct": 540, "accuracy": 1.0, "macro_f1_all_10_classes": 0.1, "balanced_accuracy_present_classes": 1.0, "false_alarm_rate": 0.0, "missed_alarm_rate": null, "confusion_matrix": [[540, 0, 0, 0, 0, 0, 0, 0, 0, 0], [0, 0, 0, 0, 0, 0, 0, 0, 0, 0], [0, 0, 0, 0, 0, 0, 0, 0, 0, 0], [0, 0, 0, 0, 0, 0, 0, 0, 0, 0], [0, 0, 0, 0, 0, 0, 0, 0, 0, 0], [0, 0, 0, 0, 0, 0, 0, 0, 0, 0], [0, 0, 0, 0, 0, 0, 0, 0, 0, 0], [0, 0, 0, 0, 0, 0, 0, 0, 0, 0], [0, 0, 0, 0, 0, 0, 0, 0, 0, 0], [0, 0, 0, 0, 0, 0, 0, 0, 0, 0]]}, "PU": {"n": 4386, "correct": 4263, "accuracy": 0.9719562243502052, "macro_f1_all_10_classes": 0.48395612925416, "balanced_accuracy_present_classes": 0.9612835947692719, "false_alarm_rate": 0.012152777777777778, "missed_alarm_rate": 0.030612244897959183, "confusion_matrix": [[1138, 11, 3, 0, 0, 0, 0, 0, 0, 0], [62, 508, 0, 0, 0, 0, 0, 0, 0, 0], [15, 0, 360, 0, 0, 0, 0, 3, 0, 0], [0, 0, 0, 0, 0, 0, 0, 0, 0, 0], [0, 0, 0, 0, 0, 0, 0, 0, 0, 0], [0, 0, 0, 0, 0, 0, 0, 0, 0, 0], [0, 0, 0, 0, 0, 0, 0, 0, 0, 0], [16, 1, 1, 0, 0, 0, 0, 1311, 0, 0], [6, 0, 0, 0, 0, 0, 0, 5, 946, 0], [0, 0, 0, 0, 0, 0, 0, 0, 0, 0]]}, "XJTU": {"n": 8004, "correct": 7773, "accuracy": 0.9711394302848576, "macro_f1_all_10_classes": 0.7166637335055908, "balanced_accuracy_present_classes": 0.6865687667747838, "false_alarm_rate": 0.0010577213659715926, "missed_alarm_rate": 0.06277056277056277, "confusion_matrix": [[6611, 0, 0, 0, 0, 0, 1, 5, 1, 0], [3, 30, 0, 6, 0, 0, 0, 0, 0, 0], [0, 3, 5, 16, 0, 0, 0, 0, 0, 0], [11, 0, 0, 120, 0, 0, 2, 0, 2, 0], [9, 0, 0, 0, 0, 3, 3, 0, 0, 0], [3, 0, 0, 0, 0, 33, 0, 0, 0, 0], [12, 0, 0, 0, 0, 0, 204, 0, 0, 0], [30, 0, 0, 0, 0, 0, 0, 115, 22, 4], [4, 0, 0, 0, 0, 0, 0, 28, 75, 43], [15, 0, 0, 0, 0, 0, 0, 1, 4, 580]]}}}, "best_val_accuracy": 0.9743328718408122, "lr": 0.0001, "seconds": 43.43682613130659}
{"stage": "pretrain", "epoch": 4, "batch": 10, "batches": 252, "loss": 0.052652277052402496, "lr": 0.0001}
{"stage": "pretrain", "epoch": 4, "batch": 20, "batches": 252, "loss": 0.04819571599364281, "lr": 0.0001}
{"stage": "pretrain", "epoch": 4, "batch": 30, "batches": 252, "loss": 0.05876797437667847, "lr": 0.0001}
{"stage": "pretrain", "epoch": 4, "batch": 40, "batches": 252, "loss": 0.0521637424826622, "lr": 0.0001}
{"stage": "pretrain", "epoch": 4, "batch": 50, "batches": 252, "loss": 0.045124102383852005, "lr": 0.0001}
{"stage": "pretrain", "epoch": 4, "batch": 60, "batches": 252, "loss": 0.04363005608320236, "lr": 0.0001}
{"stage": "pretrain", "epoch": 4, "batch": 70, "batches": 252, "loss": 0.04441419988870621, "lr": 0.0001}
{"event": "ram_preload", "shape": [135516, 24000], "bytes": 13009536000, "seconds": 47.89964210893959}
/home/huangyating/miniconda3/envs/m2vllm/lib/python3.12/site-packages/torch/nn/modules/conv.py:186: UserWarning: Initializing zero-element tensors is a no-op
  init.kaiming_uniform_(self.weight, a=math.sqrt(5))
{"stage": "pretrain", "epoch": 4, "batch": 10, "batches": 252, "loss": 0.05265088751912117, "lr": 0.0001}
{"stage": "pretrain", "epoch": 4, "batch": 20, "batches": 252, "loss": 0.04819803312420845, "lr": 0.0001}
{"stage": "pretrain", "epoch": 4, "batch": 30, "batches": 252, "loss": 0.0587862990796566, "lr": 0.0001}
{"stage": "pretrain", "epoch": 4, "batch": 40, "batches": 252, "loss": 0.05217674747109413, "lr": 0.0001}
{"stage": "pretrain", "epoch": 4, "batch": 50, "batches": 252, "loss": 0.04511149972677231, "lr": 0.0001}
{"stage": "pretrain", "epoch": 4, "batch": 60, "batches": 252, "loss": 0.04361975938081741, "lr": 0.0001}
{"stage": "pretrain", "epoch": 4, "batch": 70, "batches": 252, "loss": 0.04443997144699097, "lr": 0.0001}
{"stage": "pretrain", "epoch": 4, "batch": 80, "batches": 252, "loss": 0.052830666303634644, "lr": 0.0001}
{"stage": "pretrain", "epoch": 4, "batch": 90, "batches": 252, "loss": 0.049082331359386444, "lr": 0.0001}
{"stage": "pretrain", "epoch": 4, "batch": 100, "batches": 252, "loss": 0.05003324896097183, "lr": 0.0001}
{"stage": "pretrain", "epoch": 4, "batch": 110, "batches": 252, "loss": 0.04098598286509514, "lr": 0.0001}
{"stage": "pretrain", "epoch": 4, "batch": 120, "batches": 252, "loss": 0.049823686480522156, "lr": 0.0001}
{"stage": "pretrain", "epoch": 4, "batch": 130, "batches": 252, "loss": 0.04265663027763367, "lr": 0.0001}
{"stage": "pretrain", "epoch": 4, "batch": 140, "batches": 252, "loss": 0.043949518352746964, "lr": 0.0001}
{"stage": "pretrain", "epoch": 4, "batch": 150, "batches": 252, "loss": 0.0424627810716629, "lr": 0.0001}
{"stage": "pretrain", "epoch": 4, "batch": 160, "batches": 252, "loss": 0.04032685235142708, "lr": 0.0001}
{"stage": "pretrain", "epoch": 4, "batch": 170, "batches": 252, "loss": 0.04880295693874359, "lr": 0.0001}
{"stage": "pretrain", "epoch": 4, "batch": 180, "batches": 252, "loss": 0.03323807194828987, "lr": 0.0001}
{"stage": "pretrain", "epoch": 4, "batch": 190, "batches": 252, "loss": 0.051597997546195984, "lr": 0.0001}
{"stage": "pretrain", "epoch": 4, "batch": 200, "batches": 252, "loss": 0.04351519048213959, "lr": 0.0001}
{"stage": "pretrain", "epoch": 4, "batch": 210, "batches": 252, "loss": 0.030995963141322136, "lr": 0.0001}
{"stage": "pretrain", "epoch": 4, "batch": 220, "batches": 252, "loss": 0.037725552916526794, "lr": 0.0001}
{"stage": "pretrain", "epoch": 4, "batch": 230, "batches": 252, "loss": 0.03705362230539322, "lr": 0.0001}
{"stage": "pretrain", "epoch": 4, "batch": 240, "batches": 252, "loss": 0.04503320902585983, "lr": 0.0001}
{"stage": "pretrain", "epoch": 4, "batch": 250, "batches": 252, "loss": 0.035623982548713684, "lr": 0.0001}
{"stage": "pretrain", "epoch": 4, "train_loss": 0.046381605719815255, "train_pairs": 257865, "val": {"loss": 0.06235048258511395, "sample_weighted_loss": 0.06235562142209309, "loss_reduction": "mean of batch means, matching released eval_epoch", "counting_unit": "query-reference pair (three per eligible query)", "by_dataset": {"CWRU": {"n": 42, "correct": 42, "accuracy": 1.0, "macro_f1_all_10_classes": 0.1, "balanced_accuracy_present_classes": 1.0, "false_alarm_rate": 0.0, "missed_alarm_rate": null, "confusion_matrix": [[42, 0, 0, 0, 0, 0, 0, 0, 0, 0], [0, 0, 0, 0, 0, 0, 0, 0, 0, 0], [0, 0, 0, 0, 0, 0, 0, 0, 0, 0], [0, 0, 0, 0, 0, 0, 0, 0, 0, 0], [0, 0, 0, 0, 0, 0, 0, 0, 0, 0], [0, 0, 0, 0, 0, 0, 0, 0, 0, 0], [0, 0, 0, 0, 0, 0, 0, 0, 0, 0], [0, 0, 0, 0, 0, 0, 0, 0, 0, 0], [0, 0, 0, 0, 0, 0, 0, 0, 0, 0], [0, 0, 0, 0, 0, 0, 0, 0, 0, 0]]}, "DIRG": {"n": 612, "correct": 612, "accuracy": 1.0, "macro_f1_all_10_classes": 0.1, "balanced_accuracy_present_classes": 1.0, "false_alarm_rate": 0.0, "missed_alarm_rate": null, "confusion_matrix": [[612, 0, 0, 0, 0, 0, 0, 0, 0, 0], [0, 0, 0, 0, 0, 0, 0, 0, 0, 0], [0, 0, 0, 0, 0, 0, 0, 0, 0, 0], [0, 0, 0, 0, 0, 0, 0, 0, 0, 0], [0, 0, 0, 0, 0, 0, 0, 0, 0, 0], [0, 0, 0, 0, 0, 0, 0, 0, 0, 0], [0, 0, 0, 0, 0, 0, 0, 0, 0, 0], [0, 0, 0, 0, 0, 0, 0, 0, 0, 0], [0, 0, 0, 0, 0, 0, 0, 0, 0, 0], [0, 0, 0, 0, 0, 0, 0, 0, 0, 0]]}, "HIT": {"n": 5787, "correct": 5760, "accuracy": 0.995334370139969, "macro_f1_all_10_classes": 0.29867888217914684, "balanced_accuracy_present_classes": 0.9956835414755338, "false_alarm_rate": 0.004837291116974494, "missed_alarm_rate": 0.002846569883290635, "confusion_matrix": [[2263, 0, 8, 0, 0, 0, 0, 0, 3, 0], [0, 0, 0, 0, 0, 0, 0, 0, 0, 0], [10, 0, 2387, 0, 0, 1, 0, 0, 2, 0], [0, 0, 0, 0, 0, 0, 0, 0, 0, 0], [0, 0, 0, 0, 0, 0, 0, 0, 0, 0], [0, 0, 0, 0, 0, 0, 0, 0, 0, 0], [0, 0, 0, 0, 0, 0, 0, 0, 0, 0], [0, 0, 0, 0, 0, 0, 0, 0, 0, 0], [0, 0, 3, 0, 0, 0, 0, 0, 1110, 0], [0, 0, 0, 0, 0, 0, 0, 0, 0, 0]]}, "IMS": {"n": 27888, "correct": 27673, "accuracy": 0.9922905909351692, "macro_f1_all_10_classes": 0.6465819779926079, "balanced_accuracy_present_classes": 0.9014462911453676, "false_alarm_rate": 0.0006562439683458792, "missed_alarm_rate": 0.06303580433686334, "confusion_matrix": [[25888, 7, 2, 0, 0, 1, 0, 5, 0, 2], [63, 420, 2, 0, 0, 0, 0, 0, 1, 0], [0, 0, 0, 0, 0, 0, 0, 0, 0, 0], [0, 0, 0, 0, 0, 0, 0, 0, 0, 0], [0, 0, 0, 0, 0, 0, 0, 0, 0, 0], [8, 0, 0, 0, 0, 587, 4, 0, 1, 0], [0, 0, 0, 0, 0, 5, 178, 3, 0, 0], [42, 0, 0, 0, 0, 0, 0, 294, 12, 0], [12, 0, 2, 0, 0, 0, 0, 16, 228, 9], [0, 0, 3, 0, 0, 0, 0, 2, 13, 78]]}, "JUST": {"n": 26391, "correct": 25433, "accuracy": 0.9636997461255731, "macro_f1_all_10_classes": 0.38548842926274124, "balanced_accuracy_present_classes": 0.9636688564536956, "false_alarm_rate": 0.031302488929607575, "missed_alarm_rate": 0.019100897086987197, "confusion_matrix": [[6344, 0, 92, 0, 0, 73, 0, 0, 40, 0], [0, 0, 0, 0, 0, 0, 0, 0, 0, 0], [76, 0, 6495, 0, 0, 62, 0, 0, 45, 0], [0, 0, 0, 0, 0, 0, 0, 0, 0, 0], [0, 0, 0, 0, 0, 0, 0, 0, 0, 0], [260, 0, 136, 0, 0, 6158, 0, 0, 25, 0], [0, 0, 0, 0, 0, 0, 0, 0, 0, 0], [0, 0, 0, 0, 0, 0, 0, 0, 0, 0], [43, 0, 83, 0, 0, 21, 2, 0, 6436, 0], [0, 0, 0, 0, 0, 0, 0, 0, 0, 0]]}, "MBHM": {"n": 73674, "correct": 72212, "accuracy": 0.9801558215924207, "macro_f1_all_10_classes": 0.8616933130024806, "balanced_accuracy_present_classes": 0.8615621842155774, "false_alarm_rate": 0.006383855024711697, "missed_alarm_rate": 0.01981981981981982, "confusion_matrix": [[43425, 38, 106, 0, 1, 74, 2, 11, 45, 2], [92, 996, 2, 3, 0, 0, 0, 0, 2, 0], [92, 1, 9262, 15, 0, 63, 0, 0, 47, 0], [1, 0, 0, 131, 0, 0, 0, 0, 3, 0], [4, 0, 0, 0, 0, 9, 0, 0, 0, 2], [271, 0, 136, 0, 0, 6778, 4, 0, 26, 0], [6, 0, 0, 0, 0, 5, 388, 3, 0, 0], [59, 3, 2, 0, 0, 0, 0, 1730, 50, 4], [61, 0, 88, 0, 0, 21, 2, 28, 8840, 44], [8, 0, 3, 0, 0, 0, 0, 2, 21, 662]]}, "MFPT": {"n": 24, "correct": 22, "accuracy": 0.9166666666666666, "macro_f1_all_10_classes": 0.1832167832167832, "balanced_accuracy_present_classes": 0.9166666666666667, "false_alarm_rate": 0.0, "missed_alarm_rate": 0.16666666666666666, "confusion_matrix": [[12, 0, 0, 0, 0, 0, 0, 0, 0, 0], [0, 0, 0, 0, 0, 0, 0, 0, 0, 0], [0, 0, 0, 0, 0, 0, 0, 0, 0, 0], [0, 0, 0, 0, 0, 0, 0, 0, 0, 0], [0, 0, 0, 0, 0, 0, 0, 0, 0, 0], [0, 0, 0, 0, 0, 0, 0, 0, 0, 0], [0, 0, 0, 0, 0, 0, 0, 0, 0, 0], [0, 0, 0, 0, 0, 0, 0, 0, 0, 0], [2, 0, 0, 0, 0, 0, 0, 0, 10, 0], [0, 0, 0, 0, 0, 0, 0, 0, 0, 0]]}, "NCEPU": {"n": 540, "correct": 540, "accuracy": 1.0, "macro_f1_all_10_classes": 0.1, "balanced_accuracy_present_classes": 1.0, "false_alarm_rate": 0.0, "missed_alarm_rate": null, "confusion_matrix": [[540, 0, 0, 0, 0, 0, 0, 0, 0, 0], [0, 0, 0, 0, 0, 0, 0, 0, 0, 0], [0, 0, 0, 0, 0, 0, 0, 0, 0, 0], [0, 0, 0, 0, 0, 0, 0, 0, 0, 0], [0, 0, 0, 0, 0, 0, 0, 0, 0, 0], [0, 0, 0, 0, 0, 0, 0, 0, 0, 0], [0, 0, 0, 0, 0, 0, 0, 0, 0, 0], [0, 0, 0, 0, 0, 0, 0, 0, 0, 0], [0, 0, 0, 0, 0, 0, 0, 0, 0, 0], [0, 0, 0, 0, 0, 0, 0, 0, 0, 0]]}, "PU": {"n": 4386, "correct": 4304, "accuracy": 0.9813041495668035, "macro_f1_all_10_classes": 0.48921362324945655, "balanced_accuracy_present_classes": 0.9787572210851684, "false_alarm_rate": 0.029513888888888888, "missed_alarm_rate": 0.011440940012368584, "confusion_matrix": [[1118, 31, 3, 0, 0, 0, 0, 0, 0, 0], [27, 542, 0, 0, 0, 0, 0, 0, 1, 0], [6, 0, 372, 0, 0, 0, 0, 0, 0, 0], [0, 0, 0, 0, 0, 0, 0, 0, 0, 0], [0, 0, 0, 0, 0, 0, 0, 0, 0, 0], [0, 0, 0, 0, 0, 0, 0, 0, 0, 0], [0, 0, 0, 0, 0, 0, 0, 0, 0, 0], [4, 3, 2, 0, 0, 0, 0, 1319, 1, 0], [0, 0, 0, 0, 0, 0, 0, 4, 953, 0], [0, 0, 0, 0, 0, 0, 0, 0, 0, 0]]}, "XJTU": {"n": 8004, "correct": 7826, "accuracy": 0.9777611194402799, "macro_f1_all_10_classes": 0.7557941207224987, "balanced_accuracy_present_classes": 0.7406784754075874, "false_alarm_rate": 0.001813236627379873, "missed_alarm_rate": 0.02958152958152958, "confusion_matrix": [[6606, 0, 1, 0, 1, 0, 2, 6, 2, 0], [2, 34, 0, 3, 0, 0, 0, 0, 0, 0], [0, 1, 8, 15, 0, 0, 0, 0, 0, 0], [1, 0, 0, 131, 0, 0, 0, 0, 3, 0], [4, 0, 0, 0, 0, 9, 0, 0, 0, 2], [3, 0, 0, 0, 0, 33, 0, 0, 0, 0], [6, 0, 0, 0, 0, 0, 210, 0, 0, 0], [13, 0, 0, 0, 0, 0, 0, 117, 37, 4], [4, 0, 0, 0, 0, 0, 0, 8, 103, 35], [8, 0, 0, 0, 0, 0, 0, 0, 8, 584]]}}}, "best_val_accuracy": 0.9801558215924207, "lr": 0.0001, "source_checkpoint_selected": true, "source_selected_epoch": 4, "seconds": 42.85357008315623}
{"stage": "pretrain", "epoch": 5, "batch": 10, "batches": 252, "loss": 0.032370664179325104, "lr": 0.0001}
{"stage": "pretrain", "epoch": 5, "batch": 20, "batches": 252, "loss": 0.03195515275001526, "lr": 0.0001}
{"stage": "pretrain", "epoch": 5, "batch": 30, "batches": 252, "loss": 0.03079918585717678, "lr": 0.0001}
{"stage": "pretrain", "epoch": 5, "batch": 40, "batches": 252, "loss": 0.025042148306965828, "lr": 0.0001}
{"stage": "pretrain", "epoch": 5, "batch": 50, "batches": 252, "loss": 0.03330400213599205, "lr": 0.0001}
{"stage": "pretrain", "epoch": 5, "batch": 60, "batches": 252, "loss": 0.03769915550947189, "lr": 0.0001}
{"stage": "pretrain", "epoch": 5, "batch": 70, "batches": 252, "loss": 0.019144248217344284, "lr": 0.0001}
{"stage": "pretrain", "epoch": 5, "batch": 80, "batches": 252, "loss": 0.025672949850559235, "lr": 0.0001}
{"stage": "pretrain", "epoch": 5, "batch": 90, "batches": 252, "loss": 0.030477361753582954, "lr": 0.0001}
{"stage": "pretrain", "epoch": 5, "batch": 100, "batches": 252, "loss": 0.044463105499744415, "lr": 0.0001}
{"stage": "pretrain", "epoch": 5, "batch": 110, "batches": 252, "loss": 0.02789219841361046, "lr": 0.0001}
{"stage": "pretrain", "epoch": 5, "batch": 120, "batches": 252, "loss": 0.02494099736213684, "lr": 0.0001}
{"stage": "pretrain", "epoch": 5, "batch": 130, "batches": 252, "loss": 0.02568640187382698, "lr": 0.0001}
{"stage": "pretrain", "epoch": 5, "batch": 140, "batches": 252, "loss": 0.01509440690279007, "lr": 0.0001}
{"stage": "pretrain", "epoch": 5, "batch": 150, "batches": 252, "loss": 0.023500176146626472, "lr": 0.0001}
{"stage": "pretrain", "epoch": 5, "batch": 160, "batches": 252, "loss": 0.029563598334789276, "lr": 0.0001}
{"stage": "pretrain", "epoch": 5, "batch": 170, "batches": 252, "loss": 0.023993246257305145, "lr": 0.0001}
{"stage": "pretrain", "epoch": 5, "batch": 180, "batches": 252, "loss": 0.02000437304377556, "lr": 0.0001}
{"stage": "pretrain", "epoch": 5, "batch": 190, "batches": 252, "loss": 0.020093191415071487, "lr": 0.0001}
{"stage": "pretrain", "epoch": 5, "batch": 200, "batches": 252, "loss": 0.025062214583158493, "lr": 0.0001}
{"stage": "pretrain", "epoch": 5, "batch": 210, "batches": 252, "loss": 0.024567659944295883, "lr": 0.0001}
{"stage": "pretrain", "epoch": 5, "batch": 220, "batches": 252, "loss": 0.021874256432056427, "lr": 0.0001}
{"stage": "pretrain", "epoch": 5, "batch": 230, "batches": 252, "loss": 0.0203905887901783, "lr": 0.0001}
{"stage": "pretrain", "epoch": 5, "batch": 240, "batches": 252, "loss": 0.02058013528585434, "lr": 0.0001}
{"stage": "pretrain", "epoch": 5, "batch": 250, "batches": 252, "loss": 0.01782461628317833, "lr": 0.0001}
{"stage": "pretrain", "epoch": 5, "train_loss": 0.026550639845263124, "train_pairs": 257865, "val": {"loss": 0.05094324190667976, "sample_weighted_loss": 0.05094369332495628, "loss_reduction": "mean of batch means, matching released eval_epoch", "counting_unit": "query-reference pair (three per eligible query)", "by_dataset": {"CWRU": {"n": 42, "correct": 42, "accuracy": 1.0, "macro_f1_all_10_classes": 0.1, "balanced_accuracy_present_classes": 1.0, "false_alarm_rate": 0.0, "missed_alarm_rate": null, "confusion_matrix": [[42, 0, 0, 0, 0, 0, 0, 0, 0, 0], [0, 0, 0, 0, 0, 0, 0, 0, 0, 0], [0, 0, 0, 0, 0, 0, 0, 0, 0, 0], [0, 0, 0, 0, 0, 0, 0, 0, 0, 0], [0, 0, 0, 0, 0, 0, 0, 0, 0, 0], [0, 0, 0, 0, 0, 0, 0, 0, 0, 0], [0, 0, 0, 0, 0, 0, 0, 0, 0, 0], [0, 0, 0, 0, 0, 0, 0, 0, 0, 0], [0, 0, 0, 0, 0, 0, 0, 0, 0, 0], [0, 0, 0, 0, 0, 0, 0, 0, 0, 0]]}, "DIRG": {"n": 612, "correct": 612, "accuracy": 1.0, "macro_f1_all_10_classes": 0.1, "balanced_accuracy_present_classes": 1.0, "false_alarm_rate": 0.0, "missed_alarm_rate": null, "confusion_matrix": [[612, 0, 0, 0, 0, 0, 0, 0, 0, 0], [0, 0, 0, 0, 0, 0, 0, 0, 0, 0], [0, 0, 0, 0, 0, 0, 0, 0, 0, 0], [0, 0, 0, 0, 0, 0, 0, 0, 0, 0], [0, 0, 0, 0, 0, 0, 0, 0, 0, 0], [0, 0, 0, 0, 0, 0, 0, 0, 0, 0], [0, 0, 0, 0, 0, 0, 0, 0, 0, 0], [0, 0, 0, 0, 0, 0, 0, 0, 0, 0], [0, 0, 0, 0, 0, 0, 0, 0, 0, 0], [0, 0, 0, 0, 0, 0, 0, 0, 0, 0]]}, "HIT": {"n": 5787, "correct": 5766, "accuracy": 0.9963711767755313, "macro_f1_all_10_classes": 0.29902971400602507, "balanced_accuracy_present_classes": 0.9968842529046268, "false_alarm_rate": 0.0021987686895338612, "missed_alarm_rate": 0.0034158838599487617, "confusion_matrix": [[2269, 0, 4, 0, 0, 0, 0, 0, 1, 0], [0, 0, 0, 0, 0, 0, 0, 0, 0, 0], [12, 0, 2385, 0, 0, 1, 0, 0, 2, 0], [0, 0, 0, 0, 0, 0, 0, 0, 0, 0], [0, 0, 0, 0, 0, 0, 0, 0, 0, 0], [0, 0, 0, 0, 0, 0, 0, 0, 0, 0], [0, 0, 0, 0, 0, 0, 0, 0, 0, 0], [0, 0, 0, 0, 0, 0, 0, 0, 0, 0], [0, 0, 1, 0, 0, 0, 0, 0, 1112, 0], [0, 0, 0, 0, 0, 0, 0, 0, 0, 0]]}, "IMS": {"n": 27888, "correct": 27698, "accuracy": 0.9931870338496844, "macro_f1_all_10_classes": 0.6481549192330947, "balanced_accuracy_present_classes": 0.9066140962255241, "false_alarm_rate": 0.0007720517274657402, "missed_alarm_rate": 0.04891578416540595, "confusion_matrix": [[25885, 9, 0, 0, 0, 7, 0, 3, 0, 1], [39, 444, 0, 0, 0, 0, 0, 1, 2, 0], [0, 0, 0, 0, 0, 0, 0, 0, 0, 0], [0, 0, 0, 0, 0, 0, 0, 0, 0, 0], [0, 0, 0, 0, 0, 0, 0, 0, 0, 0], [4, 0, 0, 0, 0, 589, 6, 0, 1, 0], [0, 0, 0, 0, 0, 4, 179, 3, 0, 0], [38, 0, 0, 0, 0, 0, 0, 308, 2, 0], [15, 0, 0, 0, 0, 0, 0, 27, 217, 8], [1, 0, 2, 0, 0, 0, 0, 3, 14, 76]]}, "JUST": {"n": 26391, "correct": 25585, "accuracy": 0.9694592853624342, "macro_f1_all_10_classes": 0.3878109431328175, "balanced_accuracy_present_classes": 0.9694501153450199, "false_alarm_rate": 0.038326462055275616, "missed_alarm_rate": 0.010180425360346738, "confusion_matrix": [[6298, 0, 89, 0, 0, 124, 0, 0, 38, 0], [0, 0, 0, 0, 0, 0, 0, 0, 0, 0], [59, 0, 6471, 0, 0, 100, 0, 0, 48, 0], [0, 0, 0, 0, 0, 0, 0, 0, 0, 0], [0, 0, 0, 0, 0, 0, 0, 0, 0, 0], [110, 0, 78, 0, 0, 6374, 0, 0, 17, 0], [0, 0, 0, 0, 0, 0, 0, 0, 0, 0], [0, 0, 0, 0, 0, 0, 0, 0, 0, 0], [33, 0, 63, 0, 0, 44, 3, 0, 6442, 0], [0, 0, 0, 0, 0, 0, 0, 0, 0, 0]]}, "MBHM": {"n": 73674, "correct": 72426, "accuracy": 0.9830605098135027, "macro_f1_all_10_classes": 0.9355906942717199, "balanced_accuracy_present_classes": 0.9283333573872854, "false_alarm_rate": 0.007047409848068826, "missed_alarm_rate": 0.01344678011344678, "confusion_matrix": [[43396, 26, 95, 0, 2, 131, 2, 10, 41, 1], [75, 1013, 1, 3, 0, 0, 0, 1, 2, 0], [81, 3, 9231, 11, 0, 101, 0, 3, 50, 0], [1, 1, 0, 131, 0, 0, 0, 0, 1, 1], [4, 0, 0, 0, 9, 2, 0, 0, 0, 0], [117, 0, 78, 0, 0, 6996, 6, 0, 18, 0], [3, 0, 0, 0, 0, 7, 389, 3, 0, 0], [59, 0, 0, 0, 0, 0, 0, 1780, 6, 3], [54, 0, 64, 0, 0, 44, 3, 55, 8820, 44], [9, 0, 2, 0, 0, 0, 0, 5, 19, 661]]}, "MFPT": {"n": 24, "correct": 22, "accuracy": 0.9166666666666666, "macro_f1_all_10_classes": 0.1832167832167832, "balanced_accuracy_present_classes": 0.9166666666666667, "false_alarm_rate": 0.0, "missed_alarm_rate": 0.16666666666666666, "confusion_matrix": [[12, 0, 0, 0, 0, 0, 0, 0, 0, 0], [0, 0, 0, 0, 0, 0, 0, 0, 0, 0], [0, 0, 0, 0, 0, 0, 0, 0, 0, 0], [0, 0, 0, 0, 0, 0, 0, 0, 0, 0], [0, 0, 0, 0, 0, 0, 0, 0, 0, 0], [0, 0, 0, 0, 0, 0, 0, 0, 0, 0], [0, 0, 0, 0, 0, 0, 0, 0, 0, 0], [0, 0, 0, 0, 0, 0, 0, 0, 0, 0], [2, 0, 0, 0, 0, 0, 0, 0, 10, 0], [0, 0, 0, 0, 0, 0, 0, 0, 0, 0]]}, "NCEPU": {"n": 540, "correct": 540, "accuracy": 1.0, "macro_f1_all_10_classes": 0.1, "balanced_accuracy_present_classes": 1.0, "false_alarm_rate": 0.0, "missed_alarm_rate": null, "confusion_matrix": [[540, 0, 0, 0, 0, 0, 0, 0, 0, 0], [0, 0, 0, 0, 0, 0, 0, 0, 0, 0], [0, 0, 0, 0, 0, 0, 0, 0, 0, 0], [0, 0, 0, 0, 0, 0, 0, 0, 0, 0], [0, 0, 0, 0, 0, 0, 0, 0, 0, 0], [0, 0, 0, 0, 0, 0, 0, 0, 0, 0], [0, 0, 0, 0, 0, 0, 0, 0, 0, 0], [0, 0, 0, 0, 0, 0, 0, 0, 0, 0], [0, 0, 0, 0, 0, 0, 0, 0, 0, 0], [0, 0, 0, 0, 0, 0, 0, 0, 0, 0]]}, "PU": {"n": 4386, "correct": 4309, "accuracy": 0.9824441404468764, "macro_f1_all_10_classes": 0.48978358821668994, "balanced_accuracy_present_classes": 0.9759100155277457, "false_alarm_rate": 0.015625, "missed_alarm_rate": 0.015769944341372914, "confusion_matrix": [[1134, 17, 1, 0, 0, 0, 0, 0, 0, 0], [34, 536, 0, 0, 0, 0, 0, 0, 0, 0], [10, 0, 365, 0, 0, 0, 0, 3, 0, 0], [0, 0, 0, 0, 0, 0, 0, 0, 0, 0], [0, 0, 0, 0, 0, 0, 0, 0, 0, 0], [0, 0, 0, 0, 0, 0, 0, 0, 0, 0], [0, 0, 0, 0, 0, 0, 0, 0, 0, 0], [6, 0, 0, 0, 0, 0, 0, 1323, 0, 0], [1, 0, 0, 0, 0, 0, 0, 5, 951, 0], [0, 0, 0, 0, 0, 0, 0, 0, 0, 0]]}, "XJTU": {"n": 8004, "correct": 7852, "accuracy": 0.9810094952523738, "macro_f1_all_10_classes": 0.8426895157223344, "balanced_accuracy_present_classes": 0.8152976025254262, "false_alarm_rate": 0.0021154427319431852, "missed_alarm_rate": 0.02813852813852814, "confusion_matrix": [[6604, 0, 1, 0, 2, 0, 2, 7, 2, 0], [2, 33, 1, 3, 0, 0, 0, 0, 0, 0], [0, 3, 10, 11, 0, 0, 0, 0, 0, 0], [1, 1, 0, 131, 0, 0, 0, 0, 1, 1], [4, 0, 0, 0, 9, 2, 0, 0, 0, 0], [3, 0, 0, 0, 0, 33, 0, 0, 0, 0], [3, 0, 0, 0, 0, 3, 210, 0, 0, 0], [15, 0, 0, 0, 0, 0, 0, 149, 4, 3], [3, 0, 0, 0, 0, 0, 0, 23, 88, 36], [8, 0, 0, 0, 0, 0, 0, 2, 5, 585]]}}}, "best_val_accuracy": 0.9830605098135027, "lr": 0.0001, "source_checkpoint_selected": true, "source_selected_epoch": 5, "seconds": 42.99474399816245}
{"stage": "pretrain", "epoch": 6, "batch": 10, "batches": 252, "loss": 0.017908520996570587, "lr": 0.0001}
{"stage": "pretrain", "epoch": 6, "batch": 20, "batches": 252, "loss": 0.014502535574138165, "lr": 0.0001}
{"stage": "pretrain", "epoch": 6, "batch": 30, "batches": 252, "loss": 0.013254438526928425, "lr": 0.0001}
{"stage": "pretrain", "epoch": 6, "batch": 40, "batches": 252, "loss": 0.017865626141428947, "lr": 0.0001}
{"stage": "pretrain", "epoch": 6, "batch": 50, "batches": 252, "loss": 0.015160842798650265, "lr": 0.0001}
{"stage": "pretrain", "epoch": 6, "batch": 60, "batches": 252, "loss": 0.0158657468855381, "lr": 0.0001}
{"stage": "pretrain", "epoch": 6, "batch": 70, "batches": 252, "loss": 0.020474452525377274, "lr": 0.0001}
{"stage": "pretrain", "epoch": 6, "batch": 80, "batches": 252, "loss": 0.018334882333874702, "lr": 0.0001}
{"stage": "pretrain", "epoch": 6, "batch": 90, "batches": 252, "loss": 0.014155402779579163, "lr": 0.0001}
{"stage": "pretrain", "epoch": 6, "batch": 100, "batches": 252, "loss": 0.012785272672772408, "lr": 0.0001}
{"stage": "pretrain", "epoch": 6, "batch": 110, "batches": 252, "loss": 0.019121194258332253, "lr": 0.0001}
{"stage": "pretrain", "epoch": 6, "batch": 120, "batches": 252, "loss": 0.012087618932127953, "lr": 0.0001}
{"stage": "pretrain", "epoch": 6, "batch": 130, "batches": 252, "loss": 0.014057222753763199, "lr": 0.0001}
{"stage": "pretrain", "epoch": 6, "batch": 140, "batches": 252, "loss": 0.01768612489104271, "lr": 0.0001}
{"stage": "pretrain", "epoch": 6, "batch": 150, "batches": 252, "loss": 0.012882936745882034, "lr": 0.0001}
{"stage": "pretrain", "epoch": 6, "batch": 160, "batches": 252, "loss": 0.015320084989070892, "lr": 0.0001}
{"stage": "pretrain", "epoch": 6, "batch": 170, "batches": 252, "loss": 0.014239870943129063, "lr": 0.0001}
{"stage": "pretrain", "epoch": 6, "batch": 180, "batches": 252, "loss": 0.014566106721758842, "lr": 0.0001}
{"stage": "pretrain", "epoch": 6, "batch": 190, "batches": 252, "loss": 0.014302925206720829, "lr": 0.0001}
{"stage": "pretrain", "epoch": 6, "batch": 200, "batches": 252, "loss": 0.017356108874082565, "lr": 0.0001}
{"stage": "pretrain", "epoch": 6, "batch": 210, "batches": 252, "loss": 0.010688411071896553, "lr": 0.0001}
{"stage": "pretrain", "epoch": 6, "batch": 220, "batches": 252, "loss": 0.014200568199157715, "lr": 0.0001}
{"stage": "pretrain", "epoch": 6, "batch": 230, "batches": 252, "loss": 0.02000986784696579, "lr": 0.0001}
{"stage": "pretrain", "epoch": 6, "batch": 240, "batches": 252, "loss": 0.01373019814491272, "lr": 0.0001}
{"stage": "pretrain", "epoch": 6, "batch": 250, "batches": 252, "loss": 0.016698861494660378, "lr": 0.0001}
{"stage": "pretrain", "epoch": 6, "train_loss": 0.015796643635829624, "train_pairs": 257865, "val": {"loss": 0.05014505235233931, "sample_weighted_loss": 0.050138826365573166, "loss_reduction": "mean of batch means, matching released eval_epoch", "counting_unit": "query-reference pair (three per eligible query)", "by_dataset": {"CWRU": {"n": 42, "correct": 42, "accuracy": 1.0, "macro_f1_all_10_classes": 0.1, "balanced_accuracy_present_classes": 1.0, "false_alarm_rate": 0.0, "missed_alarm_rate": null, "confusion_matrix": [[42, 0, 0, 0, 0, 0, 0, 0, 0, 0], [0, 0, 0, 0, 0, 0, 0, 0, 0, 0], [0, 0, 0, 0, 0, 0, 0, 0, 0, 0], [0, 0, 0, 0, 0, 0, 0, 0, 0, 0], [0, 0, 0, 0, 0, 0, 0, 0, 0, 0], [0, 0, 0, 0, 0, 0, 0, 0, 0, 0], [0, 0, 0, 0, 0, 0, 0, 0, 0, 0], [0, 0, 0, 0, 0, 0, 0, 0, 0, 0], [0, 0, 0, 0, 0, 0, 0, 0, 0, 0], [0, 0, 0, 0, 0, 0, 0, 0, 0, 0]]}, "DIRG": {"n": 612, "correct": 612, "accuracy": 1.0, "macro_f1_all_10_classes": 0.1, "balanced_accuracy_present_classes": 1.0, "false_alarm_rate": 0.0, "missed_alarm_rate": null, "confusion_matrix": [[612, 0, 0, 0, 0, 0, 0, 0, 0, 0], [0, 0, 0, 0, 0, 0, 0, 0, 0, 0], [0, 0, 0, 0, 0, 0, 0, 0, 0, 0], [0, 0, 0, 0, 0, 0, 0, 0, 0, 0], [0, 0, 0, 0, 0, 0, 0, 0, 0, 0], [0, 0, 0, 0, 0, 0, 0, 0, 0, 0], [0, 0, 0, 0, 0, 0, 0, 0, 0, 0], [0, 0, 0, 0, 0, 0, 0, 0, 0, 0], [0, 0, 0, 0, 0, 0, 0, 0, 0, 0], [0, 0, 0, 0, 0, 0, 0, 0, 0, 0]]}, "HIT": {"n": 5787, "correct": 5765, "accuracy": 0.9961983756696042, "macro_f1_all_10_classes": 0.2989383987394675, "balanced_accuracy_present_classes": 0.9966530157307775, "false_alarm_rate": 0.007475813544415127, "missed_alarm_rate": 0.001138627953316254, "confusion_matrix": [[2257, 0, 13, 0, 0, 0, 0, 0, 4, 0], [0, 0, 0, 0, 0, 0, 0, 0, 0, 0], [4, 0, 2396, 0, 0, 0, 0, 0, 0, 0], [0, 0, 0, 0, 0, 0, 0, 0, 0, 0], [0, 0, 0, 0, 0, 0, 0, 0, 0, 0], [0, 0, 0, 0, 0, 0, 0, 0, 0, 0], [0, 0, 0, 0, 0, 0, 0, 0, 0, 0], [0, 0, 0, 0, 0, 0, 0, 0, 0, 0], [0, 0, 1, 0, 0, 0, 0, 0, 1112, 0], [0, 0, 0, 0, 0, 0, 0, 0, 0, 0]]}, "IMS": {"n": 27888, "correct": 27732, "accuracy": 0.9944061962134251, "macro_f1_all_10_classes": 0.656474801124127, "balanced_accuracy_present_classes": 0.9186563752036914, "false_alarm_rate": 0.0009650646593321753, "missed_alarm_rate": 0.033787191124558746, "confusion_matrix": [[25880, 12, 2, 0, 0, 5, 0, 4, 0, 2], [20, 463, 0, 0, 0, 0, 0, 0, 3, 0], [0, 0, 0, 0, 0, 0, 0, 0, 0, 0], [0, 0, 0, 0, 0, 0, 0, 0, 0, 0], [0, 0, 0, 0, 0, 0, 0, 0, 0, 0], [5, 0, 0, 0, 0, 592, 2, 0, 1, 0], [0, 0, 0, 0, 0, 6, 177, 3, 0, 0], [35, 0, 0, 0, 0, 0, 0, 308, 5, 0], [7, 0, 3, 0, 0, 0, 0, 17, 239, 1], [0, 0, 3, 0, 0, 0, 0, 2, 18, 73]]}, "JUST": {"n": 26391, "correct": 25556, "accuracy": 0.9683604259027699, "macro_f1_all_10_classes": 0.3873547356294932, "balanced_accuracy_present_classes": 0.9682944723473612, "false_alarm_rate": 0.0554283096655978, "missed_alarm_rate": 0.006400564459227901, "confusion_matrix": [[6186, 0, 130, 0, 0, 197, 0, 0, 36, 0], [0, 0, 0, 0, 0, 0, 0, 0, 0, 0], [36, 0, 6532, 0, 0, 86, 0, 0, 24, 0], [0, 0, 0, 0, 0, 0, 0, 0, 0, 0], [0, 0, 0, 0, 0, 0, 0, 0, 0, 0], [71, 0, 89, 0, 0, 6402, 0, 0, 17, 0], [0, 0, 0, 0, 0, 0, 0, 0, 0, 0], [0, 0, 0, 0, 0, 0, 0, 0, 0, 0], [20, 0, 81, 0, 0, 47, 1, 0, 6436, 0], [0, 0, 0, 0, 0, 0, 0, 0, 0, 0]]}, "MBHM": {"n": 73674, "correct": 72450, "accuracy": 0.9833862692401661, "macro_f1_all_10_classes": 0.9343546817352284, "balanced_accuracy_present_classes": 0.9247721186231042, "false_alarm_rate": 0.010754164378546587, "missed_alarm_rate": 0.007741074407741074, "confusion_matrix": [[43234, 44, 158, 0, 2, 202, 1, 19, 42, 2], [29, 1061, 0, 2, 0, 0, 0, 0, 3, 0], [41, 6, 9317, 6, 0, 86, 0, 0, 24, 0], [0, 1, 2, 130, 0, 0, 0, 0, 1, 1], [4, 0, 0, 0, 8, 3, 0, 0, 0, 0], [77, 0, 89, 0, 0, 7029, 2, 0, 18, 0], [3, 0, 0, 0, 0, 9, 387, 3, 0, 0], [46, 0, 4, 0, 0, 0, 0, 1784, 13, 1], [31, 0, 85, 0, 0, 47, 1, 35, 8850, 35], [1, 0, 3, 0, 0, 0, 0, 2, 40, 650]]}, "MFPT": {"n": 24, "correct": 23, "accuracy": 0.9583333333333334, "macro_f1_all_10_classes": 0.19165217391304348, "balanced_accuracy_present_classes": 0.9583333333333333, "false_alarm_rate": 0.0, "missed_alarm_rate": 0.08333333333333333, "confusion_matrix": [[12, 0, 0, 0, 0, 0, 0, 0, 0, 0], [0, 0, 0, 0, 0, 0, 0, 0, 0, 0], [0, 0, 0, 0, 0, 0, 0, 0, 0, 0], [0, 0, 0, 0, 0, 0, 0, 0, 0, 0], [0, 0, 0, 0, 0, 0, 0, 0, 0, 0], [0, 0, 0, 0, 0, 0, 0, 0, 0, 0], [0, 0, 0, 0, 0, 0, 0, 0, 0, 0], [0, 0, 0, 0, 0, 0, 0, 0, 0, 0], [1, 0, 0, 0, 0, 0, 0, 0, 11, 0], [0, 0, 0, 0, 0, 0, 0, 0, 0, 0]]}, "NCEPU": {"n": 540, "correct": 540, "accuracy": 1.0, "macro_f1_all_10_classes": 0.1, "balanced_accuracy_present_classes": 1.0, "false_alarm_rate": 0.0, "missed_alarm_rate": null, "confusion_matrix": [[540, 0, 0, 0, 0, 0, 0, 0, 0, 0], [0, 0, 0, 0, 0, 0, 0, 0, 0, 0], [0, 0, 0, 0, 0, 0, 0, 0, 0, 0], [0, 0, 0, 0, 0, 0, 0, 0, 0, 0], [0, 0, 0, 0, 0, 0, 0, 0, 0, 0], [0, 0, 0, 0, 0, 0, 0, 0, 0, 0], [0, 0, 0, 0, 0, 0, 0, 0, 0, 0], [0, 0, 0, 0, 0, 0, 0, 0, 0, 0], [0, 0, 0, 0, 0, 0, 0, 0, 0, 0], [0, 0, 0, 0, 0, 0, 0, 0, 0, 0]]}, "PU": {"n": 4386, "correct": 4328, "accuracy": 0.9867761057911537, "macro_f1_all_10_classes": 0.49191361194273986, "balanced_accuracy_present_classes": 0.9883559410412033, "false_alarm_rate": 0.03819444444444445, "missed_alarm_rate": 0.0024737167594310453, "confusion_matrix": [[1108, 32, 11, 0, 0, 0, 0, 1, 0, 0], [7, 563, 0, 0, 0, 0, 0, 0, 0, 0], [1, 0, 377, 0, 0, 0, 0, 0, 0, 0], [0, 0, 0, 0, 0, 0, 0, 0, 0, 0], [0, 0, 0, 0, 0, 0, 0, 0, 0, 0], [0, 0, 0, 0, 0, 0, 0, 0, 0, 0], [0, 0, 0, 0, 0, 0, 0, 0, 0, 0], [0, 0, 4, 0, 0, 0, 0, 1325, 0, 0], [0, 0, 0, 0, 0, 0, 0, 2, 955, 0], [0, 0, 0, 0, 0, 0, 0, 0, 0, 0]]}, "XJTU": {"n": 8004, "correct": 7852, "accuracy": 0.9810094952523738, "macro_f1_all_10_classes": 0.8447973581591842, "balanced_accuracy_present_classes": 0.8326377743084571, "false_alarm_rate": 0.003173164097914778, "missed_alarm_rate": 0.018037518037518036, "confusion_matrix": [[6597, 0, 2, 0, 2, 0, 1, 14, 2, 0], [2, 35, 0, 2, 0, 0, 0, 0, 0, 0], [0, 6, 12, 6, 0, 0, 0, 0, 0, 0], [0, 1, 2, 130, 0, 0, 0, 0, 1, 1], [4, 0, 0, 0, 8, 3, 0, 0, 0, 0], [1, 0, 0, 0, 0, 35, 0, 0, 0, 0], [3, 0, 0, 0, 0, 3, 210, 0, 0, 0], [11, 0, 0, 0, 0, 0, 0, 151, 8, 1], [3, 0, 0, 0, 0, 0, 0, 16, 97, 34], [1, 0, 0, 0, 0, 0, 0, 0, 22, 577]]}}}, "best_val_accuracy": 0.9833862692401661, "lr": 0.0001, "source_checkpoint_selected": true, "source_selected_epoch": 6, "seconds": 42.955468885134906}
{"stage": "pretrain", "epoch": 7, "batch": 10, "batches": 252, "loss": 0.009973694570362568, "lr": 0.0001}
{"stage": "pretrain", "epoch": 7, "batch": 20, "batches": 252, "loss": 0.013918275944888592, "lr": 0.0001}
{"stage": "pretrain", "epoch": 7, "batch": 30, "batches": 252, "loss": 0.011341173201799393, "lr": 0.0001}
{"stage": "pretrain", "epoch": 7, "batch": 40, "batches": 252, "loss": 0.006770263891667128, "lr": 0.0001}
{"stage": "pretrain", "epoch": 7, "batch": 50, "batches": 252, "loss": 0.009854437783360481, "lr": 0.0001}
{"stage": "pretrain", "epoch": 7, "batch": 60, "batches": 252, "loss": 0.010523530654609203, "lr": 0.0001}
{"stage": "pretrain", "epoch": 7, "batch": 70, "batches": 252, "loss": 0.008242562413215637, "lr": 0.0001}
{"stage": "pretrain", "epoch": 7, "batch": 80, "batches": 252, "loss": 0.008392231538891792, "lr": 0.0001}
{"stage": "pretrain", "epoch": 7, "batch": 90, "batches": 252, "loss": 0.008693177253007889, "lr": 0.0001}
{"stage": "pretrain", "epoch": 7, "batch": 100, "batches": 252, "loss": 0.0078237010166049, "lr": 0.0001}
{"stage": "pretrain", "epoch": 7, "batch": 110, "batches": 252, "loss": 0.01159818284213543, "lr": 0.0001}
{"stage": "pretrain", "epoch": 7, "batch": 120, "batches": 252, "loss": 0.00816912017762661, "lr": 0.0001}
{"stage": "pretrain", "epoch": 7, "batch": 130, "batches": 252, "loss": 0.008960629813373089, "lr": 0.0001}
{"stage": "pretrain", "epoch": 7, "batch": 140, "batches": 252, "loss": 0.01188636478036642, "lr": 0.0001}
{"stage": "pretrain", "epoch": 7, "batch": 150, "batches": 252, "loss": 0.009546521119773388, "lr": 0.0001}
{"stage": "pretrain", "epoch": 7, "batch": 160, "batches": 252, "loss": 0.01197991892695427, "lr": 0.0001}
{"stage": "pretrain", "epoch": 7, "batch": 170, "batches": 252, "loss": 0.014621768146753311, "lr": 0.0001}
{"stage": "pretrain", "epoch": 7, "batch": 180, "batches": 252, "loss": 0.010642852634191513, "lr": 0.0001}
{"stage": "pretrain", "epoch": 7, "batch": 190, "batches": 252, "loss": 0.010025492869317532, "lr": 0.0001}
{"stage": "pretrain", "epoch": 7, "batch": 200, "batches": 252, "loss": 0.0076418486423790455, "lr": 0.0001}
{"stage": "pretrain", "epoch": 7, "batch": 210, "batches": 252, "loss": 0.01031162217259407, "lr": 0.0001}
{"stage": "pretrain", "epoch": 7, "batch": 220, "batches": 252, "loss": 0.008030218072235584, "lr": 0.0001}
{"stage": "pretrain", "epoch": 7, "batch": 230, "batches": 252, "loss": 0.008907568641006947, "lr": 0.0001}
{"stage": "pretrain", "epoch": 7, "batch": 240, "batches": 252, "loss": 0.00712926359847188, "lr": 0.0001}
{"stage": "pretrain", "epoch": 7, "batch": 250, "batches": 252, "loss": 0.01019955612719059, "lr": 0.0001}
{"stage": "pretrain", "epoch": 7, "train_loss": 0.00996317520694019, "train_pairs": 257865, "val": {"loss": 0.04463944969012977, "sample_weighted_loss": 0.044636718053984566, "loss_reduction": "mean of batch means, matching released eval_epoch", "counting_unit": "query-reference pair (three per eligible query)", "by_dataset": {"CWRU": {"n": 42, "correct": 42, "accuracy": 1.0, "macro_f1_all_10_classes": 0.1, "balanced_accuracy_present_classes": 1.0, "false_alarm_rate": 0.0, "missed_alarm_rate": null, "confusion_matrix": [[42, 0, 0, 0, 0, 0, 0, 0, 0, 0], [0, 0, 0, 0, 0, 0, 0, 0, 0, 0], [0, 0, 0, 0, 0, 0, 0, 0, 0, 0], [0, 0, 0, 0, 0, 0, 0, 0, 0, 0], [0, 0, 0, 0, 0, 0, 0, 0, 0, 0], [0, 0, 0, 0, 0, 0, 0, 0, 0, 0], [0, 0, 0, 0, 0, 0, 0, 0, 0, 0], [0, 0, 0, 0, 0, 0, 0, 0, 0, 0], [0, 0, 0, 0, 0, 0, 0, 0, 0, 0], [0, 0, 0, 0, 0, 0, 0, 0, 0, 0]]}, "DIRG": {"n": 612, "correct": 612, "accuracy": 1.0, "macro_f1_all_10_classes": 0.1, "balanced_accuracy_present_classes": 1.0, "false_alarm_rate": 0.0, "missed_alarm_rate": null, "confusion_matrix": [[612, 0, 0, 0, 0, 0, 0, 0, 0, 0], [0, 0, 0, 0, 0, 0, 0, 0, 0, 0], [0, 0, 0, 0, 0, 0, 0, 0, 0, 0], [0, 0, 0, 0, 0, 0, 0, 0, 0, 0], [0, 0, 0, 0, 0, 0, 0, 0, 0, 0], [0, 0, 0, 0, 0, 0, 0, 0, 0, 0], [0, 0, 0, 0, 0, 0, 0, 0, 0, 0], [0, 0, 0, 0, 0, 0, 0, 0, 0, 0], [0, 0, 0, 0, 0, 0, 0, 0, 0, 0], [0, 0, 0, 0, 0, 0, 0, 0, 0, 0]]}, "HIT": {"n": 5787, "correct": 5767, "accuracy": 0.9965439778814584, "macro_f1_all_10_classes": 0.29911847607069986, "balanced_accuracy_present_classes": 0.997007750412689, "false_alarm_rate": 0.0030782761653474055, "missed_alarm_rate": 0.0031312268716196983, "confusion_matrix": [[2267, 0, 6, 0, 0, 0, 0, 0, 1, 0], [0, 0, 0, 0, 0, 0, 0, 0, 0, 0], [11, 0, 2388, 0, 0, 1, 0, 0, 0, 0], [0, 0, 0, 0, 0, 0, 0, 0, 0, 0], [0, 0, 0, 0, 0, 0, 0, 0, 0, 0], [0, 0, 0, 0, 0, 0, 0, 0, 0, 0], [0, 0, 0, 0, 0, 0, 0, 0, 0, 0], [0, 0, 0, 0, 0, 0, 0, 0, 0, 0], [0, 0, 1, 0, 0, 0, 0, 0, 1112, 0], [0, 0, 0, 0, 0, 0, 0, 0, 0, 0]]}, "IMS": {"n": 27888, "correct": 27731, "accuracy": 0.9943703384968445, "macro_f1_all_10_classes": 0.6591465627626644, "balanced_accuracy_present_classes": 0.926741917497024, "false_alarm_rate": 0.0010808724184520363, "missed_alarm_rate": 0.03832576903681291, "confusion_matrix": [[25877, 13, 0, 0, 0, 11, 0, 3, 0, 1], [16, 467, 0, 0, 0, 0, 0, 0, 3, 0], [0, 0, 0, 0, 0, 0, 0, 0, 0, 0], [0, 0, 0, 0, 0, 0, 0, 0, 0, 0], [0, 0, 0, 0, 0, 0, 0, 0, 0, 0], [3, 0, 0, 0, 0, 590, 6, 0, 1, 0], [0, 0, 0, 0, 0, 5, 178, 3, 0, 0], [41, 0, 0, 0, 0, 0, 0, 304, 3, 0], [14, 0, 0, 0, 0, 0, 0, 13, 235, 5], [2, 0, 1, 0, 0, 0, 0, 1, 12, 80]]}, "JUST": {"n": 26391, "correct": 25684, "accuracy": 0.973210564207495, "macro_f1_all_10_classes": 0.38929779259631625, "balanced_accuracy_present_classes": 0.9731724876233848, "false_alarm_rate": 0.04031149793861658, "missed_alarm_rate": 0.0071565366394516685, "confusion_matrix": [[6285, 0, 109, 0, 0, 110, 0, 0, 45, 0], [0, 0, 0, 0, 0, 0, 0, 0, 0, 0], [36, 0, 6535, 0, 0, 69, 0, 0, 38, 0], [0, 0, 0, 0, 0, 0, 0, 0, 0, 0], [0, 0, 0, 0, 0, 0, 0, 0, 0, 0], [84, 0, 86, 0, 0, 6385, 0, 0, 24, 0], [0, 0, 0, 0, 0, 0, 0, 0, 0, 0], [0, 0, 0, 0, 0, 0, 0, 0, 0, 0], [22, 0, 56, 0, 0, 26, 2, 0, 6479, 0], [0, 0, 0, 0, 0, 0, 0, 0, 0, 0]]}, "MBHM": {"n": 73674, "correct": 72587, "accuracy": 0.9852458126340364, "macro_f1_all_10_classes": 0.9412819690035183, "balanced_accuracy_present_classes": 0.9330827068313445, "false_alarm_rate": 0.00766520226981512, "missed_alarm_rate": 0.009642976309642975, "confusion_matrix": [[43369, 36, 118, 0, 2, 121, 1, 8, 48, 1], [38, 1053, 0, 1, 0, 0, 0, 0, 3, 0], [52, 6, 9308, 5, 0, 70, 0, 1, 38, 0], [1, 1, 2, 129, 0, 0, 0, 0, 1, 1], [4, 0, 0, 0, 9, 2, 0, 0, 0, 0], [88, 0, 86, 0, 0, 7010, 6, 0, 25, 0], [4, 0, 0, 0, 0, 8, 387, 3, 0, 0], [56, 0, 0, 0, 0, 0, 0, 1780, 9, 3], [40, 1, 57, 0, 0, 26, 2, 42, 8870, 46], [6, 0, 1, 0, 0, 0, 0, 1, 16, 672]]}, "MFPT": {"n": 24, "correct": 23, "accuracy": 0.9583333333333334, "macro_f1_all_10_classes": 0.19165217391304348, "balanced_accuracy_present_classes": 0.9583333333333333, "false_alarm_rate": 0.0, "missed_alarm_rate": 0.08333333333333333, "confusion_matrix": [[12, 0, 0, 0, 0, 0, 0, 0, 0, 0], [0, 0, 0, 0, 0, 0, 0, 0, 0, 0], [0, 0, 0, 0, 0, 0, 0, 0, 0, 0], [0, 0, 0, 0, 0, 0, 0, 0, 0, 0], [0, 0, 0, 0, 0, 0, 0, 0, 0, 0], [0, 0, 0, 0, 0, 0, 0, 0, 0, 0], [0, 0, 0, 0, 0, 0, 0, 0, 0, 0], [0, 0, 0, 0, 0, 0, 0, 0, 0, 0], [1, 0, 0, 0, 0, 0, 0, 0, 11, 0], [0, 0, 0, 0, 0, 0, 0, 0, 0, 0]]}, "NCEPU": {"n": 540, "correct": 540, "accuracy": 1.0, "macro_f1_all_10_classes": 0.1, "balanced_accuracy_present_classes": 1.0, "false_alarm_rate": 0.0, "missed_alarm_rate": null, "confusion_matrix": [[540, 0, 0, 0, 0, 0, 0, 0, 0, 0], [0, 0, 0, 0, 0, 0, 0, 0, 0, 0], [0, 0, 0, 0, 0, 0, 0, 0, 0, 0], [0, 0, 0, 0, 0, 0, 0, 0, 0, 0], [0, 0, 0, 0, 0, 0, 0, 0, 0, 0], [0, 0, 0, 0, 0, 0, 0, 0, 0, 0], [0, 0, 0, 0, 0, 0, 0, 0, 0, 0], [0, 0, 0, 0, 0, 0, 0, 0, 0, 0], [0, 0, 0, 0, 0, 0, 0, 0, 0, 0], [0, 0, 0, 0, 0, 0, 0, 0, 0, 0]]}, "PU": {"n": 4386, "correct": 4330, "accuracy": 0.9872321021431828, "macro_f1_all_10_classes": 0.492470202076089, "balanced_accuracy_present_classes": 0.984422643108555, "false_alarm_rate": 0.021701388888888888, "missed_alarm_rate": 0.007730364873222016, "confusion_matrix": [[1127, 23, 2, 0, 0, 0, 0, 0, 0, 0], [20, 550, 0, 0, 0, 0, 0, 0, 0, 0], [5, 0, 372, 0, 0, 0, 0, 1, 0, 0], [0, 0, 0, 0, 0, 0, 0, 0, 0, 0], [0, 0, 0, 0, 0, 0, 0, 0, 0, 0], [0, 0, 0, 0, 0, 0, 0, 0, 0, 0], [0, 0, 0, 0, 0, 0, 0, 0, 0, 0], [0, 0, 0, 0, 0, 0, 0, 1329, 0, 0], [0, 1, 0, 0, 0, 0, 0, 4, 952, 0], [0, 0, 0, 0, 0, 0, 0, 0, 0, 0]]}, "XJTU": {"n": 8004, "correct": 7858, "accuracy": 0.9817591204397801, "macro_f1_all_10_classes": 0.8540707814353743, "balanced_accuracy_present_classes": 0.8344767616012547, "false_alarm_rate": 0.001662133575098217, "missed_alarm_rate": 0.024531024531024532, "confusion_matrix": [[6607, 0, 1, 0, 2, 0, 1, 5, 2, 0], [2, 36, 0, 1, 0, 0, 0, 0, 0, 0], [0, 6, 13, 5, 0, 0, 0, 0, 0, 0], [1, 1, 2, 129, 0, 0, 0, 0, 1, 1], [4, 0, 0, 0, 9, 2, 0, 0, 0, 0], [1, 0, 0, 0, 0, 35, 0, 0, 0, 0], [4, 0, 0, 0, 0, 3, 209, 0, 0, 0], [15, 0, 0, 0, 0, 0, 0, 147, 6, 3], [3, 0, 0, 0, 0, 0, 0, 25, 81, 41], [4, 0, 0, 0, 0, 0, 0, 0, 4, 592]]}}}, "best_val_accuracy": 0.9852458126340364, "lr": 0.0001, "source_checkpoint_selected": true, "source_selected_epoch": 7, "seconds": 42.701806955970824}
{"stage": "pretrain", "epoch": 8, "batch": 10, "batches": 252, "loss": 0.007860914804041386, "lr": 0.0001}
{"stage": "pretrain", "epoch": 8, "batch": 20, "batches": 252, "loss": 0.005896403919905424, "lr": 0.0001}
{"stage": "pretrain", "epoch": 8, "batch": 30, "batches": 252, "loss": 0.005630763713270426, "lr": 0.0001}
{"stage": "pretrain", "epoch": 8, "batch": 40, "batches": 252, "loss": 0.0068975272588431835, "lr": 0.0001}
{"stage": "pretrain", "epoch": 8, "batch": 50, "batches": 252, "loss": 0.008834265172481537, "lr": 0.0001}
{"stage": "pretrain", "epoch": 8, "batch": 60, "batches": 252, "loss": 0.0052084727212786674, "lr": 0.0001}
{"stage": "pretrain", "epoch": 8, "batch": 70, "batches": 252, "loss": 0.005413687787950039, "lr": 0.0001}
{"stage": "pretrain", "epoch": 8, "batch": 80, "batches": 252, "loss": 0.006128239445388317, "lr": 0.0001}
{"stage": "pretrain", "epoch": 8, "batch": 90, "batches": 252, "loss": 0.005126679316163063, "lr": 0.0001}
{"stage": "pretrain", "epoch": 8, "batch": 100, "batches": 252, "loss": 0.006650131195783615, "lr": 0.0001}
{"stage": "pretrain", "epoch": 8, "batch": 110, "batches": 252, "loss": 0.004978665616363287, "lr": 0.0001}
{"stage": "pretrain", "epoch": 8, "batch": 120, "batches": 252, "loss": 0.005964468698948622, "lr": 0.0001}
{"stage": "pretrain", "epoch": 8, "batch": 130, "batches": 252, "loss": 0.004836250562220812, "lr": 0.0001}
{"stage": "pretrain", "epoch": 8, "batch": 140, "batches": 252, "loss": 0.006674326024949551, "lr": 0.0001}
{"stage": "pretrain", "epoch": 8, "batch": 150, "batches": 252, "loss": 0.007411134894937277, "lr": 0.0001}
{"stage": "pretrain", "epoch": 8, "batch": 160, "batches": 252, "loss": 0.0037215338088572025, "lr": 0.0001}
{"stage": "pretrain", "epoch": 8, "batch": 170, "batches": 252, "loss": 0.007173817604780197, "lr": 0.0001}
{"stage": "pretrain", "epoch": 8, "batch": 180, "batches": 252, "loss": 0.005455016158521175, "lr": 0.0001}
{"stage": "pretrain", "epoch": 8, "batch": 190, "batches": 252, "loss": 0.0062546515837311745, "lr": 0.0001}
{"stage": "pretrain", "epoch": 8, "batch": 200, "batches": 252, "loss": 0.004083563573658466, "lr": 0.0001}
{"stage": "pretrain", "epoch": 8, "batch": 210, "batches": 252, "loss": 0.00514630600810051, "lr": 0.0001}
{"stage": "pretrain", "epoch": 8, "batch": 220, "batches": 252, "loss": 0.00666132103651762, "lr": 0.0001}
{"stage": "pretrain", "epoch": 8, "batch": 230, "batches": 252, "loss": 0.007582593709230423, "lr": 0.0001}
{"stage": "pretrain", "epoch": 8, "batch": 240, "batches": 252, "loss": 0.005460374057292938, "lr": 0.0001}
{"stage": "pretrain", "epoch": 8, "batch": 250, "batches": 252, "loss": 0.00471390038728714, "lr": 0.0001}
{"stage": "pretrain", "epoch": 8, "train_loss": 0.006215319109883872, "train_pairs": 257865, "val": {"loss": 0.04469518744735347, "sample_weighted_loss": 0.04468333414071826, "loss_reduction": "mean of batch means, matching released eval_epoch", "counting_unit": "query-reference pair (three per eligible query)", "by_dataset": {"CWRU": {"n": 42, "correct": 42, "accuracy": 1.0, "macro_f1_all_10_classes": 0.1, "balanced_accuracy_present_classes": 1.0, "false_alarm_rate": 0.0, "missed_alarm_rate": null, "confusion_matrix": [[42, 0, 0, 0, 0, 0, 0, 0, 0, 0], [0, 0, 0, 0, 0, 0, 0, 0, 0, 0], [0, 0, 0, 0, 0, 0, 0, 0, 0, 0], [0, 0, 0, 0, 0, 0, 0, 0, 0, 0], [0, 0, 0, 0, 0, 0, 0, 0, 0, 0], [0, 0, 0, 0, 0, 0, 0, 0, 0, 0], [0, 0, 0, 0, 0, 0, 0, 0, 0, 0], [0, 0, 0, 0, 0, 0, 0, 0, 0, 0], [0, 0, 0, 0, 0, 0, 0, 0, 0, 0], [0, 0, 0, 0, 0, 0, 0, 0, 0, 0]]}, "DIRG": {"n": 612, "correct": 612, "accuracy": 1.0, "macro_f1_all_10_classes": 0.1, "balanced_accuracy_present_classes": 1.0, "false_alarm_rate": 0.0, "missed_alarm_rate": null, "confusion_matrix": [[612, 0, 0, 0, 0, 0, 0, 0, 0, 0], [0, 0, 0, 0, 0, 0, 0, 0, 0, 0], [0, 0, 0, 0, 0, 0, 0, 0, 0, 0], [0, 0, 0, 0, 0, 0, 0, 0, 0, 0], [0, 0, 0, 0, 0, 0, 0, 0, 0, 0], [0, 0, 0, 0, 0, 0, 0, 0, 0, 0], [0, 0, 0, 0, 0, 0, 0, 0, 0, 0], [0, 0, 0, 0, 0, 0, 0, 0, 0, 0], [0, 0, 0, 0, 0, 0, 0, 0, 0, 0], [0, 0, 0, 0, 0, 0, 0, 0, 0, 0]]}, "HIT": {"n": 5787, "correct": 5771, "accuracy": 0.9972351823051667, "macro_f1_all_10_classes": 0.2992437117225367, "balanced_accuracy_present_classes": 0.997387312610778, "false_alarm_rate": 0.00395778364116095, "missed_alarm_rate": 0.0017079419299743809, "confusion_matrix": [[2265, 0, 8, 0, 0, 0, 0, 0, 1, 0], [0, 0, 0, 0, 0, 0, 0, 0, 0, 0], [5, 0, 2395, 0, 0, 0, 0, 0, 0, 0], [0, 0, 0, 0, 0, 0, 0, 0, 0, 0], [0, 0, 0, 0, 0, 0, 0, 0, 0, 0], [0, 0, 0, 0, 0, 0, 0, 0, 0, 0], [0, 0, 0, 0, 0, 0, 0, 0, 0, 0], [0, 0, 0, 0, 0, 0, 0, 0, 0, 0], [1, 0, 1, 0, 0, 0, 0, 0, 1111, 0], [0, 0, 0, 0, 0, 0, 0, 0, 0, 0]]}, "IMS": {"n": 27888, "correct": 27715, "accuracy": 0.9937966150315548, "macro_f1_all_10_classes": 0.6589266942463596, "balanced_accuracy_present_classes": 0.9310155258617889, "false_alarm_rate": 0.0021617448369040727, "missed_alarm_rate": 0.03227433182047403, "confusion_matrix": [[25849, 39, 0, 0, 0, 12, 0, 3, 0, 2], [7, 476, 0, 0, 0, 0, 0, 0, 3, 0], [0, 0, 0, 0, 0, 0, 0, 0, 0, 0], [0, 0, 0, 0, 0, 0, 0, 0, 0, 0], [0, 0, 0, 0, 0, 0, 0, 0, 0, 0], [4, 1, 0, 0, 0, 589, 6, 0, 0, 0], [0, 0, 0, 0, 0, 8, 175, 3, 0, 0], [38, 0, 0, 0, 0, 0, 0, 307, 3, 0], [12, 0, 0, 0, 0, 0, 0, 15, 238, 2], [3, 0, 0, 0, 0, 0, 0, 0, 12, 81]]}, "JUST": {"n": 26391, "correct": 25689, "accuracy": 0.9734000227350234, "macro_f1_all_10_classes": 0.389376218142434, "balanced_accuracy_present_classes": 0.9733733530858973, "false_alarm_rate": 0.03344021988089785, "missed_alarm_rate": 0.009172462453381715, "confusion_matrix": [[6330, 0, 102, 0, 0, 82, 0, 0, 35, 0], [0, 0, 0, 0, 0, 0, 0, 0, 0, 0], [48, 0, 6529, 0, 0, 67, 0, 0, 34, 0], [0, 0, 0, 0, 0, 0, 0, 0, 0, 0], [0, 0, 0, 0, 0, 0, 0, 0, 0, 0], [110, 0, 101, 0, 0, 6341, 0, 0, 27, 0], [0, 0, 0, 0, 0, 0, 0, 0, 0, 0], [0, 0, 0, 0, 0, 0, 0, 0, 0, 0], [24, 0, 52, 0, 0, 18, 2, 0, 6489, 0], [0, 0, 0, 0, 0, 0, 0, 0, 0, 0]]}, "MBHM": {"n": 73674, "correct": 72592, "accuracy": 0.985313679181258, "macro_f1_all_10_classes": 0.945576928568619, "balanced_accuracy_present_classes": 0.9409622839443312, "false_alarm_rate": 0.007116053450485081, "missed_alarm_rate": 0.01061061061061061, "confusion_matrix": [[43393, 52, 114, 0, 2, 94, 1, 7, 39, 2], [33, 1058, 0, 1, 0, 0, 0, 0, 3, 0], [58, 6, 9305, 10, 0, 67, 0, 0, 34, 0], [0, 1, 0, 132, 0, 0, 0, 0, 1, 1], [4, 0, 0, 0, 10, 1, 0, 0, 0, 0], [115, 1, 101, 0, 0, 6965, 6, 0, 27, 0], [3, 0, 0, 0, 0, 11, 385, 3, 0, 0], [57, 0, 0, 0, 0, 0, 0, 1772, 18, 1], [41, 0, 53, 0, 0, 18, 2, 32, 8902, 36], [7, 0, 0, 0, 0, 0, 0, 0, 19, 670]]}, "MFPT": {"n": 24, "correct": 23, "accuracy": 0.9583333333333334, "macro_f1_all_10_classes": 0.19165217391304348, "balanced_accuracy_present_classes": 0.9583333333333333, "false_alarm_rate": 0.0, "missed_alarm_rate": 0.08333333333333333, "confusion_matrix": [[12, 0, 0, 0, 0, 0, 0, 0, 0, 0], [0, 0, 0, 0, 0, 0, 0, 0, 0, 0], [0, 0, 0, 0, 0, 0, 0, 0, 0, 0], [0, 0, 0, 0, 0, 0, 0, 0, 0, 0], [0, 0, 0, 0, 0, 0, 0, 0, 0, 0], [0, 0, 0, 0, 0, 0, 0, 0, 0, 0], [0, 0, 0, 0, 0, 0, 0, 0, 0, 0], [0, 0, 0, 0, 0, 0, 0, 0, 0, 0], [1, 0, 0, 0, 0, 0, 0, 0, 11, 0], [0, 0, 0, 0, 0, 0, 0, 0, 0, 0]]}, "NCEPU": {"n": 540, "correct": 540, "accuracy": 1.0, "macro_f1_all_10_classes": 0.1, "balanced_accuracy_present_classes": 1.0, "false_alarm_rate": 0.0, "missed_alarm_rate": null, "confusion_matrix": [[540, 0, 0, 0, 0, 0, 0, 0, 0, 0], [0, 0, 0, 0, 0, 0, 0, 0, 0, 0], [0, 0, 0, 0, 0, 0, 0, 0, 0, 0], [0, 0, 0, 0, 0, 0, 0, 0, 0, 0], [0, 0, 0, 0, 0, 0, 0, 0, 0, 0], [0, 0, 0, 0, 0, 0, 0, 0, 0, 0], [0, 0, 0, 0, 0, 0, 0, 0, 0, 0], [0, 0, 0, 0, 0, 0, 0, 0, 0, 0], [0, 0, 0, 0, 0, 0, 0, 0, 0, 0], [0, 0, 0, 0, 0, 0, 0, 0, 0, 0]]}, "PU": {"n": 4386, "correct": 4335, "accuracy": 0.9883720930232558, "macro_f1_all_10_classes": 0.49320003189450184, "balanced_accuracy_present_classes": 0.9850187431025267, "false_alarm_rate": 0.013888888888888888, "missed_alarm_rate": 0.0095856524427953, "confusion_matrix": [[1136, 13, 3, 0, 0, 0, 0, 0, 0, 0], [24, 546, 0, 0, 0, 0, 0, 0, 0, 0], [5, 0, 373, 0, 0, 0, 0, 0, 0, 0], [0, 0, 0, 0, 0, 0, 0, 0, 0, 0], [0, 0, 0, 0, 0, 0, 0, 0, 0, 0], [0, 0, 0, 0, 0, 0, 0, 0, 0, 0], [0, 0, 0, 0, 0, 0, 0, 0, 0, 0], [2, 0, 0, 0, 0, 0, 0, 1327, 0, 0], [0, 0, 0, 0, 0, 0, 0, 4, 953, 0], [0, 0, 0, 0, 0, 0, 0, 0, 0, 0]]}, "XJTU": {"n": 8004, "correct": 7865, "accuracy": 0.9826336831584208, "macro_f1_all_10_classes": 0.8499720364538816, "balanced_accuracy_present_classes": 0.8298987888917029, "false_alarm_rate": 0.001662133575098217, "missed_alarm_rate": 0.024531024531024532, "confusion_matrix": [[6607, 0, 1, 0, 2, 0, 1, 4, 3, 0], [2, 36, 0, 1, 0, 0, 0, 0, 0, 0], [0, 6, 8, 10, 0, 0, 0, 0, 0, 0], [0, 1, 0, 132, 0, 0, 0, 0, 1, 1], [4, 0, 0, 0, 10, 1, 0, 0, 0, 0], [1, 0, 0, 0, 0, 35, 0, 0, 0, 0], [3, 0, 0, 0, 0, 3, 210, 0, 0, 0], [17, 0, 0, 0, 0, 0, 0, 138, 15, 1], [3, 0, 0, 0, 0, 0, 0, 13, 100, 34], [4, 0, 0, 0, 0, 0, 0, 0, 7, 589]]}}}, "best_val_accuracy": 0.985313679181258, "lr": 0.0001, "source_checkpoint_selected": true, "source_selected_epoch": 8, "seconds": 42.81126146670431}
{"stage": "pretrain", "epoch": 9, "batch": 10, "batches": 252, "loss": 0.0045736683532595634, "lr": 0.0001}
{"stage": "pretrain", "epoch": 9, "batch": 20, "batches": 252, "loss": 0.004206155426800251, "lr": 0.0001}
{"stage": "pretrain", "epoch": 9, "batch": 30, "batches": 252, "loss": 0.005262832622975111, "lr": 0.0001}
{"stage": "pretrain", "epoch": 9, "batch": 40, "batches": 252, "loss": 0.0029694221448153257, "lr": 0.0001}
{"stage": "pretrain", "epoch": 9, "batch": 50, "batches": 252, "loss": 0.00389572000131011, "lr": 0.0001}
{"stage": "pretrain", "epoch": 9, "batch": 60, "batches": 252, "loss": 0.004204038064926863, "lr": 0.0001}
{"stage": "pretrain", "epoch": 9, "batch": 70, "batches": 252, "loss": 0.0028169257566332817, "lr": 0.0001}
{"stage": "pretrain", "epoch": 9, "batch": 80, "batches": 252, "loss": 0.0035707957576960325, "lr": 0.0001}
{"stage": "pretrain", "epoch": 9, "batch": 90, "batches": 252, "loss": 0.004214636981487274, "lr": 0.0001}
{"stage": "pretrain", "epoch": 9, "batch": 100, "batches": 252, "loss": 0.005999143235385418, "lr": 0.0001}
{"stage": "pretrain", "epoch": 9, "batch": 110, "batches": 252, "loss": 0.004490922205150127, "lr": 0.0001}
{"stage": "pretrain", "epoch": 9, "batch": 120, "batches": 252, "loss": 0.0038621367421001196, "lr": 0.0001}
{"stage": "pretrain", "epoch": 9, "batch": 130, "batches": 252, "loss": 0.0033684098161756992, "lr": 0.0001}
{"stage": "pretrain", "epoch": 9, "batch": 140, "batches": 252, "loss": 0.0034450951498001814, "lr": 0.0001}
{"stage": "pretrain", "epoch": 9, "batch": 150, "batches": 252, "loss": 0.0043145399540662766, "lr": 0.0001}
{"stage": "pretrain", "epoch": 9, "batch": 160, "batches": 252, "loss": 0.0031887192744761705, "lr": 0.0001}
{"stage": "pretrain", "epoch": 9, "batch": 170, "batches": 252, "loss": 0.003900258569046855, "lr": 0.0001}
{"stage": "pretrain", "epoch": 9, "batch": 180, "batches": 252, "loss": 0.004080041311681271, "lr": 0.0001}
{"stage": "pretrain", "epoch": 9, "batch": 190, "batches": 252, "loss": 0.0036002984270453453, "lr": 0.0001}
{"stage": "pretrain", "epoch": 9, "batch": 200, "batches": 252, "loss": 0.003364044241607189, "lr": 0.0001}
{"stage": "pretrain", "epoch": 9, "batch": 210, "batches": 252, "loss": 0.003998355008661747, "lr": 0.0001}
{"stage": "pretrain", "epoch": 9, "batch": 220, "batches": 252, "loss": 0.004736193455755711, "lr": 0.0001}
{"stage": "pretrain", "epoch": 9, "batch": 230, "batches": 252, "loss": 0.005189715884625912, "lr": 0.0001}
{"stage": "pretrain", "epoch": 9, "batch": 240, "batches": 252, "loss": 0.004072676412761211, "lr": 0.0001}
{"stage": "pretrain", "epoch": 9, "batch": 250, "batches": 252, "loss": 0.003254084615036845, "lr": 0.0001}
{"stage": "pretrain", "epoch": 9, "train_loss": 0.004064154269574383, "train_pairs": 257865, "val": {"loss": 0.04475715570359126, "sample_weighted_loss": 0.04474536001693159, "loss_reduction": "mean of batch means, matching released eval_epoch", "counting_unit": "query-reference pair (three per eligible query)", "by_dataset": {"CWRU": {"n": 42, "correct": 42, "accuracy": 1.0, "macro_f1_all_10_classes": 0.1, "balanced_accuracy_present_classes": 1.0, "false_alarm_rate": 0.0, "missed_alarm_rate": null, "confusion_matrix": [[42, 0, 0, 0, 0, 0, 0, 0, 0, 0], [0, 0, 0, 0, 0, 0, 0, 0, 0, 0], [0, 0, 0, 0, 0, 0, 0, 0, 0, 0], [0, 0, 0, 0, 0, 0, 0, 0, 0, 0], [0, 0, 0, 0, 0, 0, 0, 0, 0, 0], [0, 0, 0, 0, 0, 0, 0, 0, 0, 0], [0, 0, 0, 0, 0, 0, 0, 0, 0, 0], [0, 0, 0, 0, 0, 0, 0, 0, 0, 0], [0, 0, 0, 0, 0, 0, 0, 0, 0, 0], [0, 0, 0, 0, 0, 0, 0, 0, 0, 0]]}, "DIRG": {"n": 612, "correct": 612, "accuracy": 1.0, "macro_f1_all_10_classes": 0.1, "balanced_accuracy_present_classes": 1.0, "false_alarm_rate": 0.0, "missed_alarm_rate": null, "confusion_matrix": [[612, 0, 0, 0, 0, 0, 0, 0, 0, 0], [0, 0, 0, 0, 0, 0, 0, 0, 0, 0], [0, 0, 0, 0, 0, 0, 0, 0, 0, 0], [0, 0, 0, 0, 0, 0, 0, 0, 0, 0], [0, 0, 0, 0, 0, 0, 0, 0, 0, 0], [0, 0, 0, 0, 0, 0, 0, 0, 0, 0], [0, 0, 0, 0, 0, 0, 0, 0, 0, 0], [0, 0, 0, 0, 0, 0, 0, 0, 0, 0], [0, 0, 0, 0, 0, 0, 0, 0, 0, 0], [0, 0, 0, 0, 0, 0, 0, 0, 0, 0]]}, "HIT": {"n": 5787, "correct": 5765, "accuracy": 0.9961983756696042, "macro_f1_all_10_classes": 0.2989147692972799, "balanced_accuracy_present_classes": 0.9961183474900057, "false_alarm_rate": 0.0013192612137203166, "missed_alarm_rate": 0.005123825789923143, "confusion_matrix": [[2271, 0, 2, 0, 0, 0, 0, 0, 1, 0], [0, 0, 0, 0, 0, 0, 0, 0, 0, 0], [14, 0, 2386, 0, 0, 0, 0, 0, 0, 0], [0, 0, 0, 0, 0, 0, 0, 0, 0, 0], [0, 0, 0, 0, 0, 0, 0, 0, 0, 0], [0, 0, 0, 0, 0, 0, 0, 0, 0, 0], [0, 0, 0, 0, 0, 0, 0, 0, 0, 0], [0, 0, 0, 0, 0, 0, 0, 0, 0, 0], [4, 0, 1, 0, 0, 0, 0, 0, 1108, 0], [0, 0, 0, 0, 0, 0, 0, 0, 0, 0]]}, "IMS": {"n": 27888, "correct": 27737, "accuracy": 0.9945854847963281, "macro_f1_all_10_classes": 0.6626717131441802, "balanced_accuracy_present_classes": 0.9319033982409912, "false_alarm_rate": 0.0009264620729588882, "missed_alarm_rate": 0.03681290973272819, "confusion_matrix": [[25881, 10, 0, 0, 0, 10, 0, 3, 0, 1], [14, 469, 1, 0, 0, 0, 0, 0, 2, 0], [0, 0, 0, 0, 0, 0, 0, 0, 0, 0], [0, 0, 0, 0, 0, 0, 0, 0, 0, 0], [0, 0, 0, 0, 0, 0, 0, 0, 0, 0], [4, 1, 0, 0, 0, 594, 1, 0, 0, 0], [0, 0, 0, 0, 0, 9, 174, 3, 0, 0], [43, 0, 0, 0, 0, 0, 0, 304, 1, 0], [12, 0, 0, 0, 0, 0, 0, 21, 228, 6], [0, 0, 2, 0, 0, 0, 0, 0, 7, 87]]}, "JUST": {"n": 26391, "correct": 25688, "accuracy": 0.9733621310295176, "macro_f1_all_10_classes": 0.38936740689176624, "balanced_accuracy_present_classes": 0.9733586232153049, "false_alarm_rate": 0.026110856619331196, "missed_alarm_rate": 0.011641971575446023, "confusion_matrix": [[6378, 0, 87, 0, 0, 57, 0, 0, 27, 0], [0, 0, 0, 0, 0, 0, 0, 0, 0, 0], [64, 0, 6504, 0, 0, 78, 0, 0, 32, 0], [0, 0, 0, 0, 0, 0, 0, 0, 0, 0], [0, 0, 0, 0, 0, 0, 0, 0, 0, 0], [132, 0, 84, 0, 0, 6341, 0, 0, 22, 0], [0, 0, 0, 0, 0, 0, 0, 0, 0, 0], [0, 0, 0, 0, 0, 0, 0, 0, 0, 0], [35, 0, 64, 0, 0, 19, 2, 0, 6465, 0], [0, 0, 0, 0, 0, 0, 0, 0, 0, 0]]}, "MBHM": {"n": 73674, "correct": 72591, "accuracy": 0.9853001058718137, "macro_f1_all_10_classes": 0.9489127268941546, "balanced_accuracy_present_classes": 0.9367542967773368, "false_alarm_rate": 0.005171151382024529, "missed_alarm_rate": 0.013413413413413414, "confusion_matrix": [[43478, 31, 90, 0, 1, 67, 1, 6, 29, 1], [37, 1054, 1, 1, 0, 0, 0, 0, 2, 0], [86, 6, 9273, 5, 0, 78, 0, 0, 32, 0], [2, 0, 3, 128, 0, 0, 0, 0, 1, 1], [4, 0, 0, 0, 10, 1, 0, 0, 0, 0], [137, 1, 84, 0, 0, 6970, 1, 0, 22, 0], [6, 0, 0, 0, 0, 12, 381, 3, 0, 0], [68, 0, 0, 0, 0, 0, 0, 1773, 6, 1], [56, 1, 65, 0, 0, 19, 2, 47, 8849, 45], [6, 0, 2, 0, 0, 0, 0, 0, 13, 675]]}, "MFPT": {"n": 24, "correct": 22, "accuracy": 0.9166666666666666, "macro_f1_all_10_classes": 0.1832167832167832, "balanced_accuracy_present_classes": 0.9166666666666667, "false_alarm_rate": 0.0, "missed_alarm_rate": 0.16666666666666666, "confusion_matrix": [[12, 0, 0, 0, 0, 0, 0, 0, 0, 0], [0, 0, 0, 0, 0, 0, 0, 0, 0, 0], [0, 0, 0, 0, 0, 0, 0, 0, 0, 0], [0, 0, 0, 0, 0, 0, 0, 0, 0, 0], [0, 0, 0, 0, 0, 0, 0, 0, 0, 0], [0, 0, 0, 0, 0, 0, 0, 0, 0, 0], [0, 0, 0, 0, 0, 0, 0, 0, 0, 0], [0, 0, 0, 0, 0, 0, 0, 0, 0, 0], [2, 0, 0, 0, 0, 0, 0, 0, 10, 0], [0, 0, 0, 0, 0, 0, 0, 0, 0, 0]]}, "NCEPU": {"n": 540, "correct": 540, "accuracy": 1.0, "macro_f1_all_10_classes": 0.1, "balanced_accuracy_present_classes": 1.0, "false_alarm_rate": 0.0, "missed_alarm_rate": null, "confusion_matrix": [[540, 0, 0, 0, 0, 0, 0, 0, 0, 0], [0, 0, 0, 0, 0, 0, 0, 0, 0, 0], [0, 0, 0, 0, 0, 0, 0, 0, 0, 0], [0, 0, 0, 0, 0, 0, 0, 0, 0, 0], [0, 0, 0, 0, 0, 0, 0, 0, 0, 0], [0, 0, 0, 0, 0, 0, 0, 0, 0, 0], [0, 0, 0, 0, 0, 0, 0, 0, 0, 0], [0, 0, 0, 0, 0, 0, 0, 0, 0, 0], [0, 0, 0, 0, 0, 0, 0, 0, 0, 0], [0, 0, 0, 0, 0, 0, 0, 0, 0, 0]]}, "PU": {"n": 4386, "correct": 4327, "accuracy": 0.9865481076151391, "macro_f1_all_10_classes": 0.49226735563854707, "balanced_accuracy_present_classes": 0.983106052943652, "false_alarm_rate": 0.018229166666666668, "missed_alarm_rate": 0.01020408163265306, "confusion_matrix": [[1131, 21, 0, 0, 0, 0, 0, 0, 0, 0], [21, 549, 0, 0, 0, 0, 0, 0, 0, 0], [8, 0, 370, 0, 0, 0, 0, 0, 0, 0], [0, 0, 0, 0, 0, 0, 0, 0, 0, 0], [0, 0, 0, 0, 0, 0, 0, 0, 0, 0], [0, 0, 0, 0, 0, 0, 0, 0, 0, 0], [0, 0, 0, 0, 0, 0, 0, 0, 0, 0], [4, 0, 0, 0, 0, 0, 0, 1325, 0, 0], [0, 1, 0, 0, 0, 0, 0, 4, 952, 0], [0, 0, 0, 0, 0, 0, 0, 0, 0, 0]]}, "XJTU": {"n": 8004, "correct": 7858, "accuracy": 0.9817591204397801, "macro_f1_all_10_classes": 0.864446724141638, "balanced_accuracy_present_classes": 0.8404494835239216, "false_alarm_rate": 0.0010577213659715926, "missed_alarm_rate": 0.032467532467532464, "confusion_matrix": [[6611, 0, 1, 0, 1, 0, 1, 3, 1, 0], [2, 36, 0, 1, 0, 0, 0, 0, 0, 0], [0, 6, 13, 5, 0, 0, 0, 0, 0, 0], [2, 0, 3, 128, 0, 0, 0, 0, 1, 1], [4, 0, 0, 0, 10, 1, 0, 0, 0, 0], [1, 0, 0, 0, 0, 35, 0, 0, 0, 0], [6, 0, 0, 0, 0, 3, 207, 0, 0, 0], [21, 0, 0, 0, 0, 0, 0, 144, 5, 1], [3, 0, 0, 0, 0, 0, 0, 22, 86, 39], [6, 0, 0, 0, 0, 0, 0, 0, 6, 588]]}}}, "best_val_accuracy": 0.985313679181258, "lr": 0.0001, "source_checkpoint_selected": false, "source_selected_epoch": 8, "seconds": 42.71983910910785}
{"stage": "pretrain", "epoch": 10, "batch": 10, "batches": 252, "loss": 0.002797351684421301, "lr": 0.0001}
{"stage": "pretrain", "epoch": 10, "batch": 20, "batches": 252, "loss": 0.002990806009620428, "lr": 0.0001}
{"stage": "pretrain", "epoch": 10, "batch": 30, "batches": 252, "loss": 0.0036280974745750427, "lr": 0.0001}
{"stage": "pretrain", "epoch": 10, "batch": 40, "batches": 252, "loss": 0.0018545882776379585, "lr": 0.0001}
{"stage": "pretrain", "epoch": 10, "batch": 50, "batches": 252, "loss": 0.0023974128998816013, "lr": 0.0001}
{"stage": "pretrain", "epoch": 10, "batch": 60, "batches": 252, "loss": 0.003314217319712043, "lr": 0.0001}
{"stage": "pretrain", "epoch": 10, "batch": 70, "batches": 252, "loss": 0.0022008137311786413, "lr": 0.0001}
{"stage": "pretrain", "epoch": 10, "batch": 80, "batches": 252, "loss": 0.0019757188856601715, "lr": 0.0001}
{"stage": "pretrain", "epoch": 10, "batch": 90, "batches": 252, "loss": 0.002774472115561366, "lr": 0.0001}
{"stage": "pretrain", "epoch": 10, "batch": 100, "batches": 252, "loss": 0.002594290068373084, "lr": 0.0001}
{"stage": "pretrain", "epoch": 10, "batch": 110, "batches": 252, "loss": 0.002067404333502054, "lr": 0.0001}
{"stage": "pretrain", "epoch": 10, "batch": 120, "batches": 252, "loss": 0.0030146471690386534, "lr": 0.0001}
{"stage": "pretrain", "epoch": 10, "batch": 130, "batches": 252, "loss": 0.0027203415520489216, "lr": 0.0001}
{"stage": "pretrain", "epoch": 10, "batch": 140, "batches": 252, "loss": 0.002084239386022091, "lr": 0.0001}
{"stage": "pretrain", "epoch": 10, "batch": 150, "batches": 252, "loss": 0.0019104927778244019, "lr": 0.0001}
{"stage": "pretrain", "epoch": 10, "batch": 160, "batches": 252, "loss": 0.002399852266535163, "lr": 0.0001}
{"stage": "pretrain", "epoch": 10, "batch": 170, "batches": 252, "loss": 0.002382045378908515, "lr": 0.0001}
{"stage": "pretrain", "epoch": 10, "batch": 180, "batches": 252, "loss": 0.0028878324665129185, "lr": 0.0001}
{"stage": "pretrain", "epoch": 10, "batch": 190, "batches": 252, "loss": 0.0021885992027819157, "lr": 0.0001}
{"stage": "pretrain", "epoch": 10, "batch": 200, "batches": 252, "loss": 0.0016835345886647701, "lr": 0.0001}
{"stage": "pretrain", "epoch": 10, "batch": 210, "batches": 252, "loss": 0.002165408106520772, "lr": 5e-05}
{"stage": "pretrain", "epoch": 10, "batch": 220, "batches": 252, "loss": 0.002550835255533457, "lr": 5e-05}
{"stage": "pretrain", "epoch": 10, "batch": 230, "batches": 252, "loss": 0.0019118811469525099, "lr": 5e-05}
{"stage": "pretrain", "epoch": 10, "batch": 240, "batches": 252, "loss": 0.002026665722951293, "lr": 5e-05}
{"stage": "pretrain", "epoch": 10, "batch": 250, "batches": 252, "loss": 0.001748603768646717, "lr": 5e-05}
{"stage": "pretrain", "epoch": 10, "train_loss": 0.0027256266928025255, "train_pairs": 257865, "val": {"loss": 0.04186564162437239, "sample_weighted_loss": 0.041846940956323846, "loss_reduction": "mean of batch means, matching released eval_epoch", "counting_unit": "query-reference pair (three per eligible query)", "by_dataset": {"CWRU": {"n": 42, "correct": 42, "accuracy": 1.0, "macro_f1_all_10_classes": 0.1, "balanced_accuracy_present_classes": 1.0, "false_alarm_rate": 0.0, "missed_alarm_rate": null, "confusion_matrix": [[42, 0, 0, 0, 0, 0, 0, 0, 0, 0], [0, 0, 0, 0, 0, 0, 0, 0, 0, 0], [0, 0, 0, 0, 0, 0, 0, 0, 0, 0], [0, 0, 0, 0, 0, 0, 0, 0, 0, 0], [0, 0, 0, 0, 0, 0, 0, 0, 0, 0], [0, 0, 0, 0, 0, 0, 0, 0, 0, 0], [0, 0, 0, 0, 0, 0, 0, 0, 0, 0], [0, 0, 0, 0, 0, 0, 0, 0, 0, 0], [0, 0, 0, 0, 0, 0, 0, 0, 0, 0], [0, 0, 0, 0, 0, 0, 0, 0, 0, 0]]}, "DIRG": {"n": 612, "correct": 612, "accuracy": 1.0, "macro_f1_all_10_classes": 0.1, "balanced_accuracy_present_classes": 1.0, "false_alarm_rate": 0.0, "missed_alarm_rate": null, "confusion_matrix": [[612, 0, 0, 0, 0, 0, 0, 0, 0, 0], [0, 0, 0, 0, 0, 0, 0, 0, 0, 0], [0, 0, 0, 0, 0, 0, 0, 0, 0, 0], [0, 0, 0, 0, 0, 0, 0, 0, 0, 0], [0, 0, 0, 0, 0, 0, 0, 0, 0, 0], [0, 0, 0, 0, 0, 0, 0, 0, 0, 0], [0, 0, 0, 0, 0, 0, 0, 0, 0, 0], [0, 0, 0, 0, 0, 0, 0, 0, 0, 0], [0, 0, 0, 0, 0, 0, 0, 0, 0, 0], [0, 0, 0, 0, 0, 0, 0, 0, 0, 0]]}, "HIT": {"n": 5787, "correct": 5772, "accuracy": 0.9974079834110938, "macro_f1_all_10_classes": 0.2992843667910253, "balanced_accuracy_present_classes": 0.9973886865942673, "false_alarm_rate": 0.002638522427440633, "missed_alarm_rate": 0.0019925989183034445, "confusion_matrix": [[2268, 0, 5, 0, 0, 0, 0, 0, 1, 0], [0, 0, 0, 0, 0, 0, 0, 0, 0, 0], [5, 0, 2394, 0, 0, 1, 0, 0, 0, 0], [0, 0, 0, 0, 0, 0, 0, 0, 0, 0], [0, 0, 0, 0, 0, 0, 0, 0, 0, 0], [0, 0, 0, 0, 0, 0, 0, 0, 0, 0], [0, 0, 0, 0, 0, 0, 0, 0, 0, 0], [0, 0, 0, 0, 0, 0, 0, 0, 0, 0], [2, 0, 1, 0, 0, 0, 0, 0, 1110, 0], [0, 0, 0, 0, 0, 0, 0, 0, 0, 0]]}, "IMS": {"n": 27888, "correct": 27753, "accuracy": 0.9951592082616179, "macro_f1_all_10_classes": 0.6628343796417321, "balanced_accuracy_present_classes": 0.9334052144930866, "false_alarm_rate": 0.0007334491410924532, "missed_alarm_rate": 0.03277861825516894, "confusion_matrix": [[25886, 10, 0, 0, 0, 4, 0, 2, 1, 2], [14, 469, 0, 0, 0, 0, 0, 0, 3, 0], [0, 0, 0, 0, 0, 0, 0, 0, 0, 0], [0, 0, 0, 0, 0, 0, 0, 0, 0, 0], [0, 0, 0, 0, 0, 0, 0, 0, 0, 0], [4, 1, 0, 0, 0, 589, 6, 0, 0, 0], [0, 0, 0, 0, 0, 3, 180, 3, 0, 0], [38, 0, 0, 0, 0, 0, 0, 309, 1, 0], [8, 0, 0, 0, 0, 0, 0, 15, 240, 4], [1, 0, 2, 0, 0, 0, 0, 0, 13, 80]]}, "JUST": {"n": 26391, "correct": 25742, "accuracy": 0.9754082831268235, "macro_f1_all_10_classes": 0.3901806950886922, "balanced_accuracy_present_classes": 0.9754010654165053, "false_alarm_rate": 0.027943197434722858, "missed_alarm_rate": 0.009676443906864228, "confusion_matrix": [[6366, 0, 77, 0, 0, 77, 0, 0, 29, 0], [0, 0, 0, 0, 0, 0, 0, 0, 0, 0], [59, 0, 6516, 0, 0, 70, 0, 0, 33, 0], [0, 0, 0, 0, 0, 0, 0, 0, 0, 0], [0, 0, 0, 0, 0, 0, 0, 0, 0, 0], [105, 0, 77, 0, 0, 6375, 0, 0, 22, 0], [0, 0, 0, 0, 0, 0, 0, 0, 0, 0], [0, 0, 0, 0, 0, 0, 0, 0, 0, 0], [28, 0, 49, 0, 0, 21, 2, 0, 6485, 0], [0, 0, 0, 0, 0, 0, 0, 0, 0, 0]]}, "MBHM": {"n": 73674, "correct": 72696, "accuracy": 0.9867253033634661, "macro_f1_all_10_classes": 0.9534541403537748, "balanced_accuracy_present_classes": 0.9482035110107148, "false_alarm_rate": 0.005399963390078711, "missed_alarm_rate": 0.010877544210877544, "confusion_matrix": [[43468, 26, 84, 0, 2, 81, 1, 6, 34, 2], [36, 1054, 0, 2, 0, 0, 0, 0, 3, 0], [67, 6, 9299, 4, 0, 71, 0, 0, 33, 0], [1, 0, 1, 131, 0, 0, 0, 0, 1, 1], [4, 0, 0, 0, 11, 0, 0, 0, 0, 0], [110, 1, 77, 0, 0, 6999, 6, 0, 22, 0], [3, 0, 0, 0, 0, 6, 390, 3, 0, 0], [56, 0, 0, 0, 0, 0, 0, 1781, 10, 1], [43, 1, 50, 0, 0, 21, 2, 29, 8897, 41], [6, 0, 2, 0, 0, 0, 0, 0, 22, 666]]}, "MFPT": {"n": 24, "correct": 22, "accuracy": 0.9166666666666666, "macro_f1_all_10_classes": 0.1832167832167832, "balanced_accuracy_present_classes": 0.9166666666666667, "false_alarm_rate": 0.0, "missed_alarm_rate": 0.16666666666666666, "confusion_matrix": [[12, 0, 0, 0, 0, 0, 0, 0, 0, 0], [0, 0, 0, 0, 0, 0, 0, 0, 0, 0], [0, 0, 0, 0, 0, 0, 0, 0, 0, 0], [0, 0, 0, 0, 0, 0, 0, 0, 0, 0], [0, 0, 0, 0, 0, 0, 0, 0, 0, 0], [0, 0, 0, 0, 0, 0, 0, 0, 0, 0], [0, 0, 0, 0, 0, 0, 0, 0, 0, 0], [0, 0, 0, 0, 0, 0, 0, 0, 0, 0], [2, 0, 0, 0, 0, 0, 0, 0, 10, 0], [0, 0, 0, 0, 0, 0, 0, 0, 0, 0]]}, "NCEPU": {"n": 540, "correct": 540, "accuracy": 1.0, "macro_f1_all_10_classes": 0.1, "balanced_accuracy_present_classes": 1.0, "false_alarm_rate": 0.0, "missed_alarm_rate": null, "confusion_matrix": [[540, 0, 0, 0, 0, 0, 0, 0, 0, 0], [0, 0, 0, 0, 0, 0, 0, 0, 0, 0], [0, 0, 0, 0, 0, 0, 0, 0, 0, 0], [0, 0, 0, 0, 0, 0, 0, 0, 0, 0], [0, 0, 0, 0, 0, 0, 0, 0, 0, 0], [0, 0, 0, 0, 0, 0, 0, 0, 0, 0], [0, 0, 0, 0, 0, 0, 0, 0, 0, 0], [0, 0, 0, 0, 0, 0, 0, 0, 0, 0], [0, 0, 0, 0, 0, 0, 0, 0, 0, 0], [0, 0, 0, 0, 0, 0, 0, 0, 0, 0]]}, "PU": {"n": 4386, "correct": 4339, "accuracy": 0.9892840857273142, "macro_f1_all_10_classes": 0.49383528846540675, "balanced_accuracy_present_classes": 0.9871917280367773, "false_alarm_rate": 0.015625, "missed_alarm_rate": 0.008039579468150896, "confusion_matrix": [[1134, 16, 2, 0, 0, 0, 0, 0, 0, 0], [20, 550, 0, 0, 0, 0, 0, 0, 0, 0], [3, 0, 375, 0, 0, 0, 0, 0, 0, 0], [0, 0, 0, 0, 0, 0, 0, 0, 0, 0], [0, 0, 0, 0, 0, 0, 0, 0, 0, 0], [0, 0, 0, 0, 0, 0, 0, 0, 0, 0], [0, 0, 0, 0, 0, 0, 0, 0, 0, 0], [3, 0, 0, 0, 0, 0, 0, 1326, 0, 0], [0, 1, 0, 0, 0, 0, 0, 2, 954, 0], [0, 0, 0, 0, 0, 0, 0, 0, 0, 0]]}, "XJTU": {"n": 8004, "correct": 7874, "accuracy": 0.9837581209395302, "macro_f1_all_10_classes": 0.8827670047406926, "balanced_accuracy_present_classes": 0.8611207517985205, "false_alarm_rate": 0.0015110305228165609, "missed_alarm_rate": 0.024531024531024532, "confusion_matrix": [[6608, 0, 0, 0, 2, 0, 1, 4, 3, 0], [2, 35, 0, 2, 0, 0, 0, 0, 0, 0], [0, 6, 14, 4, 0, 0, 0, 0, 0, 0], [1, 0, 1, 131, 0, 0, 0, 0, 1, 1], [4, 0, 0, 0, 11, 0, 0, 0, 0, 0], [1, 0, 0, 0, 0, 35, 0, 0, 0, 0], [3, 0, 0, 0, 0, 3, 210, 0, 0, 0], [15, 0, 0, 0, 0, 0, 0, 146, 9, 1], [3, 0, 0, 0, 0, 0, 0, 12, 98, 37], [5, 0, 0, 0, 0, 0, 0, 0, 9, 586]]}}}, "best_val_accuracy": 0.9867253033634661, "lr": 5e-05, "source_checkpoint_selected": true, "source_selected_epoch": 10, "seconds": 43.16731102904305}
{"stage": "pretrain", "epoch": 11, "batch": 10, "batches": 252, "loss": 0.0013210135512053967, "lr": 5e-05}
{"stage": "pretrain", "epoch": 11, "batch": 20, "batches": 252, "loss": 0.0019334412645548582, "lr": 5e-05}
{"stage": "pretrain", "epoch": 11, "batch": 30, "batches": 252, "loss": 0.0015279119834303856, "lr": 5e-05}
{"stage": "pretrain", "epoch": 11, "batch": 40, "batches": 252, "loss": 0.001746593159623444, "lr": 5e-05}
{"stage": "pretrain", "epoch": 11, "batch": 50, "batches": 252, "loss": 0.001622611191123724, "lr": 5e-05}
{"stage": "pretrain", "epoch": 11, "batch": 60, "batches": 252, "loss": 0.0016496682073920965, "lr": 5e-05}
{"stage": "pretrain", "epoch": 11, "batch": 70, "batches": 252, "loss": 0.0015128612285479903, "lr": 5e-05}
{"stage": "pretrain", "epoch": 11, "batch": 80, "batches": 252, "loss": 0.0022442531771957874, "lr": 5e-05}
{"stage": "pretrain", "epoch": 11, "batch": 90, "batches": 252, "loss": 0.0013227389426901937, "lr": 5e-05}
{"stage": "pretrain", "epoch": 11, "batch": 100, "batches": 252, "loss": 0.0011527326423674822, "lr": 5e-05}
{"stage": "pretrain", "epoch": 11, "batch": 110, "batches": 252, "loss": 0.0020417305640876293, "lr": 5e-05}
{"stage": "pretrain", "epoch": 11, "batch": 120, "batches": 252, "loss": 0.0021553547121584415, "lr": 5e-05}
{"stage": "pretrain", "epoch": 11, "batch": 130, "batches": 252, "loss": 0.002222321229055524, "lr": 5e-05}
{"stage": "pretrain", "epoch": 11, "batch": 140, "batches": 252, "loss": 0.0025611985474824905, "lr": 5e-05}
{"stage": "pretrain", "epoch": 11, "batch": 150, "batches": 252, "loss": 0.0010998863726854324, "lr": 5e-05}
{"stage": "pretrain", "epoch": 11, "batch": 160, "batches": 252, "loss": 0.0019657942466437817, "lr": 5e-05}
{"stage": "pretrain", "epoch": 11, "batch": 170, "batches": 252, "loss": 0.0013811844401061535, "lr": 5e-05}
{"stage": "pretrain", "epoch": 11, "batch": 180, "batches": 252, "loss": 0.0020392092410475016, "lr": 5e-05}
{"stage": "pretrain", "epoch": 11, "batch": 190, "batches": 252, "loss": 0.0016352522652596235, "lr": 5e-05}
{"stage": "pretrain", "epoch": 11, "batch": 200, "batches": 252, "loss": 0.0016560209915041924, "lr": 5e-05}
{"stage": "pretrain", "epoch": 11, "batch": 210, "batches": 252, "loss": 0.001189598347991705, "lr": 5e-05}
{"stage": "pretrain", "epoch": 11, "batch": 220, "batches": 252, "loss": 0.002107213716953993, "lr": 5e-05}
{"stage": "pretrain", "epoch": 11, "batch": 230, "batches": 252, "loss": 0.0015965502243489027, "lr": 5e-05}
{"stage": "pretrain", "epoch": 11, "batch": 240, "batches": 252, "loss": 0.001137918559834361, "lr": 5e-05}
{"stage": "pretrain", "epoch": 11, "batch": 250, "batches": 252, "loss": 0.0011685750214383006, "lr": 5e-05}
{"stage": "pretrain", "epoch": 11, "train_loss": 0.001872868563382422, "train_pairs": 257865, "val": {"loss": 0.042467497300930766, "sample_weighted_loss": 0.04244755304324919, "loss_reduction": "mean of batch means, matching released eval_epoch", "counting_unit": "query-reference pair (three per eligible query)", "by_dataset": {"CWRU": {"n": 42, "correct": 42, "accuracy": 1.0, "macro_f1_all_10_classes": 0.1, "balanced_accuracy_present_classes": 1.0, "false_alarm_rate": 0.0, "missed_alarm_rate": null, "confusion_matrix": [[42, 0, 0, 0, 0, 0, 0, 0, 0, 0], [0, 0, 0, 0, 0, 0, 0, 0, 0, 0], [0, 0, 0, 0, 0, 0, 0, 0, 0, 0], [0, 0, 0, 0, 0, 0, 0, 0, 0, 0], [0, 0, 0, 0, 0, 0, 0, 0, 0, 0], [0, 0, 0, 0, 0, 0, 0, 0, 0, 0], [0, 0, 0, 0, 0, 0, 0, 0, 0, 0], [0, 0, 0, 0, 0, 0, 0, 0, 0, 0], [0, 0, 0, 0, 0, 0, 0, 0, 0, 0], [0, 0, 0, 0, 0, 0, 0, 0, 0, 0]]}, "DIRG": {"n": 612, "correct": 612, "accuracy": 1.0, "macro_f1_all_10_classes": 0.1, "balanced_accuracy_present_classes": 1.0, "false_alarm_rate": 0.0, "missed_alarm_rate": null, "confusion_matrix": [[612, 0, 0, 0, 0, 0, 0, 0, 0, 0], [0, 0, 0, 0, 0, 0, 0, 0, 0, 0], [0, 0, 0, 0, 0, 0, 0, 0, 0, 0], [0, 0, 0, 0, 0, 0, 0, 0, 0, 0], [0, 0, 0, 0, 0, 0, 0, 0, 0, 0], [0, 0, 0, 0, 0, 0, 0, 0, 0, 0], [0, 0, 0, 0, 0, 0, 0, 0, 0, 0], [0, 0, 0, 0, 0, 0, 0, 0, 0, 0], [0, 0, 0, 0, 0, 0, 0, 0, 0, 0], [0, 0, 0, 0, 0, 0, 0, 0, 0, 0]]}, "HIT": {"n": 5787, "correct": 5772, "accuracy": 0.9974079834110938, "macro_f1_all_10_classes": 0.2992865864629317, "balanced_accuracy_present_classes": 0.997549288570907, "false_alarm_rate": 0.002638522427440633, "missed_alarm_rate": 0.002277255906632508, "confusion_matrix": [[2268, 0, 5, 0, 0, 0, 0, 0, 1, 0], [0, 0, 0, 0, 0, 0, 0, 0, 0, 0], [7, 0, 2393, 0, 0, 0, 0, 0, 0, 0], [0, 0, 0, 0, 0, 0, 0, 0, 0, 0], [0, 0, 0, 0, 0, 0, 0, 0, 0, 0], [0, 0, 0, 0, 0, 0, 0, 0, 0, 0], [0, 0, 0, 0, 0, 0, 0, 0, 0, 0], [0, 0, 0, 0, 0, 0, 0, 0, 0, 0], [1, 0, 1, 0, 0, 0, 0, 0, 1111, 0], [0, 0, 0, 0, 0, 0, 0, 0, 0, 0]]}, "IMS": {"n": 27888, "correct": 27741, "accuracy": 0.9947289156626506, "macro_f1_all_10_classes": 0.6608893504191451, "balanced_accuracy_present_classes": 0.930024706586282, "false_alarm_rate": 0.0008492569002123143, "missed_alarm_rate": 0.03681290973272819, "confusion_matrix": [[25883, 10, 0, 0, 0, 7, 0, 2, 1, 2], [18, 465, 0, 0, 0, 0, 0, 0, 3, 0], [0, 0, 0, 0, 0, 0, 0, 0, 0, 0], [0, 0, 0, 0, 0, 0, 0, 0, 0, 0], [0, 0, 0, 0, 0, 0, 0, 0, 0, 0], [4, 1, 0, 0, 0, 589, 6, 0, 0, 0], [0, 0, 0, 0, 0, 5, 178, 3, 0, 0], [38, 0, 0, 0, 0, 0, 0, 309, 1, 0], [11, 0, 0, 0, 0, 0, 0, 15, 236, 5], [2, 0, 1, 0, 0, 0, 0, 0, 12, 81]]}, "JUST": {"n": 26391, "correct": 25728, "accuracy": 0.9748777992497443, "macro_f1_all_10_classes": 0.3899617077291939, "balanced_accuracy_present_classes": 0.9748745475309226, "false_alarm_rate": 0.029622843182165216, "missed_alarm_rate": 0.009525249470819473, "confusion_matrix": [[6355, 0, 81, 0, 0, 83, 0, 0, 30, 0], [0, 0, 0, 0, 0, 0, 0, 0, 0, 0], [58, 0, 6503, 0, 0, 84, 0, 0, 33, 0], [0, 0, 0, 0, 0, 0, 0, 0, 0, 0], [0, 0, 0, 0, 0, 0, 0, 0, 0, 0], [105, 0, 67, 0, 0, 6387, 0, 0, 20, 0], [0, 0, 0, 0, 0, 0, 0, 0, 0, 0], [0, 0, 0, 0, 0, 0, 0, 0, 0, 0], [26, 0, 50, 0, 0, 25, 1, 0, 6483, 0], [0, 0, 0, 0, 0, 0, 0, 0, 0, 0]]}, "MBHM": {"n": 73674, "correct": 72672, "accuracy": 0.9863995439368026, "macro_f1_all_10_classes": 0.9489100892506878, "balanced_accuracy_present_classes": 0.9406377158069482, "false_alarm_rate": 0.005674537799743731, "missed_alarm_rate": 0.011244577911244578, "confusion_matrix": [[43456, 24, 87, 0, 2, 90, 1, 7, 35, 2], [44, 1047, 0, 1, 0, 0, 0, 0, 3, 0], [68, 6, 9285, 4, 0, 84, 0, 0, 33, 0], [1, 0, 1, 131, 0, 0, 0, 0, 1, 1], [4, 0, 0, 0, 10, 1, 0, 0, 0, 0], [110, 1, 67, 0, 0, 7011, 6, 0, 20, 0], [4, 0, 0, 0, 0, 8, 387, 3, 0, 0], [56, 0, 0, 0, 0, 0, 0, 1783, 8, 1], [43, 0, 51, 0, 0, 25, 1, 30, 8893, 41], [7, 0, 1, 0, 0, 0, 0, 0, 19, 669]]}, "MFPT": {"n": 24, "correct": 22, "accuracy": 0.9166666666666666, "macro_f1_all_10_classes": 0.1832167832167832, "balanced_accuracy_present_classes": 0.9166666666666667, "false_alarm_rate": 0.0, "missed_alarm_rate": 0.16666666666666666, "confusion_matrix": [[12, 0, 0, 0, 0, 0, 0, 0, 0, 0], [0, 0, 0, 0, 0, 0, 0, 0, 0, 0], [0, 0, 0, 0, 0, 0, 0, 0, 0, 0], [0, 0, 0, 0, 0, 0, 0, 0, 0, 0], [0, 0, 0, 0, 0, 0, 0, 0, 0, 0], [0, 0, 0, 0, 0, 0, 0, 0, 0, 0], [0, 0, 0, 0, 0, 0, 0, 0, 0, 0], [0, 0, 0, 0, 0, 0, 0, 0, 0, 0], [2, 0, 0, 0, 0, 0, 0, 0, 10, 0], [0, 0, 0, 0, 0, 0, 0, 0, 0, 0]]}, "NCEPU": {"n": 540, "correct": 540, "accuracy": 1.0, "macro_f1_all_10_classes": 0.1, "balanced_accuracy_present_classes": 1.0, "false_alarm_rate": 0.0, "missed_alarm_rate": null, "confusion_matrix": [[540, 0, 0, 0, 0, 0, 0, 0, 0, 0], [0, 0, 0, 0, 0, 0, 0, 0, 0, 0], [0, 0, 0, 0, 0, 0, 0, 0, 0, 0], [0, 0, 0, 0, 0, 0, 0, 0, 0, 0], [0, 0, 0, 0, 0, 0, 0, 0, 0, 0], [0, 0, 0, 0, 0, 0, 0, 0, 0, 0], [0, 0, 0, 0, 0, 0, 0, 0, 0, 0], [0, 0, 0, 0, 0, 0, 0, 0, 0, 0], [0, 0, 0, 0, 0, 0, 0, 0, 0, 0], [0, 0, 0, 0, 0, 0, 0, 0, 0, 0]]}, "PU": {"n": 4386, "correct": 4340, "accuracy": 0.9895120839033288, "macro_f1_all_10_classes": 0.493953384469628, "balanced_accuracy_present_classes": 0.9866685281036048, "false_alarm_rate": 0.013020833333333334, "missed_alarm_rate": 0.008967223252937539, "confusion_matrix": [[1137, 14, 1, 0, 0, 0, 0, 0, 0, 0], [24, 546, 0, 0, 0, 0, 0, 0, 0, 0], [3, 0, 375, 0, 0, 0, 0, 0, 0, 0], [0, 0, 0, 0, 0, 0, 0, 0, 0, 0], [0, 0, 0, 0, 0, 0, 0, 0, 0, 0], [0, 0, 0, 0, 0, 0, 0, 0, 0, 0], [0, 0, 0, 0, 0, 0, 0, 0, 0, 0], [2, 0, 0, 0, 0, 0, 0, 1327, 0, 0], [0, 0, 0, 0, 0, 0, 0, 2, 955, 0], [0, 0, 0, 0, 0, 0, 0, 0, 0, 0]]}, "XJTU": {"n": 8004, "correct": 7875, "accuracy": 0.9838830584707646, "macro_f1_all_10_classes": 0.8796436849656935, "balanced_accuracy_present_classes": 0.8574582430827361, "false_alarm_rate": 0.001662133575098217, "missed_alarm_rate": 0.025974025974025976, "confusion_matrix": [[6607, 0, 0, 0, 2, 0, 1, 5, 3, 0], [2, 36, 0, 1, 0, 0, 0, 0, 0, 0], [0, 6, 14, 4, 0, 0, 0, 0, 0, 0], [1, 0, 1, 131, 0, 0, 0, 0, 1, 1], [4, 0, 0, 0, 10, 1, 0, 0, 0, 0], [1, 0, 0, 0, 0, 35, 0, 0, 0, 0], [4, 0, 0, 0, 0, 3, 209, 0, 0, 0], [16, 0, 0, 0, 0, 0, 0, 147, 7, 1], [3, 0, 0, 0, 0, 0, 0, 13, 98, 36], [5, 0, 0, 0, 0, 0, 0, 0, 7, 588]]}}}, "best_val_accuracy": 0.9867253033634661, "lr": 5e-05, "source_checkpoint_selected": false, "source_selected_epoch": 10, "seconds": 43.12815421400592}
{"stage": "pretrain", "epoch": 12, "batch": 10, "batches": 252, "loss": 0.0015324520645663142, "lr": 5e-05}
{"stage": "pretrain", "epoch": 12, "batch": 20, "batches": 252, "loss": 0.0015658126212656498, "lr": 5e-05}
{"stage": "pretrain", "epoch": 12, "batch": 30, "batches": 252, "loss": 0.0019099696073681116, "lr": 5e-05}
